{
  "architecture": "Attention_ResUNet",
  "learning_rate": 0.0001,
  "batch_size": 32,
  "epochs_requested": 30,
  "epochs_completed": 13,
  "training_time_seconds": 137.194284,
  "training_successful": true,
  "best_val_jaccard": 0.028795186430215836,
  "best_epoch": 3,
  "final_val_loss": 0.10992667824029922,
  "final_train_loss": 0.16665486991405487,
  "val_loss_stability": 0.38338585989970186,
  "overfitting_gap": -0.056728191673755646
}