{
  "architecture": "Attention_UNet",
  "learning_rate": 0.0001,
  "batch_size": 32,
  "epochs_requested": 30,
  "epochs_completed": 16,
  "training_time_seconds": 129.985396,
  "training_successful": true,
  "best_val_jaccard": 0.04675794392824173,
  "best_epoch": 6,
  "final_val_loss": 0.3181154429912567,
  "final_train_loss": 0.1605103313922882,
  "val_loss_stability": 0.34937683052317386,
  "overfitting_gap": 0.1576051115989685
}