{
  "architecture": "UNet",
  "learning_rate": 0.0005,
  "batch_size": 8,
  "epochs_requested": 30,
  "epochs_completed": 30,
  "training_time_seconds": 984.226766,
  "training_successful": true,
  "best_val_jaccard": 0.9216353893280029,
  "best_epoch": 27,
  "final_val_loss": 0.00754786841571331,
  "final_train_loss": 0.005787222180515528,
  "val_loss_stability": 0.06856928522050511,
  "overfitting_gap": 0.0017606462351977825
}