{
  "architecture": "UNet",
  "learning_rate": 0.0001,
  "batch_size": 16,
  "epochs_requested": 30,
  "epochs_completed": 16,
  "training_time_seconds": 100.567897,
  "training_successful": true,
  "best_val_jaccard": 0.06968948245048523,
  "best_epoch": 6,
  "final_val_loss": 0.17419013381004333,
  "final_train_loss": 0.15168944001197815,
  "val_loss_stability": 0.3305705128023663,
  "overfitting_gap": 0.022500693798065186
}