{
  "architecture": "Attention_UNet",
  "learning_rate": 0.0005,
  "batch_size": 16,
  "epochs_requested": 30,
  "epochs_completed": 15,
  "training_time_seconds": 111.465932,
  "training_successful": true,
  "best_val_jaccard": 0.07043656706809998,
  "best_epoch": 5,
  "final_val_loss": 0.1555003672838211,
  "final_train_loss": 0.15897142887115479,
  "val_loss_stability": 0.39738475371086085,
  "overfitting_gap": -0.003471061587333679
}