image,dilution_factor,tile_idx,method,foreground_pct
10240x_2560x_2025-05-16_00-59-00_002,40,0,unet,0.0
10240x_2560x_2025-05-16_00-59-00_002,40,0,resunet,0.0
10240x_2560x_2025-05-16_00-59-00_002,40,0,attention_resunet,0.0
10240x_2560x_2025-05-16_00-59-00_002,40,0,clahe_otsu,29.67376708984375
10240x_2560x_2025-05-16_00-59-00_002,40,1,unet,0.0
10240x_2560x_2025-05-16_00-59-00_002,40,1,resunet,0.0
10240x_2560x_2025-05-16_00-59-00_002,40,1,attention_resunet,0.0
10240x_2560x_2025-05-16_00-59-00_002,40,1,clahe_otsu,3.9764404296875
10240x_2560x_2025-05-16_00-59-00_002,40,2,unet,0.0
10240x_2560x_2025-05-16_00-59-00_002,40,2,resunet,0.0
10240x_2560x_2025-05-16_00-59-00_002,40,2,attention_resunet,0.0
10240x_2560x_2025-05-16_00-59-00_002,40,2,clahe_otsu,3.53240966796875
10240x_2560x_2025-05-16_00-59-00_002,40,3,unet,0.0
10240x_2560x_2025-05-16_00-59-00_002,40,3,resunet,0.0
10240x_2560x_2025-05-16_00-59-00_002,40,3,attention_resunet,0.0
10240x_2560x_2025-05-16_00-59-00_002,40,3,clahe_otsu,2.7496337890625
10240x_2560x_2025-05-16_00-59-00_002,40,4,unet,0.3173828125
10240x_2560x_2025-05-16_00-59-00_002,40,4,resunet,2.95867919921875
10240x_2560x_2025-05-16_00-59-00_002,40,4,attention_resunet,0.0
10240x_2560x_2025-05-16_00-59-00_002,40,4,clahe_otsu,2.24761962890625
10240x_2560x_2025-05-16_00-59-00_002,40,5,unet,5.19256591796875
10240x_2560x_2025-05-16_00-59-00_002,40,5,resunet,74.74365234375
10240x_2560x_2025-05-16_00-59-00_002,40,5,attention_resunet,1.37786865234375
10240x_2560x_2025-05-16_00-59-00_002,40,5,clahe_otsu,3.3416748046875
10240x_2560x_2025-05-16_00-59-00_002,40,6,unet,28.53546142578125
10240x_2560x_2025-05-16_00-59-00_002,40,6,resunet,99.40643310546875
10240x_2560x_2025-05-16_00-59-00_002,40,6,attention_resunet,10.1348876953125
10240x_2560x_2025-05-16_00-59-00_002,40,6,clahe_otsu,2.8533935546875
10240x_2560x_2025-05-16_00-59-00_002,40,7,unet,73.9837646484375
10240x_2560x_2025-05-16_00-59-00_002,40,7,resunet,99.57427978515625
10240x_2560x_2025-05-16_00-59-00_002,40,7,attention_resunet,31.9183349609375
10240x_2560x_2025-05-16_00-59-00_002,40,7,clahe_otsu,3.076171875
10240x_2560x_2025-05-16_00-59-00_002,40,8,unet,97.82257080078125
10240x_2560x_2025-05-16_00-59-00_002,40,8,resunet,99.664306640625
10240x_2560x_2025-05-16_00-59-00_002,40,8,attention_resunet,55.767822265625
10240x_2560x_2025-05-16_00-59-00_002,40,8,clahe_otsu,3.1097412109375
10240x_2560x_2025-05-16_00-59-00_002,40,9,unet,97.845458984375
10240x_2560x_2025-05-16_00-59-00_002,40,9,resunet,99.97406005859375
10240x_2560x_2025-05-16_00-59-00_002,40,9,attention_resunet,45.55511474609375
10240x_2560x_2025-05-16_00-59-00_002,40,9,clahe_otsu,35.81390380859375
10240x_2560x_2025-05-16_00-59-00_002,40,10,unet,84.52911376953125
10240x_2560x_2025-05-16_00-59-00_002,40,10,resunet,99.0386962890625
10240x_2560x_2025-05-16_00-59-00_002,40,10,attention_resunet,38.91448974609375
10240x_2560x_2025-05-16_00-59-00_002,40,10,clahe_otsu,8.4808349609375
10240x_2560x_2025-05-16_00-59-00_002,40,11,unet,71.5728759765625
10240x_2560x_2025-05-16_00-59-00_002,40,11,resunet,98.5870361328125
10240x_2560x_2025-05-16_00-59-00_002,40,11,attention_resunet,15.4296875
10240x_2560x_2025-05-16_00-59-00_002,40,11,clahe_otsu,36.69586181640625
10240x_2560x_2025-05-16_00-59-00_002,40,12,unet,14.51873779296875
10240x_2560x_2025-05-16_00-59-00_002,40,12,resunet,94.7418212890625
10240x_2560x_2025-05-16_00-59-00_002,40,12,attention_resunet,5.8990478515625
10240x_2560x_2025-05-16_00-59-00_002,40,12,clahe_otsu,35.9222412109375
10240x_2560x_2025-05-16_00-59-00_002,40,13,unet,0.54779052734375
10240x_2560x_2025-05-16_00-59-00_002,40,13,resunet,40.7958984375
10240x_2560x_2025-05-16_00-59-00_002,40,13,attention_resunet,1.35040283203125
10240x_2560x_2025-05-16_00-59-00_002,40,13,clahe_otsu,40.71197509765625
10240x_2560x_2025-05-16_00-59-00_002,40,14,unet,0.0
10240x_2560x_2025-05-16_00-59-00_002,40,14,resunet,1.458740234375
10240x_2560x_2025-05-16_00-59-00_002,40,14,attention_resunet,0.0
10240x_2560x_2025-05-16_00-59-00_002,40,14,clahe_otsu,45.31707763671875
10240x_2560x_2025-05-16_00-59-00_002,40,15,unet,0.0
10240x_2560x_2025-05-16_00-59-00_002,40,15,resunet,0.0
10240x_2560x_2025-05-16_00-59-00_002,40,15,attention_resunet,0.0
10240x_2560x_2025-05-16_00-59-00_002,40,15,clahe_otsu,3.009033203125
10240x_2560x_2025-05-16_00-59-00_002,40,16,unet,0.0
10240x_2560x_2025-05-16_00-59-00_002,40,16,resunet,0.0
10240x_2560x_2025-05-16_00-59-00_002,40,16,attention_resunet,0.0
10240x_2560x_2025-05-16_00-59-00_002,40,16,clahe_otsu,3.49578857421875
10240x_2560x_2025-05-16_00-59-00_002,40,17,unet,0.0
10240x_2560x_2025-05-16_00-59-00_002,40,17,resunet,0.0
10240x_2560x_2025-05-16_00-59-00_002,40,17,attention_resunet,0.0
10240x_2560x_2025-05-16_00-59-00_002,40,17,clahe_otsu,2.80914306640625
10240x_2560x_2025-05-16_00-59-00_002,40,18,unet,0.0
10240x_2560x_2025-05-16_00-59-00_002,40,18,resunet,0.0
10240x_2560x_2025-05-16_00-59-00_002,40,18,attention_resunet,0.0
10240x_2560x_2025-05-16_00-59-00_002,40,18,clahe_otsu,3.21502685546875
10240x_2560x_2025-05-16_00-59-00_002,40,19,unet,0.0
10240x_2560x_2025-05-16_00-59-00_002,40,19,resunet,0.0
10240x_2560x_2025-05-16_00-59-00_002,40,19,attention_resunet,0.0
10240x_2560x_2025-05-16_00-59-00_002,40,19,clahe_otsu,2.99224853515625
10240x_2560x_2025-05-16_00-59-00_002,40,20,unet,0.27008056640625
10240x_2560x_2025-05-16_00-59-00_002,40,20,resunet,8.5052490234375
10240x_2560x_2025-05-16_00-59-00_002,40,20,attention_resunet,0.0
10240x_2560x_2025-05-16_00-59-00_002,40,20,clahe_otsu,2.130126953125
10240x_2560x_2025-05-16_00-59-00_002,40,21,unet,4.998779296875
10240x_2560x_2025-05-16_00-59-00_002,40,21,resunet,76.15966796875
10240x_2560x_2025-05-16_00-59-00_002,40,21,attention_resunet,0.2471923828125
10240x_2560x_2025-05-16_00-59-00_002,40,21,clahe_otsu,2.557373046875
10240x_2560x_2025-05-16_00-59-00_002,40,22,unet,27.69927978515625
10240x_2560x_2025-05-16_00-59-00_002,40,22,resunet,98.75640869140625
10240x_2560x_2025-05-16_00-59-00_002,40,22,attention_resunet,10.77117919921875
10240x_2560x_2025-05-16_00-59-00_002,40,22,clahe_otsu,1.64031982421875
10240x_2560x_2025-05-16_00-59-00_002,40,23,unet,59.014892578125
10240x_2560x_2025-05-16_00-59-00_002,40,23,resunet,98.2635498046875
10240x_2560x_2025-05-16_00-59-00_002,40,23,attention_resunet,19.71588134765625
10240x_2560x_2025-05-16_00-59-00_002,40,23,clahe_otsu,3.18756103515625
10240x_2560x_2025-05-16_00-59-00_002,40,24,unet,94.7845458984375
10240x_2560x_2025-05-16_00-59-00_002,40,24,resunet,99.76806640625
10240x_2560x_2025-05-16_00-59-00_002,40,24,attention_resunet,39.9810791015625
10240x_2560x_2025-05-16_00-59-00_002,40,24,clahe_otsu,1.99432373046875
10240x_2560x_2025-05-16_00-59-00_002,40,25,unet,97.45025634765625
10240x_2560x_2025-05-16_00-59-00_002,40,25,resunet,99.749755859375
10240x_2560x_2025-05-16_00-59-00_002,40,25,attention_resunet,51.788330078125
10240x_2560x_2025-05-16_00-59-00_002,40,25,clahe_otsu,4.3426513671875
10240x_2560x_2025-05-16_00-59-00_002,40,26,unet,97.5555419921875
10240x_2560x_2025-05-16_00-59-00_002,40,26,resunet,99.8443603515625
10240x_2560x_2025-05-16_00-59-00_002,40,26,attention_resunet,45.2972412109375
10240x_2560x_2025-05-16_00-59-00_002,40,26,clahe_otsu,34.0606689453125
10240x_2560x_2025-05-16_00-59-00_002,40,27,unet,77.4261474609375
10240x_2560x_2025-05-16_00-59-00_002,40,27,resunet,99.853515625
10240x_2560x_2025-05-16_00-59-00_002,40,27,attention_resunet,18.12286376953125
10240x_2560x_2025-05-16_00-59-00_002,40,27,clahe_otsu,39.9169921875
10240x_2560x_2025-05-16_00-59-00_002,40,28,unet,23.028564453125
10240x_2560x_2025-05-16_00-59-00_002,40,28,resunet,97.47161865234375
10240x_2560x_2025-05-16_00-59-00_002,40,28,attention_resunet,10.19287109375
10240x_2560x_2025-05-16_00-59-00_002,40,28,clahe_otsu,36.72332763671875
10240x_2560x_2025-05-16_00-59-00_002,40,29,unet,0.4852294921875
10240x_2560x_2025-05-16_00-59-00_002,40,29,resunet,26.66168212890625
10240x_2560x_2025-05-16_00-59-00_002,40,29,attention_resunet,1.48468017578125
10240x_2560x_2025-05-16_00-59-00_002,40,29,clahe_otsu,44.4091796875
10240x_2560x_2025-05-16_00-59-00_002,40,30,unet,0.0
10240x_2560x_2025-05-16_00-59-00_002,40,30,resunet,0.0
10240x_2560x_2025-05-16_00-59-00_002,40,30,attention_resunet,0.0
10240x_2560x_2025-05-16_00-59-00_002,40,30,clahe_otsu,3.1646728515625
10240x_2560x_2025-05-16_00-59-00_002,40,31,unet,0.0
10240x_2560x_2025-05-16_00-59-00_002,40,31,resunet,0.0
10240x_2560x_2025-05-16_00-59-00_002,40,31,attention_resunet,0.0
10240x_2560x_2025-05-16_00-59-00_002,40,31,clahe_otsu,2.18353271484375
10240x_2560x_2025-05-16_00-59-00_002,40,32,unet,0.0
10240x_2560x_2025-05-16_00-59-00_002,40,32,resunet,0.0
10240x_2560x_2025-05-16_00-59-00_002,40,32,attention_resunet,0.0
10240x_2560x_2025-05-16_00-59-00_002,40,32,clahe_otsu,2.03857421875
10240x_2560x_2025-05-16_00-59-00_002,40,33,unet,0.0
10240x_2560x_2025-05-16_00-59-00_002,40,33,resunet,0.0
10240x_2560x_2025-05-16_00-59-00_002,40,33,attention_resunet,0.0
10240x_2560x_2025-05-16_00-59-00_002,40,33,clahe_otsu,1.38702392578125
10240x_2560x_2025-05-16_00-59-00_002,40,34,unet,0.0
10240x_2560x_2025-05-16_00-59-00_002,40,34,resunet,0.0
10240x_2560x_2025-05-16_00-59-00_002,40,34,attention_resunet,0.0
10240x_2560x_2025-05-16_00-59-00_002,40,34,clahe_otsu,2.14996337890625
10240x_2560x_2025-05-16_00-59-00_002,40,35,unet,0.0
10240x_2560x_2025-05-16_00-59-00_002,40,35,resunet,0.0
10240x_2560x_2025-05-16_00-59-00_002,40,35,attention_resunet,0.0
10240x_2560x_2025-05-16_00-59-00_002,40,35,clahe_otsu,3.0029296875
10240x_2560x_2025-05-16_00-59-00_002,40,36,unet,0.408935546875
10240x_2560x_2025-05-16_00-59-00_002,40,36,resunet,6.02569580078125
10240x_2560x_2025-05-16_00-59-00_002,40,36,attention_resunet,0.0
10240x_2560x_2025-05-16_00-59-00_002,40,36,clahe_otsu,2.93731689453125
10240x_2560x_2025-05-16_00-59-00_002,40,37,unet,5.33599853515625
10240x_2560x_2025-05-16_00-59-00_002,40,37,resunet,91.6168212890625
10240x_2560x_2025-05-16_00-59-00_002,40,37,attention_resunet,7.4951171875
10240x_2560x_2025-05-16_00-59-00_002,40,37,clahe_otsu,2.83355712890625
10240x_2560x_2025-05-16_00-59-00_002,40,38,unet,24.542236328125
10240x_2560x_2025-05-16_00-59-00_002,40,38,resunet,99.3438720703125
10240x_2560x_2025-05-16_00-59-00_002,40,38,attention_resunet,10.17608642578125
10240x_2560x_2025-05-16_00-59-00_002,40,38,clahe_otsu,2.57568359375
10240x_2560x_2025-05-16_00-59-00_002,40,39,unet,50.006103515625
10240x_2560x_2025-05-16_00-59-00_002,40,39,resunet,99.798583984375
10240x_2560x_2025-05-16_00-59-00_002,40,39,attention_resunet,19.21539306640625
10240x_2560x_2025-05-16_00-59-00_002,40,39,clahe_otsu,3.23638916015625
10240x_2560x_2025-05-16_00-59-00_002,40,40,unet,89.9871826171875
10240x_2560x_2025-05-16_00-59-00_002,40,40,resunet,99.67803955078125
10240x_2560x_2025-05-16_00-59-00_002,40,40,attention_resunet,22.01385498046875
10240x_2560x_2025-05-16_00-59-00_002,40,40,clahe_otsu,2.84423828125
10240x_2560x_2025-05-16_00-59-00_002,40,41,unet,95.24383544921875
10240x_2560x_2025-05-16_00-59-00_002,40,41,resunet,99.93438720703125
10240x_2560x_2025-05-16_00-59-00_002,40,41,attention_resunet,51.35345458984375
10240x_2560x_2025-05-16_00-59-00_002,40,41,clahe_otsu,4.21600341796875
10240x_2560x_2025-05-16_00-59-00_002,40,42,unet,95.30487060546875
10240x_2560x_2025-05-16_00-59-00_002,40,42,resunet,99.2584228515625
10240x_2560x_2025-05-16_00-59-00_002,40,42,attention_resunet,48.37493896484375
10240x_2560x_2025-05-16_00-59-00_002,40,42,clahe_otsu,27.17132568359375
10240x_2560x_2025-05-16_00-59-00_002,40,43,unet,91.10107421875
10240x_2560x_2025-05-16_00-59-00_002,40,43,resunet,99.13787841796875
10240x_2560x_2025-05-16_00-59-00_002,40,43,attention_resunet,37.02545166015625
10240x_2560x_2025-05-16_00-59-00_002,40,43,clahe_otsu,33.3831787109375
10240x_2560x_2025-05-16_00-59-00_002,40,44,unet,17.864990234375
10240x_2560x_2025-05-16_00-59-00_002,40,44,resunet,60.1715087890625
10240x_2560x_2025-05-16_00-59-00_002,40,44,attention_resunet,6.744384765625
10240x_2560x_2025-05-16_00-59-00_002,40,44,clahe_otsu,36.97662353515625
10240x_2560x_2025-05-16_00-59-00_002,40,45,unet,0.0
10240x_2560x_2025-05-16_00-59-00_002,40,45,resunet,0.0
10240x_2560x_2025-05-16_00-59-00_002,40,45,attention_resunet,0.0
10240x_2560x_2025-05-16_00-59-00_002,40,45,clahe_otsu,3.62396240234375
10240x_2560x_2025-05-16_00-59-00_002,40,46,unet,0.0
10240x_2560x_2025-05-16_00-59-00_002,40,46,resunet,0.0
10240x_2560x_2025-05-16_00-59-00_002,40,46,attention_resunet,0.0
10240x_2560x_2025-05-16_00-59-00_002,40,46,clahe_otsu,2.4444580078125
10240x_2560x_2025-05-16_00-59-00_002,40,47,unet,0.0
10240x_2560x_2025-05-16_00-59-00_002,40,47,resunet,0.0
10240x_2560x_2025-05-16_00-59-00_002,40,47,attention_resunet,0.0
10240x_2560x_2025-05-16_00-59-00_002,40,47,clahe_otsu,2.55126953125
10240x_2560x_2025-05-16_00-59-00_002,40,48,unet,0.0
10240x_2560x_2025-05-16_00-59-00_002,40,48,resunet,0.0
10240x_2560x_2025-05-16_00-59-00_002,40,48,attention_resunet,0.0
10240x_2560x_2025-05-16_00-59-00_002,40,48,clahe_otsu,2.4444580078125
10240x_2560x_2025-05-16_00-59-00_002,40,49,unet,0.0
10240x_2560x_2025-05-16_00-59-00_002,40,49,resunet,0.0
10240x_2560x_2025-05-16_00-59-00_002,40,49,attention_resunet,0.0
10240x_2560x_2025-05-16_00-59-00_002,40,49,clahe_otsu,2.39105224609375
10240x_2560x_2025-05-16_00-59-00_002,40,50,unet,0.0
10240x_2560x_2025-05-16_00-59-00_002,40,50,resunet,0.0
10240x_2560x_2025-05-16_00-59-00_002,40,50,attention_resunet,0.0
10240x_2560x_2025-05-16_00-59-00_002,40,50,clahe_otsu,2.9205322265625
10240x_2560x_2025-05-16_00-59-00_002,40,51,unet,0.494384765625
10240x_2560x_2025-05-16_00-59-00_002,40,51,resunet,0.37078857421875
10240x_2560x_2025-05-16_00-59-00_002,40,51,attention_resunet,0.0
10240x_2560x_2025-05-16_00-59-00_002,40,51,clahe_otsu,2.26593017578125
10240x_2560x_2025-05-16_00-59-00_002,40,52,unet,9.40704345703125
10240x_2560x_2025-05-16_00-59-00_002,40,52,resunet,91.448974609375
10240x_2560x_2025-05-16_00-59-00_002,40,52,attention_resunet,5.4840087890625
10240x_2560x_2025-05-16_00-59-00_002,40,52,clahe_otsu,2.77099609375
10240x_2560x_2025-05-16_00-59-00_002,40,53,unet,7.9010009765625
10240x_2560x_2025-05-16_00-59-00_002,40,53,resunet,96.16851806640625
10240x_2560x_2025-05-16_00-59-00_002,40,53,attention_resunet,4.9041748046875
10240x_2560x_2025-05-16_00-59-00_002,40,53,clahe_otsu,1.3946533203125
10240x_2560x_2025-05-16_00-59-00_002,40,54,unet,22.47772216796875
10240x_2560x_2025-05-16_00-59-00_002,40,54,resunet,98.43902587890625
10240x_2560x_2025-05-16_00-59-00_002,40,54,attention_resunet,9.00115966796875
10240x_2560x_2025-05-16_00-59-00_002,40,54,clahe_otsu,2.6123046875
10240x_2560x_2025-05-16_00-59-00_002,40,55,unet,43.988037109375
10240x_2560x_2025-05-16_00-59-00_002,40,55,resunet,99.51629638671875
10240x_2560x_2025-05-16_00-59-00_002,40,55,attention_resunet,15.7012939453125
10240x_2560x_2025-05-16_00-59-00_002,40,55,clahe_otsu,2.36053466796875
10240x_2560x_2025-05-16_00-59-00_002,40,56,unet,69.45037841796875
10240x_2560x_2025-05-16_00-59-00_002,40,56,resunet,99.98779296875
10240x_2560x_2025-05-16_00-59-00_002,40,56,attention_resunet,29.60357666015625
10240x_2560x_2025-05-16_00-59-00_002,40,56,clahe_otsu,3.95355224609375
10240x_2560x_2025-05-16_00-59-00_002,40,57,unet,98.24371337890625
10240x_2560x_2025-05-16_00-59-00_002,40,57,resunet,99.6185302734375
10240x_2560x_2025-05-16_00-59-00_002,40,57,attention_resunet,50.701904296875
10240x_2560x_2025-05-16_00-59-00_002,40,57,clahe_otsu,23.81591796875
10240x_2560x_2025-05-16_00-59-00_002,40,58,unet,96.14715576171875
10240x_2560x_2025-05-16_00-59-00_002,40,58,resunet,99.51019287109375
10240x_2560x_2025-05-16_00-59-00_002,40,58,attention_resunet,47.81951904296875
10240x_2560x_2025-05-16_00-59-00_002,40,58,clahe_otsu,38.41400146484375
10240x_2560x_2025-05-16_00-59-00_002,40,59,unet,53.1829833984375
10240x_2560x_2025-05-16_00-59-00_002,40,59,resunet,92.1112060546875
10240x_2560x_2025-05-16_00-59-00_002,40,59,attention_resunet,15.54412841796875
10240x_2560x_2025-05-16_00-59-00_002,40,59,clahe_otsu,37.30926513671875
10240x_2560x_2025-05-16_00-59-00_002,40,60,unet,0.0
10240x_2560x_2025-05-16_00-59-00_002,40,60,resunet,0.0
10240x_2560x_2025-05-16_00-59-00_002,40,60,attention_resunet,0.0
10240x_2560x_2025-05-16_00-59-00_002,40,60,clahe_otsu,3.729248046875
10240x_2560x_2025-05-16_00-59-00_002,40,61,unet,0.0
10240x_2560x_2025-05-16_00-59-00_002,40,61,resunet,0.0
10240x_2560x_2025-05-16_00-59-00_002,40,61,attention_resunet,0.0
10240x_2560x_2025-05-16_00-59-00_002,40,61,clahe_otsu,3.070068359375
10240x_2560x_2025-05-16_00-59-00_002,40,62,unet,0.0
10240x_2560x_2025-05-16_00-59-00_002,40,62,resunet,0.0
10240x_2560x_2025-05-16_00-59-00_002,40,62,attention_resunet,0.0
10240x_2560x_2025-05-16_00-59-00_002,40,62,clahe_otsu,3.10516357421875
10240x_2560x_2025-05-16_00-59-00_002,40,63,unet,0.0
10240x_2560x_2025-05-16_00-59-00_002,40,63,resunet,0.0
10240x_2560x_2025-05-16_00-59-00_002,40,63,attention_resunet,0.0
10240x_2560x_2025-05-16_00-59-00_002,40,63,clahe_otsu,1.52130126953125
10240x_2560x_2025-05-16_00-59-00_002,40,64,unet,0.0
10240x_2560x_2025-05-16_00-59-00_002,40,64,resunet,0.0
10240x_2560x_2025-05-16_00-59-00_002,40,64,attention_resunet,0.0
10240x_2560x_2025-05-16_00-59-00_002,40,64,clahe_otsu,2.83203125
10240x_2560x_2025-05-16_00-59-00_002,40,65,unet,0.0
10240x_2560x_2025-05-16_00-59-00_002,40,65,resunet,0.0
10240x_2560x_2025-05-16_00-59-00_002,40,65,attention_resunet,0.0
10240x_2560x_2025-05-16_00-59-00_002,40,65,clahe_otsu,2.60162353515625
10240x_2560x_2025-05-16_00-59-00_002,40,66,unet,0.0
10240x_2560x_2025-05-16_00-59-00_002,40,66,resunet,0.0
10240x_2560x_2025-05-16_00-59-00_002,40,66,attention_resunet,0.0
10240x_2560x_2025-05-16_00-59-00_002,40,66,clahe_otsu,3.51715087890625
10240x_2560x_2025-05-16_00-59-00_002,40,67,unet,0.6683349609375
10240x_2560x_2025-05-16_00-59-00_002,40,67,resunet,16.4886474609375
10240x_2560x_2025-05-16_00-59-00_002,40,67,attention_resunet,0.0
10240x_2560x_2025-05-16_00-59-00_002,40,67,clahe_otsu,1.96685791015625
10240x_2560x_2025-05-16_00-59-00_002,40,68,unet,1.800537109375
10240x_2560x_2025-05-16_00-59-00_002,40,68,resunet,37.6861572265625
10240x_2560x_2025-05-16_00-59-00_002,40,68,attention_resunet,0.03814697265625
10240x_2560x_2025-05-16_00-59-00_002,40,68,clahe_otsu,1.97906494140625
10240x_2560x_2025-05-16_00-59-00_002,40,69,unet,8.9508056640625
10240x_2560x_2025-05-16_00-59-00_002,40,69,resunet,94.183349609375
10240x_2560x_2025-05-16_00-59-00_002,40,69,attention_resunet,4.67681884765625
10240x_2560x_2025-05-16_00-59-00_002,40,69,clahe_otsu,3.07159423828125
10240x_2560x_2025-05-16_00-59-00_002,40,70,unet,11.48681640625
10240x_2560x_2025-05-16_00-59-00_002,40,70,resunet,98.68927001953125
10240x_2560x_2025-05-16_00-59-00_002,40,70,attention_resunet,7.31201171875
10240x_2560x_2025-05-16_00-59-00_002,40,70,clahe_otsu,2.61688232421875
10240x_2560x_2025-05-16_00-59-00_002,40,71,unet,29.7271728515625
10240x_2560x_2025-05-16_00-59-00_002,40,71,resunet,99.95880126953125
10240x_2560x_2025-05-16_00-59-00_002,40,71,attention_resunet,12.48779296875
10240x_2560x_2025-05-16_00-59-00_002,40,71,clahe_otsu,2.81524658203125
10240x_2560x_2025-05-16_00-59-00_002,40,72,unet,83.4014892578125
10240x_2560x_2025-05-16_00-59-00_002,40,72,resunet,99.86572265625
10240x_2560x_2025-05-16_00-59-00_002,40,72,attention_resunet,20.7794189453125
10240x_2560x_2025-05-16_00-59-00_002,40,72,clahe_otsu,23.15826416015625
10240x_2560x_2025-05-16_00-59-00_002,40,73,unet,97.33734130859375
10240x_2560x_2025-05-16_00-59-00_002,40,73,resunet,99.6185302734375
10240x_2560x_2025-05-16_00-59-00_002,40,73,attention_resunet,64.35546875
10240x_2560x_2025-05-16_00-59-00_002,40,73,clahe_otsu,21.8292236328125
10240x_2560x_2025-05-16_00-59-00_002,40,74,unet,91.43829345703125
10240x_2560x_2025-05-16_00-59-00_002,40,74,resunet,98.907470703125
10240x_2560x_2025-05-16_00-59-00_002,40,74,attention_resunet,46.71173095703125
10240x_2560x_2025-05-16_00-59-00_002,40,74,clahe_otsu,40.68603515625
10240x_2560x_2025-05-16_00-59-00_002,40,75,unet,0.0
10240x_2560x_2025-05-16_00-59-00_002,40,75,resunet,0.0
10240x_2560x_2025-05-16_00-59-00_002,40,75,attention_resunet,0.0
10240x_2560x_2025-05-16_00-59-00_002,40,75,clahe_otsu,3.55224609375
10240x_2560x_2025-05-16_00-59-00_002,40,76,unet,0.0
10240x_2560x_2025-05-16_00-59-00_002,40,76,resunet,0.0
10240x_2560x_2025-05-16_00-59-00_002,40,76,attention_resunet,0.0
10240x_2560x_2025-05-16_00-59-00_002,40,76,clahe_otsu,2.62908935546875
10240x_2560x_2025-05-16_00-59-00_002,40,77,unet,0.0
10240x_2560x_2025-05-16_00-59-00_002,40,77,resunet,0.0
10240x_2560x_2025-05-16_00-59-00_002,40,77,attention_resunet,0.0
10240x_2560x_2025-05-16_00-59-00_002,40,77,clahe_otsu,2.13775634765625
10240x_2560x_2025-05-16_00-59-00_002,40,78,unet,0.0
10240x_2560x_2025-05-16_00-59-00_002,40,78,resunet,0.0
10240x_2560x_2025-05-16_00-59-00_002,40,78,attention_resunet,0.0
10240x_2560x_2025-05-16_00-59-00_002,40,78,clahe_otsu,3.60260009765625
10240x_2560x_2025-05-16_00-59-00_002,40,79,unet,0.0
10240x_2560x_2025-05-16_00-59-00_002,40,79,resunet,0.0
10240x_2560x_2025-05-16_00-59-00_002,40,79,attention_resunet,0.0
10240x_2560x_2025-05-16_00-59-00_002,40,79,clahe_otsu,2.39410400390625
10240x_2560x_2025-05-16_00-59-00_002,40,80,unet,0.0
10240x_2560x_2025-05-16_00-59-00_002,40,80,resunet,0.0
10240x_2560x_2025-05-16_00-59-00_002,40,80,attention_resunet,0.0
10240x_2560x_2025-05-16_00-59-00_002,40,80,clahe_otsu,0.97503662109375
10240x_2560x_2025-05-16_00-59-00_002,40,81,unet,0.0
10240x_2560x_2025-05-16_00-59-00_002,40,81,resunet,0.0
10240x_2560x_2025-05-16_00-59-00_002,40,81,attention_resunet,0.0
10240x_2560x_2025-05-16_00-59-00_002,40,81,clahe_otsu,3.1494140625
10240x_2560x_2025-05-16_00-59-00_002,40,82,unet,0.0
10240x_2560x_2025-05-16_00-59-00_002,40,82,resunet,0.0
10240x_2560x_2025-05-16_00-59-00_002,40,82,attention_resunet,0.0
10240x_2560x_2025-05-16_00-59-00_002,40,82,clahe_otsu,3.45611572265625
10240x_2560x_2025-05-16_00-59-00_002,40,83,unet,0.01373291015625
10240x_2560x_2025-05-16_00-59-00_002,40,83,resunet,0.0
10240x_2560x_2025-05-16_00-59-00_002,40,83,attention_resunet,0.0
10240x_2560x_2025-05-16_00-59-00_002,40,83,clahe_otsu,3.49884033203125
10240x_2560x_2025-05-16_00-59-00_002,40,84,unet,1.99432373046875
10240x_2560x_2025-05-16_00-59-00_002,40,84,resunet,13.1744384765625
10240x_2560x_2025-05-16_00-59-00_002,40,84,attention_resunet,0.0
10240x_2560x_2025-05-16_00-59-00_002,40,84,clahe_otsu,6.768798828125
10240x_2560x_2025-05-16_00-59-00_002,40,85,unet,2.00958251953125
10240x_2560x_2025-05-16_00-59-00_002,40,85,resunet,35.89019775390625
10240x_2560x_2025-05-16_00-59-00_002,40,85,attention_resunet,0.0
10240x_2560x_2025-05-16_00-59-00_002,40,85,clahe_otsu,1.63116455078125
10240x_2560x_2025-05-16_00-59-00_002,40,86,unet,6.121826171875
10240x_2560x_2025-05-16_00-59-00_002,40,86,resunet,92.94586181640625
10240x_2560x_2025-05-16_00-59-00_002,40,86,attention_resunet,1.94854736328125
10240x_2560x_2025-05-16_00-59-00_002,40,86,clahe_otsu,3.399658203125
10240x_2560x_2025-05-16_00-59-00_002,40,87,unet,17.779541015625
10240x_2560x_2025-05-16_00-59-00_002,40,87,resunet,99.200439453125
10240x_2560x_2025-05-16_00-59-00_002,40,87,attention_resunet,7.69195556640625
10240x_2560x_2025-05-16_00-59-00_002,40,87,clahe_otsu,3.8482666015625
10240x_2560x_2025-05-16_00-59-00_002,40,88,unet,52.86407470703125
10240x_2560x_2025-05-16_00-59-00_002,40,88,resunet,98.55499267578125
10240x_2560x_2025-05-16_00-59-00_002,40,88,attention_resunet,22.0947265625
10240x_2560x_2025-05-16_00-59-00_002,40,88,clahe_otsu,5.18646240234375
10240x_2560x_2025-05-16_00-59-00_002,40,89,unet,96.18988037109375
10240x_2560x_2025-05-16_00-59-00_002,40,89,resunet,99.84283447265625
10240x_2560x_2025-05-16_00-59-00_002,40,89,attention_resunet,60.8551025390625
10240x_2560x_2025-05-16_00-59-00_002,40,89,clahe_otsu,36.3006591796875
10240x_2560x_2025-05-16_00-59-00_002,40,90,unet,0.0
10240x_2560x_2025-05-16_00-59-00_002,40,90,resunet,0.0
10240x_2560x_2025-05-16_00-59-00_002,40,90,attention_resunet,0.0
10240x_2560x_2025-05-16_00-59-00_002,40,90,clahe_otsu,2.61688232421875
10240x_2560x_2025-05-16_00-59-00_002,40,91,unet,0.0
10240x_2560x_2025-05-16_00-59-00_002,40,91,resunet,0.0
10240x_2560x_2025-05-16_00-59-00_002,40,91,attention_resunet,0.0
10240x_2560x_2025-05-16_00-59-00_002,40,91,clahe_otsu,2.5115966796875
10240x_2560x_2025-05-16_00-59-00_002,40,92,unet,0.0
10240x_2560x_2025-05-16_00-59-00_002,40,92,resunet,0.0
10240x_2560x_2025-05-16_00-59-00_002,40,92,attention_resunet,0.0
10240x_2560x_2025-05-16_00-59-00_002,40,92,clahe_otsu,2.5177001953125
10240x_2560x_2025-05-16_00-59-00_002,40,93,unet,0.0
10240x_2560x_2025-05-16_00-59-00_002,40,93,resunet,0.0
10240x_2560x_2025-05-16_00-59-00_002,40,93,attention_resunet,0.0
10240x_2560x_2025-05-16_00-59-00_002,40,93,clahe_otsu,2.8839111328125
10240x_2560x_2025-05-16_00-59-00_002,40,94,unet,0.0
10240x_2560x_2025-05-16_00-59-00_002,40,94,resunet,0.0
10240x_2560x_2025-05-16_00-59-00_002,40,94,attention_resunet,0.0
10240x_2560x_2025-05-16_00-59-00_002,40,94,clahe_otsu,2.6336669921875
10240x_2560x_2025-05-16_00-59-00_002,40,95,unet,0.0
10240x_2560x_2025-05-16_00-59-00_002,40,95,resunet,0.0
10240x_2560x_2025-05-16_00-59-00_002,40,95,attention_resunet,0.0
10240x_2560x_2025-05-16_00-59-00_002,40,95,clahe_otsu,2.27508544921875
10240x_2560x_2025-05-16_00-59-00_002,40,96,unet,0.0
10240x_2560x_2025-05-16_00-59-00_002,40,96,resunet,0.0
10240x_2560x_2025-05-16_00-59-00_002,40,96,attention_resunet,0.0
10240x_2560x_2025-05-16_00-59-00_002,40,96,clahe_otsu,2.7374267578125
10240x_2560x_2025-05-16_00-59-00_002,40,97,unet,0.0
10240x_2560x_2025-05-16_00-59-00_002,40,97,resunet,0.0
10240x_2560x_2025-05-16_00-59-00_002,40,97,attention_resunet,0.0
10240x_2560x_2025-05-16_00-59-00_002,40,97,clahe_otsu,3.01055908203125
10240x_2560x_2025-05-16_00-59-00_002,40,98,unet,0.0
10240x_2560x_2025-05-16_00-59-00_002,40,98,resunet,0.0
10240x_2560x_2025-05-16_00-59-00_002,40,98,attention_resunet,0.0
10240x_2560x_2025-05-16_00-59-00_002,40,98,clahe_otsu,2.6763916015625
10240x_2560x_2025-05-16_00-59-00_002,40,99,unet,0.0
10240x_2560x_2025-05-16_00-59-00_002,40,99,resunet,0.0
10240x_2560x_2025-05-16_00-59-00_002,40,99,attention_resunet,0.0
10240x_2560x_2025-05-16_00-59-00_002,40,99,clahe_otsu,2.87322998046875
10240x_2560x_2025-05-16_00-59-00_002,40,100,unet,1.43280029296875
10240x_2560x_2025-05-16_00-59-00_002,40,100,resunet,0.57220458984375
10240x_2560x_2025-05-16_00-59-00_002,40,100,attention_resunet,0.0
10240x_2560x_2025-05-16_00-59-00_002,40,100,clahe_otsu,2.1881103515625
10240x_2560x_2025-05-16_00-59-00_002,40,101,unet,0.21209716796875
10240x_2560x_2025-05-16_00-59-00_002,40,101,resunet,8.0322265625
10240x_2560x_2025-05-16_00-59-00_002,40,101,attention_resunet,0.0
10240x_2560x_2025-05-16_00-59-00_002,40,101,clahe_otsu,3.387451171875
10240x_2560x_2025-05-16_00-59-00_002,40,102,unet,2.01263427734375
10240x_2560x_2025-05-16_00-59-00_002,40,102,resunet,30.859375
10240x_2560x_2025-05-16_00-59-00_002,40,102,attention_resunet,0.15869140625
10240x_2560x_2025-05-16_00-59-00_002,40,102,clahe_otsu,2.99835205078125
10240x_2560x_2025-05-16_00-59-00_002,40,103,unet,12.40692138671875
10240x_2560x_2025-05-16_00-59-00_002,40,103,resunet,94.3145751953125
10240x_2560x_2025-05-16_00-59-00_002,40,103,attention_resunet,5.755615234375
10240x_2560x_2025-05-16_00-59-00_002,40,103,clahe_otsu,4.168701171875
10240x_2560x_2025-05-16_00-59-00_002,40,104,unet,78.82080078125
10240x_2560x_2025-05-16_00-59-00_002,40,104,resunet,99.627685546875
10240x_2560x_2025-05-16_00-59-00_002,40,104,attention_resunet,41.632080078125
10240x_2560x_2025-05-16_00-59-00_002,40,104,clahe_otsu,43.45703125
10240x_2560x_2025-05-16_00-59-00_002,40,105,unet,0.0
10240x_2560x_2025-05-16_00-59-00_002,40,105,resunet,0.0
10240x_2560x_2025-05-16_00-59-00_002,40,105,attention_resunet,0.0
10240x_2560x_2025-05-16_00-59-00_002,40,105,clahe_otsu,3.216552734375
10240x_2560x_2025-05-16_00-59-00_002,40,106,unet,0.0
10240x_2560x_2025-05-16_00-59-00_002,40,106,resunet,0.0
10240x_2560x_2025-05-16_00-59-00_002,40,106,attention_resunet,0.0
10240x_2560x_2025-05-16_00-59-00_002,40,106,clahe_otsu,2.64739990234375
10240x_2560x_2025-05-16_00-59-00_002,40,107,unet,0.0
10240x_2560x_2025-05-16_00-59-00_002,40,107,resunet,0.0
10240x_2560x_2025-05-16_00-59-00_002,40,107,attention_resunet,0.0
10240x_2560x_2025-05-16_00-59-00_002,40,107,clahe_otsu,2.2125244140625
10240x_2560x_2025-05-16_00-59-00_002,40,108,unet,0.0
10240x_2560x_2025-05-16_00-59-00_002,40,108,resunet,0.0
10240x_2560x_2025-05-16_00-59-00_002,40,108,attention_resunet,0.0
10240x_2560x_2025-05-16_00-59-00_002,40,108,clahe_otsu,2.30255126953125
10240x_2560x_2025-05-16_00-59-00_002,40,109,unet,0.0
10240x_2560x_2025-05-16_00-59-00_002,40,109,resunet,0.0
10240x_2560x_2025-05-16_00-59-00_002,40,109,attention_resunet,0.0
10240x_2560x_2025-05-16_00-59-00_002,40,109,clahe_otsu,2.03704833984375
10240x_2560x_2025-05-16_00-59-00_002,40,110,unet,0.0
10240x_2560x_2025-05-16_00-59-00_002,40,110,resunet,0.0
10240x_2560x_2025-05-16_00-59-00_002,40,110,attention_resunet,0.0
10240x_2560x_2025-05-16_00-59-00_002,40,110,clahe_otsu,2.09197998046875
10240x_2560x_2025-05-16_00-59-00_002,40,111,unet,0.0
10240x_2560x_2025-05-16_00-59-00_002,40,111,resunet,0.0
10240x_2560x_2025-05-16_00-59-00_002,40,111,attention_resunet,0.0
10240x_2560x_2025-05-16_00-59-00_002,40,111,clahe_otsu,2.90985107421875
10240x_2560x_2025-05-16_00-59-00_002,40,112,unet,0.0
10240x_2560x_2025-05-16_00-59-00_002,40,112,resunet,0.0
10240x_2560x_2025-05-16_00-59-00_002,40,112,attention_resunet,0.0
10240x_2560x_2025-05-16_00-59-00_002,40,112,clahe_otsu,2.75726318359375
10240x_2560x_2025-05-16_00-59-00_002,40,113,unet,0.0
10240x_2560x_2025-05-16_00-59-00_002,40,113,resunet,0.0
10240x_2560x_2025-05-16_00-59-00_002,40,113,attention_resunet,0.0
10240x_2560x_2025-05-16_00-59-00_002,40,113,clahe_otsu,1.8951416015625
10240x_2560x_2025-05-16_00-59-00_002,40,114,unet,0.0
10240x_2560x_2025-05-16_00-59-00_002,40,114,resunet,0.0
10240x_2560x_2025-05-16_00-59-00_002,40,114,attention_resunet,0.0
10240x_2560x_2025-05-16_00-59-00_002,40,114,clahe_otsu,2.30712890625
10240x_2560x_2025-05-16_00-59-00_002,40,115,unet,0.0
10240x_2560x_2025-05-16_00-59-00_002,40,115,resunet,0.0
10240x_2560x_2025-05-16_00-59-00_002,40,115,attention_resunet,0.0
10240x_2560x_2025-05-16_00-59-00_002,40,115,clahe_otsu,2.79998779296875
10240x_2560x_2025-05-16_00-59-00_002,40,116,unet,0.0
10240x_2560x_2025-05-16_00-59-00_002,40,116,resunet,0.0
10240x_2560x_2025-05-16_00-59-00_002,40,116,attention_resunet,0.0
10240x_2560x_2025-05-16_00-59-00_002,40,116,clahe_otsu,3.46527099609375
10240x_2560x_2025-05-16_00-59-00_002,40,117,unet,0.0152587890625
10240x_2560x_2025-05-16_00-59-00_002,40,117,resunet,0.08087158203125
10240x_2560x_2025-05-16_00-59-00_002,40,117,attention_resunet,0.0
10240x_2560x_2025-05-16_00-59-00_002,40,117,clahe_otsu,2.79998779296875
10240x_2560x_2025-05-16_00-59-00_002,40,118,unet,4.864501953125
10240x_2560x_2025-05-16_00-59-00_002,40,118,resunet,43.6981201171875
10240x_2560x_2025-05-16_00-59-00_002,40,118,attention_resunet,0.5279541015625
10240x_2560x_2025-05-16_00-59-00_002,40,118,clahe_otsu,24.21112060546875
10240x_2560x_2025-05-16_00-59-00_002,40,119,unet,68.28155517578125
10240x_2560x_2025-05-16_00-59-00_002,40,119,resunet,97.98736572265625
10240x_2560x_2025-05-16_00-59-00_002,40,119,attention_resunet,26.031494140625
10240x_2560x_2025-05-16_00-59-00_002,40,119,clahe_otsu,38.24920654296875
10x_2025-05-15_02-05-00,10,0,unet,0.0
10x_2025-05-15_02-05-00,10,0,resunet,0.0
10x_2025-05-15_02-05-00,10,0,attention_resunet,0.0
10x_2025-05-15_02-05-00,10,0,clahe_otsu,58.9599609375
10x_2025-05-15_02-05-00,10,1,unet,0.0
10x_2025-05-15_02-05-00,10,1,resunet,0.054931640625
10x_2025-05-15_02-05-00,10,1,attention_resunet,0.0
10x_2025-05-15_02-05-00,10,1,clahe_otsu,61.79656982421875
10x_2025-05-15_02-05-00,10,2,unet,0.0
10x_2025-05-15_02-05-00,10,2,resunet,0.0
10x_2025-05-15_02-05-00,10,2,attention_resunet,0.0
10x_2025-05-15_02-05-00,10,2,clahe_otsu,61.34033203125
10x_2025-05-15_02-05-00,10,3,unet,0.0
10x_2025-05-15_02-05-00,10,3,resunet,0.0091552734375
10x_2025-05-15_02-05-00,10,3,attention_resunet,0.0
10x_2025-05-15_02-05-00,10,3,clahe_otsu,63.64898681640625
10x_2025-05-15_02-05-00,10,4,unet,0.0
10x_2025-05-15_02-05-00,10,4,resunet,0.0
10x_2025-05-15_02-05-00,10,4,attention_resunet,0.0
10x_2025-05-15_02-05-00,10,4,clahe_otsu,63.9801025390625
10x_2025-05-15_02-05-00,10,5,unet,0.0
10x_2025-05-15_02-05-00,10,5,resunet,0.0
10x_2025-05-15_02-05-00,10,5,attention_resunet,0.0
10x_2025-05-15_02-05-00,10,5,clahe_otsu,64.07318115234375
10x_2025-05-15_02-05-00,10,6,unet,0.0
10x_2025-05-15_02-05-00,10,6,resunet,0.04425048828125
10x_2025-05-15_02-05-00,10,6,attention_resunet,0.0
10x_2025-05-15_02-05-00,10,6,clahe_otsu,66.57257080078125
10x_2025-05-15_02-05-00,10,7,unet,0.0
10x_2025-05-15_02-05-00,10,7,resunet,0.0030517578125
10x_2025-05-15_02-05-00,10,7,attention_resunet,0.0
10x_2025-05-15_02-05-00,10,7,clahe_otsu,64.05792236328125
10x_2025-05-15_02-05-00,10,8,unet,0.0
10x_2025-05-15_02-05-00,10,8,resunet,0.0
10x_2025-05-15_02-05-00,10,8,attention_resunet,0.0
10x_2025-05-15_02-05-00,10,8,clahe_otsu,68.072509765625
10x_2025-05-15_02-05-00,10,9,unet,0.0
10x_2025-05-15_02-05-00,10,9,resunet,0.0
10x_2025-05-15_02-05-00,10,9,attention_resunet,0.0
10x_2025-05-15_02-05-00,10,9,clahe_otsu,63.47198486328125
10x_2025-05-15_02-05-00,10,10,unet,0.0
10x_2025-05-15_02-05-00,10,10,resunet,0.0
10x_2025-05-15_02-05-00,10,10,attention_resunet,0.0
10x_2025-05-15_02-05-00,10,10,clahe_otsu,64.94140625
10x_2025-05-15_02-05-00,10,11,unet,0.0
10x_2025-05-15_02-05-00,10,11,resunet,0.0091552734375
10x_2025-05-15_02-05-00,10,11,attention_resunet,0.0
10x_2025-05-15_02-05-00,10,11,clahe_otsu,63.68560791015625
10x_2025-05-15_02-05-00,10,12,unet,0.0
10x_2025-05-15_02-05-00,10,12,resunet,0.0
10x_2025-05-15_02-05-00,10,12,attention_resunet,0.0
10x_2025-05-15_02-05-00,10,12,clahe_otsu,67.0318603515625
10x_2025-05-15_02-05-00,10,13,unet,0.0
10x_2025-05-15_02-05-00,10,13,resunet,0.0
10x_2025-05-15_02-05-00,10,13,attention_resunet,0.0
10x_2025-05-15_02-05-00,10,13,clahe_otsu,64.16168212890625
10x_2025-05-15_02-05-00,10,14,unet,0.0
10x_2025-05-15_02-05-00,10,14,resunet,0.01983642578125
10x_2025-05-15_02-05-00,10,14,attention_resunet,0.0
10x_2025-05-15_02-05-00,10,14,clahe_otsu,64.532470703125
10x_2025-05-15_02-05-00,10,15,unet,0.0
10x_2025-05-15_02-05-00,10,15,resunet,0.0335693359375
10x_2025-05-15_02-05-00,10,15,attention_resunet,0.0
10x_2025-05-15_02-05-00,10,15,clahe_otsu,58.5235595703125
10x_2025-05-15_02-05-00,10,16,unet,0.0
10x_2025-05-15_02-05-00,10,16,resunet,0.0396728515625
10x_2025-05-15_02-05-00,10,16,attention_resunet,0.0
10x_2025-05-15_02-05-00,10,16,clahe_otsu,57.97271728515625
10x_2025-05-15_02-05-00,10,17,unet,0.0
10x_2025-05-15_02-05-00,10,17,resunet,0.01678466796875
10x_2025-05-15_02-05-00,10,17,attention_resunet,0.0
10x_2025-05-15_02-05-00,10,17,clahe_otsu,61.60430908203125
10x_2025-05-15_02-05-00,10,18,unet,0.0
10x_2025-05-15_02-05-00,10,18,resunet,0.0
10x_2025-05-15_02-05-00,10,18,attention_resunet,0.0
10x_2025-05-15_02-05-00,10,18,clahe_otsu,64.46380615234375
10x_2025-05-15_02-05-00,10,19,unet,0.0
10x_2025-05-15_02-05-00,10,19,resunet,0.0
10x_2025-05-15_02-05-00,10,19,attention_resunet,0.0
10x_2025-05-15_02-05-00,10,19,clahe_otsu,62.9547119140625
10x_2025-05-15_02-05-00,10,20,unet,0.0
10x_2025-05-15_02-05-00,10,20,resunet,0.0
10x_2025-05-15_02-05-00,10,20,attention_resunet,0.0
10x_2025-05-15_02-05-00,10,20,clahe_otsu,66.2628173828125
10x_2025-05-15_02-05-00,10,21,unet,0.0
10x_2025-05-15_02-05-00,10,21,resunet,0.0152587890625
10x_2025-05-15_02-05-00,10,21,attention_resunet,0.0
10x_2025-05-15_02-05-00,10,21,clahe_otsu,63.3758544921875
10x_2025-05-15_02-05-00,10,22,unet,0.0
10x_2025-05-15_02-05-00,10,22,resunet,0.0
10x_2025-05-15_02-05-00,10,22,attention_resunet,0.0
10x_2025-05-15_02-05-00,10,22,clahe_otsu,67.98248291015625
10x_2025-05-15_02-05-00,10,23,unet,0.0
10x_2025-05-15_02-05-00,10,23,resunet,0.0
10x_2025-05-15_02-05-00,10,23,attention_resunet,0.0
10x_2025-05-15_02-05-00,10,23,clahe_otsu,67.7947998046875
10x_2025-05-15_02-05-00,10,24,unet,0.0
10x_2025-05-15_02-05-00,10,24,resunet,0.0
10x_2025-05-15_02-05-00,10,24,attention_resunet,0.0
10x_2025-05-15_02-05-00,10,24,clahe_otsu,65.40985107421875
10x_2025-05-15_02-05-00,10,25,unet,0.0
10x_2025-05-15_02-05-00,10,25,resunet,0.0
10x_2025-05-15_02-05-00,10,25,attention_resunet,0.0
10x_2025-05-15_02-05-00,10,25,clahe_otsu,66.46575927734375
10x_2025-05-15_02-05-00,10,26,unet,0.0
10x_2025-05-15_02-05-00,10,26,resunet,0.0
10x_2025-05-15_02-05-00,10,26,attention_resunet,0.0
10x_2025-05-15_02-05-00,10,26,clahe_otsu,66.937255859375
10x_2025-05-15_02-05-00,10,27,unet,0.0
10x_2025-05-15_02-05-00,10,27,resunet,0.06103515625
10x_2025-05-15_02-05-00,10,27,attention_resunet,0.0
10x_2025-05-15_02-05-00,10,27,clahe_otsu,68.41583251953125
10x_2025-05-15_02-05-00,10,28,unet,0.0
10x_2025-05-15_02-05-00,10,28,resunet,0.0
10x_2025-05-15_02-05-00,10,28,attention_resunet,0.0
10x_2025-05-15_02-05-00,10,28,clahe_otsu,66.40777587890625
10x_2025-05-15_02-05-00,10,29,unet,0.0
10x_2025-05-15_02-05-00,10,29,resunet,0.018310546875
10x_2025-05-15_02-05-00,10,29,attention_resunet,0.0
10x_2025-05-15_02-05-00,10,29,clahe_otsu,66.73736572265625
10x_2025-05-15_02-05-00,10,30,unet,0.0
10x_2025-05-15_02-05-00,10,30,resunet,0.12359619140625
10x_2025-05-15_02-05-00,10,30,attention_resunet,0.0
10x_2025-05-15_02-05-00,10,30,clahe_otsu,58.831787109375
10x_2025-05-15_02-05-00,10,31,unet,0.0
10x_2025-05-15_02-05-00,10,31,resunet,0.0701904296875
10x_2025-05-15_02-05-00,10,31,attention_resunet,0.0
10x_2025-05-15_02-05-00,10,31,clahe_otsu,59.56268310546875
10x_2025-05-15_02-05-00,10,32,unet,0.0
10x_2025-05-15_02-05-00,10,32,resunet,0.048828125
10x_2025-05-15_02-05-00,10,32,attention_resunet,0.0
10x_2025-05-15_02-05-00,10,32,clahe_otsu,60.3790283203125
10x_2025-05-15_02-05-00,10,33,unet,0.0
10x_2025-05-15_02-05-00,10,33,resunet,0.10528564453125
10x_2025-05-15_02-05-00,10,33,attention_resunet,0.0
10x_2025-05-15_02-05-00,10,33,clahe_otsu,62.10174560546875
10x_2025-05-15_02-05-00,10,34,unet,0.0
10x_2025-05-15_02-05-00,10,34,resunet,0.04119873046875
10x_2025-05-15_02-05-00,10,34,attention_resunet,0.0
10x_2025-05-15_02-05-00,10,34,clahe_otsu,63.9495849609375
10x_2025-05-15_02-05-00,10,35,unet,0.0
10x_2025-05-15_02-05-00,10,35,resunet,0.07171630859375
10x_2025-05-15_02-05-00,10,35,attention_resunet,0.0
10x_2025-05-15_02-05-00,10,35,clahe_otsu,66.4215087890625
10x_2025-05-15_02-05-00,10,36,unet,0.0
10x_2025-05-15_02-05-00,10,36,resunet,0.0
10x_2025-05-15_02-05-00,10,36,attention_resunet,0.0
10x_2025-05-15_02-05-00,10,36,clahe_otsu,64.34783935546875
10x_2025-05-15_02-05-00,10,37,unet,0.0
10x_2025-05-15_02-05-00,10,37,resunet,0.0
10x_2025-05-15_02-05-00,10,37,attention_resunet,0.0
10x_2025-05-15_02-05-00,10,37,clahe_otsu,67.5689697265625
10x_2025-05-15_02-05-00,10,38,unet,0.0
10x_2025-05-15_02-05-00,10,38,resunet,0.01220703125
10x_2025-05-15_02-05-00,10,38,attention_resunet,0.0
10x_2025-05-15_02-05-00,10,38,clahe_otsu,66.30401611328125
10x_2025-05-15_02-05-00,10,39,unet,0.0
10x_2025-05-15_02-05-00,10,39,resunet,0.0
10x_2025-05-15_02-05-00,10,39,attention_resunet,0.0
10x_2025-05-15_02-05-00,10,39,clahe_otsu,67.26226806640625
10x_2025-05-15_02-05-00,10,40,unet,0.0
10x_2025-05-15_02-05-00,10,40,resunet,0.0
10x_2025-05-15_02-05-00,10,40,attention_resunet,0.0
10x_2025-05-15_02-05-00,10,40,clahe_otsu,67.4896240234375
10x_2025-05-15_02-05-00,10,41,unet,0.0
10x_2025-05-15_02-05-00,10,41,resunet,0.03814697265625
10x_2025-05-15_02-05-00,10,41,attention_resunet,0.0
10x_2025-05-15_02-05-00,10,41,clahe_otsu,66.1712646484375
10x_2025-05-15_02-05-00,10,42,unet,0.0
10x_2025-05-15_02-05-00,10,42,resunet,0.0
10x_2025-05-15_02-05-00,10,42,attention_resunet,0.0
10x_2025-05-15_02-05-00,10,42,clahe_otsu,65.93780517578125
10x_2025-05-15_02-05-00,10,43,unet,0.0
10x_2025-05-15_02-05-00,10,43,resunet,0.0213623046875
10x_2025-05-15_02-05-00,10,43,attention_resunet,0.0
10x_2025-05-15_02-05-00,10,43,clahe_otsu,66.88690185546875
10x_2025-05-15_02-05-00,10,44,unet,0.0
10x_2025-05-15_02-05-00,10,44,resunet,0.0
10x_2025-05-15_02-05-00,10,44,attention_resunet,0.0
10x_2025-05-15_02-05-00,10,44,clahe_otsu,69.3634033203125
10x_2025-05-15_02-05-00,10,45,unet,0.0
10x_2025-05-15_02-05-00,10,45,resunet,0.09918212890625
10x_2025-05-15_02-05-00,10,45,attention_resunet,0.0
10x_2025-05-15_02-05-00,10,45,clahe_otsu,62.652587890625
10x_2025-05-15_02-05-00,10,46,unet,0.0
10x_2025-05-15_02-05-00,10,46,resunet,0.01220703125
10x_2025-05-15_02-05-00,10,46,attention_resunet,0.0
10x_2025-05-15_02-05-00,10,46,clahe_otsu,61.07177734375
10x_2025-05-15_02-05-00,10,47,unet,0.0
10x_2025-05-15_02-05-00,10,47,resunet,0.006103515625
10x_2025-05-15_02-05-00,10,47,attention_resunet,0.0
10x_2025-05-15_02-05-00,10,47,clahe_otsu,61.9598388671875
10x_2025-05-15_02-05-00,10,48,unet,0.0
10x_2025-05-15_02-05-00,10,48,resunet,0.0091552734375
10x_2025-05-15_02-05-00,10,48,attention_resunet,0.0
10x_2025-05-15_02-05-00,10,48,clahe_otsu,63.30718994140625
10x_2025-05-15_02-05-00,10,49,unet,0.0
10x_2025-05-15_02-05-00,10,49,resunet,0.0
10x_2025-05-15_02-05-00,10,49,attention_resunet,0.0
10x_2025-05-15_02-05-00,10,49,clahe_otsu,64.32647705078125
10x_2025-05-15_02-05-00,10,50,unet,0.0
10x_2025-05-15_02-05-00,10,50,resunet,0.02899169921875
10x_2025-05-15_02-05-00,10,50,attention_resunet,0.0
10x_2025-05-15_02-05-00,10,50,clahe_otsu,64.44244384765625
10x_2025-05-15_02-05-00,10,51,unet,0.0
10x_2025-05-15_02-05-00,10,51,resunet,0.0
10x_2025-05-15_02-05-00,10,51,attention_resunet,0.0
10x_2025-05-15_02-05-00,10,51,clahe_otsu,66.25213623046875
10x_2025-05-15_02-05-00,10,52,unet,0.0
10x_2025-05-15_02-05-00,10,52,resunet,0.0091552734375
10x_2025-05-15_02-05-00,10,52,attention_resunet,0.0
10x_2025-05-15_02-05-00,10,52,clahe_otsu,69.08721923828125
10x_2025-05-15_02-05-00,10,53,unet,0.0
10x_2025-05-15_02-05-00,10,53,resunet,0.0
10x_2025-05-15_02-05-00,10,53,attention_resunet,0.0
10x_2025-05-15_02-05-00,10,53,clahe_otsu,69.56024169921875
10x_2025-05-15_02-05-00,10,54,unet,0.0
10x_2025-05-15_02-05-00,10,54,resunet,0.0
10x_2025-05-15_02-05-00,10,54,attention_resunet,0.0
10x_2025-05-15_02-05-00,10,54,clahe_otsu,68.29681396484375
10x_2025-05-15_02-05-00,10,55,unet,0.0
10x_2025-05-15_02-05-00,10,55,resunet,0.0
10x_2025-05-15_02-05-00,10,55,attention_resunet,0.0
10x_2025-05-15_02-05-00,10,55,clahe_otsu,68.27850341796875
10x_2025-05-15_02-05-00,10,56,unet,0.0
10x_2025-05-15_02-05-00,10,56,resunet,0.00457763671875
10x_2025-05-15_02-05-00,10,56,attention_resunet,0.0
10x_2025-05-15_02-05-00,10,56,clahe_otsu,68.50433349609375
10x_2025-05-15_02-05-00,10,57,unet,0.0
10x_2025-05-15_02-05-00,10,57,resunet,0.0
10x_2025-05-15_02-05-00,10,57,attention_resunet,0.0
10x_2025-05-15_02-05-00,10,57,clahe_otsu,66.961669921875
10x_2025-05-15_02-05-00,10,58,unet,0.0
10x_2025-05-15_02-05-00,10,58,resunet,0.0091552734375
10x_2025-05-15_02-05-00,10,58,attention_resunet,0.0
10x_2025-05-15_02-05-00,10,58,clahe_otsu,68.4417724609375
10x_2025-05-15_02-05-00,10,59,unet,0.0
10x_2025-05-15_02-05-00,10,59,resunet,0.00457763671875
10x_2025-05-15_02-05-00,10,59,attention_resunet,0.0
10x_2025-05-15_02-05-00,10,59,clahe_otsu,65.4388427734375
10x_2025-05-15_02-05-00,10,60,unet,0.0
10x_2025-05-15_02-05-00,10,60,resunet,0.09613037109375
10x_2025-05-15_02-05-00,10,60,attention_resunet,0.0
10x_2025-05-15_02-05-00,10,60,clahe_otsu,59.7259521484375
10x_2025-05-15_02-05-00,10,61,unet,0.0
10x_2025-05-15_02-05-00,10,61,resunet,0.0091552734375
10x_2025-05-15_02-05-00,10,61,attention_resunet,0.0
10x_2025-05-15_02-05-00,10,61,clahe_otsu,61.077880859375
10x_2025-05-15_02-05-00,10,62,unet,0.0
10x_2025-05-15_02-05-00,10,62,resunet,0.0
10x_2025-05-15_02-05-00,10,62,attention_resunet,0.0
10x_2025-05-15_02-05-00,10,62,clahe_otsu,64.8406982421875
10x_2025-05-15_02-05-00,10,63,unet,0.0
10x_2025-05-15_02-05-00,10,63,resunet,0.01068115234375
10x_2025-05-15_02-05-00,10,63,attention_resunet,0.0
10x_2025-05-15_02-05-00,10,63,clahe_otsu,67.6361083984375
10x_2025-05-15_02-05-00,10,64,unet,0.0
10x_2025-05-15_02-05-00,10,64,resunet,0.0274658203125
10x_2025-05-15_02-05-00,10,64,attention_resunet,0.0
10x_2025-05-15_02-05-00,10,64,clahe_otsu,63.78021240234375
10x_2025-05-15_02-05-00,10,65,unet,0.0
10x_2025-05-15_02-05-00,10,65,resunet,0.0
10x_2025-05-15_02-05-00,10,65,attention_resunet,0.0
10x_2025-05-15_02-05-00,10,65,clahe_otsu,64.6453857421875
10x_2025-05-15_02-05-00,10,66,unet,0.0
10x_2025-05-15_02-05-00,10,66,resunet,0.0
10x_2025-05-15_02-05-00,10,66,attention_resunet,0.0
10x_2025-05-15_02-05-00,10,66,clahe_otsu,64.83306884765625
10x_2025-05-15_02-05-00,10,67,unet,0.0
10x_2025-05-15_02-05-00,10,67,resunet,0.0
10x_2025-05-15_02-05-00,10,67,attention_resunet,0.0
10x_2025-05-15_02-05-00,10,67,clahe_otsu,68.27392578125
10x_2025-05-15_02-05-00,10,68,unet,0.0
10x_2025-05-15_02-05-00,10,68,resunet,0.09307861328125
10x_2025-05-15_02-05-00,10,68,attention_resunet,0.0
10x_2025-05-15_02-05-00,10,68,clahe_otsu,68.72711181640625
10x_2025-05-15_02-05-00,10,69,unet,0.0
10x_2025-05-15_02-05-00,10,69,resunet,0.0
10x_2025-05-15_02-05-00,10,69,attention_resunet,0.0
10x_2025-05-15_02-05-00,10,69,clahe_otsu,68.31207275390625
10x_2025-05-15_02-05-00,10,70,unet,0.0
10x_2025-05-15_02-05-00,10,70,resunet,0.0
10x_2025-05-15_02-05-00,10,70,attention_resunet,0.0
10x_2025-05-15_02-05-00,10,70,clahe_otsu,68.939208984375
10x_2025-05-15_02-05-00,10,71,unet,0.0
10x_2025-05-15_02-05-00,10,71,resunet,0.0
10x_2025-05-15_02-05-00,10,71,attention_resunet,0.0
10x_2025-05-15_02-05-00,10,71,clahe_otsu,69.93255615234375
10x_2025-05-15_02-05-00,10,72,unet,0.0
10x_2025-05-15_02-05-00,10,72,resunet,0.0
10x_2025-05-15_02-05-00,10,72,attention_resunet,0.0
10x_2025-05-15_02-05-00,10,72,clahe_otsu,68.76068115234375
10x_2025-05-15_02-05-00,10,73,unet,0.0
10x_2025-05-15_02-05-00,10,73,resunet,0.0
10x_2025-05-15_02-05-00,10,73,attention_resunet,0.0
10x_2025-05-15_02-05-00,10,73,clahe_otsu,66.5618896484375
10x_2025-05-15_02-05-00,10,74,unet,0.0
10x_2025-05-15_02-05-00,10,74,resunet,0.0152587890625
10x_2025-05-15_02-05-00,10,74,attention_resunet,0.0
10x_2025-05-15_02-05-00,10,74,clahe_otsu,71.99249267578125
10x_2025-05-15_02-05-00,10,75,unet,0.0
10x_2025-05-15_02-05-00,10,75,resunet,0.079345703125
10x_2025-05-15_02-05-00,10,75,attention_resunet,0.0
10x_2025-05-15_02-05-00,10,75,clahe_otsu,59.22088623046875
10x_2025-05-15_02-05-00,10,76,unet,0.0
10x_2025-05-15_02-05-00,10,76,resunet,0.091552734375
10x_2025-05-15_02-05-00,10,76,attention_resunet,0.0
10x_2025-05-15_02-05-00,10,76,clahe_otsu,62.0361328125
10x_2025-05-15_02-05-00,10,77,unet,0.0
10x_2025-05-15_02-05-00,10,77,resunet,0.0762939453125
10x_2025-05-15_02-05-00,10,77,attention_resunet,0.0
10x_2025-05-15_02-05-00,10,77,clahe_otsu,66.4306640625
10x_2025-05-15_02-05-00,10,78,unet,0.0
10x_2025-05-15_02-05-00,10,78,resunet,0.2227783203125
10x_2025-05-15_02-05-00,10,78,attention_resunet,0.0
10x_2025-05-15_02-05-00,10,78,clahe_otsu,66.0247802734375
10x_2025-05-15_02-05-00,10,79,unet,0.0
10x_2025-05-15_02-05-00,10,79,resunet,0.1129150390625
10x_2025-05-15_02-05-00,10,79,attention_resunet,0.0
10x_2025-05-15_02-05-00,10,79,clahe_otsu,62.1307373046875
10x_2025-05-15_02-05-00,10,80,unet,0.0
10x_2025-05-15_02-05-00,10,80,resunet,0.20294189453125
10x_2025-05-15_02-05-00,10,80,attention_resunet,0.0
10x_2025-05-15_02-05-00,10,80,clahe_otsu,65.12298583984375
10x_2025-05-15_02-05-00,10,81,unet,0.0
10x_2025-05-15_02-05-00,10,81,resunet,0.0
10x_2025-05-15_02-05-00,10,81,attention_resunet,0.0
10x_2025-05-15_02-05-00,10,81,clahe_otsu,66.24298095703125
10x_2025-05-15_02-05-00,10,82,unet,0.0
10x_2025-05-15_02-05-00,10,82,resunet,0.0
10x_2025-05-15_02-05-00,10,82,attention_resunet,0.0
10x_2025-05-15_02-05-00,10,82,clahe_otsu,66.30706787109375
10x_2025-05-15_02-05-00,10,83,unet,0.0
10x_2025-05-15_02-05-00,10,83,resunet,0.01373291015625
10x_2025-05-15_02-05-00,10,83,attention_resunet,0.0
10x_2025-05-15_02-05-00,10,83,clahe_otsu,67.8466796875
10x_2025-05-15_02-05-00,10,84,unet,0.0
10x_2025-05-15_02-05-00,10,84,resunet,0.0
10x_2025-05-15_02-05-00,10,84,attention_resunet,0.0
10x_2025-05-15_02-05-00,10,84,clahe_otsu,65.9332275390625
10x_2025-05-15_02-05-00,10,85,unet,0.0
10x_2025-05-15_02-05-00,10,85,resunet,0.02899169921875
10x_2025-05-15_02-05-00,10,85,attention_resunet,0.0
10x_2025-05-15_02-05-00,10,85,clahe_otsu,70.52154541015625
10x_2025-05-15_02-05-00,10,86,unet,0.0
10x_2025-05-15_02-05-00,10,86,resunet,0.0
10x_2025-05-15_02-05-00,10,86,attention_resunet,0.0
10x_2025-05-15_02-05-00,10,86,clahe_otsu,65.9698486328125
10x_2025-05-15_02-05-00,10,87,unet,0.0
10x_2025-05-15_02-05-00,10,87,resunet,0.0
10x_2025-05-15_02-05-00,10,87,attention_resunet,0.0
10x_2025-05-15_02-05-00,10,87,clahe_otsu,66.2078857421875
10x_2025-05-15_02-05-00,10,88,unet,0.0
10x_2025-05-15_02-05-00,10,88,resunet,0.00457763671875
10x_2025-05-15_02-05-00,10,88,attention_resunet,0.0
10x_2025-05-15_02-05-00,10,88,clahe_otsu,67.2027587890625
10x_2025-05-15_02-05-00,10,89,unet,0.0
10x_2025-05-15_02-05-00,10,89,resunet,0.05340576171875
10x_2025-05-15_02-05-00,10,89,attention_resunet,0.0
10x_2025-05-15_02-05-00,10,89,clahe_otsu,69.63653564453125
10x_2025-05-15_02-05-00,10,90,unet,0.0
10x_2025-05-15_02-05-00,10,90,resunet,0.054931640625
10x_2025-05-15_02-05-00,10,90,attention_resunet,0.0
10x_2025-05-15_02-05-00,10,90,clahe_otsu,59.5550537109375
10x_2025-05-15_02-05-00,10,91,unet,0.0
10x_2025-05-15_02-05-00,10,91,resunet,0.0701904296875
10x_2025-05-15_02-05-00,10,91,attention_resunet,0.0
10x_2025-05-15_02-05-00,10,91,clahe_otsu,59.832763671875
10x_2025-05-15_02-05-00,10,92,unet,0.0
10x_2025-05-15_02-05-00,10,92,resunet,0.1007080078125
10x_2025-05-15_02-05-00,10,92,attention_resunet,0.0
10x_2025-05-15_02-05-00,10,92,clahe_otsu,65.01007080078125
10x_2025-05-15_02-05-00,10,93,unet,0.0
10x_2025-05-15_02-05-00,10,93,resunet,0.0
10x_2025-05-15_02-05-00,10,93,attention_resunet,0.0
10x_2025-05-15_02-05-00,10,93,clahe_otsu,61.80267333984375
10x_2025-05-15_02-05-00,10,94,unet,0.0
10x_2025-05-15_02-05-00,10,94,resunet,0.0
10x_2025-05-15_02-05-00,10,94,attention_resunet,0.0
10x_2025-05-15_02-05-00,10,94,clahe_otsu,61.91864013671875
10x_2025-05-15_02-05-00,10,95,unet,0.0
10x_2025-05-15_02-05-00,10,95,resunet,0.0
10x_2025-05-15_02-05-00,10,95,attention_resunet,0.0
10x_2025-05-15_02-05-00,10,95,clahe_otsu,63.90533447265625
10x_2025-05-15_02-05-00,10,96,unet,0.0
10x_2025-05-15_02-05-00,10,96,resunet,0.04730224609375
10x_2025-05-15_02-05-00,10,96,attention_resunet,0.0
10x_2025-05-15_02-05-00,10,96,clahe_otsu,65.14892578125
10x_2025-05-15_02-05-00,10,97,unet,0.0
10x_2025-05-15_02-05-00,10,97,resunet,0.0
10x_2025-05-15_02-05-00,10,97,attention_resunet,0.0
10x_2025-05-15_02-05-00,10,97,clahe_otsu,66.107177734375
10x_2025-05-15_02-05-00,10,98,unet,0.0
10x_2025-05-15_02-05-00,10,98,resunet,0.0
10x_2025-05-15_02-05-00,10,98,attention_resunet,0.0
10x_2025-05-15_02-05-00,10,98,clahe_otsu,67.03643798828125
10x_2025-05-15_02-05-00,10,99,unet,0.0
10x_2025-05-15_02-05-00,10,99,resunet,0.06561279296875
10x_2025-05-15_02-05-00,10,99,attention_resunet,0.0
10x_2025-05-15_02-05-00,10,99,clahe_otsu,67.5445556640625
10x_2025-05-15_02-05-00,10,100,unet,0.0
10x_2025-05-15_02-05-00,10,100,resunet,0.0
10x_2025-05-15_02-05-00,10,100,attention_resunet,0.0
10x_2025-05-15_02-05-00,10,100,clahe_otsu,63.7542724609375
10x_2025-05-15_02-05-00,10,101,unet,0.0
10x_2025-05-15_02-05-00,10,101,resunet,0.0
10x_2025-05-15_02-05-00,10,101,attention_resunet,0.0
10x_2025-05-15_02-05-00,10,101,clahe_otsu,63.30413818359375
10x_2025-05-15_02-05-00,10,102,unet,0.0
10x_2025-05-15_02-05-00,10,102,resunet,0.03662109375
10x_2025-05-15_02-05-00,10,102,attention_resunet,0.0
10x_2025-05-15_02-05-00,10,102,clahe_otsu,65.10772705078125
10x_2025-05-15_02-05-00,10,103,unet,0.0
10x_2025-05-15_02-05-00,10,103,resunet,0.006103515625
10x_2025-05-15_02-05-00,10,103,attention_resunet,0.0
10x_2025-05-15_02-05-00,10,103,clahe_otsu,66.08734130859375
10x_2025-05-15_02-05-00,10,104,unet,0.0
10x_2025-05-15_02-05-00,10,104,resunet,0.0
10x_2025-05-15_02-05-00,10,104,attention_resunet,0.0
10x_2025-05-15_02-05-00,10,104,clahe_otsu,68.91021728515625
10x_2025-05-15_02-05-00,10,105,unet,0.0
10x_2025-05-15_02-05-00,10,105,resunet,0.1495361328125
10x_2025-05-15_02-05-00,10,105,attention_resunet,0.0
10x_2025-05-15_02-05-00,10,105,clahe_otsu,59.36279296875
10x_2025-05-15_02-05-00,10,106,unet,0.0
10x_2025-05-15_02-05-00,10,106,resunet,0.0
10x_2025-05-15_02-05-00,10,106,attention_resunet,0.0
10x_2025-05-15_02-05-00,10,106,clahe_otsu,61.2396240234375
10x_2025-05-15_02-05-00,10,107,unet,0.0
10x_2025-05-15_02-05-00,10,107,resunet,0.0
10x_2025-05-15_02-05-00,10,107,attention_resunet,0.0
10x_2025-05-15_02-05-00,10,107,clahe_otsu,59.295654296875
10x_2025-05-15_02-05-00,10,108,unet,0.0
10x_2025-05-15_02-05-00,10,108,resunet,0.03814697265625
10x_2025-05-15_02-05-00,10,108,attention_resunet,0.0
10x_2025-05-15_02-05-00,10,108,clahe_otsu,60.32257080078125
10x_2025-05-15_02-05-00,10,109,unet,0.0
10x_2025-05-15_02-05-00,10,109,resunet,0.04119873046875
10x_2025-05-15_02-05-00,10,109,attention_resunet,0.0
10x_2025-05-15_02-05-00,10,109,clahe_otsu,58.868408203125
10x_2025-05-15_02-05-00,10,110,unet,0.0
10x_2025-05-15_02-05-00,10,110,resunet,0.01983642578125
10x_2025-05-15_02-05-00,10,110,attention_resunet,0.0
10x_2025-05-15_02-05-00,10,110,clahe_otsu,61.24267578125
10x_2025-05-15_02-05-00,10,111,unet,0.0
10x_2025-05-15_02-05-00,10,111,resunet,0.0
10x_2025-05-15_02-05-00,10,111,attention_resunet,0.0
10x_2025-05-15_02-05-00,10,111,clahe_otsu,61.8896484375
10x_2025-05-15_02-05-00,10,112,unet,0.0
10x_2025-05-15_02-05-00,10,112,resunet,0.00152587890625
10x_2025-05-15_02-05-00,10,112,attention_resunet,0.0
10x_2025-05-15_02-05-00,10,112,clahe_otsu,65.570068359375
10x_2025-05-15_02-05-00,10,113,unet,0.0
10x_2025-05-15_02-05-00,10,113,resunet,0.15716552734375
10x_2025-05-15_02-05-00,10,113,attention_resunet,0.0
10x_2025-05-15_02-05-00,10,113,clahe_otsu,66.70684814453125
10x_2025-05-15_02-05-00,10,114,unet,0.0
10x_2025-05-15_02-05-00,10,114,resunet,0.0244140625
10x_2025-05-15_02-05-00,10,114,attention_resunet,0.0
10x_2025-05-15_02-05-00,10,114,clahe_otsu,63.96636962890625
10x_2025-05-15_02-05-00,10,115,unet,0.0
10x_2025-05-15_02-05-00,10,115,resunet,0.0091552734375
10x_2025-05-15_02-05-00,10,115,attention_resunet,0.0
10x_2025-05-15_02-05-00,10,115,clahe_otsu,64.82696533203125
10x_2025-05-15_02-05-00,10,116,unet,0.0
10x_2025-05-15_02-05-00,10,116,resunet,0.0
10x_2025-05-15_02-05-00,10,116,attention_resunet,0.0
10x_2025-05-15_02-05-00,10,116,clahe_otsu,65.79437255859375
10x_2025-05-15_02-05-00,10,117,unet,0.0
10x_2025-05-15_02-05-00,10,117,resunet,0.0
10x_2025-05-15_02-05-00,10,117,attention_resunet,0.0
10x_2025-05-15_02-05-00,10,117,clahe_otsu,63.20343017578125
10x_2025-05-15_02-05-00,10,118,unet,0.0
10x_2025-05-15_02-05-00,10,118,resunet,0.0
10x_2025-05-15_02-05-00,10,118,attention_resunet,0.0
10x_2025-05-15_02-05-00,10,118,clahe_otsu,64.898681640625
10x_2025-05-15_02-05-00,10,119,unet,0.0
10x_2025-05-15_02-05-00,10,119,resunet,0.0823974609375
10x_2025-05-15_02-05-00,10,119,attention_resunet,0.0
10x_2025-05-15_02-05-00,10,119,clahe_otsu,68.39447021484375
1280x_2025-05-16_00-59-00_002,80,0,unet,0.0
1280x_2025-05-16_00-59-00_002,80,0,resunet,0.0
1280x_2025-05-16_00-59-00_002,80,0,attention_resunet,0.0
1280x_2025-05-16_00-59-00_002,80,0,clahe_otsu,14.57977294921875
1280x_2025-05-16_00-59-00_002,80,1,unet,0.0
1280x_2025-05-16_00-59-00_002,80,1,resunet,0.0
1280x_2025-05-16_00-59-00_002,80,1,attention_resunet,0.0
1280x_2025-05-16_00-59-00_002,80,1,clahe_otsu,5.9295654296875
1280x_2025-05-16_00-59-00_002,80,2,unet,0.0
1280x_2025-05-16_00-59-00_002,80,2,resunet,0.0
1280x_2025-05-16_00-59-00_002,80,2,attention_resunet,0.0
1280x_2025-05-16_00-59-00_002,80,2,clahe_otsu,6.0760498046875
1280x_2025-05-16_00-59-00_002,80,3,unet,0.0
1280x_2025-05-16_00-59-00_002,80,3,resunet,0.0
1280x_2025-05-16_00-59-00_002,80,3,attention_resunet,0.0
1280x_2025-05-16_00-59-00_002,80,3,clahe_otsu,5.10101318359375
1280x_2025-05-16_00-59-00_002,80,4,unet,0.628662109375
1280x_2025-05-16_00-59-00_002,80,4,resunet,5.5084228515625
1280x_2025-05-16_00-59-00_002,80,4,attention_resunet,0.0
1280x_2025-05-16_00-59-00_002,80,4,clahe_otsu,4.96978759765625
1280x_2025-05-16_00-59-00_002,80,5,unet,8.4075927734375
1280x_2025-05-16_00-59-00_002,80,5,resunet,88.10577392578125
1280x_2025-05-16_00-59-00_002,80,5,attention_resunet,3.3905029296875
1280x_2025-05-16_00-59-00_002,80,5,clahe_otsu,3.399658203125
1280x_2025-05-16_00-59-00_002,80,6,unet,32.21282958984375
1280x_2025-05-16_00-59-00_002,80,6,resunet,99.725341796875
1280x_2025-05-16_00-59-00_002,80,6,attention_resunet,17.9656982421875
1280x_2025-05-16_00-59-00_002,80,6,clahe_otsu,3.7017822265625
1280x_2025-05-16_00-59-00_002,80,7,unet,67.559814453125
1280x_2025-05-16_00-59-00_002,80,7,resunet,99.71160888671875
1280x_2025-05-16_00-59-00_002,80,7,attention_resunet,46.82769775390625
1280x_2025-05-16_00-59-00_002,80,7,clahe_otsu,5.42144775390625
1280x_2025-05-16_00-59-00_002,80,8,unet,95.90301513671875
1280x_2025-05-16_00-59-00_002,80,8,resunet,99.81842041015625
1280x_2025-05-16_00-59-00_002,80,8,attention_resunet,41.56951904296875
1280x_2025-05-16_00-59-00_002,80,8,clahe_otsu,4.3731689453125
1280x_2025-05-16_00-59-00_002,80,9,unet,93.2952880859375
1280x_2025-05-16_00-59-00_002,80,9,resunet,99.05853271484375
1280x_2025-05-16_00-59-00_002,80,9,attention_resunet,33.11614990234375
1280x_2025-05-16_00-59-00_002,80,9,clahe_otsu,15.10009765625
1280x_2025-05-16_00-59-00_002,80,10,unet,68.94073486328125
1280x_2025-05-16_00-59-00_002,80,10,resunet,97.11151123046875
1280x_2025-05-16_00-59-00_002,80,10,attention_resunet,27.47955322265625
1280x_2025-05-16_00-59-00_002,80,10,clahe_otsu,19.81964111328125
1280x_2025-05-16_00-59-00_002,80,11,unet,35.260009765625
1280x_2025-05-16_00-59-00_002,80,11,resunet,97.4700927734375
1280x_2025-05-16_00-59-00_002,80,11,attention_resunet,12.799072265625
1280x_2025-05-16_00-59-00_002,80,11,clahe_otsu,26.6845703125
1280x_2025-05-16_00-59-00_002,80,12,unet,8.00323486328125
1280x_2025-05-16_00-59-00_002,80,12,resunet,86.93695068359375
1280x_2025-05-16_00-59-00_002,80,12,attention_resunet,4.8492431640625
1280x_2025-05-16_00-59-00_002,80,12,clahe_otsu,33.3587646484375
1280x_2025-05-16_00-59-00_002,80,13,unet,0.0
1280x_2025-05-16_00-59-00_002,80,13,resunet,24.73602294921875
1280x_2025-05-16_00-59-00_002,80,13,attention_resunet,1.92108154296875
1280x_2025-05-16_00-59-00_002,80,13,clahe_otsu,37.8082275390625
1280x_2025-05-16_00-59-00_002,80,14,unet,0.0
1280x_2025-05-16_00-59-00_002,80,14,resunet,0.396728515625
1280x_2025-05-16_00-59-00_002,80,14,attention_resunet,0.0
1280x_2025-05-16_00-59-00_002,80,14,clahe_otsu,47.869873046875
1280x_2025-05-16_00-59-00_002,80,15,unet,0.0
1280x_2025-05-16_00-59-00_002,80,15,resunet,0.0
1280x_2025-05-16_00-59-00_002,80,15,attention_resunet,0.0
1280x_2025-05-16_00-59-00_002,80,15,clahe_otsu,5.14373779296875
1280x_2025-05-16_00-59-00_002,80,16,unet,0.0
1280x_2025-05-16_00-59-00_002,80,16,resunet,0.0
1280x_2025-05-16_00-59-00_002,80,16,attention_resunet,0.0
1280x_2025-05-16_00-59-00_002,80,16,clahe_otsu,4.25872802734375
1280x_2025-05-16_00-59-00_002,80,17,unet,0.0
1280x_2025-05-16_00-59-00_002,80,17,resunet,0.0
1280x_2025-05-16_00-59-00_002,80,17,attention_resunet,0.0
1280x_2025-05-16_00-59-00_002,80,17,clahe_otsu,4.5562744140625
1280x_2025-05-16_00-59-00_002,80,18,unet,0.0
1280x_2025-05-16_00-59-00_002,80,18,resunet,0.0
1280x_2025-05-16_00-59-00_002,80,18,attention_resunet,0.0
1280x_2025-05-16_00-59-00_002,80,18,clahe_otsu,2.39410400390625
1280x_2025-05-16_00-59-00_002,80,19,unet,0.01373291015625
1280x_2025-05-16_00-59-00_002,80,19,resunet,0.0
1280x_2025-05-16_00-59-00_002,80,19,attention_resunet,0.0
1280x_2025-05-16_00-59-00_002,80,19,clahe_otsu,4.04205322265625
1280x_2025-05-16_00-59-00_002,80,20,unet,0.1739501953125
1280x_2025-05-16_00-59-00_002,80,20,resunet,13.2080078125
1280x_2025-05-16_00-59-00_002,80,20,attention_resunet,0.0
1280x_2025-05-16_00-59-00_002,80,20,clahe_otsu,2.89459228515625
1280x_2025-05-16_00-59-00_002,80,21,unet,6.5765380859375
1280x_2025-05-16_00-59-00_002,80,21,resunet,83.7005615234375
1280x_2025-05-16_00-59-00_002,80,21,attention_resunet,2.02178955078125
1280x_2025-05-16_00-59-00_002,80,21,clahe_otsu,2.783203125
1280x_2025-05-16_00-59-00_002,80,22,unet,29.6142578125
1280x_2025-05-16_00-59-00_002,80,22,resunet,98.492431640625
1280x_2025-05-16_00-59-00_002,80,22,attention_resunet,16.69464111328125
1280x_2025-05-16_00-59-00_002,80,22,clahe_otsu,3.29132080078125
1280x_2025-05-16_00-59-00_002,80,23,unet,74.4903564453125
1280x_2025-05-16_00-59-00_002,80,23,resunet,99.6795654296875
1280x_2025-05-16_00-59-00_002,80,23,attention_resunet,31.88934326171875
1280x_2025-05-16_00-59-00_002,80,23,clahe_otsu,3.50341796875
1280x_2025-05-16_00-59-00_002,80,24,unet,95.64208984375
1280x_2025-05-16_00-59-00_002,80,24,resunet,99.1241455078125
1280x_2025-05-16_00-59-00_002,80,24,attention_resunet,50.43487548828125
1280x_2025-05-16_00-59-00_002,80,24,clahe_otsu,3.41644287109375
1280x_2025-05-16_00-59-00_002,80,25,unet,95.30181884765625
1280x_2025-05-16_00-59-00_002,80,25,resunet,99.32861328125
1280x_2025-05-16_00-59-00_002,80,25,attention_resunet,50.68206787109375
1280x_2025-05-16_00-59-00_002,80,25,clahe_otsu,5.47027587890625
1280x_2025-05-16_00-59-00_002,80,26,unet,79.67529296875
1280x_2025-05-16_00-59-00_002,80,26,resunet,98.96087646484375
1280x_2025-05-16_00-59-00_002,80,26,attention_resunet,35.25848388671875
1280x_2025-05-16_00-59-00_002,80,26,clahe_otsu,8.43658447265625
1280x_2025-05-16_00-59-00_002,80,27,unet,37.62969970703125
1280x_2025-05-16_00-59-00_002,80,27,resunet,95.57647705078125
1280x_2025-05-16_00-59-00_002,80,27,attention_resunet,18.0908203125
1280x_2025-05-16_00-59-00_002,80,27,clahe_otsu,22.8271484375
1280x_2025-05-16_00-59-00_002,80,28,unet,8.770751953125
1280x_2025-05-16_00-59-00_002,80,28,resunet,72.82562255859375
1280x_2025-05-16_00-59-00_002,80,28,attention_resunet,6.84051513671875
1280x_2025-05-16_00-59-00_002,80,28,clahe_otsu,27.9266357421875
1280x_2025-05-16_00-59-00_002,80,29,unet,0.0
1280x_2025-05-16_00-59-00_002,80,29,resunet,6.8878173828125
1280x_2025-05-16_00-59-00_002,80,29,attention_resunet,0.08087158203125
1280x_2025-05-16_00-59-00_002,80,29,clahe_otsu,43.4783935546875
1280x_2025-05-16_00-59-00_002,80,30,unet,0.0
1280x_2025-05-16_00-59-00_002,80,30,resunet,0.0
1280x_2025-05-16_00-59-00_002,80,30,attention_resunet,0.0
1280x_2025-05-16_00-59-00_002,80,30,clahe_otsu,5.17425537109375
1280x_2025-05-16_00-59-00_002,80,31,unet,0.0
1280x_2025-05-16_00-59-00_002,80,31,resunet,0.0
1280x_2025-05-16_00-59-00_002,80,31,attention_resunet,0.0
1280x_2025-05-16_00-59-00_002,80,31,clahe_otsu,4.217529296875
1280x_2025-05-16_00-59-00_002,80,32,unet,0.0
1280x_2025-05-16_00-59-00_002,80,32,resunet,0.0
1280x_2025-05-16_00-59-00_002,80,32,attention_resunet,0.0
1280x_2025-05-16_00-59-00_002,80,32,clahe_otsu,3.92913818359375
1280x_2025-05-16_00-59-00_002,80,33,unet,0.0
1280x_2025-05-16_00-59-00_002,80,33,resunet,0.0
1280x_2025-05-16_00-59-00_002,80,33,attention_resunet,0.0
1280x_2025-05-16_00-59-00_002,80,33,clahe_otsu,2.8564453125
1280x_2025-05-16_00-59-00_002,80,34,unet,0.0
1280x_2025-05-16_00-59-00_002,80,34,resunet,0.0
1280x_2025-05-16_00-59-00_002,80,34,attention_resunet,0.0
1280x_2025-05-16_00-59-00_002,80,34,clahe_otsu,3.82232666015625
1280x_2025-05-16_00-59-00_002,80,35,unet,0.01678466796875
1280x_2025-05-16_00-59-00_002,80,35,resunet,0.0
1280x_2025-05-16_00-59-00_002,80,35,attention_resunet,0.0
1280x_2025-05-16_00-59-00_002,80,35,clahe_otsu,3.814697265625
1280x_2025-05-16_00-59-00_002,80,36,unet,1.06353759765625
1280x_2025-05-16_00-59-00_002,80,36,resunet,13.3544921875
1280x_2025-05-16_00-59-00_002,80,36,attention_resunet,0.0
1280x_2025-05-16_00-59-00_002,80,36,clahe_otsu,2.294921875
1280x_2025-05-16_00-59-00_002,80,37,unet,8.5357666015625
1280x_2025-05-16_00-59-00_002,80,37,resunet,92.33856201171875
1280x_2025-05-16_00-59-00_002,80,37,attention_resunet,5.55877685546875
1280x_2025-05-16_00-59-00_002,80,37,clahe_otsu,2.33001708984375
1280x_2025-05-16_00-59-00_002,80,38,unet,37.22076416015625
1280x_2025-05-16_00-59-00_002,80,38,resunet,99.93896484375
1280x_2025-05-16_00-59-00_002,80,38,attention_resunet,13.69171142578125
1280x_2025-05-16_00-59-00_002,80,38,clahe_otsu,2.52838134765625
1280x_2025-05-16_00-59-00_002,80,39,unet,73.0865478515625
1280x_2025-05-16_00-59-00_002,80,39,resunet,99.4415283203125
1280x_2025-05-16_00-59-00_002,80,39,attention_resunet,18.9483642578125
1280x_2025-05-16_00-59-00_002,80,39,clahe_otsu,3.1890869140625
1280x_2025-05-16_00-59-00_002,80,40,unet,93.68438720703125
1280x_2025-05-16_00-59-00_002,80,40,resunet,99.761962890625
1280x_2025-05-16_00-59-00_002,80,40,attention_resunet,37.823486328125
1280x_2025-05-16_00-59-00_002,80,40,clahe_otsu,2.996826171875
1280x_2025-05-16_00-59-00_002,80,41,unet,97.515869140625
1280x_2025-05-16_00-59-00_002,80,41,resunet,99.9298095703125
1280x_2025-05-16_00-59-00_002,80,41,attention_resunet,49.969482421875
1280x_2025-05-16_00-59-00_002,80,41,clahe_otsu,5.316162109375
1280x_2025-05-16_00-59-00_002,80,42,unet,91.7572021484375
1280x_2025-05-16_00-59-00_002,80,42,resunet,98.5748291015625
1280x_2025-05-16_00-59-00_002,80,42,attention_resunet,55.51910400390625
1280x_2025-05-16_00-59-00_002,80,42,clahe_otsu,7.45086669921875
1280x_2025-05-16_00-59-00_002,80,43,unet,72.28240966796875
1280x_2025-05-16_00-59-00_002,80,43,resunet,98.6297607421875
1280x_2025-05-16_00-59-00_002,80,43,attention_resunet,38.53302001953125
1280x_2025-05-16_00-59-00_002,80,43,clahe_otsu,30.00030517578125
1280x_2025-05-16_00-59-00_002,80,44,unet,7.2357177734375
1280x_2025-05-16_00-59-00_002,80,44,resunet,43.05877685546875
1280x_2025-05-16_00-59-00_002,80,44,attention_resunet,4.5379638671875
1280x_2025-05-16_00-59-00_002,80,44,clahe_otsu,36.724853515625
1280x_2025-05-16_00-59-00_002,80,45,unet,0.0
1280x_2025-05-16_00-59-00_002,80,45,resunet,0.0
1280x_2025-05-16_00-59-00_002,80,45,attention_resunet,0.0
1280x_2025-05-16_00-59-00_002,80,45,clahe_otsu,5.3009033203125
1280x_2025-05-16_00-59-00_002,80,46,unet,0.0
1280x_2025-05-16_00-59-00_002,80,46,resunet,0.0
1280x_2025-05-16_00-59-00_002,80,46,attention_resunet,0.0
1280x_2025-05-16_00-59-00_002,80,46,clahe_otsu,4.693603515625
1280x_2025-05-16_00-59-00_002,80,47,unet,0.0
1280x_2025-05-16_00-59-00_002,80,47,resunet,0.0
1280x_2025-05-16_00-59-00_002,80,47,attention_resunet,0.0
1280x_2025-05-16_00-59-00_002,80,47,clahe_otsu,5.0140380859375
1280x_2025-05-16_00-59-00_002,80,48,unet,0.0
1280x_2025-05-16_00-59-00_002,80,48,resunet,0.0
1280x_2025-05-16_00-59-00_002,80,48,attention_resunet,0.0
1280x_2025-05-16_00-59-00_002,80,48,clahe_otsu,3.33709716796875
1280x_2025-05-16_00-59-00_002,80,49,unet,0.0
1280x_2025-05-16_00-59-00_002,80,49,resunet,0.0
1280x_2025-05-16_00-59-00_002,80,49,attention_resunet,0.0
1280x_2025-05-16_00-59-00_002,80,49,clahe_otsu,2.716064453125
1280x_2025-05-16_00-59-00_002,80,50,unet,0.0
1280x_2025-05-16_00-59-00_002,80,50,resunet,0.0
1280x_2025-05-16_00-59-00_002,80,50,attention_resunet,0.0
1280x_2025-05-16_00-59-00_002,80,50,clahe_otsu,2.6763916015625
1280x_2025-05-16_00-59-00_002,80,51,unet,0.0
1280x_2025-05-16_00-59-00_002,80,51,resunet,0.0
1280x_2025-05-16_00-59-00_002,80,51,attention_resunet,0.0
1280x_2025-05-16_00-59-00_002,80,51,clahe_otsu,2.703857421875
1280x_2025-05-16_00-59-00_002,80,52,unet,1.4312744140625
1280x_2025-05-16_00-59-00_002,80,52,resunet,31.1859130859375
1280x_2025-05-16_00-59-00_002,80,52,attention_resunet,0.31890869140625
1280x_2025-05-16_00-59-00_002,80,52,clahe_otsu,2.4139404296875
1280x_2025-05-16_00-59-00_002,80,53,unet,7.5103759765625
1280x_2025-05-16_00-59-00_002,80,53,resunet,94.59075927734375
1280x_2025-05-16_00-59-00_002,80,53,attention_resunet,4.82330322265625
1280x_2025-05-16_00-59-00_002,80,53,clahe_otsu,3.1890869140625
1280x_2025-05-16_00-59-00_002,80,54,unet,32.01904296875
1280x_2025-05-16_00-59-00_002,80,54,resunet,99.80316162109375
1280x_2025-05-16_00-59-00_002,80,54,attention_resunet,15.9759521484375
1280x_2025-05-16_00-59-00_002,80,54,clahe_otsu,3.460693359375
1280x_2025-05-16_00-59-00_002,80,55,unet,74.0203857421875
1280x_2025-05-16_00-59-00_002,80,55,resunet,99.7528076171875
1280x_2025-05-16_00-59-00_002,80,55,attention_resunet,35.16693115234375
1280x_2025-05-16_00-59-00_002,80,55,clahe_otsu,4.1259765625
1280x_2025-05-16_00-59-00_002,80,56,unet,91.6290283203125
1280x_2025-05-16_00-59-00_002,80,56,resunet,99.99847412109375
1280x_2025-05-16_00-59-00_002,80,56,attention_resunet,48.223876953125
1280x_2025-05-16_00-59-00_002,80,56,clahe_otsu,4.40521240234375
1280x_2025-05-16_00-59-00_002,80,57,unet,97.09930419921875
1280x_2025-05-16_00-59-00_002,80,57,resunet,99.7344970703125
1280x_2025-05-16_00-59-00_002,80,57,attention_resunet,63.916015625
1280x_2025-05-16_00-59-00_002,80,57,clahe_otsu,5.352783203125
1280x_2025-05-16_00-59-00_002,80,58,unet,84.5123291015625
1280x_2025-05-16_00-59-00_002,80,58,resunet,97.991943359375
1280x_2025-05-16_00-59-00_002,80,58,attention_resunet,65.59600830078125
1280x_2025-05-16_00-59-00_002,80,58,clahe_otsu,9.37957763671875
1280x_2025-05-16_00-59-00_002,80,59,unet,42.74444580078125
1280x_2025-05-16_00-59-00_002,80,59,resunet,80.5877685546875
1280x_2025-05-16_00-59-00_002,80,59,attention_resunet,14.78271484375
1280x_2025-05-16_00-59-00_002,80,59,clahe_otsu,33.001708984375
1280x_2025-05-16_00-59-00_002,80,60,unet,0.0
1280x_2025-05-16_00-59-00_002,80,60,resunet,0.0
1280x_2025-05-16_00-59-00_002,80,60,attention_resunet,0.0
1280x_2025-05-16_00-59-00_002,80,60,clahe_otsu,4.8858642578125
1280x_2025-05-16_00-59-00_002,80,61,unet,0.0
1280x_2025-05-16_00-59-00_002,80,61,resunet,0.0
1280x_2025-05-16_00-59-00_002,80,61,attention_resunet,0.0
1280x_2025-05-16_00-59-00_002,80,61,clahe_otsu,3.89556884765625
1280x_2025-05-16_00-59-00_002,80,62,unet,0.0
1280x_2025-05-16_00-59-00_002,80,62,resunet,0.0
1280x_2025-05-16_00-59-00_002,80,62,attention_resunet,0.0
1280x_2025-05-16_00-59-00_002,80,62,clahe_otsu,3.0853271484375
1280x_2025-05-16_00-59-00_002,80,63,unet,0.0
1280x_2025-05-16_00-59-00_002,80,63,resunet,0.0
1280x_2025-05-16_00-59-00_002,80,63,attention_resunet,0.0
1280x_2025-05-16_00-59-00_002,80,63,clahe_otsu,3.30810546875
1280x_2025-05-16_00-59-00_002,80,64,unet,0.0
1280x_2025-05-16_00-59-00_002,80,64,resunet,0.0
1280x_2025-05-16_00-59-00_002,80,64,attention_resunet,0.0
1280x_2025-05-16_00-59-00_002,80,64,clahe_otsu,2.30560302734375
1280x_2025-05-16_00-59-00_002,80,65,unet,0.0
1280x_2025-05-16_00-59-00_002,80,65,resunet,0.0
1280x_2025-05-16_00-59-00_002,80,65,attention_resunet,0.0
1280x_2025-05-16_00-59-00_002,80,65,clahe_otsu,2.78778076171875
1280x_2025-05-16_00-59-00_002,80,66,unet,0.0
1280x_2025-05-16_00-59-00_002,80,66,resunet,0.0
1280x_2025-05-16_00-59-00_002,80,66,attention_resunet,0.0
1280x_2025-05-16_00-59-00_002,80,66,clahe_otsu,2.7008056640625
1280x_2025-05-16_00-59-00_002,80,67,unet,0.0701904296875
1280x_2025-05-16_00-59-00_002,80,67,resunet,0.0
1280x_2025-05-16_00-59-00_002,80,67,attention_resunet,0.0
1280x_2025-05-16_00-59-00_002,80,67,clahe_otsu,2.23846435546875
1280x_2025-05-16_00-59-00_002,80,68,unet,1.90887451171875
1280x_2025-05-16_00-59-00_002,80,68,resunet,53.4759521484375
1280x_2025-05-16_00-59-00_002,80,68,attention_resunet,0.01373291015625
1280x_2025-05-16_00-59-00_002,80,68,clahe_otsu,2.5390625
1280x_2025-05-16_00-59-00_002,80,69,unet,13.0126953125
1280x_2025-05-16_00-59-00_002,80,69,resunet,95.53070068359375
1280x_2025-05-16_00-59-00_002,80,69,attention_resunet,6.9549560546875
1280x_2025-05-16_00-59-00_002,80,69,clahe_otsu,3.70941162109375
1280x_2025-05-16_00-59-00_002,80,70,unet,29.1290283203125
1280x_2025-05-16_00-59-00_002,80,70,resunet,99.3865966796875
1280x_2025-05-16_00-59-00_002,80,70,attention_resunet,15.6494140625
1280x_2025-05-16_00-59-00_002,80,70,clahe_otsu,3.13262939453125
1280x_2025-05-16_00-59-00_002,80,71,unet,63.12713623046875
1280x_2025-05-16_00-59-00_002,80,71,resunet,99.3255615234375
1280x_2025-05-16_00-59-00_002,80,71,attention_resunet,18.41888427734375
1280x_2025-05-16_00-59-00_002,80,71,clahe_otsu,3.9093017578125
1280x_2025-05-16_00-59-00_002,80,72,unet,86.55548095703125
1280x_2025-05-16_00-59-00_002,80,72,resunet,99.16229248046875
1280x_2025-05-16_00-59-00_002,80,72,attention_resunet,51.800537109375
1280x_2025-05-16_00-59-00_002,80,72,clahe_otsu,5.4779052734375
1280x_2025-05-16_00-59-00_002,80,73,unet,96.7041015625
1280x_2025-05-16_00-59-00_002,80,73,resunet,99.359130859375
1280x_2025-05-16_00-59-00_002,80,73,attention_resunet,72.52655029296875
1280x_2025-05-16_00-59-00_002,80,73,clahe_otsu,17.34161376953125
1280x_2025-05-16_00-59-00_002,80,74,unet,59.54742431640625
1280x_2025-05-16_00-59-00_002,80,74,resunet,97.7813720703125
1280x_2025-05-16_00-59-00_002,80,74,attention_resunet,30.1727294921875
1280x_2025-05-16_00-59-00_002,80,74,clahe_otsu,29.84466552734375
1280x_2025-05-16_00-59-00_002,80,75,unet,0.0
1280x_2025-05-16_00-59-00_002,80,75,resunet,0.0
1280x_2025-05-16_00-59-00_002,80,75,attention_resunet,0.0
1280x_2025-05-16_00-59-00_002,80,75,clahe_otsu,4.58984375
1280x_2025-05-16_00-59-00_002,80,76,unet,0.0
1280x_2025-05-16_00-59-00_002,80,76,resunet,0.0
1280x_2025-05-16_00-59-00_002,80,76,attention_resunet,0.0
1280x_2025-05-16_00-59-00_002,80,76,clahe_otsu,3.7017822265625
1280x_2025-05-16_00-59-00_002,80,77,unet,0.0
1280x_2025-05-16_00-59-00_002,80,77,resunet,0.0
1280x_2025-05-16_00-59-00_002,80,77,attention_resunet,0.0
1280x_2025-05-16_00-59-00_002,80,77,clahe_otsu,3.94439697265625
1280x_2025-05-16_00-59-00_002,80,78,unet,0.0
1280x_2025-05-16_00-59-00_002,80,78,resunet,0.0
1280x_2025-05-16_00-59-00_002,80,78,attention_resunet,0.0
1280x_2025-05-16_00-59-00_002,80,78,clahe_otsu,3.47137451171875
1280x_2025-05-16_00-59-00_002,80,79,unet,0.0
1280x_2025-05-16_00-59-00_002,80,79,resunet,0.0
1280x_2025-05-16_00-59-00_002,80,79,attention_resunet,0.0
1280x_2025-05-16_00-59-00_002,80,79,clahe_otsu,3.2440185546875
1280x_2025-05-16_00-59-00_002,80,80,unet,0.0
1280x_2025-05-16_00-59-00_002,80,80,resunet,0.0
1280x_2025-05-16_00-59-00_002,80,80,attention_resunet,0.0
1280x_2025-05-16_00-59-00_002,80,80,clahe_otsu,2.74505615234375
1280x_2025-05-16_00-59-00_002,80,81,unet,0.0
1280x_2025-05-16_00-59-00_002,80,81,resunet,0.0
1280x_2025-05-16_00-59-00_002,80,81,attention_resunet,0.0
1280x_2025-05-16_00-59-00_002,80,81,clahe_otsu,3.5736083984375
1280x_2025-05-16_00-59-00_002,80,82,unet,0.0
1280x_2025-05-16_00-59-00_002,80,82,resunet,0.0
1280x_2025-05-16_00-59-00_002,80,82,attention_resunet,0.0
1280x_2025-05-16_00-59-00_002,80,82,clahe_otsu,3.08685302734375
1280x_2025-05-16_00-59-00_002,80,83,unet,0.08392333984375
1280x_2025-05-16_00-59-00_002,80,83,resunet,0.08087158203125
1280x_2025-05-16_00-59-00_002,80,83,attention_resunet,0.0
1280x_2025-05-16_00-59-00_002,80,83,clahe_otsu,2.3590087890625
1280x_2025-05-16_00-59-00_002,80,84,unet,0.38604736328125
1280x_2025-05-16_00-59-00_002,80,84,resunet,21.11358642578125
1280x_2025-05-16_00-59-00_002,80,84,attention_resunet,0.0
1280x_2025-05-16_00-59-00_002,80,84,clahe_otsu,6.14166259765625
1280x_2025-05-16_00-59-00_002,80,85,unet,3.12042236328125
1280x_2025-05-16_00-59-00_002,80,85,resunet,70.99609375
1280x_2025-05-16_00-59-00_002,80,85,attention_resunet,0.0
1280x_2025-05-16_00-59-00_002,80,85,clahe_otsu,2.53143310546875
1280x_2025-05-16_00-59-00_002,80,86,unet,21.58203125
1280x_2025-05-16_00-59-00_002,80,86,resunet,99.2919921875
1280x_2025-05-16_00-59-00_002,80,86,attention_resunet,11.64398193359375
1280x_2025-05-16_00-59-00_002,80,86,clahe_otsu,3.7994384765625
1280x_2025-05-16_00-59-00_002,80,87,unet,29.42657470703125
1280x_2025-05-16_00-59-00_002,80,87,resunet,98.68011474609375
1280x_2025-05-16_00-59-00_002,80,87,attention_resunet,18.94073486328125
1280x_2025-05-16_00-59-00_002,80,87,clahe_otsu,5.73883056640625
1280x_2025-05-16_00-59-00_002,80,88,unet,76.24053955078125
1280x_2025-05-16_00-59-00_002,80,88,resunet,99.591064453125
1280x_2025-05-16_00-59-00_002,80,88,attention_resunet,31.25457763671875
1280x_2025-05-16_00-59-00_002,80,88,clahe_otsu,5.059814453125
1280x_2025-05-16_00-59-00_002,80,89,unet,84.4482421875
1280x_2025-05-16_00-59-00_002,80,89,resunet,99.62921142578125
1280x_2025-05-16_00-59-00_002,80,89,attention_resunet,45.355224609375
1280x_2025-05-16_00-59-00_002,80,89,clahe_otsu,34.48333740234375
1280x_2025-05-16_00-59-00_002,80,90,unet,0.0
1280x_2025-05-16_00-59-00_002,80,90,resunet,0.0
1280x_2025-05-16_00-59-00_002,80,90,attention_resunet,0.0
1280x_2025-05-16_00-59-00_002,80,90,clahe_otsu,4.449462890625
1280x_2025-05-16_00-59-00_002,80,91,unet,0.0
1280x_2025-05-16_00-59-00_002,80,91,resunet,0.0
1280x_2025-05-16_00-59-00_002,80,91,attention_resunet,0.0
1280x_2025-05-16_00-59-00_002,80,91,clahe_otsu,3.77349853515625
1280x_2025-05-16_00-59-00_002,80,92,unet,0.0
1280x_2025-05-16_00-59-00_002,80,92,resunet,0.0
1280x_2025-05-16_00-59-00_002,80,92,attention_resunet,0.0
1280x_2025-05-16_00-59-00_002,80,92,clahe_otsu,4.25262451171875
1280x_2025-05-16_00-59-00_002,80,93,unet,0.0
1280x_2025-05-16_00-59-00_002,80,93,resunet,0.0
1280x_2025-05-16_00-59-00_002,80,93,attention_resunet,0.0
1280x_2025-05-16_00-59-00_002,80,93,clahe_otsu,4.0130615234375
1280x_2025-05-16_00-59-00_002,80,94,unet,0.0
1280x_2025-05-16_00-59-00_002,80,94,resunet,0.0
1280x_2025-05-16_00-59-00_002,80,94,attention_resunet,0.0
1280x_2025-05-16_00-59-00_002,80,94,clahe_otsu,2.67333984375
1280x_2025-05-16_00-59-00_002,80,95,unet,0.0
1280x_2025-05-16_00-59-00_002,80,95,resunet,0.0
1280x_2025-05-16_00-59-00_002,80,95,attention_resunet,0.0
1280x_2025-05-16_00-59-00_002,80,95,clahe_otsu,2.96783447265625
1280x_2025-05-16_00-59-00_002,80,96,unet,0.0
1280x_2025-05-16_00-59-00_002,80,96,resunet,0.0
1280x_2025-05-16_00-59-00_002,80,96,attention_resunet,0.0
1280x_2025-05-16_00-59-00_002,80,96,clahe_otsu,3.29132080078125
1280x_2025-05-16_00-59-00_002,80,97,unet,0.0
1280x_2025-05-16_00-59-00_002,80,97,resunet,0.0
1280x_2025-05-16_00-59-00_002,80,97,attention_resunet,0.0
1280x_2025-05-16_00-59-00_002,80,97,clahe_otsu,2.3468017578125
1280x_2025-05-16_00-59-00_002,80,98,unet,0.0
1280x_2025-05-16_00-59-00_002,80,98,resunet,0.0
1280x_2025-05-16_00-59-00_002,80,98,attention_resunet,0.0
1280x_2025-05-16_00-59-00_002,80,98,clahe_otsu,2.252197265625
1280x_2025-05-16_00-59-00_002,80,99,unet,0.0
1280x_2025-05-16_00-59-00_002,80,99,resunet,0.0
1280x_2025-05-16_00-59-00_002,80,99,attention_resunet,0.0
1280x_2025-05-16_00-59-00_002,80,99,clahe_otsu,2.4383544921875
1280x_2025-05-16_00-59-00_002,80,100,unet,0.030517578125
1280x_2025-05-16_00-59-00_002,80,100,resunet,0.0213623046875
1280x_2025-05-16_00-59-00_002,80,100,attention_resunet,0.0
1280x_2025-05-16_00-59-00_002,80,100,clahe_otsu,3.4423828125
1280x_2025-05-16_00-59-00_002,80,101,unet,0.70953369140625
1280x_2025-05-16_00-59-00_002,80,101,resunet,37.34893798828125
1280x_2025-05-16_00-59-00_002,80,101,attention_resunet,0.0
1280x_2025-05-16_00-59-00_002,80,101,clahe_otsu,4.1259765625
1280x_2025-05-16_00-59-00_002,80,102,unet,3.63311767578125
1280x_2025-05-16_00-59-00_002,80,102,resunet,66.9891357421875
1280x_2025-05-16_00-59-00_002,80,102,attention_resunet,0.634765625
1280x_2025-05-16_00-59-00_002,80,102,clahe_otsu,4.17938232421875
1280x_2025-05-16_00-59-00_002,80,103,unet,23.516845703125
1280x_2025-05-16_00-59-00_002,80,103,resunet,98.724365234375
1280x_2025-05-16_00-59-00_002,80,103,attention_resunet,12.21160888671875
1280x_2025-05-16_00-59-00_002,80,103,clahe_otsu,6.0821533203125
1280x_2025-05-16_00-59-00_002,80,104,unet,61.86065673828125
1280x_2025-05-16_00-59-00_002,80,104,resunet,98.51531982421875
1280x_2025-05-16_00-59-00_002,80,104,attention_resunet,39.3218994140625
1280x_2025-05-16_00-59-00_002,80,104,clahe_otsu,31.207275390625
1280x_2025-05-16_00-59-00_002,80,105,unet,0.0
1280x_2025-05-16_00-59-00_002,80,105,resunet,0.0
1280x_2025-05-16_00-59-00_002,80,105,attention_resunet,0.0
1280x_2025-05-16_00-59-00_002,80,105,clahe_otsu,5.69915771484375
1280x_2025-05-16_00-59-00_002,80,106,unet,0.0
1280x_2025-05-16_00-59-00_002,80,106,resunet,0.0
1280x_2025-05-16_00-59-00_002,80,106,attention_resunet,0.0
1280x_2025-05-16_00-59-00_002,80,106,clahe_otsu,4.33502197265625
1280x_2025-05-16_00-59-00_002,80,107,unet,0.0
1280x_2025-05-16_00-59-00_002,80,107,resunet,0.0
1280x_2025-05-16_00-59-00_002,80,107,attention_resunet,0.0
1280x_2025-05-16_00-59-00_002,80,107,clahe_otsu,3.1982421875
1280x_2025-05-16_00-59-00_002,80,108,unet,0.0
1280x_2025-05-16_00-59-00_002,80,108,resunet,0.0
1280x_2025-05-16_00-59-00_002,80,108,attention_resunet,0.0
1280x_2025-05-16_00-59-00_002,80,108,clahe_otsu,4.39910888671875
1280x_2025-05-16_00-59-00_002,80,109,unet,0.0
1280x_2025-05-16_00-59-00_002,80,109,resunet,0.0
1280x_2025-05-16_00-59-00_002,80,109,attention_resunet,0.0
1280x_2025-05-16_00-59-00_002,80,109,clahe_otsu,2.6397705078125
1280x_2025-05-16_00-59-00_002,80,110,unet,0.0
1280x_2025-05-16_00-59-00_002,80,110,resunet,0.0
1280x_2025-05-16_00-59-00_002,80,110,attention_resunet,0.0
1280x_2025-05-16_00-59-00_002,80,110,clahe_otsu,3.51104736328125
1280x_2025-05-16_00-59-00_002,80,111,unet,0.0
1280x_2025-05-16_00-59-00_002,80,111,resunet,0.0
1280x_2025-05-16_00-59-00_002,80,111,attention_resunet,0.0
1280x_2025-05-16_00-59-00_002,80,111,clahe_otsu,3.4149169921875
1280x_2025-05-16_00-59-00_002,80,112,unet,0.0
1280x_2025-05-16_00-59-00_002,80,112,resunet,0.0
1280x_2025-05-16_00-59-00_002,80,112,attention_resunet,0.0
1280x_2025-05-16_00-59-00_002,80,112,clahe_otsu,2.6031494140625
1280x_2025-05-16_00-59-00_002,80,113,unet,0.0
1280x_2025-05-16_00-59-00_002,80,113,resunet,0.0
1280x_2025-05-16_00-59-00_002,80,113,attention_resunet,0.0
1280x_2025-05-16_00-59-00_002,80,113,clahe_otsu,3.08074951171875
1280x_2025-05-16_00-59-00_002,80,114,unet,0.0
1280x_2025-05-16_00-59-00_002,80,114,resunet,0.0
1280x_2025-05-16_00-59-00_002,80,114,attention_resunet,0.0
1280x_2025-05-16_00-59-00_002,80,114,clahe_otsu,3.25469970703125
1280x_2025-05-16_00-59-00_002,80,115,unet,0.0030517578125
1280x_2025-05-16_00-59-00_002,80,115,resunet,0.0
1280x_2025-05-16_00-59-00_002,80,115,attention_resunet,0.0
1280x_2025-05-16_00-59-00_002,80,115,clahe_otsu,4.81109619140625
1280x_2025-05-16_00-59-00_002,80,116,unet,0.01678466796875
1280x_2025-05-16_00-59-00_002,80,116,resunet,0.0
1280x_2025-05-16_00-59-00_002,80,116,attention_resunet,0.0
1280x_2025-05-16_00-59-00_002,80,116,clahe_otsu,3.369140625
1280x_2025-05-16_00-59-00_002,80,117,unet,0.5645751953125
1280x_2025-05-16_00-59-00_002,80,117,resunet,2.41546630859375
1280x_2025-05-16_00-59-00_002,80,117,attention_resunet,0.0
1280x_2025-05-16_00-59-00_002,80,117,clahe_otsu,5.1025390625
1280x_2025-05-16_00-59-00_002,80,118,unet,8.12530517578125
1280x_2025-05-16_00-59-00_002,80,118,resunet,66.98150634765625
1280x_2025-05-16_00-59-00_002,80,118,attention_resunet,2.59857177734375
1280x_2025-05-16_00-59-00_002,80,118,clahe_otsu,6.072998046875
1280x_2025-05-16_00-59-00_002,80,119,unet,50.84228515625
1280x_2025-05-16_00-59-00_002,80,119,resunet,93.8995361328125
1280x_2025-05-16_00-59-00_002,80,119,attention_resunet,32.38372802734375
1280x_2025-05-16_00-59-00_002,80,119,clahe_otsu,35.4217529296875
160x_2025-05-15_02-05-00,160,0,unet,0.0
160x_2025-05-15_02-05-00,160,0,resunet,0.0396728515625
160x_2025-05-15_02-05-00,160,0,attention_resunet,0.0
160x_2025-05-15_02-05-00,160,0,clahe_otsu,35.27984619140625
160x_2025-05-15_02-05-00,160,1,unet,0.0
160x_2025-05-15_02-05-00,160,1,resunet,0.1068115234375
160x_2025-05-15_02-05-00,160,1,attention_resunet,0.0
160x_2025-05-15_02-05-00,160,1,clahe_otsu,33.111572265625
160x_2025-05-15_02-05-00,160,2,unet,0.16632080078125
160x_2025-05-15_02-05-00,160,2,resunet,0.04425048828125
160x_2025-05-15_02-05-00,160,2,attention_resunet,0.0
160x_2025-05-15_02-05-00,160,2,clahe_otsu,30.98297119140625
160x_2025-05-15_02-05-00,160,3,unet,0.0
160x_2025-05-15_02-05-00,160,3,resunet,0.0
160x_2025-05-15_02-05-00,160,3,attention_resunet,0.0
160x_2025-05-15_02-05-00,160,3,clahe_otsu,29.0924072265625
160x_2025-05-15_02-05-00,160,4,unet,0.0
160x_2025-05-15_02-05-00,160,4,resunet,0.0
160x_2025-05-15_02-05-00,160,4,attention_resunet,0.0
160x_2025-05-15_02-05-00,160,4,clahe_otsu,29.742431640625
160x_2025-05-15_02-05-00,160,5,unet,0.0
160x_2025-05-15_02-05-00,160,5,resunet,0.0
160x_2025-05-15_02-05-00,160,5,attention_resunet,0.0
160x_2025-05-15_02-05-00,160,5,clahe_otsu,29.96673583984375
160x_2025-05-15_02-05-00,160,6,unet,0.12969970703125
160x_2025-05-15_02-05-00,160,6,resunet,0.0
160x_2025-05-15_02-05-00,160,6,attention_resunet,0.03204345703125
160x_2025-05-15_02-05-00,160,6,clahe_otsu,30.54962158203125
160x_2025-05-15_02-05-00,160,7,unet,0.0
160x_2025-05-15_02-05-00,160,7,resunet,0.0
160x_2025-05-15_02-05-00,160,7,attention_resunet,0.1983642578125
160x_2025-05-15_02-05-00,160,7,clahe_otsu,30.38787841796875
160x_2025-05-15_02-05-00,160,8,unet,0.0
160x_2025-05-15_02-05-00,160,8,resunet,1.922607421875
160x_2025-05-15_02-05-00,160,8,attention_resunet,0.970458984375
160x_2025-05-15_02-05-00,160,8,clahe_otsu,30.81207275390625
160x_2025-05-15_02-05-00,160,9,unet,0.60272216796875
160x_2025-05-15_02-05-00,160,9,resunet,6.08062744140625
160x_2025-05-15_02-05-00,160,9,attention_resunet,1.373291015625
160x_2025-05-15_02-05-00,160,9,clahe_otsu,33.2427978515625
160x_2025-05-15_02-05-00,160,10,unet,1.12762451171875
160x_2025-05-15_02-05-00,160,10,resunet,21.88873291015625
160x_2025-05-15_02-05-00,160,10,attention_resunet,12.43896484375
160x_2025-05-15_02-05-00,160,10,clahe_otsu,31.8634033203125
160x_2025-05-15_02-05-00,160,11,unet,1.763916015625
160x_2025-05-15_02-05-00,160,11,resunet,20.87554931640625
160x_2025-05-15_02-05-00,160,11,attention_resunet,14.83917236328125
160x_2025-05-15_02-05-00,160,11,clahe_otsu,35.48736572265625
160x_2025-05-15_02-05-00,160,12,unet,3.99322509765625
160x_2025-05-15_02-05-00,160,12,resunet,15.57769775390625
160x_2025-05-15_02-05-00,160,12,attention_resunet,8.77685546875
160x_2025-05-15_02-05-00,160,12,clahe_otsu,36.69891357421875
160x_2025-05-15_02-05-00,160,13,unet,0.0
160x_2025-05-15_02-05-00,160,13,resunet,1.89056396484375
160x_2025-05-15_02-05-00,160,13,attention_resunet,0.0
160x_2025-05-15_02-05-00,160,13,clahe_otsu,41.3330078125
160x_2025-05-15_02-05-00,160,14,unet,0.0
160x_2025-05-15_02-05-00,160,14,resunet,0.34637451171875
160x_2025-05-15_02-05-00,160,14,attention_resunet,0.0
160x_2025-05-15_02-05-00,160,14,clahe_otsu,58.72344970703125
160x_2025-05-15_02-05-00,160,15,unet,0.01373291015625
160x_2025-05-15_02-05-00,160,15,resunet,0.12359619140625
160x_2025-05-15_02-05-00,160,15,attention_resunet,0.0
160x_2025-05-15_02-05-00,160,15,clahe_otsu,32.25860595703125
160x_2025-05-15_02-05-00,160,16,unet,0.0
160x_2025-05-15_02-05-00,160,16,resunet,0.01373291015625
160x_2025-05-15_02-05-00,160,16,attention_resunet,0.0
160x_2025-05-15_02-05-00,160,16,clahe_otsu,31.6497802734375
160x_2025-05-15_02-05-00,160,17,unet,0.00762939453125
160x_2025-05-15_02-05-00,160,17,resunet,0.15869140625
160x_2025-05-15_02-05-00,160,17,attention_resunet,0.0
160x_2025-05-15_02-05-00,160,17,clahe_otsu,29.71649169921875
160x_2025-05-15_02-05-00,160,18,unet,0.0
160x_2025-05-15_02-05-00,160,18,resunet,0.0
160x_2025-05-15_02-05-00,160,18,attention_resunet,0.0
160x_2025-05-15_02-05-00,160,18,clahe_otsu,28.387451171875
160x_2025-05-15_02-05-00,160,19,unet,0.0
160x_2025-05-15_02-05-00,160,19,resunet,0.06561279296875
160x_2025-05-15_02-05-00,160,19,attention_resunet,0.0
160x_2025-05-15_02-05-00,160,19,clahe_otsu,26.91650390625
160x_2025-05-15_02-05-00,160,20,unet,0.0
160x_2025-05-15_02-05-00,160,20,resunet,0.07476806640625
160x_2025-05-15_02-05-00,160,20,attention_resunet,0.0
160x_2025-05-15_02-05-00,160,20,clahe_otsu,28.17840576171875
160x_2025-05-15_02-05-00,160,21,unet,0.0
160x_2025-05-15_02-05-00,160,21,resunet,0.21514892578125
160x_2025-05-15_02-05-00,160,21,attention_resunet,0.05950927734375
160x_2025-05-15_02-05-00,160,21,clahe_otsu,28.71856689453125
160x_2025-05-15_02-05-00,160,22,unet,0.0
160x_2025-05-15_02-05-00,160,22,resunet,0.0030517578125
160x_2025-05-15_02-05-00,160,22,attention_resunet,0.0
160x_2025-05-15_02-05-00,160,22,clahe_otsu,30.17578125
160x_2025-05-15_02-05-00,160,23,unet,0.0823974609375
160x_2025-05-15_02-05-00,160,23,resunet,0.0
160x_2025-05-15_02-05-00,160,23,attention_resunet,0.0
160x_2025-05-15_02-05-00,160,23,clahe_otsu,31.72760009765625
160x_2025-05-15_02-05-00,160,24,unet,0.0
160x_2025-05-15_02-05-00,160,24,resunet,0.35858154296875
160x_2025-05-15_02-05-00,160,24,attention_resunet,0.0
160x_2025-05-15_02-05-00,160,24,clahe_otsu,31.35528564453125
160x_2025-05-15_02-05-00,160,25,unet,0.02899169921875
160x_2025-05-15_02-05-00,160,25,resunet,0.5645751953125
160x_2025-05-15_02-05-00,160,25,attention_resunet,0.848388671875
160x_2025-05-15_02-05-00,160,25,clahe_otsu,34.68017578125
160x_2025-05-15_02-05-00,160,26,unet,2.01873779296875
160x_2025-05-15_02-05-00,160,26,resunet,9.844970703125
160x_2025-05-15_02-05-00,160,26,attention_resunet,5.13458251953125
160x_2025-05-15_02-05-00,160,26,clahe_otsu,32.93304443359375
160x_2025-05-15_02-05-00,160,27,unet,5.8563232421875
160x_2025-05-15_02-05-00,160,27,resunet,13.4246826171875
160x_2025-05-15_02-05-00,160,27,attention_resunet,15.4815673828125
160x_2025-05-15_02-05-00,160,27,clahe_otsu,38.58489990234375
160x_2025-05-15_02-05-00,160,28,unet,3.03192138671875
160x_2025-05-15_02-05-00,160,28,resunet,14.8681640625
160x_2025-05-15_02-05-00,160,28,attention_resunet,6.15234375
160x_2025-05-15_02-05-00,160,28,clahe_otsu,38.7359619140625
160x_2025-05-15_02-05-00,160,29,unet,0.0
160x_2025-05-15_02-05-00,160,29,resunet,0.07781982421875
160x_2025-05-15_02-05-00,160,29,attention_resunet,0.0
160x_2025-05-15_02-05-00,160,29,clahe_otsu,49.6612548828125
160x_2025-05-15_02-05-00,160,30,unet,0.0
160x_2025-05-15_02-05-00,160,30,resunet,0.0732421875
160x_2025-05-15_02-05-00,160,30,attention_resunet,0.0
160x_2025-05-15_02-05-00,160,30,clahe_otsu,32.22808837890625
160x_2025-05-15_02-05-00,160,31,unet,0.0
160x_2025-05-15_02-05-00,160,31,resunet,0.0823974609375
160x_2025-05-15_02-05-00,160,31,attention_resunet,0.0
160x_2025-05-15_02-05-00,160,31,clahe_otsu,30.816650390625
160x_2025-05-15_02-05-00,160,32,unet,0.0
160x_2025-05-15_02-05-00,160,32,resunet,0.0
160x_2025-05-15_02-05-00,160,32,attention_resunet,0.0
160x_2025-05-15_02-05-00,160,32,clahe_otsu,28.8665771484375
160x_2025-05-15_02-05-00,160,33,unet,0.0
160x_2025-05-15_02-05-00,160,33,resunet,0.0701904296875
160x_2025-05-15_02-05-00,160,33,attention_resunet,0.0
160x_2025-05-15_02-05-00,160,33,clahe_otsu,28.78265380859375
160x_2025-05-15_02-05-00,160,34,unet,0.0
160x_2025-05-15_02-05-00,160,34,resunet,0.128173828125
160x_2025-05-15_02-05-00,160,34,attention_resunet,0.0
160x_2025-05-15_02-05-00,160,34,clahe_otsu,27.97393798828125
160x_2025-05-15_02-05-00,160,35,unet,0.0
160x_2025-05-15_02-05-00,160,35,resunet,0.0274658203125
160x_2025-05-15_02-05-00,160,35,attention_resunet,0.0
160x_2025-05-15_02-05-00,160,35,clahe_otsu,28.11431884765625
160x_2025-05-15_02-05-00,160,36,unet,0.0
160x_2025-05-15_02-05-00,160,36,resunet,0.0
160x_2025-05-15_02-05-00,160,36,attention_resunet,0.0
160x_2025-05-15_02-05-00,160,36,clahe_otsu,28.08685302734375
160x_2025-05-15_02-05-00,160,37,unet,0.1434326171875
160x_2025-05-15_02-05-00,160,37,resunet,0.048828125
160x_2025-05-15_02-05-00,160,37,attention_resunet,0.006103515625
160x_2025-05-15_02-05-00,160,37,clahe_otsu,30.8868408203125
160x_2025-05-15_02-05-00,160,38,unet,0.0
160x_2025-05-15_02-05-00,160,38,resunet,0.0
160x_2025-05-15_02-05-00,160,38,attention_resunet,0.0
160x_2025-05-15_02-05-00,160,38,clahe_otsu,29.22515869140625
160x_2025-05-15_02-05-00,160,39,unet,0.0
160x_2025-05-15_02-05-00,160,39,resunet,0.0
160x_2025-05-15_02-05-00,160,39,attention_resunet,0.0
160x_2025-05-15_02-05-00,160,39,clahe_otsu,32.208251953125
160x_2025-05-15_02-05-00,160,40,unet,0.0
160x_2025-05-15_02-05-00,160,40,resunet,0.3265380859375
160x_2025-05-15_02-05-00,160,40,attention_resunet,0.0
160x_2025-05-15_02-05-00,160,40,clahe_otsu,32.79266357421875
160x_2025-05-15_02-05-00,160,41,unet,0.0
160x_2025-05-15_02-05-00,160,41,resunet,0.433349609375
160x_2025-05-15_02-05-00,160,41,attention_resunet,0.0274658203125
160x_2025-05-15_02-05-00,160,41,clahe_otsu,33.50372314453125
160x_2025-05-15_02-05-00,160,42,unet,0.3570556640625
160x_2025-05-15_02-05-00,160,42,resunet,5.38330078125
160x_2025-05-15_02-05-00,160,42,attention_resunet,3.16009521484375
160x_2025-05-15_02-05-00,160,42,clahe_otsu,38.446044921875
160x_2025-05-15_02-05-00,160,43,unet,3.1951904296875
160x_2025-05-15_02-05-00,160,43,resunet,11.2579345703125
160x_2025-05-15_02-05-00,160,43,attention_resunet,8.18328857421875
160x_2025-05-15_02-05-00,160,43,clahe_otsu,41.30096435546875
160x_2025-05-15_02-05-00,160,44,unet,0.0
160x_2025-05-15_02-05-00,160,44,resunet,11.15570068359375
160x_2025-05-15_02-05-00,160,44,attention_resunet,4.437255859375
160x_2025-05-15_02-05-00,160,44,clahe_otsu,42.1112060546875
160x_2025-05-15_02-05-00,160,45,unet,0.0
160x_2025-05-15_02-05-00,160,45,resunet,0.01983642578125
160x_2025-05-15_02-05-00,160,45,attention_resunet,0.0
160x_2025-05-15_02-05-00,160,45,clahe_otsu,31.97479248046875
160x_2025-05-15_02-05-00,160,46,unet,0.0
160x_2025-05-15_02-05-00,160,46,resunet,0.0
160x_2025-05-15_02-05-00,160,46,attention_resunet,0.0
160x_2025-05-15_02-05-00,160,46,clahe_otsu,30.7342529296875
160x_2025-05-15_02-05-00,160,47,unet,0.0
160x_2025-05-15_02-05-00,160,47,resunet,0.0
160x_2025-05-15_02-05-00,160,47,attention_resunet,0.0
160x_2025-05-15_02-05-00,160,47,clahe_otsu,29.42047119140625
160x_2025-05-15_02-05-00,160,48,unet,0.0
160x_2025-05-15_02-05-00,160,48,resunet,0.05340576171875
160x_2025-05-15_02-05-00,160,48,attention_resunet,0.0
160x_2025-05-15_02-05-00,160,48,clahe_otsu,28.5400390625
160x_2025-05-15_02-05-00,160,49,unet,0.0
160x_2025-05-15_02-05-00,160,49,resunet,0.0457763671875
160x_2025-05-15_02-05-00,160,49,attention_resunet,0.0
160x_2025-05-15_02-05-00,160,49,clahe_otsu,27.72216796875
160x_2025-05-15_02-05-00,160,50,unet,0.0
160x_2025-05-15_02-05-00,160,50,resunet,0.08544921875
160x_2025-05-15_02-05-00,160,50,attention_resunet,0.0
160x_2025-05-15_02-05-00,160,50,clahe_otsu,25.73089599609375
160x_2025-05-15_02-05-00,160,51,unet,0.0
160x_2025-05-15_02-05-00,160,51,resunet,0.0
160x_2025-05-15_02-05-00,160,51,attention_resunet,0.0
160x_2025-05-15_02-05-00,160,51,clahe_otsu,28.84063720703125
160x_2025-05-15_02-05-00,160,52,unet,0.0
160x_2025-05-15_02-05-00,160,52,resunet,0.02899169921875
160x_2025-05-15_02-05-00,160,52,attention_resunet,0.01220703125
160x_2025-05-15_02-05-00,160,52,clahe_otsu,29.64630126953125
160x_2025-05-15_02-05-00,160,53,unet,0.146484375
160x_2025-05-15_02-05-00,160,53,resunet,0.0152587890625
160x_2025-05-15_02-05-00,160,53,attention_resunet,0.0
160x_2025-05-15_02-05-00,160,53,clahe_otsu,31.63299560546875
160x_2025-05-15_02-05-00,160,54,unet,0.0
160x_2025-05-15_02-05-00,160,54,resunet,0.00152587890625
160x_2025-05-15_02-05-00,160,54,attention_resunet,0.0
160x_2025-05-15_02-05-00,160,54,clahe_otsu,31.1370849609375
160x_2025-05-15_02-05-00,160,55,unet,0.0
160x_2025-05-15_02-05-00,160,55,resunet,0.048828125
160x_2025-05-15_02-05-00,160,55,attention_resunet,0.0
160x_2025-05-15_02-05-00,160,55,clahe_otsu,33.6639404296875
160x_2025-05-15_02-05-00,160,56,unet,0.0
160x_2025-05-15_02-05-00,160,56,resunet,0.00457763671875
160x_2025-05-15_02-05-00,160,56,attention_resunet,0.0
160x_2025-05-15_02-05-00,160,56,clahe_otsu,35.20660400390625
160x_2025-05-15_02-05-00,160,57,unet,0.0
160x_2025-05-15_02-05-00,160,57,resunet,0.0
160x_2025-05-15_02-05-00,160,57,attention_resunet,0.347900390625
160x_2025-05-15_02-05-00,160,57,clahe_otsu,36.79656982421875
160x_2025-05-15_02-05-00,160,58,unet,0.054931640625
160x_2025-05-15_02-05-00,160,58,resunet,1.7791748046875
160x_2025-05-15_02-05-00,160,58,attention_resunet,1.5716552734375
160x_2025-05-15_02-05-00,160,58,clahe_otsu,43.1549072265625
160x_2025-05-15_02-05-00,160,59,unet,0.02593994140625
160x_2025-05-15_02-05-00,160,59,resunet,7.75299072265625
160x_2025-05-15_02-05-00,160,59,attention_resunet,2.9510498046875
160x_2025-05-15_02-05-00,160,59,clahe_otsu,39.813232421875
160x_2025-05-15_02-05-00,160,60,unet,0.0
160x_2025-05-15_02-05-00,160,60,resunet,0.0
160x_2025-05-15_02-05-00,160,60,attention_resunet,0.0
160x_2025-05-15_02-05-00,160,60,clahe_otsu,30.94024658203125
160x_2025-05-15_02-05-00,160,61,unet,0.0
160x_2025-05-15_02-05-00,160,61,resunet,0.0
160x_2025-05-15_02-05-00,160,61,attention_resunet,0.0
160x_2025-05-15_02-05-00,160,61,clahe_otsu,29.21295166015625
160x_2025-05-15_02-05-00,160,62,unet,0.0
160x_2025-05-15_02-05-00,160,62,resunet,0.0
160x_2025-05-15_02-05-00,160,62,attention_resunet,0.0
160x_2025-05-15_02-05-00,160,62,clahe_otsu,31.591796875
160x_2025-05-15_02-05-00,160,63,unet,0.0
160x_2025-05-15_02-05-00,160,63,resunet,0.0
160x_2025-05-15_02-05-00,160,63,attention_resunet,0.0
160x_2025-05-15_02-05-00,160,63,clahe_otsu,27.55279541015625
160x_2025-05-15_02-05-00,160,64,unet,0.0
160x_2025-05-15_02-05-00,160,64,resunet,0.0
160x_2025-05-15_02-05-00,160,64,attention_resunet,0.0
160x_2025-05-15_02-05-00,160,64,clahe_otsu,27.90374755859375
160x_2025-05-15_02-05-00,160,65,unet,0.0
160x_2025-05-15_02-05-00,160,65,resunet,0.13580322265625
160x_2025-05-15_02-05-00,160,65,attention_resunet,0.0
160x_2025-05-15_02-05-00,160,65,clahe_otsu,28.41644287109375
160x_2025-05-15_02-05-00,160,66,unet,0.0
160x_2025-05-15_02-05-00,160,66,resunet,0.0
160x_2025-05-15_02-05-00,160,66,attention_resunet,0.0
160x_2025-05-15_02-05-00,160,66,clahe_otsu,27.9022216796875
160x_2025-05-15_02-05-00,160,67,unet,0.0
160x_2025-05-15_02-05-00,160,67,resunet,0.0335693359375
160x_2025-05-15_02-05-00,160,67,attention_resunet,0.0
160x_2025-05-15_02-05-00,160,67,clahe_otsu,28.6224365234375
160x_2025-05-15_02-05-00,160,68,unet,0.0
160x_2025-05-15_02-05-00,160,68,resunet,0.00457763671875
160x_2025-05-15_02-05-00,160,68,attention_resunet,0.0
160x_2025-05-15_02-05-00,160,68,clahe_otsu,31.072998046875
160x_2025-05-15_02-05-00,160,69,unet,0.0
160x_2025-05-15_02-05-00,160,69,resunet,0.04730224609375
160x_2025-05-15_02-05-00,160,69,attention_resunet,0.0
160x_2025-05-15_02-05-00,160,69,clahe_otsu,30.9478759765625
160x_2025-05-15_02-05-00,160,70,unet,0.0
160x_2025-05-15_02-05-00,160,70,resunet,0.0640869140625
160x_2025-05-15_02-05-00,160,70,attention_resunet,0.0
160x_2025-05-15_02-05-00,160,70,clahe_otsu,33.09173583984375
160x_2025-05-15_02-05-00,160,71,unet,0.0
160x_2025-05-15_02-05-00,160,71,resunet,0.03814697265625
160x_2025-05-15_02-05-00,160,71,attention_resunet,0.0
160x_2025-05-15_02-05-00,160,71,clahe_otsu,31.66351318359375
160x_2025-05-15_02-05-00,160,72,unet,0.01983642578125
160x_2025-05-15_02-05-00,160,72,resunet,0.0030517578125
160x_2025-05-15_02-05-00,160,72,attention_resunet,0.0
160x_2025-05-15_02-05-00,160,72,clahe_otsu,36.639404296875
160x_2025-05-15_02-05-00,160,73,unet,0.0
160x_2025-05-15_02-05-00,160,73,resunet,0.0
160x_2025-05-15_02-05-00,160,73,attention_resunet,0.0
160x_2025-05-15_02-05-00,160,73,clahe_otsu,41.71600341796875
160x_2025-05-15_02-05-00,160,74,unet,1.98974609375
160x_2025-05-15_02-05-00,160,74,resunet,9.674072265625
160x_2025-05-15_02-05-00,160,74,attention_resunet,2.52838134765625
160x_2025-05-15_02-05-00,160,74,clahe_otsu,39.2364501953125
160x_2025-05-15_02-05-00,160,75,unet,0.0
160x_2025-05-15_02-05-00,160,75,resunet,0.0
160x_2025-05-15_02-05-00,160,75,attention_resunet,0.0
160x_2025-05-15_02-05-00,160,75,clahe_otsu,31.50177001953125
160x_2025-05-15_02-05-00,160,76,unet,0.0
160x_2025-05-15_02-05-00,160,76,resunet,0.0
160x_2025-05-15_02-05-00,160,76,attention_resunet,0.0
160x_2025-05-15_02-05-00,160,76,clahe_otsu,30.8502197265625
160x_2025-05-15_02-05-00,160,77,unet,0.0
160x_2025-05-15_02-05-00,160,77,resunet,0.0
160x_2025-05-15_02-05-00,160,77,attention_resunet,0.0
160x_2025-05-15_02-05-00,160,77,clahe_otsu,28.778076171875
160x_2025-05-15_02-05-00,160,78,unet,0.0
160x_2025-05-15_02-05-00,160,78,resunet,0.0
160x_2025-05-15_02-05-00,160,78,attention_resunet,0.0
160x_2025-05-15_02-05-00,160,78,clahe_otsu,28.1585693359375
160x_2025-05-15_02-05-00,160,79,unet,0.0
160x_2025-05-15_02-05-00,160,79,resunet,0.0
160x_2025-05-15_02-05-00,160,79,attention_resunet,0.0
160x_2025-05-15_02-05-00,160,79,clahe_otsu,29.205322265625
160x_2025-05-15_02-05-00,160,80,unet,0.0
160x_2025-05-15_02-05-00,160,80,resunet,0.00762939453125
160x_2025-05-15_02-05-00,160,80,attention_resunet,0.0
160x_2025-05-15_02-05-00,160,80,clahe_otsu,29.46929931640625
160x_2025-05-15_02-05-00,160,81,unet,0.0
160x_2025-05-15_02-05-00,160,81,resunet,0.06561279296875
160x_2025-05-15_02-05-00,160,81,attention_resunet,0.0
160x_2025-05-15_02-05-00,160,81,clahe_otsu,28.52630615234375
160x_2025-05-15_02-05-00,160,82,unet,0.0
160x_2025-05-15_02-05-00,160,82,resunet,0.0
160x_2025-05-15_02-05-00,160,82,attention_resunet,0.0
160x_2025-05-15_02-05-00,160,82,clahe_otsu,30.24139404296875
160x_2025-05-15_02-05-00,160,83,unet,0.01983642578125
160x_2025-05-15_02-05-00,160,83,resunet,0.15106201171875
160x_2025-05-15_02-05-00,160,83,attention_resunet,0.0
160x_2025-05-15_02-05-00,160,83,clahe_otsu,31.298828125
160x_2025-05-15_02-05-00,160,84,unet,0.0
160x_2025-05-15_02-05-00,160,84,resunet,0.01068115234375
160x_2025-05-15_02-05-00,160,84,attention_resunet,0.0
160x_2025-05-15_02-05-00,160,84,clahe_otsu,30.633544921875
160x_2025-05-15_02-05-00,160,85,unet,0.0
160x_2025-05-15_02-05-00,160,85,resunet,0.01373291015625
160x_2025-05-15_02-05-00,160,85,attention_resunet,0.0
160x_2025-05-15_02-05-00,160,85,clahe_otsu,31.68487548828125
160x_2025-05-15_02-05-00,160,86,unet,0.0
160x_2025-05-15_02-05-00,160,86,resunet,0.05035400390625
160x_2025-05-15_02-05-00,160,86,attention_resunet,0.0
160x_2025-05-15_02-05-00,160,86,clahe_otsu,32.74078369140625
160x_2025-05-15_02-05-00,160,87,unet,0.0
160x_2025-05-15_02-05-00,160,87,resunet,0.19989013671875
160x_2025-05-15_02-05-00,160,87,attention_resunet,0.0
160x_2025-05-15_02-05-00,160,87,clahe_otsu,38.09051513671875
160x_2025-05-15_02-05-00,160,88,unet,0.0
160x_2025-05-15_02-05-00,160,88,resunet,0.5218505859375
160x_2025-05-15_02-05-00,160,88,attention_resunet,0.41046142578125
160x_2025-05-15_02-05-00,160,88,clahe_otsu,41.20941162109375
160x_2025-05-15_02-05-00,160,89,unet,0.39825439453125
160x_2025-05-15_02-05-00,160,89,resunet,9.8114013671875
160x_2025-05-15_02-05-00,160,89,attention_resunet,6.37359619140625
160x_2025-05-15_02-05-00,160,89,clahe_otsu,38.5467529296875
160x_2025-05-15_02-05-00,160,90,unet,0.0
160x_2025-05-15_02-05-00,160,90,resunet,0.0
160x_2025-05-15_02-05-00,160,90,attention_resunet,0.0
160x_2025-05-15_02-05-00,160,90,clahe_otsu,32.8338623046875
160x_2025-05-15_02-05-00,160,91,unet,0.0
160x_2025-05-15_02-05-00,160,91,resunet,0.0
160x_2025-05-15_02-05-00,160,91,attention_resunet,0.0
160x_2025-05-15_02-05-00,160,91,clahe_otsu,30.5206298828125
160x_2025-05-15_02-05-00,160,92,unet,0.0
160x_2025-05-15_02-05-00,160,92,resunet,0.0
160x_2025-05-15_02-05-00,160,92,attention_resunet,0.0
160x_2025-05-15_02-05-00,160,92,clahe_otsu,29.0924072265625
160x_2025-05-15_02-05-00,160,93,unet,0.0
160x_2025-05-15_02-05-00,160,93,resunet,0.0274658203125
160x_2025-05-15_02-05-00,160,93,attention_resunet,0.0
160x_2025-05-15_02-05-00,160,93,clahe_otsu,29.669189453125
160x_2025-05-15_02-05-00,160,94,unet,0.0
160x_2025-05-15_02-05-00,160,94,resunet,0.0
160x_2025-05-15_02-05-00,160,94,attention_resunet,0.0
160x_2025-05-15_02-05-00,160,94,clahe_otsu,28.38897705078125
160x_2025-05-15_02-05-00,160,95,unet,0.0
160x_2025-05-15_02-05-00,160,95,resunet,0.0
160x_2025-05-15_02-05-00,160,95,attention_resunet,0.0
160x_2025-05-15_02-05-00,160,95,clahe_otsu,28.69415283203125
160x_2025-05-15_02-05-00,160,96,unet,0.0
160x_2025-05-15_02-05-00,160,96,resunet,0.0
160x_2025-05-15_02-05-00,160,96,attention_resunet,0.0
160x_2025-05-15_02-05-00,160,96,clahe_otsu,27.85797119140625
160x_2025-05-15_02-05-00,160,97,unet,0.0
160x_2025-05-15_02-05-00,160,97,resunet,0.0
160x_2025-05-15_02-05-00,160,97,attention_resunet,0.0
160x_2025-05-15_02-05-00,160,97,clahe_otsu,29.00238037109375
160x_2025-05-15_02-05-00,160,98,unet,0.0
160x_2025-05-15_02-05-00,160,98,resunet,0.048828125
160x_2025-05-15_02-05-00,160,98,attention_resunet,0.0
160x_2025-05-15_02-05-00,160,98,clahe_otsu,31.57196044921875
160x_2025-05-15_02-05-00,160,99,unet,0.0
160x_2025-05-15_02-05-00,160,99,resunet,0.048828125
160x_2025-05-15_02-05-00,160,99,attention_resunet,0.0
160x_2025-05-15_02-05-00,160,99,clahe_otsu,29.72869873046875
160x_2025-05-15_02-05-00,160,100,unet,0.0
160x_2025-05-15_02-05-00,160,100,resunet,0.02899169921875
160x_2025-05-15_02-05-00,160,100,attention_resunet,0.0
160x_2025-05-15_02-05-00,160,100,clahe_otsu,30.5633544921875
160x_2025-05-15_02-05-00,160,101,unet,0.0030517578125
160x_2025-05-15_02-05-00,160,101,resunet,0.8392333984375
160x_2025-05-15_02-05-00,160,101,attention_resunet,0.0
160x_2025-05-15_02-05-00,160,101,clahe_otsu,33.89739990234375
160x_2025-05-15_02-05-00,160,102,unet,0.0
160x_2025-05-15_02-05-00,160,102,resunet,0.43792724609375
160x_2025-05-15_02-05-00,160,102,attention_resunet,0.0
160x_2025-05-15_02-05-00,160,102,clahe_otsu,37.0513916015625
160x_2025-05-15_02-05-00,160,103,unet,0.0
160x_2025-05-15_02-05-00,160,103,resunet,0.02288818359375
160x_2025-05-15_02-05-00,160,103,attention_resunet,0.0
160x_2025-05-15_02-05-00,160,103,clahe_otsu,41.66717529296875
160x_2025-05-15_02-05-00,160,104,unet,1.31072998046875
160x_2025-05-15_02-05-00,160,104,resunet,16.5985107421875
160x_2025-05-15_02-05-00,160,104,attention_resunet,10.2752685546875
160x_2025-05-15_02-05-00,160,104,clahe_otsu,39.7857666015625
160x_2025-05-15_02-05-00,160,105,unet,0.0
160x_2025-05-15_02-05-00,160,105,resunet,0.0
160x_2025-05-15_02-05-00,160,105,attention_resunet,0.0
160x_2025-05-15_02-05-00,160,105,clahe_otsu,32.55462646484375
160x_2025-05-15_02-05-00,160,106,unet,0.0
160x_2025-05-15_02-05-00,160,106,resunet,0.0
160x_2025-05-15_02-05-00,160,106,attention_resunet,0.0
160x_2025-05-15_02-05-00,160,106,clahe_otsu,31.20574951171875
160x_2025-05-15_02-05-00,160,107,unet,0.0
160x_2025-05-15_02-05-00,160,107,resunet,0.0
160x_2025-05-15_02-05-00,160,107,attention_resunet,0.0
160x_2025-05-15_02-05-00,160,107,clahe_otsu,29.89349365234375
160x_2025-05-15_02-05-00,160,108,unet,0.0
160x_2025-05-15_02-05-00,160,108,resunet,0.006103515625
160x_2025-05-15_02-05-00,160,108,attention_resunet,0.0
160x_2025-05-15_02-05-00,160,108,clahe_otsu,28.0181884765625
160x_2025-05-15_02-05-00,160,109,unet,0.0
160x_2025-05-15_02-05-00,160,109,resunet,0.0
160x_2025-05-15_02-05-00,160,109,attention_resunet,0.0
160x_2025-05-15_02-05-00,160,109,clahe_otsu,27.62603759765625
160x_2025-05-15_02-05-00,160,110,unet,0.0
160x_2025-05-15_02-05-00,160,110,resunet,0.05340576171875
160x_2025-05-15_02-05-00,160,110,attention_resunet,0.0
160x_2025-05-15_02-05-00,160,110,clahe_otsu,29.9652099609375
160x_2025-05-15_02-05-00,160,111,unet,0.0
160x_2025-05-15_02-05-00,160,111,resunet,0.0
160x_2025-05-15_02-05-00,160,111,attention_resunet,0.0
160x_2025-05-15_02-05-00,160,111,clahe_otsu,30.83038330078125
160x_2025-05-15_02-05-00,160,112,unet,0.0
160x_2025-05-15_02-05-00,160,112,resunet,0.05645751953125
160x_2025-05-15_02-05-00,160,112,attention_resunet,0.0
160x_2025-05-15_02-05-00,160,112,clahe_otsu,29.046630859375
160x_2025-05-15_02-05-00,160,113,unet,0.0
160x_2025-05-15_02-05-00,160,113,resunet,0.0
160x_2025-05-15_02-05-00,160,113,attention_resunet,0.0
160x_2025-05-15_02-05-00,160,113,clahe_otsu,29.03289794921875
160x_2025-05-15_02-05-00,160,114,unet,0.0
160x_2025-05-15_02-05-00,160,114,resunet,0.128173828125
160x_2025-05-15_02-05-00,160,114,attention_resunet,0.0
160x_2025-05-15_02-05-00,160,114,clahe_otsu,30.6488037109375
160x_2025-05-15_02-05-00,160,115,unet,0.0
160x_2025-05-15_02-05-00,160,115,resunet,0.1251220703125
160x_2025-05-15_02-05-00,160,115,attention_resunet,0.0
160x_2025-05-15_02-05-00,160,115,clahe_otsu,32.27691650390625
160x_2025-05-15_02-05-00,160,116,unet,0.0
160x_2025-05-15_02-05-00,160,116,resunet,0.0
160x_2025-05-15_02-05-00,160,116,attention_resunet,0.0
160x_2025-05-15_02-05-00,160,116,clahe_otsu,33.26568603515625
160x_2025-05-15_02-05-00,160,117,unet,0.042724609375
160x_2025-05-15_02-05-00,160,117,resunet,0.262451171875
160x_2025-05-15_02-05-00,160,117,attention_resunet,0.0
160x_2025-05-15_02-05-00,160,117,clahe_otsu,39.18304443359375
160x_2025-05-15_02-05-00,160,118,unet,0.0
160x_2025-05-15_02-05-00,160,118,resunet,0.1739501953125
160x_2025-05-15_02-05-00,160,118,attention_resunet,0.00152587890625
160x_2025-05-15_02-05-00,160,118,clahe_otsu,38.76190185546875
160x_2025-05-15_02-05-00,160,119,unet,0.14495849609375
160x_2025-05-15_02-05-00,160,119,resunet,5.84716796875
160x_2025-05-15_02-05-00,160,119,attention_resunet,5.27801513671875
160x_2025-05-15_02-05-00,160,119,clahe_otsu,43.310546875
20x_2025-05-15_02-05-00,20,0,unet,0.0
20x_2025-05-15_02-05-00,20,0,resunet,0.11444091796875
20x_2025-05-15_02-05-00,20,0,attention_resunet,1.22528076171875
20x_2025-05-15_02-05-00,20,0,clahe_otsu,58.03375244140625
20x_2025-05-15_02-05-00,20,1,unet,0.0
20x_2025-05-15_02-05-00,20,1,resunet,0.46844482421875
20x_2025-05-15_02-05-00,20,1,attention_resunet,0.0
20x_2025-05-15_02-05-00,20,1,clahe_otsu,56.0211181640625
20x_2025-05-15_02-05-00,20,2,unet,0.0
20x_2025-05-15_02-05-00,20,2,resunet,0.21820068359375
20x_2025-05-15_02-05-00,20,2,attention_resunet,0.01373291015625
20x_2025-05-15_02-05-00,20,2,clahe_otsu,57.74993896484375
20x_2025-05-15_02-05-00,20,3,unet,0.0
20x_2025-05-15_02-05-00,20,3,resunet,0.16326904296875
20x_2025-05-15_02-05-00,20,3,attention_resunet,0.0
20x_2025-05-15_02-05-00,20,3,clahe_otsu,56.13861083984375
20x_2025-05-15_02-05-00,20,4,unet,0.0
20x_2025-05-15_02-05-00,20,4,resunet,0.0
20x_2025-05-15_02-05-00,20,4,attention_resunet,0.0
20x_2025-05-15_02-05-00,20,4,clahe_otsu,56.34918212890625
20x_2025-05-15_02-05-00,20,5,unet,0.0
20x_2025-05-15_02-05-00,20,5,resunet,0.0
20x_2025-05-15_02-05-00,20,5,attention_resunet,0.0
20x_2025-05-15_02-05-00,20,5,clahe_otsu,58.01239013671875
20x_2025-05-15_02-05-00,20,6,unet,0.0
20x_2025-05-15_02-05-00,20,6,resunet,0.054931640625
20x_2025-05-15_02-05-00,20,6,attention_resunet,0.0
20x_2025-05-15_02-05-00,20,6,clahe_otsu,56.890869140625
20x_2025-05-15_02-05-00,20,7,unet,0.0
20x_2025-05-15_02-05-00,20,7,resunet,0.03509521484375
20x_2025-05-15_02-05-00,20,7,attention_resunet,0.0
20x_2025-05-15_02-05-00,20,7,clahe_otsu,56.66046142578125
20x_2025-05-15_02-05-00,20,8,unet,0.0
20x_2025-05-15_02-05-00,20,8,resunet,0.06256103515625
20x_2025-05-15_02-05-00,20,8,attention_resunet,0.0
20x_2025-05-15_02-05-00,20,8,clahe_otsu,57.16400146484375
20x_2025-05-15_02-05-00,20,9,unet,0.0
20x_2025-05-15_02-05-00,20,9,resunet,0.2197265625
20x_2025-05-15_02-05-00,20,9,attention_resunet,0.0
20x_2025-05-15_02-05-00,20,9,clahe_otsu,57.7484130859375
20x_2025-05-15_02-05-00,20,10,unet,0.0
20x_2025-05-15_02-05-00,20,10,resunet,0.09765625
20x_2025-05-15_02-05-00,20,10,attention_resunet,0.0
20x_2025-05-15_02-05-00,20,10,clahe_otsu,59.33837890625
20x_2025-05-15_02-05-00,20,11,unet,0.0
20x_2025-05-15_02-05-00,20,11,resunet,0.0
20x_2025-05-15_02-05-00,20,11,attention_resunet,0.0
20x_2025-05-15_02-05-00,20,11,clahe_otsu,58.70819091796875
20x_2025-05-15_02-05-00,20,12,unet,0.0
20x_2025-05-15_02-05-00,20,12,resunet,0.0
20x_2025-05-15_02-05-00,20,12,attention_resunet,0.0
20x_2025-05-15_02-05-00,20,12,clahe_otsu,57.64617919921875
20x_2025-05-15_02-05-00,20,13,unet,0.0
20x_2025-05-15_02-05-00,20,13,resunet,0.10833740234375
20x_2025-05-15_02-05-00,20,13,attention_resunet,0.0
20x_2025-05-15_02-05-00,20,13,clahe_otsu,59.2926025390625
20x_2025-05-15_02-05-00,20,14,unet,0.0
20x_2025-05-15_02-05-00,20,14,resunet,0.030517578125
20x_2025-05-15_02-05-00,20,14,attention_resunet,0.0
20x_2025-05-15_02-05-00,20,14,clahe_otsu,62.7960205078125
20x_2025-05-15_02-05-00,20,15,unet,0.0
20x_2025-05-15_02-05-00,20,15,resunet,0.33416748046875
20x_2025-05-15_02-05-00,20,15,attention_resunet,0.22430419921875
20x_2025-05-15_02-05-00,20,15,clahe_otsu,56.9793701171875
20x_2025-05-15_02-05-00,20,16,unet,0.0
20x_2025-05-15_02-05-00,20,16,resunet,1.5777587890625
20x_2025-05-15_02-05-00,20,16,attention_resunet,0.0396728515625
20x_2025-05-15_02-05-00,20,16,clahe_otsu,56.2652587890625
20x_2025-05-15_02-05-00,20,17,unet,0.0
20x_2025-05-15_02-05-00,20,17,resunet,0.26092529296875
20x_2025-05-15_02-05-00,20,17,attention_resunet,0.0030517578125
20x_2025-05-15_02-05-00,20,17,clahe_otsu,57.6904296875
20x_2025-05-15_02-05-00,20,18,unet,0.0
20x_2025-05-15_02-05-00,20,18,resunet,0.40740966796875
20x_2025-05-15_02-05-00,20,18,attention_resunet,0.0732421875
20x_2025-05-15_02-05-00,20,18,clahe_otsu,56.2713623046875
20x_2025-05-15_02-05-00,20,19,unet,0.0
20x_2025-05-15_02-05-00,20,19,resunet,0.018310546875
20x_2025-05-15_02-05-00,20,19,attention_resunet,0.0
20x_2025-05-15_02-05-00,20,19,clahe_otsu,56.39801025390625
20x_2025-05-15_02-05-00,20,20,unet,0.0
20x_2025-05-15_02-05-00,20,20,resunet,0.018310546875
20x_2025-05-15_02-05-00,20,20,attention_resunet,0.0
20x_2025-05-15_02-05-00,20,20,clahe_otsu,56.77642822265625
20x_2025-05-15_02-05-00,20,21,unet,0.0
20x_2025-05-15_02-05-00,20,21,resunet,0.091552734375
20x_2025-05-15_02-05-00,20,21,attention_resunet,0.01373291015625
20x_2025-05-15_02-05-00,20,21,clahe_otsu,56.2591552734375
20x_2025-05-15_02-05-00,20,22,unet,0.0
20x_2025-05-15_02-05-00,20,22,resunet,0.5035400390625
20x_2025-05-15_02-05-00,20,22,attention_resunet,0.006103515625
20x_2025-05-15_02-05-00,20,22,clahe_otsu,57.01751708984375
20x_2025-05-15_02-05-00,20,23,unet,0.0
20x_2025-05-15_02-05-00,20,23,resunet,0.07476806640625
20x_2025-05-15_02-05-00,20,23,attention_resunet,0.61798095703125
20x_2025-05-15_02-05-00,20,23,clahe_otsu,57.244873046875
20x_2025-05-15_02-05-00,20,24,unet,0.0
20x_2025-05-15_02-05-00,20,24,resunet,0.46844482421875
20x_2025-05-15_02-05-00,20,24,attention_resunet,0.03204345703125
20x_2025-05-15_02-05-00,20,24,clahe_otsu,56.0516357421875
20x_2025-05-15_02-05-00,20,25,unet,0.0
20x_2025-05-15_02-05-00,20,25,resunet,0.0457763671875
20x_2025-05-15_02-05-00,20,25,attention_resunet,0.0
20x_2025-05-15_02-05-00,20,25,clahe_otsu,59.30023193359375
20x_2025-05-15_02-05-00,20,26,unet,0.0
20x_2025-05-15_02-05-00,20,26,resunet,0.1922607421875
20x_2025-05-15_02-05-00,20,26,attention_resunet,0.0
20x_2025-05-15_02-05-00,20,26,clahe_otsu,58.28399658203125
20x_2025-05-15_02-05-00,20,27,unet,0.0
20x_2025-05-15_02-05-00,20,27,resunet,0.128173828125
20x_2025-05-15_02-05-00,20,27,attention_resunet,0.3265380859375
20x_2025-05-15_02-05-00,20,27,clahe_otsu,55.609130859375
20x_2025-05-15_02-05-00,20,28,unet,0.0
20x_2025-05-15_02-05-00,20,28,resunet,0.3021240234375
20x_2025-05-15_02-05-00,20,28,attention_resunet,0.0
20x_2025-05-15_02-05-00,20,28,clahe_otsu,57.01904296875
20x_2025-05-15_02-05-00,20,29,unet,0.0
20x_2025-05-15_02-05-00,20,29,resunet,0.0640869140625
20x_2025-05-15_02-05-00,20,29,attention_resunet,0.0
20x_2025-05-15_02-05-00,20,29,clahe_otsu,61.04736328125
20x_2025-05-15_02-05-00,20,30,unet,0.0
20x_2025-05-15_02-05-00,20,30,resunet,0.0
20x_2025-05-15_02-05-00,20,30,attention_resunet,0.0
20x_2025-05-15_02-05-00,20,30,clahe_otsu,56.75811767578125
20x_2025-05-15_02-05-00,20,31,unet,0.0
20x_2025-05-15_02-05-00,20,31,resunet,0.19683837890625
20x_2025-05-15_02-05-00,20,31,attention_resunet,0.0
20x_2025-05-15_02-05-00,20,31,clahe_otsu,54.779052734375
20x_2025-05-15_02-05-00,20,32,unet,0.0
20x_2025-05-15_02-05-00,20,32,resunet,0.0701904296875
20x_2025-05-15_02-05-00,20,32,attention_resunet,0.1495361328125
20x_2025-05-15_02-05-00,20,32,clahe_otsu,55.74493408203125
20x_2025-05-15_02-05-00,20,33,unet,0.0
20x_2025-05-15_02-05-00,20,33,resunet,0.152587890625
20x_2025-05-15_02-05-00,20,33,attention_resunet,0.06103515625
20x_2025-05-15_02-05-00,20,33,clahe_otsu,55.4718017578125
20x_2025-05-15_02-05-00,20,34,unet,0.0
20x_2025-05-15_02-05-00,20,34,resunet,0.00152587890625
20x_2025-05-15_02-05-00,20,34,attention_resunet,0.01678466796875
20x_2025-05-15_02-05-00,20,34,clahe_otsu,55.11627197265625
20x_2025-05-15_02-05-00,20,35,unet,0.0
20x_2025-05-15_02-05-00,20,35,resunet,0.11138916015625
20x_2025-05-15_02-05-00,20,35,attention_resunet,0.0
20x_2025-05-15_02-05-00,20,35,clahe_otsu,57.1319580078125
20x_2025-05-15_02-05-00,20,36,unet,0.0
20x_2025-05-15_02-05-00,20,36,resunet,0.48828125
20x_2025-05-15_02-05-00,20,36,attention_resunet,0.08697509765625
20x_2025-05-15_02-05-00,20,36,clahe_otsu,57.0892333984375
20x_2025-05-15_02-05-00,20,37,unet,0.0
20x_2025-05-15_02-05-00,20,37,resunet,0.0
20x_2025-05-15_02-05-00,20,37,attention_resunet,0.0
20x_2025-05-15_02-05-00,20,37,clahe_otsu,56.31561279296875
20x_2025-05-15_02-05-00,20,38,unet,0.0
20x_2025-05-15_02-05-00,20,38,resunet,0.0457763671875
20x_2025-05-15_02-05-00,20,38,attention_resunet,0.0
20x_2025-05-15_02-05-00,20,38,clahe_otsu,57.96966552734375
20x_2025-05-15_02-05-00,20,39,unet,0.0
20x_2025-05-15_02-05-00,20,39,resunet,0.244140625
20x_2025-05-15_02-05-00,20,39,attention_resunet,0.0
20x_2025-05-15_02-05-00,20,39,clahe_otsu,57.19757080078125
20x_2025-05-15_02-05-00,20,40,unet,0.0
20x_2025-05-15_02-05-00,20,40,resunet,0.00457763671875
20x_2025-05-15_02-05-00,20,40,attention_resunet,0.0
20x_2025-05-15_02-05-00,20,40,clahe_otsu,57.24945068359375
20x_2025-05-15_02-05-00,20,41,unet,0.0
20x_2025-05-15_02-05-00,20,41,resunet,0.244140625
20x_2025-05-15_02-05-00,20,41,attention_resunet,0.0
20x_2025-05-15_02-05-00,20,41,clahe_otsu,56.79473876953125
20x_2025-05-15_02-05-00,20,42,unet,0.0
20x_2025-05-15_02-05-00,20,42,resunet,0.14495849609375
20x_2025-05-15_02-05-00,20,42,attention_resunet,0.0
20x_2025-05-15_02-05-00,20,42,clahe_otsu,56.40411376953125
20x_2025-05-15_02-05-00,20,43,unet,0.0
20x_2025-05-15_02-05-00,20,43,resunet,0.3204345703125
20x_2025-05-15_02-05-00,20,43,attention_resunet,0.0
20x_2025-05-15_02-05-00,20,43,clahe_otsu,57.025146484375
20x_2025-05-15_02-05-00,20,44,unet,0.0
20x_2025-05-15_02-05-00,20,44,resunet,0.36163330078125
20x_2025-05-15_02-05-00,20,44,attention_resunet,0.0
20x_2025-05-15_02-05-00,20,44,clahe_otsu,57.03125
20x_2025-05-15_02-05-00,20,45,unet,0.05340576171875
20x_2025-05-15_02-05-00,20,45,resunet,0.49896240234375
20x_2025-05-15_02-05-00,20,45,attention_resunet,0.00152587890625
20x_2025-05-15_02-05-00,20,45,clahe_otsu,55.44586181640625
20x_2025-05-15_02-05-00,20,46,unet,0.0
20x_2025-05-15_02-05-00,20,46,resunet,0.177001953125
20x_2025-05-15_02-05-00,20,46,attention_resunet,0.08392333984375
20x_2025-05-15_02-05-00,20,46,clahe_otsu,55.09796142578125
20x_2025-05-15_02-05-00,20,47,unet,0.0
20x_2025-05-15_02-05-00,20,47,resunet,0.836181640625
20x_2025-05-15_02-05-00,20,47,attention_resunet,0.0
20x_2025-05-15_02-05-00,20,47,clahe_otsu,55.50537109375
20x_2025-05-15_02-05-00,20,48,unet,0.00762939453125
20x_2025-05-15_02-05-00,20,48,resunet,0.21209716796875
20x_2025-05-15_02-05-00,20,48,attention_resunet,0.0
20x_2025-05-15_02-05-00,20,48,clahe_otsu,56.10504150390625
20x_2025-05-15_02-05-00,20,49,unet,0.0
20x_2025-05-15_02-05-00,20,49,resunet,0.10223388671875
20x_2025-05-15_02-05-00,20,49,attention_resunet,0.0
20x_2025-05-15_02-05-00,20,49,clahe_otsu,55.65643310546875
20x_2025-05-15_02-05-00,20,50,unet,0.0
20x_2025-05-15_02-05-00,20,50,resunet,0.05340576171875
20x_2025-05-15_02-05-00,20,50,attention_resunet,0.0030517578125
20x_2025-05-15_02-05-00,20,50,clahe_otsu,55.81207275390625
20x_2025-05-15_02-05-00,20,51,unet,0.0
20x_2025-05-15_02-05-00,20,51,resunet,0.26702880859375
20x_2025-05-15_02-05-00,20,51,attention_resunet,0.0
20x_2025-05-15_02-05-00,20,51,clahe_otsu,55.2734375
20x_2025-05-15_02-05-00,20,52,unet,0.0
20x_2025-05-15_02-05-00,20,52,resunet,0.0
20x_2025-05-15_02-05-00,20,52,attention_resunet,0.0
20x_2025-05-15_02-05-00,20,52,clahe_otsu,57.51495361328125
20x_2025-05-15_02-05-00,20,53,unet,0.0
20x_2025-05-15_02-05-00,20,53,resunet,0.35552978515625
20x_2025-05-15_02-05-00,20,53,attention_resunet,0.0
20x_2025-05-15_02-05-00,20,53,clahe_otsu,55.94329833984375
20x_2025-05-15_02-05-00,20,54,unet,0.0
20x_2025-05-15_02-05-00,20,54,resunet,0.0335693359375
20x_2025-05-15_02-05-00,20,54,attention_resunet,0.40130615234375
20x_2025-05-15_02-05-00,20,54,clahe_otsu,56.43463134765625
20x_2025-05-15_02-05-00,20,55,unet,0.0
20x_2025-05-15_02-05-00,20,55,resunet,0.0
20x_2025-05-15_02-05-00,20,55,attention_resunet,0.0
20x_2025-05-15_02-05-00,20,55,clahe_otsu,56.78253173828125
20x_2025-05-15_02-05-00,20,56,unet,0.0
20x_2025-05-15_02-05-00,20,56,resunet,0.05340576171875
20x_2025-05-15_02-05-00,20,56,attention_resunet,0.0
20x_2025-05-15_02-05-00,20,56,clahe_otsu,57.47528076171875
20x_2025-05-15_02-05-00,20,57,unet,0.0
20x_2025-05-15_02-05-00,20,57,resunet,0.01678466796875
20x_2025-05-15_02-05-00,20,57,attention_resunet,0.01068115234375
20x_2025-05-15_02-05-00,20,57,clahe_otsu,54.1778564453125
20x_2025-05-15_02-05-00,20,58,unet,0.10833740234375
20x_2025-05-15_02-05-00,20,58,resunet,0.57525634765625
20x_2025-05-15_02-05-00,20,58,attention_resunet,0.29449462890625
20x_2025-05-15_02-05-00,20,58,clahe_otsu,56.0577392578125
20x_2025-05-15_02-05-00,20,59,unet,0.0
20x_2025-05-15_02-05-00,20,59,resunet,0.12969970703125
20x_2025-05-15_02-05-00,20,59,attention_resunet,0.0
20x_2025-05-15_02-05-00,20,59,clahe_otsu,57.07244873046875
20x_2025-05-15_02-05-00,20,60,unet,0.00152587890625
20x_2025-05-15_02-05-00,20,60,resunet,0.03509521484375
20x_2025-05-15_02-05-00,20,60,attention_resunet,0.16326904296875
20x_2025-05-15_02-05-00,20,60,clahe_otsu,54.5562744140625
20x_2025-05-15_02-05-00,20,61,unet,0.006103515625
20x_2025-05-15_02-05-00,20,61,resunet,0.1708984375
20x_2025-05-15_02-05-00,20,61,attention_resunet,0.0
20x_2025-05-15_02-05-00,20,61,clahe_otsu,54.93011474609375
20x_2025-05-15_02-05-00,20,62,unet,0.0
20x_2025-05-15_02-05-00,20,62,resunet,0.17852783203125
20x_2025-05-15_02-05-00,20,62,attention_resunet,0.0
20x_2025-05-15_02-05-00,20,62,clahe_otsu,54.998779296875
20x_2025-05-15_02-05-00,20,63,unet,0.0
20x_2025-05-15_02-05-00,20,63,resunet,0.0274658203125
20x_2025-05-15_02-05-00,20,63,attention_resunet,0.0
20x_2025-05-15_02-05-00,20,63,clahe_otsu,54.34112548828125
20x_2025-05-15_02-05-00,20,64,unet,0.0
20x_2025-05-15_02-05-00,20,64,resunet,0.0701904296875
20x_2025-05-15_02-05-00,20,64,attention_resunet,0.01068115234375
20x_2025-05-15_02-05-00,20,64,clahe_otsu,55.27496337890625
20x_2025-05-15_02-05-00,20,65,unet,0.0
20x_2025-05-15_02-05-00,20,65,resunet,0.067138671875
20x_2025-05-15_02-05-00,20,65,attention_resunet,0.0
20x_2025-05-15_02-05-00,20,65,clahe_otsu,56.103515625
20x_2025-05-15_02-05-00,20,66,unet,0.0
20x_2025-05-15_02-05-00,20,66,resunet,0.21209716796875
20x_2025-05-15_02-05-00,20,66,attention_resunet,0.0
20x_2025-05-15_02-05-00,20,66,clahe_otsu,57.63092041015625
20x_2025-05-15_02-05-00,20,67,unet,0.0
20x_2025-05-15_02-05-00,20,67,resunet,0.29296875
20x_2025-05-15_02-05-00,20,67,attention_resunet,0.0
20x_2025-05-15_02-05-00,20,67,clahe_otsu,57.53021240234375
20x_2025-05-15_02-05-00,20,68,unet,0.0
20x_2025-05-15_02-05-00,20,68,resunet,0.34942626953125
20x_2025-05-15_02-05-00,20,68,attention_resunet,0.0
20x_2025-05-15_02-05-00,20,68,clahe_otsu,57.75909423828125
20x_2025-05-15_02-05-00,20,69,unet,0.0
20x_2025-05-15_02-05-00,20,69,resunet,0.18157958984375
20x_2025-05-15_02-05-00,20,69,attention_resunet,0.0
20x_2025-05-15_02-05-00,20,69,clahe_otsu,57.05108642578125
20x_2025-05-15_02-05-00,20,70,unet,0.17852783203125
20x_2025-05-15_02-05-00,20,70,resunet,0.84991455078125
20x_2025-05-15_02-05-00,20,70,attention_resunet,0.531005859375
20x_2025-05-15_02-05-00,20,70,clahe_otsu,56.36444091796875
20x_2025-05-15_02-05-00,20,71,unet,0.0
20x_2025-05-15_02-05-00,20,71,resunet,0.91094970703125
20x_2025-05-15_02-05-00,20,71,attention_resunet,0.0
20x_2025-05-15_02-05-00,20,71,clahe_otsu,57.6751708984375
20x_2025-05-15_02-05-00,20,72,unet,0.0
20x_2025-05-15_02-05-00,20,72,resunet,0.40130615234375
20x_2025-05-15_02-05-00,20,72,attention_resunet,0.9185791015625
20x_2025-05-15_02-05-00,20,72,clahe_otsu,56.97021484375
20x_2025-05-15_02-05-00,20,73,unet,0.0
20x_2025-05-15_02-05-00,20,73,resunet,0.26702880859375
20x_2025-05-15_02-05-00,20,73,attention_resunet,0.18157958984375
20x_2025-05-15_02-05-00,20,73,clahe_otsu,53.52783203125
20x_2025-05-15_02-05-00,20,74,unet,0.0
20x_2025-05-15_02-05-00,20,74,resunet,1.214599609375
20x_2025-05-15_02-05-00,20,74,attention_resunet,0.38299560546875
20x_2025-05-15_02-05-00,20,74,clahe_otsu,51.812744140625
20x_2025-05-15_02-05-00,20,75,unet,0.30517578125
20x_2025-05-15_02-05-00,20,75,resunet,0.19378662109375
20x_2025-05-15_02-05-00,20,75,attention_resunet,0.0335693359375
20x_2025-05-15_02-05-00,20,75,clahe_otsu,55.0384521484375
20x_2025-05-15_02-05-00,20,76,unet,0.0
20x_2025-05-15_02-05-00,20,76,resunet,0.0885009765625
20x_2025-05-15_02-05-00,20,76,attention_resunet,0.2410888671875
20x_2025-05-15_02-05-00,20,76,clahe_otsu,54.31976318359375
20x_2025-05-15_02-05-00,20,77,unet,0.128173828125
20x_2025-05-15_02-05-00,20,77,resunet,0.24566650390625
20x_2025-05-15_02-05-00,20,77,attention_resunet,0.030517578125
20x_2025-05-15_02-05-00,20,77,clahe_otsu,54.7332763671875
20x_2025-05-15_02-05-00,20,78,unet,0.0
20x_2025-05-15_02-05-00,20,78,resunet,0.10833740234375
20x_2025-05-15_02-05-00,20,78,attention_resunet,0.00457763671875
20x_2025-05-15_02-05-00,20,78,clahe_otsu,53.69720458984375
20x_2025-05-15_02-05-00,20,79,unet,0.19989013671875
20x_2025-05-15_02-05-00,20,79,resunet,0.445556640625
20x_2025-05-15_02-05-00,20,79,attention_resunet,1.287841796875
20x_2025-05-15_02-05-00,20,79,clahe_otsu,54.58984375
20x_2025-05-15_02-05-00,20,80,unet,0.0
20x_2025-05-15_02-05-00,20,80,resunet,0.4791259765625
20x_2025-05-15_02-05-00,20,80,attention_resunet,0.0
20x_2025-05-15_02-05-00,20,80,clahe_otsu,55.17578125
20x_2025-05-15_02-05-00,20,81,unet,0.0
20x_2025-05-15_02-05-00,20,81,resunet,0.0
20x_2025-05-15_02-05-00,20,81,attention_resunet,0.0
20x_2025-05-15_02-05-00,20,81,clahe_otsu,57.666015625
20x_2025-05-15_02-05-00,20,82,unet,0.0
20x_2025-05-15_02-05-00,20,82,resunet,0.01373291015625
20x_2025-05-15_02-05-00,20,82,attention_resunet,0.01373291015625
20x_2025-05-15_02-05-00,20,82,clahe_otsu,56.707763671875
20x_2025-05-15_02-05-00,20,83,unet,0.0
20x_2025-05-15_02-05-00,20,83,resunet,0.02288818359375
20x_2025-05-15_02-05-00,20,83,attention_resunet,0.0
20x_2025-05-15_02-05-00,20,83,clahe_otsu,54.74853515625
20x_2025-05-15_02-05-00,20,84,unet,0.0
20x_2025-05-15_02-05-00,20,84,resunet,0.18157958984375
20x_2025-05-15_02-05-00,20,84,attention_resunet,0.09002685546875
20x_2025-05-15_02-05-00,20,84,clahe_otsu,55.99517822265625
20x_2025-05-15_02-05-00,20,85,unet,0.0
20x_2025-05-15_02-05-00,20,85,resunet,0.4486083984375
20x_2025-05-15_02-05-00,20,85,attention_resunet,0.0152587890625
20x_2025-05-15_02-05-00,20,85,clahe_otsu,55.55419921875
20x_2025-05-15_02-05-00,20,86,unet,0.0
20x_2025-05-15_02-05-00,20,86,resunet,0.14801025390625
20x_2025-05-15_02-05-00,20,86,attention_resunet,0.0274658203125
20x_2025-05-15_02-05-00,20,86,clahe_otsu,54.82940673828125
20x_2025-05-15_02-05-00,20,87,unet,0.0
20x_2025-05-15_02-05-00,20,87,resunet,0.1007080078125
20x_2025-05-15_02-05-00,20,87,attention_resunet,0.0
20x_2025-05-15_02-05-00,20,87,clahe_otsu,55.57098388671875
20x_2025-05-15_02-05-00,20,88,unet,0.0
20x_2025-05-15_02-05-00,20,88,resunet,0.59967041015625
20x_2025-05-15_02-05-00,20,88,attention_resunet,0.06103515625
20x_2025-05-15_02-05-00,20,88,clahe_otsu,54.3426513671875
20x_2025-05-15_02-05-00,20,89,unet,0.0
20x_2025-05-15_02-05-00,20,89,resunet,5.04913330078125
20x_2025-05-15_02-05-00,20,89,attention_resunet,1.01470947265625
20x_2025-05-15_02-05-00,20,89,clahe_otsu,53.076171875
20x_2025-05-15_02-05-00,20,90,unet,0.0
20x_2025-05-15_02-05-00,20,90,resunet,0.37994384765625
20x_2025-05-15_02-05-00,20,90,attention_resunet,1.202392578125
20x_2025-05-15_02-05-00,20,90,clahe_otsu,55.743408203125
20x_2025-05-15_02-05-00,20,91,unet,0.05340576171875
20x_2025-05-15_02-05-00,20,91,resunet,0.2899169921875
20x_2025-05-15_02-05-00,20,91,attention_resunet,0.36163330078125
20x_2025-05-15_02-05-00,20,91,clahe_otsu,55.60150146484375
20x_2025-05-15_02-05-00,20,92,unet,0.146484375
20x_2025-05-15_02-05-00,20,92,resunet,0.2777099609375
20x_2025-05-15_02-05-00,20,92,attention_resunet,0.1434326171875
20x_2025-05-15_02-05-00,20,92,clahe_otsu,54.290771484375
20x_2025-05-15_02-05-00,20,93,unet,0.0
20x_2025-05-15_02-05-00,20,93,resunet,0.006103515625
20x_2025-05-15_02-05-00,20,93,attention_resunet,0.006103515625
20x_2025-05-15_02-05-00,20,93,clahe_otsu,53.72314453125
20x_2025-05-15_02-05-00,20,94,unet,0.29754638671875
20x_2025-05-15_02-05-00,20,94,resunet,0.05950927734375
20x_2025-05-15_02-05-00,20,94,attention_resunet,0.3448486328125
20x_2025-05-15_02-05-00,20,94,clahe_otsu,54.72869873046875
20x_2025-05-15_02-05-00,20,95,unet,0.0
20x_2025-05-15_02-05-00,20,95,resunet,1.5625
20x_2025-05-15_02-05-00,20,95,attention_resunet,0.70953369140625
20x_2025-05-15_02-05-00,20,95,clahe_otsu,55.12847900390625
20x_2025-05-15_02-05-00,20,96,unet,0.03204345703125
20x_2025-05-15_02-05-00,20,96,resunet,0.128173828125
20x_2025-05-15_02-05-00,20,96,attention_resunet,0.10986328125
20x_2025-05-15_02-05-00,20,96,clahe_otsu,55.58624267578125
20x_2025-05-15_02-05-00,20,97,unet,0.0
20x_2025-05-15_02-05-00,20,97,resunet,0.42877197265625
20x_2025-05-15_02-05-00,20,97,attention_resunet,0.1007080078125
20x_2025-05-15_02-05-00,20,97,clahe_otsu,55.5755615234375
20x_2025-05-15_02-05-00,20,98,unet,0.0
20x_2025-05-15_02-05-00,20,98,resunet,0.64239501953125
20x_2025-05-15_02-05-00,20,98,attention_resunet,0.27008056640625
20x_2025-05-15_02-05-00,20,98,clahe_otsu,54.34722900390625
20x_2025-05-15_02-05-00,20,99,unet,0.0
20x_2025-05-15_02-05-00,20,99,resunet,0.3509521484375
20x_2025-05-15_02-05-00,20,99,attention_resunet,0.04425048828125
20x_2025-05-15_02-05-00,20,99,clahe_otsu,54.6783447265625
20x_2025-05-15_02-05-00,20,100,unet,0.5035400390625
20x_2025-05-15_02-05-00,20,100,resunet,1.43890380859375
20x_2025-05-15_02-05-00,20,100,attention_resunet,0.8148193359375
20x_2025-05-15_02-05-00,20,100,clahe_otsu,54.51507568359375
20x_2025-05-15_02-05-00,20,101,unet,0.0
20x_2025-05-15_02-05-00,20,101,resunet,0.60272216796875
20x_2025-05-15_02-05-00,20,101,attention_resunet,0.0
20x_2025-05-15_02-05-00,20,101,clahe_otsu,54.55169677734375
20x_2025-05-15_02-05-00,20,102,unet,0.22735595703125
20x_2025-05-15_02-05-00,20,102,resunet,3.0731201171875
20x_2025-05-15_02-05-00,20,102,attention_resunet,2.4017333984375
20x_2025-05-15_02-05-00,20,102,clahe_otsu,52.19573974609375
20x_2025-05-15_02-05-00,20,103,unet,0.0
20x_2025-05-15_02-05-00,20,103,resunet,2.54058837890625
20x_2025-05-15_02-05-00,20,103,attention_resunet,0.40283203125
20x_2025-05-15_02-05-00,20,103,clahe_otsu,54.486083984375
20x_2025-05-15_02-05-00,20,104,unet,0.09918212890625
20x_2025-05-15_02-05-00,20,104,resunet,3.9642333984375
20x_2025-05-15_02-05-00,20,104,attention_resunet,3.98712158203125
20x_2025-05-15_02-05-00,20,104,clahe_otsu,54.4677734375
20x_2025-05-15_02-05-00,20,105,unet,0.24871826171875
20x_2025-05-15_02-05-00,20,105,resunet,0.457763671875
20x_2025-05-15_02-05-00,20,105,attention_resunet,0.0
20x_2025-05-15_02-05-00,20,105,clahe_otsu,56.04400634765625
20x_2025-05-15_02-05-00,20,106,unet,0.0030517578125
20x_2025-05-15_02-05-00,20,106,resunet,0.82550048828125
20x_2025-05-15_02-05-00,20,106,attention_resunet,0.006103515625
20x_2025-05-15_02-05-00,20,106,clahe_otsu,53.92913818359375
20x_2025-05-15_02-05-00,20,107,unet,0.0274658203125
20x_2025-05-15_02-05-00,20,107,resunet,0.88653564453125
20x_2025-05-15_02-05-00,20,107,attention_resunet,0.0
20x_2025-05-15_02-05-00,20,107,clahe_otsu,53.77960205078125
20x_2025-05-15_02-05-00,20,108,unet,0.042724609375
20x_2025-05-15_02-05-00,20,108,resunet,0.128173828125
20x_2025-05-15_02-05-00,20,108,attention_resunet,0.0
20x_2025-05-15_02-05-00,20,108,clahe_otsu,53.54156494140625
20x_2025-05-15_02-05-00,20,109,unet,0.0
20x_2025-05-15_02-05-00,20,109,resunet,0.39520263671875
20x_2025-05-15_02-05-00,20,109,attention_resunet,0.0213623046875
20x_2025-05-15_02-05-00,20,109,clahe_otsu,53.71246337890625
20x_2025-05-15_02-05-00,20,110,unet,0.0579833984375
20x_2025-05-15_02-05-00,20,110,resunet,0.30364990234375
20x_2025-05-15_02-05-00,20,110,attention_resunet,0.0
20x_2025-05-15_02-05-00,20,110,clahe_otsu,54.473876953125
20x_2025-05-15_02-05-00,20,111,unet,0.0
20x_2025-05-15_02-05-00,20,111,resunet,0.20751953125
20x_2025-05-15_02-05-00,20,111,attention_resunet,0.0
20x_2025-05-15_02-05-00,20,111,clahe_otsu,54.54864501953125
20x_2025-05-15_02-05-00,20,112,unet,0.0
20x_2025-05-15_02-05-00,20,112,resunet,0.35400390625
20x_2025-05-15_02-05-00,20,112,attention_resunet,0.1434326171875
20x_2025-05-15_02-05-00,20,112,clahe_otsu,54.57000732421875
20x_2025-05-15_02-05-00,20,113,unet,0.0
20x_2025-05-15_02-05-00,20,113,resunet,0.82855224609375
20x_2025-05-15_02-05-00,20,113,attention_resunet,0.36773681640625
20x_2025-05-15_02-05-00,20,113,clahe_otsu,53.66058349609375
20x_2025-05-15_02-05-00,20,114,unet,0.23193359375
20x_2025-05-15_02-05-00,20,114,resunet,0.3143310546875
20x_2025-05-15_02-05-00,20,114,attention_resunet,0.30059814453125
20x_2025-05-15_02-05-00,20,114,clahe_otsu,53.33099365234375
20x_2025-05-15_02-05-00,20,115,unet,0.0
20x_2025-05-15_02-05-00,20,115,resunet,0.13580322265625
20x_2025-05-15_02-05-00,20,115,attention_resunet,0.03509521484375
20x_2025-05-15_02-05-00,20,115,clahe_otsu,55.46417236328125
20x_2025-05-15_02-05-00,20,116,unet,0.03204345703125
20x_2025-05-15_02-05-00,20,116,resunet,0.83160400390625
20x_2025-05-15_02-05-00,20,116,attention_resunet,1.08489990234375
20x_2025-05-15_02-05-00,20,116,clahe_otsu,52.68707275390625
20x_2025-05-15_02-05-00,20,117,unet,0.0
20x_2025-05-15_02-05-00,20,117,resunet,2.24151611328125
20x_2025-05-15_02-05-00,20,117,attention_resunet,0.03662109375
20x_2025-05-15_02-05-00,20,117,clahe_otsu,54.144287109375
20x_2025-05-15_02-05-00,20,118,unet,0.7659912109375
20x_2025-05-15_02-05-00,20,118,resunet,5.09796142578125
20x_2025-05-15_02-05-00,20,118,attention_resunet,4.04510498046875
20x_2025-05-15_02-05-00,20,118,clahe_otsu,53.19671630859375
20x_2025-05-15_02-05-00,20,119,unet,0.0
20x_2025-05-15_02-05-00,20,119,resunet,0.8636474609375
20x_2025-05-15_02-05-00,20,119,attention_resunet,0.2105712890625
20x_2025-05-15_02-05-00,20,119,clahe_otsu,55.413818359375
320x_2025-05-15_02-05-00,20,0,unet,6.9183349609375
320x_2025-05-15_02-05-00,20,0,resunet,29.98504638671875
320x_2025-05-15_02-05-00,20,0,attention_resunet,19.25201416015625
320x_2025-05-15_02-05-00,20,0,clahe_otsu,30.30242919921875
320x_2025-05-15_02-05-00,20,1,unet,0.0
320x_2025-05-15_02-05-00,20,1,resunet,0.006103515625
320x_2025-05-15_02-05-00,20,1,attention_resunet,0.0
320x_2025-05-15_02-05-00,20,1,clahe_otsu,19.17877197265625
320x_2025-05-15_02-05-00,20,2,unet,0.0
320x_2025-05-15_02-05-00,20,2,resunet,0.0
320x_2025-05-15_02-05-00,20,2,attention_resunet,0.0
320x_2025-05-15_02-05-00,20,2,clahe_otsu,17.29736328125
320x_2025-05-15_02-05-00,20,3,unet,0.0
320x_2025-05-15_02-05-00,20,3,resunet,0.0
320x_2025-05-15_02-05-00,20,3,attention_resunet,0.0
320x_2025-05-15_02-05-00,20,3,clahe_otsu,15.99884033203125
320x_2025-05-15_02-05-00,20,4,unet,0.0
320x_2025-05-15_02-05-00,20,4,resunet,0.0
320x_2025-05-15_02-05-00,20,4,attention_resunet,0.0
320x_2025-05-15_02-05-00,20,4,clahe_otsu,17.596435546875
320x_2025-05-15_02-05-00,20,5,unet,0.0
320x_2025-05-15_02-05-00,20,5,resunet,0.0
320x_2025-05-15_02-05-00,20,5,attention_resunet,0.0
320x_2025-05-15_02-05-00,20,5,clahe_otsu,14.95819091796875
320x_2025-05-15_02-05-00,20,6,unet,0.0
320x_2025-05-15_02-05-00,20,6,resunet,0.0
320x_2025-05-15_02-05-00,20,6,attention_resunet,0.0
320x_2025-05-15_02-05-00,20,6,clahe_otsu,17.83294677734375
320x_2025-05-15_02-05-00,20,7,unet,0.0
320x_2025-05-15_02-05-00,20,7,resunet,0.054931640625
320x_2025-05-15_02-05-00,20,7,attention_resunet,0.0
320x_2025-05-15_02-05-00,20,7,clahe_otsu,14.43939208984375
320x_2025-05-15_02-05-00,20,8,unet,0.03814697265625
320x_2025-05-15_02-05-00,20,8,resunet,0.0
320x_2025-05-15_02-05-00,20,8,attention_resunet,0.0
320x_2025-05-15_02-05-00,20,8,clahe_otsu,15.24658203125
320x_2025-05-15_02-05-00,20,9,unet,0.0
320x_2025-05-15_02-05-00,20,9,resunet,0.0
320x_2025-05-15_02-05-00,20,9,attention_resunet,0.0
320x_2025-05-15_02-05-00,20,9,clahe_otsu,14.7369384765625
320x_2025-05-15_02-05-00,20,10,unet,0.225830078125
320x_2025-05-15_02-05-00,20,10,resunet,3.7261962890625
320x_2025-05-15_02-05-00,20,10,attention_resunet,0.0
320x_2025-05-15_02-05-00,20,10,clahe_otsu,15.94390869140625
320x_2025-05-15_02-05-00,20,11,unet,3.11126708984375
320x_2025-05-15_02-05-00,20,11,resunet,37.67242431640625
320x_2025-05-15_02-05-00,20,11,attention_resunet,3.4423828125
320x_2025-05-15_02-05-00,20,11,clahe_otsu,14.97955322265625
320x_2025-05-15_02-05-00,20,12,unet,18.2769775390625
320x_2025-05-15_02-05-00,20,12,resunet,91.81976318359375
320x_2025-05-15_02-05-00,20,12,attention_resunet,31.55975341796875
320x_2025-05-15_02-05-00,20,12,clahe_otsu,15.92254638671875
320x_2025-05-15_02-05-00,20,13,unet,17.578125
320x_2025-05-15_02-05-00,20,13,resunet,54.132080078125
320x_2025-05-15_02-05-00,20,13,attention_resunet,14.0625
320x_2025-05-15_02-05-00,20,13,clahe_otsu,32.1502685546875
320x_2025-05-15_02-05-00,20,14,unet,0.0
320x_2025-05-15_02-05-00,20,14,resunet,1.03912353515625
320x_2025-05-15_02-05-00,20,14,attention_resunet,0.0
320x_2025-05-15_02-05-00,20,14,clahe_otsu,51.06964111328125
320x_2025-05-15_02-05-00,20,15,unet,0.0640869140625
320x_2025-05-15_02-05-00,20,15,resunet,2.70233154296875
320x_2025-05-15_02-05-00,20,15,attention_resunet,0.0
320x_2025-05-15_02-05-00,20,15,clahe_otsu,20.8251953125
320x_2025-05-15_02-05-00,20,16,unet,0.0
320x_2025-05-15_02-05-00,20,16,resunet,0.0
320x_2025-05-15_02-05-00,20,16,attention_resunet,0.0
320x_2025-05-15_02-05-00,20,16,clahe_otsu,18.646240234375
320x_2025-05-15_02-05-00,20,17,unet,0.0
320x_2025-05-15_02-05-00,20,17,resunet,0.0
320x_2025-05-15_02-05-00,20,17,attention_resunet,0.0
320x_2025-05-15_02-05-00,20,17,clahe_otsu,17.132568359375
320x_2025-05-15_02-05-00,20,18,unet,0.0
320x_2025-05-15_02-05-00,20,18,resunet,0.0
320x_2025-05-15_02-05-00,20,18,attention_resunet,0.0
320x_2025-05-15_02-05-00,20,18,clahe_otsu,16.56341552734375
320x_2025-05-15_02-05-00,20,19,unet,0.0
320x_2025-05-15_02-05-00,20,19,resunet,0.0
320x_2025-05-15_02-05-00,20,19,attention_resunet,0.0
320x_2025-05-15_02-05-00,20,19,clahe_otsu,16.34521484375
320x_2025-05-15_02-05-00,20,20,unet,0.0
320x_2025-05-15_02-05-00,20,20,resunet,0.0091552734375
320x_2025-05-15_02-05-00,20,20,attention_resunet,0.0
320x_2025-05-15_02-05-00,20,20,clahe_otsu,18.15338134765625
320x_2025-05-15_02-05-00,20,21,unet,0.0
320x_2025-05-15_02-05-00,20,21,resunet,0.0
320x_2025-05-15_02-05-00,20,21,attention_resunet,0.0
320x_2025-05-15_02-05-00,20,21,clahe_otsu,14.60418701171875
320x_2025-05-15_02-05-00,20,22,unet,0.0
320x_2025-05-15_02-05-00,20,22,resunet,0.0
320x_2025-05-15_02-05-00,20,22,attention_resunet,0.0
320x_2025-05-15_02-05-00,20,22,clahe_otsu,15.60821533203125
320x_2025-05-15_02-05-00,20,23,unet,0.0
320x_2025-05-15_02-05-00,20,23,resunet,0.0
320x_2025-05-15_02-05-00,20,23,attention_resunet,0.0
320x_2025-05-15_02-05-00,20,23,clahe_otsu,13.19122314453125
320x_2025-05-15_02-05-00,20,24,unet,0.0
320x_2025-05-15_02-05-00,20,24,resunet,0.0
320x_2025-05-15_02-05-00,20,24,attention_resunet,0.0
320x_2025-05-15_02-05-00,20,24,clahe_otsu,13.53759765625
320x_2025-05-15_02-05-00,20,25,unet,0.0
320x_2025-05-15_02-05-00,20,25,resunet,0.00762939453125
320x_2025-05-15_02-05-00,20,25,attention_resunet,0.0
320x_2025-05-15_02-05-00,20,25,clahe_otsu,13.36212158203125
320x_2025-05-15_02-05-00,20,26,unet,0.0
320x_2025-05-15_02-05-00,20,26,resunet,0.49591064453125
320x_2025-05-15_02-05-00,20,26,attention_resunet,0.0
320x_2025-05-15_02-05-00,20,26,clahe_otsu,14.27764892578125
320x_2025-05-15_02-05-00,20,27,unet,3.52630615234375
320x_2025-05-15_02-05-00,20,27,resunet,30.3924560546875
320x_2025-05-15_02-05-00,20,27,attention_resunet,2.2216796875
320x_2025-05-15_02-05-00,20,27,clahe_otsu,16.7205810546875
320x_2025-05-15_02-05-00,20,28,unet,30.2276611328125
320x_2025-05-15_02-05-00,20,28,resunet,89.544677734375
320x_2025-05-15_02-05-00,20,28,attention_resunet,32.23876953125
320x_2025-05-15_02-05-00,20,28,clahe_otsu,17.7215576171875
320x_2025-05-15_02-05-00,20,29,unet,5.03387451171875
320x_2025-05-15_02-05-00,20,29,resunet,33.21533203125
320x_2025-05-15_02-05-00,20,29,attention_resunet,2.9754638671875
320x_2025-05-15_02-05-00,20,29,clahe_otsu,47.75390625
320x_2025-05-15_02-05-00,20,30,unet,0.0
320x_2025-05-15_02-05-00,20,30,resunet,0.12359619140625
320x_2025-05-15_02-05-00,20,30,attention_resunet,0.0
320x_2025-05-15_02-05-00,20,30,clahe_otsu,21.32415771484375
320x_2025-05-15_02-05-00,20,31,unet,0.0
320x_2025-05-15_02-05-00,20,31,resunet,0.0
320x_2025-05-15_02-05-00,20,31,attention_resunet,0.0
320x_2025-05-15_02-05-00,20,31,clahe_otsu,16.88995361328125
320x_2025-05-15_02-05-00,20,32,unet,0.0
320x_2025-05-15_02-05-00,20,32,resunet,0.0
320x_2025-05-15_02-05-00,20,32,attention_resunet,0.0
320x_2025-05-15_02-05-00,20,32,clahe_otsu,18.121337890625
320x_2025-05-15_02-05-00,20,33,unet,0.0
320x_2025-05-15_02-05-00,20,33,resunet,0.0
320x_2025-05-15_02-05-00,20,33,attention_resunet,0.0
320x_2025-05-15_02-05-00,20,33,clahe_otsu,16.522216796875
320x_2025-05-15_02-05-00,20,34,unet,0.0
320x_2025-05-15_02-05-00,20,34,resunet,0.0
320x_2025-05-15_02-05-00,20,34,attention_resunet,0.0
320x_2025-05-15_02-05-00,20,34,clahe_otsu,16.90521240234375
320x_2025-05-15_02-05-00,20,35,unet,0.0
320x_2025-05-15_02-05-00,20,35,resunet,0.0
320x_2025-05-15_02-05-00,20,35,attention_resunet,0.0
320x_2025-05-15_02-05-00,20,35,clahe_otsu,15.4541015625
320x_2025-05-15_02-05-00,20,36,unet,0.0
320x_2025-05-15_02-05-00,20,36,resunet,0.09613037109375
320x_2025-05-15_02-05-00,20,36,attention_resunet,0.0
320x_2025-05-15_02-05-00,20,36,clahe_otsu,15.60211181640625
320x_2025-05-15_02-05-00,20,37,unet,0.0
320x_2025-05-15_02-05-00,20,37,resunet,0.0
320x_2025-05-15_02-05-00,20,37,attention_resunet,0.0
320x_2025-05-15_02-05-00,20,37,clahe_otsu,13.4857177734375
320x_2025-05-15_02-05-00,20,38,unet,0.0
320x_2025-05-15_02-05-00,20,38,resunet,0.0
320x_2025-05-15_02-05-00,20,38,attention_resunet,0.0
320x_2025-05-15_02-05-00,20,38,clahe_otsu,15.26336669921875
320x_2025-05-15_02-05-00,20,39,unet,0.0
320x_2025-05-15_02-05-00,20,39,resunet,0.02899169921875
320x_2025-05-15_02-05-00,20,39,attention_resunet,0.0
320x_2025-05-15_02-05-00,20,39,clahe_otsu,15.6585693359375
320x_2025-05-15_02-05-00,20,40,unet,0.0
320x_2025-05-15_02-05-00,20,40,resunet,0.22430419921875
320x_2025-05-15_02-05-00,20,40,attention_resunet,0.0
320x_2025-05-15_02-05-00,20,40,clahe_otsu,13.86260986328125
320x_2025-05-15_02-05-00,20,41,unet,0.0
320x_2025-05-15_02-05-00,20,41,resunet,0.0
320x_2025-05-15_02-05-00,20,41,attention_resunet,0.0
320x_2025-05-15_02-05-00,20,41,clahe_otsu,13.5986328125
320x_2025-05-15_02-05-00,20,42,unet,0.0
320x_2025-05-15_02-05-00,20,42,resunet,0.0
320x_2025-05-15_02-05-00,20,42,attention_resunet,0.0
320x_2025-05-15_02-05-00,20,42,clahe_otsu,14.56146240234375
320x_2025-05-15_02-05-00,20,43,unet,1.33514404296875
320x_2025-05-15_02-05-00,20,43,resunet,19.66552734375
320x_2025-05-15_02-05-00,20,43,attention_resunet,0.43487548828125
320x_2025-05-15_02-05-00,20,43,clahe_otsu,16.143798828125
320x_2025-05-15_02-05-00,20,44,unet,20.92742919921875
320x_2025-05-15_02-05-00,20,44,resunet,69.65789794921875
320x_2025-05-15_02-05-00,20,44,attention_resunet,14.61639404296875
320x_2025-05-15_02-05-00,20,44,clahe_otsu,31.19659423828125
320x_2025-05-15_02-05-00,20,45,unet,0.0
320x_2025-05-15_02-05-00,20,45,resunet,0.0
320x_2025-05-15_02-05-00,20,45,attention_resunet,0.0
320x_2025-05-15_02-05-00,20,45,clahe_otsu,19.927978515625
320x_2025-05-15_02-05-00,20,46,unet,0.0
320x_2025-05-15_02-05-00,20,46,resunet,0.0
320x_2025-05-15_02-05-00,20,46,attention_resunet,0.0
320x_2025-05-15_02-05-00,20,46,clahe_otsu,14.6575927734375
320x_2025-05-15_02-05-00,20,47,unet,0.0
320x_2025-05-15_02-05-00,20,47,resunet,0.0
320x_2025-05-15_02-05-00,20,47,attention_resunet,0.0
320x_2025-05-15_02-05-00,20,47,clahe_otsu,16.81060791015625
320x_2025-05-15_02-05-00,20,48,unet,0.0
320x_2025-05-15_02-05-00,20,48,resunet,0.0
320x_2025-05-15_02-05-00,20,48,attention_resunet,0.0
320x_2025-05-15_02-05-00,20,48,clahe_otsu,14.82391357421875
320x_2025-05-15_02-05-00,20,49,unet,0.0
320x_2025-05-15_02-05-00,20,49,resunet,0.0
320x_2025-05-15_02-05-00,20,49,attention_resunet,0.0
320x_2025-05-15_02-05-00,20,49,clahe_otsu,15.78369140625
320x_2025-05-15_02-05-00,20,50,unet,0.0
320x_2025-05-15_02-05-00,20,50,resunet,0.0
320x_2025-05-15_02-05-00,20,50,attention_resunet,0.0
320x_2025-05-15_02-05-00,20,50,clahe_otsu,14.9444580078125
320x_2025-05-15_02-05-00,20,51,unet,0.0
320x_2025-05-15_02-05-00,20,51,resunet,0.0
320x_2025-05-15_02-05-00,20,51,attention_resunet,0.0
320x_2025-05-15_02-05-00,20,51,clahe_otsu,15.8050537109375
320x_2025-05-15_02-05-00,20,52,unet,0.0
320x_2025-05-15_02-05-00,20,52,resunet,0.0
320x_2025-05-15_02-05-00,20,52,attention_resunet,0.0
320x_2025-05-15_02-05-00,20,52,clahe_otsu,13.6749267578125
320x_2025-05-15_02-05-00,20,53,unet,0.0
320x_2025-05-15_02-05-00,20,53,resunet,0.0
320x_2025-05-15_02-05-00,20,53,attention_resunet,0.0
320x_2025-05-15_02-05-00,20,53,clahe_otsu,14.27764892578125
320x_2025-05-15_02-05-00,20,54,unet,0.0
320x_2025-05-15_02-05-00,20,54,resunet,0.0
320x_2025-05-15_02-05-00,20,54,attention_resunet,0.0
320x_2025-05-15_02-05-00,20,54,clahe_otsu,14.4256591796875
320x_2025-05-15_02-05-00,20,55,unet,0.0
320x_2025-05-15_02-05-00,20,55,resunet,0.0
320x_2025-05-15_02-05-00,20,55,attention_resunet,0.0
320x_2025-05-15_02-05-00,20,55,clahe_otsu,15.643310546875
320x_2025-05-15_02-05-00,20,56,unet,0.0
320x_2025-05-15_02-05-00,20,56,resunet,0.0
320x_2025-05-15_02-05-00,20,56,attention_resunet,0.0
320x_2025-05-15_02-05-00,20,56,clahe_otsu,13.95416259765625
320x_2025-05-15_02-05-00,20,57,unet,0.0
320x_2025-05-15_02-05-00,20,57,resunet,0.0
320x_2025-05-15_02-05-00,20,57,attention_resunet,0.0
320x_2025-05-15_02-05-00,20,57,clahe_otsu,14.37835693359375
320x_2025-05-15_02-05-00,20,58,unet,0.0
320x_2025-05-15_02-05-00,20,58,resunet,0.0
320x_2025-05-15_02-05-00,20,58,attention_resunet,0.0
320x_2025-05-15_02-05-00,20,58,clahe_otsu,14.64691162109375
320x_2025-05-15_02-05-00,20,59,unet,18.84002685546875
320x_2025-05-15_02-05-00,20,59,resunet,65.63720703125
320x_2025-05-15_02-05-00,20,59,attention_resunet,18.02215576171875
320x_2025-05-15_02-05-00,20,59,clahe_otsu,20.42236328125
320x_2025-05-15_02-05-00,20,60,unet,0.0
320x_2025-05-15_02-05-00,20,60,resunet,0.0
320x_2025-05-15_02-05-00,20,60,attention_resunet,0.0
320x_2025-05-15_02-05-00,20,60,clahe_otsu,18.40057373046875
320x_2025-05-15_02-05-00,20,61,unet,0.0
320x_2025-05-15_02-05-00,20,61,resunet,0.0
320x_2025-05-15_02-05-00,20,61,attention_resunet,0.0
320x_2025-05-15_02-05-00,20,61,clahe_otsu,17.82989501953125
320x_2025-05-15_02-05-00,20,62,unet,0.0
320x_2025-05-15_02-05-00,20,62,resunet,0.0
320x_2025-05-15_02-05-00,20,62,attention_resunet,0.0
320x_2025-05-15_02-05-00,20,62,clahe_otsu,18.182373046875
320x_2025-05-15_02-05-00,20,63,unet,0.0
320x_2025-05-15_02-05-00,20,63,resunet,0.0
320x_2025-05-15_02-05-00,20,63,attention_resunet,0.0
320x_2025-05-15_02-05-00,20,63,clahe_otsu,14.63165283203125
320x_2025-05-15_02-05-00,20,64,unet,0.0
320x_2025-05-15_02-05-00,20,64,resunet,0.0
320x_2025-05-15_02-05-00,20,64,attention_resunet,0.0
320x_2025-05-15_02-05-00,20,64,clahe_otsu,15.185546875
320x_2025-05-15_02-05-00,20,65,unet,0.0
320x_2025-05-15_02-05-00,20,65,resunet,0.01068115234375
320x_2025-05-15_02-05-00,20,65,attention_resunet,0.0
320x_2025-05-15_02-05-00,20,65,clahe_otsu,14.630126953125
320x_2025-05-15_02-05-00,20,66,unet,0.0
320x_2025-05-15_02-05-00,20,66,resunet,0.0
320x_2025-05-15_02-05-00,20,66,attention_resunet,0.0
320x_2025-05-15_02-05-00,20,66,clahe_otsu,14.8101806640625
320x_2025-05-15_02-05-00,20,67,unet,0.0
320x_2025-05-15_02-05-00,20,67,resunet,0.0
320x_2025-05-15_02-05-00,20,67,attention_resunet,0.0
320x_2025-05-15_02-05-00,20,67,clahe_otsu,13.54217529296875
320x_2025-05-15_02-05-00,20,68,unet,0.0
320x_2025-05-15_02-05-00,20,68,resunet,0.0
320x_2025-05-15_02-05-00,20,68,attention_resunet,0.0
320x_2025-05-15_02-05-00,20,68,clahe_otsu,14.55230712890625
320x_2025-05-15_02-05-00,20,69,unet,0.0
320x_2025-05-15_02-05-00,20,69,resunet,0.0
320x_2025-05-15_02-05-00,20,69,attention_resunet,0.0
320x_2025-05-15_02-05-00,20,69,clahe_otsu,14.9993896484375
320x_2025-05-15_02-05-00,20,70,unet,0.0
320x_2025-05-15_02-05-00,20,70,resunet,0.0
320x_2025-05-15_02-05-00,20,70,attention_resunet,0.0
320x_2025-05-15_02-05-00,20,70,clahe_otsu,12.4267578125
320x_2025-05-15_02-05-00,20,71,unet,0.0
320x_2025-05-15_02-05-00,20,71,resunet,0.0
320x_2025-05-15_02-05-00,20,71,attention_resunet,0.0
320x_2025-05-15_02-05-00,20,71,clahe_otsu,14.2669677734375
320x_2025-05-15_02-05-00,20,72,unet,0.0
320x_2025-05-15_02-05-00,20,72,resunet,0.0
320x_2025-05-15_02-05-00,20,72,attention_resunet,0.0
320x_2025-05-15_02-05-00,20,72,clahe_otsu,13.82904052734375
320x_2025-05-15_02-05-00,20,73,unet,0.0
320x_2025-05-15_02-05-00,20,73,resunet,0.01220703125
320x_2025-05-15_02-05-00,20,73,attention_resunet,0.0
320x_2025-05-15_02-05-00,20,73,clahe_otsu,15.07110595703125
320x_2025-05-15_02-05-00,20,74,unet,26.0955810546875
320x_2025-05-15_02-05-00,20,74,resunet,55.38482666015625
320x_2025-05-15_02-05-00,20,74,attention_resunet,14.31732177734375
320x_2025-05-15_02-05-00,20,74,clahe_otsu,19.6258544921875
320x_2025-05-15_02-05-00,20,75,unet,0.0
320x_2025-05-15_02-05-00,20,75,resunet,0.00152587890625
320x_2025-05-15_02-05-00,20,75,attention_resunet,0.0
320x_2025-05-15_02-05-00,20,75,clahe_otsu,20.79315185546875
320x_2025-05-15_02-05-00,20,76,unet,0.0
320x_2025-05-15_02-05-00,20,76,resunet,0.0
320x_2025-05-15_02-05-00,20,76,attention_resunet,0.0
320x_2025-05-15_02-05-00,20,76,clahe_otsu,15.5517578125
320x_2025-05-15_02-05-00,20,77,unet,0.0
320x_2025-05-15_02-05-00,20,77,resunet,0.0
320x_2025-05-15_02-05-00,20,77,attention_resunet,0.0
320x_2025-05-15_02-05-00,20,77,clahe_otsu,15.9332275390625
320x_2025-05-15_02-05-00,20,78,unet,0.0
320x_2025-05-15_02-05-00,20,78,resunet,0.0
320x_2025-05-15_02-05-00,20,78,attention_resunet,0.0
320x_2025-05-15_02-05-00,20,78,clahe_otsu,14.59808349609375
320x_2025-05-15_02-05-00,20,79,unet,0.0
320x_2025-05-15_02-05-00,20,79,resunet,0.0
320x_2025-05-15_02-05-00,20,79,attention_resunet,0.0
320x_2025-05-15_02-05-00,20,79,clahe_otsu,15.8355712890625
320x_2025-05-15_02-05-00,20,80,unet,0.0
320x_2025-05-15_02-05-00,20,80,resunet,0.0
320x_2025-05-15_02-05-00,20,80,attention_resunet,0.0
320x_2025-05-15_02-05-00,20,80,clahe_otsu,15.30303955078125
320x_2025-05-15_02-05-00,20,81,unet,0.0
320x_2025-05-15_02-05-00,20,81,resunet,0.0
320x_2025-05-15_02-05-00,20,81,attention_resunet,0.0
320x_2025-05-15_02-05-00,20,81,clahe_otsu,15.9088134765625
320x_2025-05-15_02-05-00,20,82,unet,0.0
320x_2025-05-15_02-05-00,20,82,resunet,0.0
320x_2025-05-15_02-05-00,20,82,attention_resunet,0.0
320x_2025-05-15_02-05-00,20,82,clahe_otsu,13.9495849609375
320x_2025-05-15_02-05-00,20,83,unet,0.0
320x_2025-05-15_02-05-00,20,83,resunet,0.0
320x_2025-05-15_02-05-00,20,83,attention_resunet,0.0
320x_2025-05-15_02-05-00,20,83,clahe_otsu,13.5498046875
320x_2025-05-15_02-05-00,20,84,unet,0.0
320x_2025-05-15_02-05-00,20,84,resunet,0.0
320x_2025-05-15_02-05-00,20,84,attention_resunet,0.0
320x_2025-05-15_02-05-00,20,84,clahe_otsu,14.21966552734375
320x_2025-05-15_02-05-00,20,85,unet,0.0
320x_2025-05-15_02-05-00,20,85,resunet,0.0
320x_2025-05-15_02-05-00,20,85,attention_resunet,0.0
320x_2025-05-15_02-05-00,20,85,clahe_otsu,12.548828125
320x_2025-05-15_02-05-00,20,86,unet,0.0
320x_2025-05-15_02-05-00,20,86,resunet,0.0
320x_2025-05-15_02-05-00,20,86,attention_resunet,0.0
320x_2025-05-15_02-05-00,20,86,clahe_otsu,13.96331787109375
320x_2025-05-15_02-05-00,20,87,unet,0.0
320x_2025-05-15_02-05-00,20,87,resunet,0.0
320x_2025-05-15_02-05-00,20,87,attention_resunet,0.0
320x_2025-05-15_02-05-00,20,87,clahe_otsu,16.39862060546875
320x_2025-05-15_02-05-00,20,88,unet,0.0
320x_2025-05-15_02-05-00,20,88,resunet,0.0
320x_2025-05-15_02-05-00,20,88,attention_resunet,0.0
320x_2025-05-15_02-05-00,20,88,clahe_otsu,15.25421142578125
320x_2025-05-15_02-05-00,20,89,unet,18.54705810546875
320x_2025-05-15_02-05-00,20,89,resunet,38.24310302734375
320x_2025-05-15_02-05-00,20,89,attention_resunet,16.2322998046875
320x_2025-05-15_02-05-00,20,89,clahe_otsu,19.91424560546875
320x_2025-05-15_02-05-00,20,90,unet,0.24871826171875
320x_2025-05-15_02-05-00,20,90,resunet,0.01220703125
320x_2025-05-15_02-05-00,20,90,attention_resunet,0.0091552734375
320x_2025-05-15_02-05-00,20,90,clahe_otsu,22.84698486328125
320x_2025-05-15_02-05-00,20,91,unet,0.0
320x_2025-05-15_02-05-00,20,91,resunet,0.0
320x_2025-05-15_02-05-00,20,91,attention_resunet,0.0
320x_2025-05-15_02-05-00,20,91,clahe_otsu,19.19403076171875
320x_2025-05-15_02-05-00,20,92,unet,0.0
320x_2025-05-15_02-05-00,20,92,resunet,0.0
320x_2025-05-15_02-05-00,20,92,attention_resunet,0.0
320x_2025-05-15_02-05-00,20,92,clahe_otsu,17.413330078125
320x_2025-05-15_02-05-00,20,93,unet,0.0
320x_2025-05-15_02-05-00,20,93,resunet,0.0
320x_2025-05-15_02-05-00,20,93,attention_resunet,0.0
320x_2025-05-15_02-05-00,20,93,clahe_otsu,16.52069091796875
320x_2025-05-15_02-05-00,20,94,unet,0.0
320x_2025-05-15_02-05-00,20,94,resunet,0.0
320x_2025-05-15_02-05-00,20,94,attention_resunet,0.0
320x_2025-05-15_02-05-00,20,94,clahe_otsu,16.595458984375
320x_2025-05-15_02-05-00,20,95,unet,0.0
320x_2025-05-15_02-05-00,20,95,resunet,0.0
320x_2025-05-15_02-05-00,20,95,attention_resunet,0.0
320x_2025-05-15_02-05-00,20,95,clahe_otsu,15.66619873046875
320x_2025-05-15_02-05-00,20,96,unet,0.0
320x_2025-05-15_02-05-00,20,96,resunet,0.0
320x_2025-05-15_02-05-00,20,96,attention_resunet,0.0
320x_2025-05-15_02-05-00,20,96,clahe_otsu,14.4866943359375
320x_2025-05-15_02-05-00,20,97,unet,0.0
320x_2025-05-15_02-05-00,20,97,resunet,0.0
320x_2025-05-15_02-05-00,20,97,attention_resunet,0.0
320x_2025-05-15_02-05-00,20,97,clahe_otsu,14.34326171875
320x_2025-05-15_02-05-00,20,98,unet,0.0
320x_2025-05-15_02-05-00,20,98,resunet,0.0
320x_2025-05-15_02-05-00,20,98,attention_resunet,0.0
320x_2025-05-15_02-05-00,20,98,clahe_otsu,15.52276611328125
320x_2025-05-15_02-05-00,20,99,unet,0.0
320x_2025-05-15_02-05-00,20,99,resunet,0.0
320x_2025-05-15_02-05-00,20,99,attention_resunet,0.0
320x_2025-05-15_02-05-00,20,99,clahe_otsu,16.1041259765625
320x_2025-05-15_02-05-00,20,100,unet,0.0
320x_2025-05-15_02-05-00,20,100,resunet,0.0
320x_2025-05-15_02-05-00,20,100,attention_resunet,0.0
320x_2025-05-15_02-05-00,20,100,clahe_otsu,13.616943359375
320x_2025-05-15_02-05-00,20,101,unet,0.0
320x_2025-05-15_02-05-00,20,101,resunet,0.0
320x_2025-05-15_02-05-00,20,101,attention_resunet,0.0
320x_2025-05-15_02-05-00,20,101,clahe_otsu,13.909912109375
320x_2025-05-15_02-05-00,20,102,unet,0.0
320x_2025-05-15_02-05-00,20,102,resunet,0.0
320x_2025-05-15_02-05-00,20,102,attention_resunet,0.0
320x_2025-05-15_02-05-00,20,102,clahe_otsu,16.74957275390625
320x_2025-05-15_02-05-00,20,103,unet,0.0
320x_2025-05-15_02-05-00,20,103,resunet,0.0
320x_2025-05-15_02-05-00,20,103,attention_resunet,0.0
320x_2025-05-15_02-05-00,20,103,clahe_otsu,16.43524169921875
320x_2025-05-15_02-05-00,20,104,unet,7.47528076171875
320x_2025-05-15_02-05-00,20,104,resunet,19.41986083984375
320x_2025-05-15_02-05-00,20,104,attention_resunet,1.68609619140625
320x_2025-05-15_02-05-00,20,104,clahe_otsu,16.36199951171875
320x_2025-05-15_02-05-00,20,105,unet,1.9622802734375
320x_2025-05-15_02-05-00,20,105,resunet,11.97357177734375
320x_2025-05-15_02-05-00,20,105,attention_resunet,6.39495849609375
320x_2025-05-15_02-05-00,20,105,clahe_otsu,29.71954345703125
320x_2025-05-15_02-05-00,20,106,unet,0.0
320x_2025-05-15_02-05-00,20,106,resunet,0.0
320x_2025-05-15_02-05-00,20,106,attention_resunet,0.0
320x_2025-05-15_02-05-00,20,106,clahe_otsu,19.02618408203125
320x_2025-05-15_02-05-00,20,107,unet,0.0
320x_2025-05-15_02-05-00,20,107,resunet,0.0
320x_2025-05-15_02-05-00,20,107,attention_resunet,0.0
320x_2025-05-15_02-05-00,20,107,clahe_otsu,17.999267578125
320x_2025-05-15_02-05-00,20,108,unet,0.0
320x_2025-05-15_02-05-00,20,108,resunet,0.0
320x_2025-05-15_02-05-00,20,108,attention_resunet,0.0
320x_2025-05-15_02-05-00,20,108,clahe_otsu,16.79229736328125
320x_2025-05-15_02-05-00,20,109,unet,0.0
320x_2025-05-15_02-05-00,20,109,resunet,0.0
320x_2025-05-15_02-05-00,20,109,attention_resunet,0.0
320x_2025-05-15_02-05-00,20,109,clahe_otsu,17.46368408203125
320x_2025-05-15_02-05-00,20,110,unet,0.0
320x_2025-05-15_02-05-00,20,110,resunet,0.0
320x_2025-05-15_02-05-00,20,110,attention_resunet,0.0
320x_2025-05-15_02-05-00,20,110,clahe_otsu,16.40167236328125
320x_2025-05-15_02-05-00,20,111,unet,0.0
320x_2025-05-15_02-05-00,20,111,resunet,0.0
320x_2025-05-15_02-05-00,20,111,attention_resunet,0.0
320x_2025-05-15_02-05-00,20,111,clahe_otsu,15.80657958984375
320x_2025-05-15_02-05-00,20,112,unet,0.0
320x_2025-05-15_02-05-00,20,112,resunet,0.0
320x_2025-05-15_02-05-00,20,112,attention_resunet,0.0
320x_2025-05-15_02-05-00,20,112,clahe_otsu,15.96221923828125
320x_2025-05-15_02-05-00,20,113,unet,0.0
320x_2025-05-15_02-05-00,20,113,resunet,0.0
320x_2025-05-15_02-05-00,20,113,attention_resunet,0.0
320x_2025-05-15_02-05-00,20,113,clahe_otsu,16.058349609375
320x_2025-05-15_02-05-00,20,114,unet,0.0
320x_2025-05-15_02-05-00,20,114,resunet,0.0
320x_2025-05-15_02-05-00,20,114,attention_resunet,0.0
320x_2025-05-15_02-05-00,20,114,clahe_otsu,17.5048828125
320x_2025-05-15_02-05-00,20,115,unet,0.0
320x_2025-05-15_02-05-00,20,115,resunet,0.0
320x_2025-05-15_02-05-00,20,115,attention_resunet,0.0
320x_2025-05-15_02-05-00,20,115,clahe_otsu,15.704345703125
320x_2025-05-15_02-05-00,20,116,unet,0.0
320x_2025-05-15_02-05-00,20,116,resunet,0.0
320x_2025-05-15_02-05-00,20,116,attention_resunet,0.0
320x_2025-05-15_02-05-00,20,116,clahe_otsu,16.41845703125
320x_2025-05-15_02-05-00,20,117,unet,0.0
320x_2025-05-15_02-05-00,20,117,resunet,0.0
320x_2025-05-15_02-05-00,20,117,attention_resunet,0.0
320x_2025-05-15_02-05-00,20,117,clahe_otsu,17.0013427734375
320x_2025-05-15_02-05-00,20,118,unet,0.0
320x_2025-05-15_02-05-00,20,118,resunet,0.0
320x_2025-05-15_02-05-00,20,118,attention_resunet,0.0
320x_2025-05-15_02-05-00,20,118,clahe_otsu,17.3583984375
320x_2025-05-15_02-05-00,20,119,unet,6.109619140625
320x_2025-05-15_02-05-00,20,119,resunet,19.09332275390625
320x_2025-05-15_02-05-00,20,119,attention_resunet,2.04315185546875
320x_2025-05-15_02-05-00,20,119,clahe_otsu,20.95794677734375
5120x_2025-05-16_00-59-00_002,20,0,unet,0.0
5120x_2025-05-16_00-59-00_002,20,0,resunet,0.0
5120x_2025-05-16_00-59-00_002,20,0,attention_resunet,0.0
5120x_2025-05-16_00-59-00_002,20,0,clahe_otsu,27.9998779296875
5120x_2025-05-16_00-59-00_002,20,1,unet,0.0
5120x_2025-05-16_00-59-00_002,20,1,resunet,0.0
5120x_2025-05-16_00-59-00_002,20,1,attention_resunet,0.0
5120x_2025-05-16_00-59-00_002,20,1,clahe_otsu,29.1595458984375
5120x_2025-05-16_00-59-00_002,20,2,unet,0.0
5120x_2025-05-16_00-59-00_002,20,2,resunet,0.0
5120x_2025-05-16_00-59-00_002,20,2,attention_resunet,0.0
5120x_2025-05-16_00-59-00_002,20,2,clahe_otsu,39.31884765625
5120x_2025-05-16_00-59-00_002,20,3,unet,0.0
5120x_2025-05-16_00-59-00_002,20,3,resunet,0.006103515625
5120x_2025-05-16_00-59-00_002,20,3,attention_resunet,0.0
5120x_2025-05-16_00-59-00_002,20,3,clahe_otsu,31.66961669921875
5120x_2025-05-16_00-59-00_002,20,4,unet,2.01568603515625
5120x_2025-05-16_00-59-00_002,20,4,resunet,22.6104736328125
5120x_2025-05-16_00-59-00_002,20,4,attention_resunet,0.0
5120x_2025-05-16_00-59-00_002,20,4,clahe_otsu,45.49407958984375
5120x_2025-05-16_00-59-00_002,20,5,unet,21.234130859375
5120x_2025-05-16_00-59-00_002,20,5,resunet,96.95892333984375
5120x_2025-05-16_00-59-00_002,20,5,attention_resunet,5.242919921875
5120x_2025-05-16_00-59-00_002,20,5,clahe_otsu,34.65728759765625
5120x_2025-05-16_00-59-00_002,20,6,unet,69.287109375
5120x_2025-05-16_00-59-00_002,20,6,resunet,99.9847412109375
5120x_2025-05-16_00-59-00_002,20,6,attention_resunet,17.0013427734375
5120x_2025-05-16_00-59-00_002,20,6,clahe_otsu,32.073974609375
5120x_2025-05-16_00-59-00_002,20,7,unet,96.70867919921875
5120x_2025-05-16_00-59-00_002,20,7,resunet,99.60479736328125
5120x_2025-05-16_00-59-00_002,20,7,attention_resunet,29.08172607421875
5120x_2025-05-16_00-59-00_002,20,7,clahe_otsu,1.7120361328125
5120x_2025-05-16_00-59-00_002,20,8,unet,99.072265625
5120x_2025-05-16_00-59-00_002,20,8,resunet,99.95269775390625
5120x_2025-05-16_00-59-00_002,20,8,attention_resunet,37.53204345703125
5120x_2025-05-16_00-59-00_002,20,8,clahe_otsu,29.54559326171875
5120x_2025-05-16_00-59-00_002,20,9,unet,98.797607421875
5120x_2025-05-16_00-59-00_002,20,9,resunet,99.84588623046875
5120x_2025-05-16_00-59-00_002,20,9,attention_resunet,28.60260009765625
5120x_2025-05-16_00-59-00_002,20,9,clahe_otsu,35.87646484375
5120x_2025-05-16_00-59-00_002,20,10,unet,89.56451416015625
5120x_2025-05-16_00-59-00_002,20,10,resunet,99.71160888671875
5120x_2025-05-16_00-59-00_002,20,10,attention_resunet,14.10980224609375
5120x_2025-05-16_00-59-00_002,20,10,clahe_otsu,45.9747314453125
5120x_2025-05-16_00-59-00_002,20,11,unet,37.98980712890625
5120x_2025-05-16_00-59-00_002,20,11,resunet,98.370361328125
5120x_2025-05-16_00-59-00_002,20,11,attention_resunet,9.50164794921875
5120x_2025-05-16_00-59-00_002,20,11,clahe_otsu,48.7579345703125
5120x_2025-05-16_00-59-00_002,20,12,unet,5.15899658203125
5120x_2025-05-16_00-59-00_002,20,12,resunet,92.50335693359375
5120x_2025-05-16_00-59-00_002,20,12,attention_resunet,5.87310791015625
5120x_2025-05-16_00-59-00_002,20,12,clahe_otsu,44.256591796875
5120x_2025-05-16_00-59-00_002,20,13,unet,0.0
5120x_2025-05-16_00-59-00_002,20,13,resunet,24.8443603515625
5120x_2025-05-16_00-59-00_002,20,13,attention_resunet,0.0274658203125
5120x_2025-05-16_00-59-00_002,20,13,clahe_otsu,40.97442626953125
5120x_2025-05-16_00-59-00_002,20,14,unet,0.0
5120x_2025-05-16_00-59-00_002,20,14,resunet,0.50506591796875
5120x_2025-05-16_00-59-00_002,20,14,attention_resunet,0.0
5120x_2025-05-16_00-59-00_002,20,14,clahe_otsu,46.21124267578125
5120x_2025-05-16_00-59-00_002,20,15,unet,0.0
5120x_2025-05-16_00-59-00_002,20,15,resunet,0.0
5120x_2025-05-16_00-59-00_002,20,15,attention_resunet,0.0
5120x_2025-05-16_00-59-00_002,20,15,clahe_otsu,3.3416748046875
5120x_2025-05-16_00-59-00_002,20,16,unet,0.0
5120x_2025-05-16_00-59-00_002,20,16,resunet,0.0
5120x_2025-05-16_00-59-00_002,20,16,attention_resunet,0.0
5120x_2025-05-16_00-59-00_002,20,16,clahe_otsu,1.75323486328125
5120x_2025-05-16_00-59-00_002,20,17,unet,0.0
5120x_2025-05-16_00-59-00_002,20,17,resunet,0.0
5120x_2025-05-16_00-59-00_002,20,17,attention_resunet,0.0
5120x_2025-05-16_00-59-00_002,20,17,clahe_otsu,1.8402099609375
5120x_2025-05-16_00-59-00_002,20,18,unet,0.0
5120x_2025-05-16_00-59-00_002,20,18,resunet,0.0
5120x_2025-05-16_00-59-00_002,20,18,attention_resunet,0.0
5120x_2025-05-16_00-59-00_002,20,18,clahe_otsu,31.43157958984375
5120x_2025-05-16_00-59-00_002,20,19,unet,0.054931640625
5120x_2025-05-16_00-59-00_002,20,19,resunet,0.0
5120x_2025-05-16_00-59-00_002,20,19,attention_resunet,0.0
5120x_2025-05-16_00-59-00_002,20,19,clahe_otsu,45.867919921875
5120x_2025-05-16_00-59-00_002,20,20,unet,2.5665283203125
5120x_2025-05-16_00-59-00_002,20,20,resunet,32.3150634765625
5120x_2025-05-16_00-59-00_002,20,20,attention_resunet,0.0
5120x_2025-05-16_00-59-00_002,20,20,clahe_otsu,32.26470947265625
5120x_2025-05-16_00-59-00_002,20,21,unet,23.0499267578125
5120x_2025-05-16_00-59-00_002,20,21,resunet,97.4884033203125
5120x_2025-05-16_00-59-00_002,20,21,attention_resunet,5.73883056640625
5120x_2025-05-16_00-59-00_002,20,21,clahe_otsu,42.97332763671875
5120x_2025-05-16_00-59-00_002,20,22,unet,73.48785400390625
5120x_2025-05-16_00-59-00_002,20,22,resunet,99.8687744140625
5120x_2025-05-16_00-59-00_002,20,22,attention_resunet,15.61279296875
5120x_2025-05-16_00-59-00_002,20,22,clahe_otsu,36.89727783203125
5120x_2025-05-16_00-59-00_002,20,23,unet,97.222900390625
5120x_2025-05-16_00-59-00_002,20,23,resunet,99.99847412109375
5120x_2025-05-16_00-59-00_002,20,23,attention_resunet,25.97503662109375
5120x_2025-05-16_00-59-00_002,20,23,clahe_otsu,36.58599853515625
5120x_2025-05-16_00-59-00_002,20,24,unet,98.71063232421875
5120x_2025-05-16_00-59-00_002,20,24,resunet,99.64752197265625
5120x_2025-05-16_00-59-00_002,20,24,attention_resunet,26.18408203125
5120x_2025-05-16_00-59-00_002,20,24,clahe_otsu,38.78936767578125
5120x_2025-05-16_00-59-00_002,20,25,unet,98.84490966796875
5120x_2025-05-16_00-59-00_002,20,25,resunet,99.82452392578125
5120x_2025-05-16_00-59-00_002,20,25,attention_resunet,31.65283203125
5120x_2025-05-16_00-59-00_002,20,25,clahe_otsu,38.01727294921875
5120x_2025-05-16_00-59-00_002,20,26,unet,98.74114990234375
5120x_2025-05-16_00-59-00_002,20,26,resunet,99.853515625
5120x_2025-05-16_00-59-00_002,20,26,attention_resunet,33.538818359375
5120x_2025-05-16_00-59-00_002,20,26,clahe_otsu,38.90533447265625
5120x_2025-05-16_00-59-00_002,20,27,unet,50.885009765625
5120x_2025-05-16_00-59-00_002,20,27,resunet,98.46954345703125
5120x_2025-05-16_00-59-00_002,20,27,attention_resunet,10.8612060546875
5120x_2025-05-16_00-59-00_002,20,27,clahe_otsu,45.61614990234375
5120x_2025-05-16_00-59-00_002,20,28,unet,13.09661865234375
5120x_2025-05-16_00-59-00_002,20,28,resunet,95.90606689453125
5120x_2025-05-16_00-59-00_002,20,28,attention_resunet,7.244873046875
5120x_2025-05-16_00-59-00_002,20,28,clahe_otsu,46.22955322265625
5120x_2025-05-16_00-59-00_002,20,29,unet,0.0
5120x_2025-05-16_00-59-00_002,20,29,resunet,13.287353515625
5120x_2025-05-16_00-59-00_002,20,29,attention_resunet,0.7293701171875
5120x_2025-05-16_00-59-00_002,20,29,clahe_otsu,48.35357666015625
5120x_2025-05-16_00-59-00_002,20,30,unet,0.0
5120x_2025-05-16_00-59-00_002,20,30,resunet,0.0
5120x_2025-05-16_00-59-00_002,20,30,attention_resunet,0.0
5120x_2025-05-16_00-59-00_002,20,30,clahe_otsu,3.91693115234375
5120x_2025-05-16_00-59-00_002,20,31,unet,0.0
5120x_2025-05-16_00-59-00_002,20,31,resunet,0.0
5120x_2025-05-16_00-59-00_002,20,31,attention_resunet,0.0
5120x_2025-05-16_00-59-00_002,20,31,clahe_otsu,2.05078125
5120x_2025-05-16_00-59-00_002,20,32,unet,0.0
5120x_2025-05-16_00-59-00_002,20,32,resunet,0.0
5120x_2025-05-16_00-59-00_002,20,32,attention_resunet,0.0
5120x_2025-05-16_00-59-00_002,20,32,clahe_otsu,2.044677734375
5120x_2025-05-16_00-59-00_002,20,33,unet,0.0
5120x_2025-05-16_00-59-00_002,20,33,resunet,0.0
5120x_2025-05-16_00-59-00_002,20,33,attention_resunet,0.0
5120x_2025-05-16_00-59-00_002,20,33,clahe_otsu,29.7515869140625
5120x_2025-05-16_00-59-00_002,20,34,unet,0.0
5120x_2025-05-16_00-59-00_002,20,34,resunet,0.0
5120x_2025-05-16_00-59-00_002,20,34,attention_resunet,0.0
5120x_2025-05-16_00-59-00_002,20,34,clahe_otsu,28.72772216796875
5120x_2025-05-16_00-59-00_002,20,35,unet,0.23193359375
5120x_2025-05-16_00-59-00_002,20,35,resunet,0.0
5120x_2025-05-16_00-59-00_002,20,35,attention_resunet,0.0
5120x_2025-05-16_00-59-00_002,20,35,clahe_otsu,41.64276123046875
5120x_2025-05-16_00-59-00_002,20,36,unet,2.27813720703125
5120x_2025-05-16_00-59-00_002,20,36,resunet,34.44061279296875
5120x_2025-05-16_00-59-00_002,20,36,attention_resunet,0.0
5120x_2025-05-16_00-59-00_002,20,36,clahe_otsu,1.202392578125
5120x_2025-05-16_00-59-00_002,20,37,unet,24.39422607421875
5120x_2025-05-16_00-59-00_002,20,37,resunet,98.46649169921875
5120x_2025-05-16_00-59-00_002,20,37,attention_resunet,8.30535888671875
5120x_2025-05-16_00-59-00_002,20,37,clahe_otsu,41.51611328125
5120x_2025-05-16_00-59-00_002,20,38,unet,75.88043212890625
5120x_2025-05-16_00-59-00_002,20,38,resunet,99.98931884765625
5120x_2025-05-16_00-59-00_002,20,38,attention_resunet,13.7176513671875
5120x_2025-05-16_00-59-00_002,20,38,clahe_otsu,42.5048828125
5120x_2025-05-16_00-59-00_002,20,39,unet,93.04351806640625
5120x_2025-05-16_00-59-00_002,20,39,resunet,99.9298095703125
5120x_2025-05-16_00-59-00_002,20,39,attention_resunet,23.1109619140625
5120x_2025-05-16_00-59-00_002,20,39,clahe_otsu,1.483154296875
5120x_2025-05-16_00-59-00_002,20,40,unet,98.25897216796875
5120x_2025-05-16_00-59-00_002,20,40,resunet,99.80926513671875
5120x_2025-05-16_00-59-00_002,20,40,attention_resunet,29.12750244140625
5120x_2025-05-16_00-59-00_002,20,40,clahe_otsu,1.9439697265625
5120x_2025-05-16_00-59-00_002,20,41,unet,99.54071044921875
5120x_2025-05-16_00-59-00_002,20,41,resunet,99.94049072265625
5120x_2025-05-16_00-59-00_002,20,41,attention_resunet,34.2315673828125
5120x_2025-05-16_00-59-00_002,20,41,clahe_otsu,33.7554931640625
5120x_2025-05-16_00-59-00_002,20,42,unet,98.6724853515625
5120x_2025-05-16_00-59-00_002,20,42,resunet,99.99542236328125
5120x_2025-05-16_00-59-00_002,20,42,attention_resunet,30.9478759765625
5120x_2025-05-16_00-59-00_002,20,42,clahe_otsu,39.62860107421875
5120x_2025-05-16_00-59-00_002,20,43,unet,87.6251220703125
5120x_2025-05-16_00-59-00_002,20,43,resunet,98.9990234375
5120x_2025-05-16_00-59-00_002,20,43,attention_resunet,17.3309326171875
5120x_2025-05-16_00-59-00_002,20,43,clahe_otsu,39.898681640625
5120x_2025-05-16_00-59-00_002,20,44,unet,10.64453125
5120x_2025-05-16_00-59-00_002,20,44,resunet,53.75823974609375
5120x_2025-05-16_00-59-00_002,20,44,attention_resunet,4.8980712890625
5120x_2025-05-16_00-59-00_002,20,44,clahe_otsu,44.29779052734375
5120x_2025-05-16_00-59-00_002,20,45,unet,0.0
5120x_2025-05-16_00-59-00_002,20,45,resunet,0.0
5120x_2025-05-16_00-59-00_002,20,45,attention_resunet,0.0
5120x_2025-05-16_00-59-00_002,20,45,clahe_otsu,3.5186767578125
5120x_2025-05-16_00-59-00_002,20,46,unet,0.0
5120x_2025-05-16_00-59-00_002,20,46,resunet,0.0
5120x_2025-05-16_00-59-00_002,20,46,attention_resunet,0.0
5120x_2025-05-16_00-59-00_002,20,46,clahe_otsu,2.11181640625
5120x_2025-05-16_00-59-00_002,20,47,unet,0.0
5120x_2025-05-16_00-59-00_002,20,47,resunet,0.0
5120x_2025-05-16_00-59-00_002,20,47,attention_resunet,0.0
5120x_2025-05-16_00-59-00_002,20,47,clahe_otsu,31.38427734375
5120x_2025-05-16_00-59-00_002,20,48,unet,0.0
5120x_2025-05-16_00-59-00_002,20,48,resunet,0.0
5120x_2025-05-16_00-59-00_002,20,48,attention_resunet,0.0
5120x_2025-05-16_00-59-00_002,20,48,clahe_otsu,1.1016845703125
5120x_2025-05-16_00-59-00_002,20,49,unet,0.0
5120x_2025-05-16_00-59-00_002,20,49,resunet,0.0
5120x_2025-05-16_00-59-00_002,20,49,attention_resunet,0.0
5120x_2025-05-16_00-59-00_002,20,49,clahe_otsu,1.361083984375
5120x_2025-05-16_00-59-00_002,20,50,unet,0.0
5120x_2025-05-16_00-59-00_002,20,50,resunet,0.0
5120x_2025-05-16_00-59-00_002,20,50,attention_resunet,0.0
5120x_2025-05-16_00-59-00_002,20,50,clahe_otsu,1.4434814453125
5120x_2025-05-16_00-59-00_002,20,51,unet,0.13427734375
5120x_2025-05-16_00-59-00_002,20,51,resunet,0.2044677734375
5120x_2025-05-16_00-59-00_002,20,51,attention_resunet,0.0
5120x_2025-05-16_00-59-00_002,20,51,clahe_otsu,1.52435302734375
5120x_2025-05-16_00-59-00_002,20,52,unet,5.902099609375
5120x_2025-05-16_00-59-00_002,20,52,resunet,65.31524658203125
5120x_2025-05-16_00-59-00_002,20,52,attention_resunet,0.24261474609375
5120x_2025-05-16_00-59-00_002,20,52,clahe_otsu,1.46484375
5120x_2025-05-16_00-59-00_002,20,53,unet,15.99578857421875
5120x_2025-05-16_00-59-00_002,20,53,resunet,99.456787109375
5120x_2025-05-16_00-59-00_002,20,53,attention_resunet,9.25445556640625
5120x_2025-05-16_00-59-00_002,20,53,clahe_otsu,1.2939453125
5120x_2025-05-16_00-59-00_002,20,54,unet,69.2138671875
5120x_2025-05-16_00-59-00_002,20,54,resunet,99.69635009765625
5120x_2025-05-16_00-59-00_002,20,54,attention_resunet,14.43634033203125
5120x_2025-05-16_00-59-00_002,20,54,clahe_otsu,2.09197998046875
5120x_2025-05-16_00-59-00_002,20,55,unet,88.03253173828125
5120x_2025-05-16_00-59-00_002,20,55,resunet,99.95574951171875
5120x_2025-05-16_00-59-00_002,20,55,attention_resunet,18.06793212890625
5120x_2025-05-16_00-59-00_002,20,55,clahe_otsu,41.3177490234375
5120x_2025-05-16_00-59-00_002,20,56,unet,98.12774658203125
5120x_2025-05-16_00-59-00_002,20,56,resunet,99.8992919921875
5120x_2025-05-16_00-59-00_002,20,56,attention_resunet,25.67901611328125
5120x_2025-05-16_00-59-00_002,20,56,clahe_otsu,31.35833740234375
5120x_2025-05-16_00-59-00_002,20,57,unet,99.44610595703125
5120x_2025-05-16_00-59-00_002,20,57,resunet,99.93896484375
5120x_2025-05-16_00-59-00_002,20,57,attention_resunet,47.344970703125
5120x_2025-05-16_00-59-00_002,20,57,clahe_otsu,29.82330322265625
5120x_2025-05-16_00-59-00_002,20,58,unet,99.29962158203125
5120x_2025-05-16_00-59-00_002,20,58,resunet,99.993896484375
5120x_2025-05-16_00-59-00_002,20,58,attention_resunet,33.39996337890625
5120x_2025-05-16_00-59-00_002,20,58,clahe_otsu,42.3828125
5120x_2025-05-16_00-59-00_002,20,59,unet,45.80078125
5120x_2025-05-16_00-59-00_002,20,59,resunet,88.79241943359375
5120x_2025-05-16_00-59-00_002,20,59,attention_resunet,13.59710693359375
5120x_2025-05-16_00-59-00_002,20,59,clahe_otsu,42.2088623046875
5120x_2025-05-16_00-59-00_002,20,60,unet,0.0
5120x_2025-05-16_00-59-00_002,20,60,resunet,0.0
5120x_2025-05-16_00-59-00_002,20,60,attention_resunet,0.0
5120x_2025-05-16_00-59-00_002,20,60,clahe_otsu,3.1524658203125
5120x_2025-05-16_00-59-00_002,20,61,unet,0.0
5120x_2025-05-16_00-59-00_002,20,61,resunet,0.0
5120x_2025-05-16_00-59-00_002,20,61,attention_resunet,0.0
5120x_2025-05-16_00-59-00_002,20,61,clahe_otsu,2.47344970703125
5120x_2025-05-16_00-59-00_002,20,62,unet,0.0
5120x_2025-05-16_00-59-00_002,20,62,resunet,0.0
5120x_2025-05-16_00-59-00_002,20,62,attention_resunet,0.0
5120x_2025-05-16_00-59-00_002,20,62,clahe_otsu,1.70135498046875
5120x_2025-05-16_00-59-00_002,20,63,unet,0.0
5120x_2025-05-16_00-59-00_002,20,63,resunet,0.0
5120x_2025-05-16_00-59-00_002,20,63,attention_resunet,0.0
5120x_2025-05-16_00-59-00_002,20,63,clahe_otsu,1.50909423828125
5120x_2025-05-16_00-59-00_002,20,64,unet,0.0
5120x_2025-05-16_00-59-00_002,20,64,resunet,0.0
5120x_2025-05-16_00-59-00_002,20,64,attention_resunet,0.0
5120x_2025-05-16_00-59-00_002,20,64,clahe_otsu,1.20391845703125
5120x_2025-05-16_00-59-00_002,20,65,unet,0.0
5120x_2025-05-16_00-59-00_002,20,65,resunet,0.0
5120x_2025-05-16_00-59-00_002,20,65,attention_resunet,0.0
5120x_2025-05-16_00-59-00_002,20,65,clahe_otsu,2.301025390625
5120x_2025-05-16_00-59-00_002,20,66,unet,0.0
5120x_2025-05-16_00-59-00_002,20,66,resunet,0.0
5120x_2025-05-16_00-59-00_002,20,66,attention_resunet,0.0
5120x_2025-05-16_00-59-00_002,20,66,clahe_otsu,1.98822021484375
5120x_2025-05-16_00-59-00_002,20,67,unet,0.46844482421875
5120x_2025-05-16_00-59-00_002,20,67,resunet,4.0985107421875
5120x_2025-05-16_00-59-00_002,20,67,attention_resunet,0.0
5120x_2025-05-16_00-59-00_002,20,67,clahe_otsu,47.43804931640625
5120x_2025-05-16_00-59-00_002,20,68,unet,7.26470947265625
5120x_2025-05-16_00-59-00_002,20,68,resunet,82.83843994140625
5120x_2025-05-16_00-59-00_002,20,68,attention_resunet,1.043701171875
5120x_2025-05-16_00-59-00_002,20,68,clahe_otsu,43.93310546875
5120x_2025-05-16_00-59-00_002,20,69,unet,21.70562744140625
5120x_2025-05-16_00-59-00_002,20,69,resunet,99.3743896484375
5120x_2025-05-16_00-59-00_002,20,69,attention_resunet,9.6435546875
5120x_2025-05-16_00-59-00_002,20,69,clahe_otsu,27.25830078125
5120x_2025-05-16_00-59-00_002,20,70,unet,42.4072265625
5120x_2025-05-16_00-59-00_002,20,70,resunet,99.88250732421875
5120x_2025-05-16_00-59-00_002,20,70,attention_resunet,13.5528564453125
5120x_2025-05-16_00-59-00_002,20,70,clahe_otsu,28.22265625
5120x_2025-05-16_00-59-00_002,20,71,unet,87.85858154296875
5120x_2025-05-16_00-59-00_002,20,71,resunet,99.3896484375
5120x_2025-05-16_00-59-00_002,20,71,attention_resunet,16.72821044921875
5120x_2025-05-16_00-59-00_002,20,71,clahe_otsu,32.16400146484375
5120x_2025-05-16_00-59-00_002,20,72,unet,96.97723388671875
5120x_2025-05-16_00-59-00_002,20,72,resunet,99.9053955078125
5120x_2025-05-16_00-59-00_002,20,72,attention_resunet,31.55670166015625
5120x_2025-05-16_00-59-00_002,20,72,clahe_otsu,33.2183837890625
5120x_2025-05-16_00-59-00_002,20,73,unet,99.5330810546875
5120x_2025-05-16_00-59-00_002,20,73,resunet,99.99847412109375
5120x_2025-05-16_00-59-00_002,20,73,attention_resunet,47.0062255859375
5120x_2025-05-16_00-59-00_002,20,73,clahe_otsu,34.31549072265625
5120x_2025-05-16_00-59-00_002,20,74,unet,74.8626708984375
5120x_2025-05-16_00-59-00_002,20,74,resunet,98.35968017578125
5120x_2025-05-16_00-59-00_002,20,74,attention_resunet,28.9520263671875
5120x_2025-05-16_00-59-00_002,20,74,clahe_otsu,43.1396484375
5120x_2025-05-16_00-59-00_002,20,75,unet,0.0
5120x_2025-05-16_00-59-00_002,20,75,resunet,0.0
5120x_2025-05-16_00-59-00_002,20,75,attention_resunet,0.0
5120x_2025-05-16_00-59-00_002,20,75,clahe_otsu,22.67608642578125
5120x_2025-05-16_00-59-00_002,20,76,unet,0.0
5120x_2025-05-16_00-59-00_002,20,76,resunet,0.0
5120x_2025-05-16_00-59-00_002,20,76,attention_resunet,0.0
5120x_2025-05-16_00-59-00_002,20,76,clahe_otsu,2.50244140625
5120x_2025-05-16_00-59-00_002,20,77,unet,0.0
5120x_2025-05-16_00-59-00_002,20,77,resunet,0.0
5120x_2025-05-16_00-59-00_002,20,77,attention_resunet,0.0
5120x_2025-05-16_00-59-00_002,20,77,clahe_otsu,2.34527587890625
5120x_2025-05-16_00-59-00_002,20,78,unet,0.0
5120x_2025-05-16_00-59-00_002,20,78,resunet,0.0
5120x_2025-05-16_00-59-00_002,20,78,attention_resunet,0.0
5120x_2025-05-16_00-59-00_002,20,78,clahe_otsu,1.43280029296875
5120x_2025-05-16_00-59-00_002,20,79,unet,0.0
5120x_2025-05-16_00-59-00_002,20,79,resunet,0.0
5120x_2025-05-16_00-59-00_002,20,79,attention_resunet,0.0
5120x_2025-05-16_00-59-00_002,20,79,clahe_otsu,1.10931396484375
5120x_2025-05-16_00-59-00_002,20,80,unet,0.0
5120x_2025-05-16_00-59-00_002,20,80,resunet,0.0
5120x_2025-05-16_00-59-00_002,20,80,attention_resunet,0.0
5120x_2025-05-16_00-59-00_002,20,80,clahe_otsu,1.8768310546875
5120x_2025-05-16_00-59-00_002,20,81,unet,0.0
5120x_2025-05-16_00-59-00_002,20,81,resunet,0.0
5120x_2025-05-16_00-59-00_002,20,81,attention_resunet,0.0
5120x_2025-05-16_00-59-00_002,20,81,clahe_otsu,1.95465087890625
5120x_2025-05-16_00-59-00_002,20,82,unet,0.0
5120x_2025-05-16_00-59-00_002,20,82,resunet,0.0
5120x_2025-05-16_00-59-00_002,20,82,attention_resunet,0.0
5120x_2025-05-16_00-59-00_002,20,82,clahe_otsu,2.398681640625
5120x_2025-05-16_00-59-00_002,20,83,unet,0.30670166015625
5120x_2025-05-16_00-59-00_002,20,83,resunet,3.02734375
5120x_2025-05-16_00-59-00_002,20,83,attention_resunet,0.0
5120x_2025-05-16_00-59-00_002,20,83,clahe_otsu,34.87701416015625
5120x_2025-05-16_00-59-00_002,20,84,unet,5.6427001953125
5120x_2025-05-16_00-59-00_002,20,84,resunet,43.0023193359375
5120x_2025-05-16_00-59-00_002,20,84,attention_resunet,0.0
5120x_2025-05-16_00-59-00_002,20,84,clahe_otsu,8.9935302734375
5120x_2025-05-16_00-59-00_002,20,85,unet,4.84161376953125
5120x_2025-05-16_00-59-00_002,20,85,resunet,87.994384765625
5120x_2025-05-16_00-59-00_002,20,85,attention_resunet,0.80108642578125
5120x_2025-05-16_00-59-00_002,20,85,clahe_otsu,1.6082763671875
5120x_2025-05-16_00-59-00_002,20,86,unet,31.15386962890625
5120x_2025-05-16_00-59-00_002,20,86,resunet,99.1424560546875
5120x_2025-05-16_00-59-00_002,20,86,attention_resunet,10.04486083984375
5120x_2025-05-16_00-59-00_002,20,86,clahe_otsu,44.32373046875
5120x_2025-05-16_00-59-00_002,20,87,unet,59.50927734375
5120x_2025-05-16_00-59-00_002,20,87,resunet,99.93896484375
5120x_2025-05-16_00-59-00_002,20,87,attention_resunet,13.96331787109375
5120x_2025-05-16_00-59-00_002,20,87,clahe_otsu,41.90216064453125
5120x_2025-05-16_00-59-00_002,20,88,unet,98.2147216796875
5120x_2025-05-16_00-59-00_002,20,88,resunet,99.7222900390625
5120x_2025-05-16_00-59-00_002,20,88,attention_resunet,29.9530029296875
5120x_2025-05-16_00-59-00_002,20,88,clahe_otsu,40.19317626953125
5120x_2025-05-16_00-59-00_002,20,89,unet,86.1328125
5120x_2025-05-16_00-59-00_002,20,89,resunet,98.22540283203125
5120x_2025-05-16_00-59-00_002,20,89,attention_resunet,34.87548828125
5120x_2025-05-16_00-59-00_002,20,89,clahe_otsu,38.5711669921875
5120x_2025-05-16_00-59-00_002,20,90,unet,0.0
5120x_2025-05-16_00-59-00_002,20,90,resunet,0.0
5120x_2025-05-16_00-59-00_002,20,90,attention_resunet,0.0
5120x_2025-05-16_00-59-00_002,20,90,clahe_otsu,4.34722900390625
5120x_2025-05-16_00-59-00_002,20,91,unet,0.0
5120x_2025-05-16_00-59-00_002,20,91,resunet,0.0
5120x_2025-05-16_00-59-00_002,20,91,attention_resunet,0.0
5120x_2025-05-16_00-59-00_002,20,91,clahe_otsu,11.8438720703125
5120x_2025-05-16_00-59-00_002,20,92,unet,0.0
5120x_2025-05-16_00-59-00_002,20,92,resunet,0.0
5120x_2025-05-16_00-59-00_002,20,92,attention_resunet,0.0
5120x_2025-05-16_00-59-00_002,20,92,clahe_otsu,2.1087646484375
5120x_2025-05-16_00-59-00_002,20,93,unet,0.0
5120x_2025-05-16_00-59-00_002,20,93,resunet,0.0
5120x_2025-05-16_00-59-00_002,20,93,attention_resunet,0.0
5120x_2025-05-16_00-59-00_002,20,93,clahe_otsu,2.0721435546875
5120x_2025-05-16_00-59-00_002,20,94,unet,0.0
5120x_2025-05-16_00-59-00_002,20,94,resunet,0.0
5120x_2025-05-16_00-59-00_002,20,94,attention_resunet,0.0
5120x_2025-05-16_00-59-00_002,20,94,clahe_otsu,1.55792236328125
5120x_2025-05-16_00-59-00_002,20,95,unet,0.0
5120x_2025-05-16_00-59-00_002,20,95,resunet,0.0
5120x_2025-05-16_00-59-00_002,20,95,attention_resunet,0.0
5120x_2025-05-16_00-59-00_002,20,95,clahe_otsu,1.25274658203125
5120x_2025-05-16_00-59-00_002,20,96,unet,0.0
5120x_2025-05-16_00-59-00_002,20,96,resunet,0.0
5120x_2025-05-16_00-59-00_002,20,96,attention_resunet,0.0
5120x_2025-05-16_00-59-00_002,20,96,clahe_otsu,1.422119140625
5120x_2025-05-16_00-59-00_002,20,97,unet,0.0
5120x_2025-05-16_00-59-00_002,20,97,resunet,0.0
5120x_2025-05-16_00-59-00_002,20,97,attention_resunet,0.0
5120x_2025-05-16_00-59-00_002,20,97,clahe_otsu,1.46484375
5120x_2025-05-16_00-59-00_002,20,98,unet,0.0
5120x_2025-05-16_00-59-00_002,20,98,resunet,0.0
5120x_2025-05-16_00-59-00_002,20,98,attention_resunet,0.0
5120x_2025-05-16_00-59-00_002,20,98,clahe_otsu,1.9989013671875
5120x_2025-05-16_00-59-00_002,20,99,unet,0.0
5120x_2025-05-16_00-59-00_002,20,99,resunet,0.0
5120x_2025-05-16_00-59-00_002,20,99,attention_resunet,0.0
5120x_2025-05-16_00-59-00_002,20,99,clahe_otsu,46.026611328125
5120x_2025-05-16_00-59-00_002,20,100,unet,0.2593994140625
5120x_2025-05-16_00-59-00_002,20,100,resunet,2.65045166015625
5120x_2025-05-16_00-59-00_002,20,100,attention_resunet,0.0
5120x_2025-05-16_00-59-00_002,20,100,clahe_otsu,45.4864501953125
5120x_2025-05-16_00-59-00_002,20,101,unet,2.459716796875
5120x_2025-05-16_00-59-00_002,20,101,resunet,61.35711669921875
5120x_2025-05-16_00-59-00_002,20,101,attention_resunet,0.0
5120x_2025-05-16_00-59-00_002,20,101,clahe_otsu,34.173583984375
5120x_2025-05-16_00-59-00_002,20,102,unet,5.26275634765625
5120x_2025-05-16_00-59-00_002,20,102,resunet,93.1182861328125
5120x_2025-05-16_00-59-00_002,20,102,attention_resunet,2.667236328125
5120x_2025-05-16_00-59-00_002,20,102,clahe_otsu,35.67962646484375
5120x_2025-05-16_00-59-00_002,20,103,unet,55.6884765625
5120x_2025-05-16_00-59-00_002,20,103,resunet,99.67498779296875
5120x_2025-05-16_00-59-00_002,20,103,attention_resunet,12.3291015625
5120x_2025-05-16_00-59-00_002,20,103,clahe_otsu,32.9986572265625
5120x_2025-05-16_00-59-00_002,20,104,unet,89.78424072265625
5120x_2025-05-16_00-59-00_002,20,104,resunet,99.37286376953125
5120x_2025-05-16_00-59-00_002,20,104,attention_resunet,31.024169921875
5120x_2025-05-16_00-59-00_002,20,104,clahe_otsu,43.19305419921875
5120x_2025-05-16_00-59-00_002,20,105,unet,0.0
5120x_2025-05-16_00-59-00_002,20,105,resunet,0.0
5120x_2025-05-16_00-59-00_002,20,105,attention_resunet,0.0
5120x_2025-05-16_00-59-00_002,20,105,clahe_otsu,2.5970458984375
5120x_2025-05-16_00-59-00_002,20,106,unet,0.0
5120x_2025-05-16_00-59-00_002,20,106,resunet,0.0
5120x_2025-05-16_00-59-00_002,20,106,attention_resunet,0.0
5120x_2025-05-16_00-59-00_002,20,106,clahe_otsu,2.58331298828125
5120x_2025-05-16_00-59-00_002,20,107,unet,0.0
5120x_2025-05-16_00-59-00_002,20,107,resunet,0.0
5120x_2025-05-16_00-59-00_002,20,107,attention_resunet,0.0
5120x_2025-05-16_00-59-00_002,20,107,clahe_otsu,1.531982421875
5120x_2025-05-16_00-59-00_002,20,108,unet,0.0
5120x_2025-05-16_00-59-00_002,20,108,resunet,0.0
5120x_2025-05-16_00-59-00_002,20,108,attention_resunet,0.0
5120x_2025-05-16_00-59-00_002,20,108,clahe_otsu,1.934814453125
5120x_2025-05-16_00-59-00_002,20,109,unet,0.0
5120x_2025-05-16_00-59-00_002,20,109,resunet,0.0
5120x_2025-05-16_00-59-00_002,20,109,attention_resunet,0.0
5120x_2025-05-16_00-59-00_002,20,109,clahe_otsu,1.43585205078125
5120x_2025-05-16_00-59-00_002,20,110,unet,0.0
5120x_2025-05-16_00-59-00_002,20,110,resunet,0.0
5120x_2025-05-16_00-59-00_002,20,110,attention_resunet,0.0
5120x_2025-05-16_00-59-00_002,20,110,clahe_otsu,2.25830078125
5120x_2025-05-16_00-59-00_002,20,111,unet,0.0
5120x_2025-05-16_00-59-00_002,20,111,resunet,0.0
5120x_2025-05-16_00-59-00_002,20,111,attention_resunet,0.0
5120x_2025-05-16_00-59-00_002,20,111,clahe_otsu,4.2388916015625
5120x_2025-05-16_00-59-00_002,20,112,unet,0.0
5120x_2025-05-16_00-59-00_002,20,112,resunet,0.0
5120x_2025-05-16_00-59-00_002,20,112,attention_resunet,0.0
5120x_2025-05-16_00-59-00_002,20,112,clahe_otsu,2.9388427734375
5120x_2025-05-16_00-59-00_002,20,113,unet,0.0
5120x_2025-05-16_00-59-00_002,20,113,resunet,0.0
5120x_2025-05-16_00-59-00_002,20,113,attention_resunet,0.0
5120x_2025-05-16_00-59-00_002,20,113,clahe_otsu,2.78167724609375
5120x_2025-05-16_00-59-00_002,20,114,unet,0.0
5120x_2025-05-16_00-59-00_002,20,114,resunet,0.0
5120x_2025-05-16_00-59-00_002,20,114,attention_resunet,0.0
5120x_2025-05-16_00-59-00_002,20,114,clahe_otsu,34.20867919921875
5120x_2025-05-16_00-59-00_002,20,115,unet,0.0
5120x_2025-05-16_00-59-00_002,20,115,resunet,0.0
5120x_2025-05-16_00-59-00_002,20,115,attention_resunet,0.0
5120x_2025-05-16_00-59-00_002,20,115,clahe_otsu,27.276611328125
5120x_2025-05-16_00-59-00_002,20,116,unet,0.02593994140625
5120x_2025-05-16_00-59-00_002,20,116,resunet,0.0
5120x_2025-05-16_00-59-00_002,20,116,attention_resunet,0.0
5120x_2025-05-16_00-59-00_002,20,116,clahe_otsu,31.304931640625
5120x_2025-05-16_00-59-00_002,20,117,unet,0.6439208984375
5120x_2025-05-16_00-59-00_002,20,117,resunet,5.06744384765625
5120x_2025-05-16_00-59-00_002,20,117,attention_resunet,0.0
5120x_2025-05-16_00-59-00_002,20,117,clahe_otsu,31.12945556640625
5120x_2025-05-16_00-59-00_002,20,118,unet,15.966796875
5120x_2025-05-16_00-59-00_002,20,118,resunet,79.35638427734375
5120x_2025-05-16_00-59-00_002,20,118,attention_resunet,2.8106689453125
5120x_2025-05-16_00-59-00_002,20,118,clahe_otsu,31.64520263671875
5120x_2025-05-16_00-59-00_002,20,119,unet,74.44305419921875
5120x_2025-05-16_00-59-00_002,20,119,resunet,97.161865234375
5120x_2025-05-16_00-59-00_002,20,119,attention_resunet,25.36773681640625
5120x_2025-05-16_00-59-00_002,20,119,clahe_otsu,44.75860595703125
640x_2025-05-16_00-59-00_002,40,0,unet,0.0
640x_2025-05-16_00-59-00_002,40,0,resunet,0.0
640x_2025-05-16_00-59-00_002,40,0,attention_resunet,0.0
640x_2025-05-16_00-59-00_002,40,0,clahe_otsu,16.05682373046875
640x_2025-05-16_00-59-00_002,40,1,unet,0.0
640x_2025-05-16_00-59-00_002,40,1,resunet,0.0
640x_2025-05-16_00-59-00_002,40,1,attention_resunet,0.0
640x_2025-05-16_00-59-00_002,40,1,clahe_otsu,14.12353515625
640x_2025-05-16_00-59-00_002,40,2,unet,0.0
640x_2025-05-16_00-59-00_002,40,2,resunet,0.0
640x_2025-05-16_00-59-00_002,40,2,attention_resunet,0.0
640x_2025-05-16_00-59-00_002,40,2,clahe_otsu,12.70294189453125
640x_2025-05-16_00-59-00_002,40,3,unet,0.0
640x_2025-05-16_00-59-00_002,40,3,resunet,0.0
640x_2025-05-16_00-59-00_002,40,3,attention_resunet,0.0
640x_2025-05-16_00-59-00_002,40,3,clahe_otsu,11.3555908203125
640x_2025-05-16_00-59-00_002,40,4,unet,0.421142578125
640x_2025-05-16_00-59-00_002,40,4,resunet,0.0
640x_2025-05-16_00-59-00_002,40,4,attention_resunet,0.05340576171875
640x_2025-05-16_00-59-00_002,40,4,clahe_otsu,10.02655029296875
640x_2025-05-16_00-59-00_002,40,5,unet,0.31280517578125
640x_2025-05-16_00-59-00_002,40,5,resunet,12.6708984375
640x_2025-05-16_00-59-00_002,40,5,attention_resunet,0.45318603515625
640x_2025-05-16_00-59-00_002,40,5,clahe_otsu,10.90087890625
640x_2025-05-16_00-59-00_002,40,6,unet,4.6051025390625
640x_2025-05-16_00-59-00_002,40,6,resunet,89.51416015625
640x_2025-05-16_00-59-00_002,40,6,attention_resunet,5.07659912109375
640x_2025-05-16_00-59-00_002,40,6,clahe_otsu,9.12322998046875
640x_2025-05-16_00-59-00_002,40,7,unet,26.226806640625
640x_2025-05-16_00-59-00_002,40,7,resunet,99.16229248046875
640x_2025-05-16_00-59-00_002,40,7,attention_resunet,25.2532958984375
640x_2025-05-16_00-59-00_002,40,7,clahe_otsu,9.76104736328125
640x_2025-05-16_00-59-00_002,40,8,unet,75.225830078125
640x_2025-05-16_00-59-00_002,40,8,resunet,99.8870849609375
640x_2025-05-16_00-59-00_002,40,8,attention_resunet,39.54925537109375
640x_2025-05-16_00-59-00_002,40,8,clahe_otsu,9.1552734375
640x_2025-05-16_00-59-00_002,40,9,unet,71.6278076171875
640x_2025-05-16_00-59-00_002,40,9,resunet,97.49298095703125
640x_2025-05-16_00-59-00_002,40,9,attention_resunet,54.19921875
640x_2025-05-16_00-59-00_002,40,9,clahe_otsu,12.127685546875
640x_2025-05-16_00-59-00_002,40,10,unet,85.96954345703125
640x_2025-05-16_00-59-00_002,40,10,resunet,98.63433837890625
640x_2025-05-16_00-59-00_002,40,10,attention_resunet,49.74212646484375
640x_2025-05-16_00-59-00_002,40,10,clahe_otsu,10.17608642578125
640x_2025-05-16_00-59-00_002,40,11,unet,47.14508056640625
640x_2025-05-16_00-59-00_002,40,11,resunet,97.98431396484375
640x_2025-05-16_00-59-00_002,40,11,attention_resunet,27.46124267578125
640x_2025-05-16_00-59-00_002,40,11,clahe_otsu,12.45269775390625
640x_2025-05-16_00-59-00_002,40,12,unet,35.4461669921875
640x_2025-05-16_00-59-00_002,40,12,resunet,97.04437255859375
640x_2025-05-16_00-59-00_002,40,12,attention_resunet,17.31414794921875
640x_2025-05-16_00-59-00_002,40,12,clahe_otsu,13.3941650390625
640x_2025-05-16_00-59-00_002,40,13,unet,4.37774658203125
640x_2025-05-16_00-59-00_002,40,13,resunet,39.1815185546875
640x_2025-05-16_00-59-00_002,40,13,attention_resunet,3.0853271484375
640x_2025-05-16_00-59-00_002,40,13,clahe_otsu,28.79638671875
640x_2025-05-16_00-59-00_002,40,14,unet,0.0
640x_2025-05-16_00-59-00_002,40,14,resunet,0.9521484375
640x_2025-05-16_00-59-00_002,40,14,attention_resunet,0.0
640x_2025-05-16_00-59-00_002,40,14,clahe_otsu,47.99957275390625
640x_2025-05-16_00-59-00_002,40,15,unet,0.0
640x_2025-05-16_00-59-00_002,40,15,resunet,0.0
640x_2025-05-16_00-59-00_002,40,15,attention_resunet,0.0
640x_2025-05-16_00-59-00_002,40,15,clahe_otsu,14.60723876953125
640x_2025-05-16_00-59-00_002,40,16,unet,0.0
640x_2025-05-16_00-59-00_002,40,16,resunet,0.06103515625
640x_2025-05-16_00-59-00_002,40,16,attention_resunet,0.0
640x_2025-05-16_00-59-00_002,40,16,clahe_otsu,13.01422119140625
640x_2025-05-16_00-59-00_002,40,17,unet,0.0
640x_2025-05-16_00-59-00_002,40,17,resunet,0.0
640x_2025-05-16_00-59-00_002,40,17,attention_resunet,0.0
640x_2025-05-16_00-59-00_002,40,17,clahe_otsu,12.7532958984375
640x_2025-05-16_00-59-00_002,40,18,unet,0.0
640x_2025-05-16_00-59-00_002,40,18,resunet,0.0
640x_2025-05-16_00-59-00_002,40,18,attention_resunet,0.0
640x_2025-05-16_00-59-00_002,40,18,clahe_otsu,11.23809814453125
640x_2025-05-16_00-59-00_002,40,19,unet,0.0
640x_2025-05-16_00-59-00_002,40,19,resunet,0.0
640x_2025-05-16_00-59-00_002,40,19,attention_resunet,0.0
640x_2025-05-16_00-59-00_002,40,19,clahe_otsu,9.31854248046875
640x_2025-05-16_00-59-00_002,40,20,unet,0.0
640x_2025-05-16_00-59-00_002,40,20,resunet,0.06866455078125
640x_2025-05-16_00-59-00_002,40,20,attention_resunet,0.0
640x_2025-05-16_00-59-00_002,40,20,clahe_otsu,8.9630126953125
640x_2025-05-16_00-59-00_002,40,21,unet,1.007080078125
640x_2025-05-16_00-59-00_002,40,21,resunet,27.60009765625
640x_2025-05-16_00-59-00_002,40,21,attention_resunet,0.0
640x_2025-05-16_00-59-00_002,40,21,clahe_otsu,8.7677001953125
640x_2025-05-16_00-59-00_002,40,22,unet,10.46295166015625
640x_2025-05-16_00-59-00_002,40,22,resunet,95.85418701171875
640x_2025-05-16_00-59-00_002,40,22,attention_resunet,5.3863525390625
640x_2025-05-16_00-59-00_002,40,22,clahe_otsu,8.0078125
640x_2025-05-16_00-59-00_002,40,23,unet,25.38299560546875
640x_2025-05-16_00-59-00_002,40,23,resunet,99.810791015625
640x_2025-05-16_00-59-00_002,40,23,attention_resunet,13.909912109375
640x_2025-05-16_00-59-00_002,40,23,clahe_otsu,9.29412841796875
640x_2025-05-16_00-59-00_002,40,24,unet,63.34381103515625
640x_2025-05-16_00-59-00_002,40,24,resunet,99.05548095703125
640x_2025-05-16_00-59-00_002,40,24,attention_resunet,37.47711181640625
640x_2025-05-16_00-59-00_002,40,24,clahe_otsu,9.912109375
640x_2025-05-16_00-59-00_002,40,25,unet,76.495361328125
640x_2025-05-16_00-59-00_002,40,25,resunet,98.8067626953125
640x_2025-05-16_00-59-00_002,40,25,attention_resunet,56.01348876953125
640x_2025-05-16_00-59-00_002,40,25,clahe_otsu,10.69488525390625
640x_2025-05-16_00-59-00_002,40,26,unet,81.866455078125
640x_2025-05-16_00-59-00_002,40,26,resunet,99.20501708984375
640x_2025-05-16_00-59-00_002,40,26,attention_resunet,65.9271240234375
640x_2025-05-16_00-59-00_002,40,26,clahe_otsu,12.40386962890625
640x_2025-05-16_00-59-00_002,40,27,unet,57.71026611328125
640x_2025-05-16_00-59-00_002,40,27,resunet,99.15618896484375
640x_2025-05-16_00-59-00_002,40,27,attention_resunet,26.69525146484375
640x_2025-05-16_00-59-00_002,40,27,clahe_otsu,14.30816650390625
640x_2025-05-16_00-59-00_002,40,28,unet,23.83270263671875
640x_2025-05-16_00-59-00_002,40,28,resunet,92.7215576171875
640x_2025-05-16_00-59-00_002,40,28,attention_resunet,10.38055419921875
640x_2025-05-16_00-59-00_002,40,28,clahe_otsu,15.0360107421875
640x_2025-05-16_00-59-00_002,40,29,unet,0.311279296875
640x_2025-05-16_00-59-00_002,40,29,resunet,20.41168212890625
640x_2025-05-16_00-59-00_002,40,29,attention_resunet,0.40283203125
640x_2025-05-16_00-59-00_002,40,29,clahe_otsu,40.19012451171875
640x_2025-05-16_00-59-00_002,40,30,unet,0.0
640x_2025-05-16_00-59-00_002,40,30,resunet,0.0
640x_2025-05-16_00-59-00_002,40,30,attention_resunet,0.0
640x_2025-05-16_00-59-00_002,40,30,clahe_otsu,14.55230712890625
640x_2025-05-16_00-59-00_002,40,31,unet,0.0
640x_2025-05-16_00-59-00_002,40,31,resunet,0.0
640x_2025-05-16_00-59-00_002,40,31,attention_resunet,0.0
640x_2025-05-16_00-59-00_002,40,31,clahe_otsu,10.64300537109375
640x_2025-05-16_00-59-00_002,40,32,unet,0.0
640x_2025-05-16_00-59-00_002,40,32,resunet,0.0
640x_2025-05-16_00-59-00_002,40,32,attention_resunet,0.0
640x_2025-05-16_00-59-00_002,40,32,clahe_otsu,12.17193603515625
640x_2025-05-16_00-59-00_002,40,33,unet,0.0
640x_2025-05-16_00-59-00_002,40,33,resunet,0.0
640x_2025-05-16_00-59-00_002,40,33,attention_resunet,0.0
640x_2025-05-16_00-59-00_002,40,33,clahe_otsu,10.55908203125
640x_2025-05-16_00-59-00_002,40,34,unet,0.0
640x_2025-05-16_00-59-00_002,40,34,resunet,0.0
640x_2025-05-16_00-59-00_002,40,34,attention_resunet,0.0
640x_2025-05-16_00-59-00_002,40,34,clahe_otsu,8.9599609375
640x_2025-05-16_00-59-00_002,40,35,unet,0.0
640x_2025-05-16_00-59-00_002,40,35,resunet,0.0
640x_2025-05-16_00-59-00_002,40,35,attention_resunet,0.0
640x_2025-05-16_00-59-00_002,40,35,clahe_otsu,10.05096435546875
640x_2025-05-16_00-59-00_002,40,36,unet,1.007080078125
640x_2025-05-16_00-59-00_002,40,36,resunet,0.457763671875
640x_2025-05-16_00-59-00_002,40,36,attention_resunet,0.0
640x_2025-05-16_00-59-00_002,40,36,clahe_otsu,8.6639404296875
640x_2025-05-16_00-59-00_002,40,37,unet,2.18505859375
640x_2025-05-16_00-59-00_002,40,37,resunet,48.63433837890625
640x_2025-05-16_00-59-00_002,40,37,attention_resunet,0.469970703125
640x_2025-05-16_00-59-00_002,40,37,clahe_otsu,7.244873046875
640x_2025-05-16_00-59-00_002,40,38,unet,9.1339111328125
640x_2025-05-16_00-59-00_002,40,38,resunet,97.528076171875
640x_2025-05-16_00-59-00_002,40,38,attention_resunet,6.33392333984375
640x_2025-05-16_00-59-00_002,40,38,clahe_otsu,7.58819580078125
640x_2025-05-16_00-59-00_002,40,39,unet,27.56195068359375
640x_2025-05-16_00-59-00_002,40,39,resunet,98.87542724609375
640x_2025-05-16_00-59-00_002,40,39,attention_resunet,20.12481689453125
640x_2025-05-16_00-59-00_002,40,39,clahe_otsu,9.686279296875
640x_2025-05-16_00-59-00_002,40,40,unet,44.24591064453125
640x_2025-05-16_00-59-00_002,40,40,resunet,99.83062744140625
640x_2025-05-16_00-59-00_002,40,40,attention_resunet,17.6788330078125
640x_2025-05-16_00-59-00_002,40,40,clahe_otsu,7.77130126953125
640x_2025-05-16_00-59-00_002,40,41,unet,62.88299560546875
640x_2025-05-16_00-59-00_002,40,41,resunet,96.91162109375
640x_2025-05-16_00-59-00_002,40,41,attention_resunet,41.473388671875
640x_2025-05-16_00-59-00_002,40,41,clahe_otsu,11.3525390625
640x_2025-05-16_00-59-00_002,40,42,unet,79.6630859375
640x_2025-05-16_00-59-00_002,40,42,resunet,98.71826171875
640x_2025-05-16_00-59-00_002,40,42,attention_resunet,52.89154052734375
640x_2025-05-16_00-59-00_002,40,42,clahe_otsu,12.23907470703125
640x_2025-05-16_00-59-00_002,40,43,unet,72.59979248046875
640x_2025-05-16_00-59-00_002,40,43,resunet,99.01275634765625
640x_2025-05-16_00-59-00_002,40,43,attention_resunet,45.29571533203125
640x_2025-05-16_00-59-00_002,40,43,clahe_otsu,14.04266357421875
640x_2025-05-16_00-59-00_002,40,44,unet,18.7225341796875
640x_2025-05-16_00-59-00_002,40,44,resunet,58.5845947265625
640x_2025-05-16_00-59-00_002,40,44,attention_resunet,7.66143798828125
640x_2025-05-16_00-59-00_002,40,44,clahe_otsu,33.79669189453125
640x_2025-05-16_00-59-00_002,40,45,unet,0.0
640x_2025-05-16_00-59-00_002,40,45,resunet,0.0
640x_2025-05-16_00-59-00_002,40,45,attention_resunet,0.0
640x_2025-05-16_00-59-00_002,40,45,clahe_otsu,12.69683837890625
640x_2025-05-16_00-59-00_002,40,46,unet,0.0
640x_2025-05-16_00-59-00_002,40,46,resunet,0.0
640x_2025-05-16_00-59-00_002,40,46,attention_resunet,0.0
640x_2025-05-16_00-59-00_002,40,46,clahe_otsu,9.78851318359375
640x_2025-05-16_00-59-00_002,40,47,unet,0.0
640x_2025-05-16_00-59-00_002,40,47,resunet,0.0
640x_2025-05-16_00-59-00_002,40,47,attention_resunet,0.0
640x_2025-05-16_00-59-00_002,40,47,clahe_otsu,10.76812744140625
640x_2025-05-16_00-59-00_002,40,48,unet,0.0
640x_2025-05-16_00-59-00_002,40,48,resunet,0.0
640x_2025-05-16_00-59-00_002,40,48,attention_resunet,0.0
640x_2025-05-16_00-59-00_002,40,48,clahe_otsu,9.04693603515625
640x_2025-05-16_00-59-00_002,40,49,unet,0.0
640x_2025-05-16_00-59-00_002,40,49,resunet,0.0
640x_2025-05-16_00-59-00_002,40,49,attention_resunet,0.0
640x_2025-05-16_00-59-00_002,40,49,clahe_otsu,8.97216796875
640x_2025-05-16_00-59-00_002,40,50,unet,0.0
640x_2025-05-16_00-59-00_002,40,50,resunet,0.0
640x_2025-05-16_00-59-00_002,40,50,attention_resunet,0.0
640x_2025-05-16_00-59-00_002,40,50,clahe_otsu,8.05816650390625
640x_2025-05-16_00-59-00_002,40,51,unet,0.0
640x_2025-05-16_00-59-00_002,40,51,resunet,0.0
640x_2025-05-16_00-59-00_002,40,51,attention_resunet,0.0
640x_2025-05-16_00-59-00_002,40,51,clahe_otsu,8.7127685546875
640x_2025-05-16_00-59-00_002,40,52,unet,0.23193359375
640x_2025-05-16_00-59-00_002,40,52,resunet,0.66680908203125
640x_2025-05-16_00-59-00_002,40,52,attention_resunet,0.0
640x_2025-05-16_00-59-00_002,40,52,clahe_otsu,7.03582763671875
640x_2025-05-16_00-59-00_002,40,53,unet,4.50286865234375
640x_2025-05-16_00-59-00_002,40,53,resunet,64.57977294921875
640x_2025-05-16_00-59-00_002,40,53,attention_resunet,1.22222900390625
640x_2025-05-16_00-59-00_002,40,53,clahe_otsu,5.93719482421875
640x_2025-05-16_00-59-00_002,40,54,unet,8.31756591796875
640x_2025-05-16_00-59-00_002,40,54,resunet,96.51031494140625
640x_2025-05-16_00-59-00_002,40,54,attention_resunet,5.11016845703125
640x_2025-05-16_00-59-00_002,40,54,clahe_otsu,7.501220703125
640x_2025-05-16_00-59-00_002,40,55,unet,11.32965087890625
640x_2025-05-16_00-59-00_002,40,55,resunet,98.931884765625
640x_2025-05-16_00-59-00_002,40,55,attention_resunet,10.5987548828125
640x_2025-05-16_00-59-00_002,40,55,clahe_otsu,9.13543701171875
640x_2025-05-16_00-59-00_002,40,56,unet,28.12042236328125
640x_2025-05-16_00-59-00_002,40,56,resunet,97.821044921875
640x_2025-05-16_00-59-00_002,40,56,attention_resunet,14.5599365234375
640x_2025-05-16_00-59-00_002,40,56,clahe_otsu,9.90142822265625
640x_2025-05-16_00-59-00_002,40,57,unet,86.08245849609375
640x_2025-05-16_00-59-00_002,40,57,resunet,99.6429443359375
640x_2025-05-16_00-59-00_002,40,57,attention_resunet,51.71356201171875
640x_2025-05-16_00-59-00_002,40,57,clahe_otsu,12.62969970703125
640x_2025-05-16_00-59-00_002,40,58,unet,84.4329833984375
640x_2025-05-16_00-59-00_002,40,58,resunet,96.80328369140625
640x_2025-05-16_00-59-00_002,40,58,attention_resunet,69.891357421875
640x_2025-05-16_00-59-00_002,40,58,clahe_otsu,14.349365234375
640x_2025-05-16_00-59-00_002,40,59,unet,35.02044677734375
640x_2025-05-16_00-59-00_002,40,59,resunet,88.2598876953125
640x_2025-05-16_00-59-00_002,40,59,attention_resunet,20.40252685546875
640x_2025-05-16_00-59-00_002,40,59,clahe_otsu,22.7386474609375
640x_2025-05-16_00-59-00_002,40,60,unet,0.0
640x_2025-05-16_00-59-00_002,40,60,resunet,0.0
640x_2025-05-16_00-59-00_002,40,60,attention_resunet,0.0
640x_2025-05-16_00-59-00_002,40,60,clahe_otsu,12.88909912109375
640x_2025-05-16_00-59-00_002,40,61,unet,0.0
640x_2025-05-16_00-59-00_002,40,61,resunet,0.0
640x_2025-05-16_00-59-00_002,40,61,attention_resunet,0.0
640x_2025-05-16_00-59-00_002,40,61,clahe_otsu,11.3433837890625
640x_2025-05-16_00-59-00_002,40,62,unet,0.0
640x_2025-05-16_00-59-00_002,40,62,resunet,0.0
640x_2025-05-16_00-59-00_002,40,62,attention_resunet,0.0
640x_2025-05-16_00-59-00_002,40,62,clahe_otsu,9.72442626953125
640x_2025-05-16_00-59-00_002,40,63,unet,0.0
640x_2025-05-16_00-59-00_002,40,63,resunet,0.0
640x_2025-05-16_00-59-00_002,40,63,attention_resunet,0.0
640x_2025-05-16_00-59-00_002,40,63,clahe_otsu,7.91015625
640x_2025-05-16_00-59-00_002,40,64,unet,0.0
640x_2025-05-16_00-59-00_002,40,64,resunet,0.0
640x_2025-05-16_00-59-00_002,40,64,attention_resunet,0.0
640x_2025-05-16_00-59-00_002,40,64,clahe_otsu,8.5540771484375
640x_2025-05-16_00-59-00_002,40,65,unet,0.0
640x_2025-05-16_00-59-00_002,40,65,resunet,0.0
640x_2025-05-16_00-59-00_002,40,65,attention_resunet,0.0
640x_2025-05-16_00-59-00_002,40,65,clahe_otsu,9.063720703125
640x_2025-05-16_00-59-00_002,40,66,unet,0.0
640x_2025-05-16_00-59-00_002,40,66,resunet,0.048828125
640x_2025-05-16_00-59-00_002,40,66,attention_resunet,0.0
640x_2025-05-16_00-59-00_002,40,66,clahe_otsu,8.1298828125
640x_2025-05-16_00-59-00_002,40,67,unet,0.03509521484375
640x_2025-05-16_00-59-00_002,40,67,resunet,0.0
640x_2025-05-16_00-59-00_002,40,67,attention_resunet,0.0
640x_2025-05-16_00-59-00_002,40,67,clahe_otsu,6.25152587890625
640x_2025-05-16_00-59-00_002,40,68,unet,0.44403076171875
640x_2025-05-16_00-59-00_002,40,68,resunet,1.434326171875
640x_2025-05-16_00-59-00_002,40,68,attention_resunet,0.0
640x_2025-05-16_00-59-00_002,40,68,clahe_otsu,6.3690185546875
640x_2025-05-16_00-59-00_002,40,69,unet,4.31976318359375
640x_2025-05-16_00-59-00_002,40,69,resunet,70.44525146484375
640x_2025-05-16_00-59-00_002,40,69,attention_resunet,2.7496337890625
640x_2025-05-16_00-59-00_002,40,69,clahe_otsu,6.00128173828125
640x_2025-05-16_00-59-00_002,40,70,unet,4.7271728515625
640x_2025-05-16_00-59-00_002,40,70,resunet,93.46160888671875
640x_2025-05-16_00-59-00_002,40,70,attention_resunet,4.66766357421875
640x_2025-05-16_00-59-00_002,40,70,clahe_otsu,6.7352294921875
640x_2025-05-16_00-59-00_002,40,71,unet,9.10491943359375
640x_2025-05-16_00-59-00_002,40,71,resunet,98.0072021484375
640x_2025-05-16_00-59-00_002,40,71,attention_resunet,8.7188720703125
640x_2025-05-16_00-59-00_002,40,71,clahe_otsu,8.24737548828125
640x_2025-05-16_00-59-00_002,40,72,unet,27.72064208984375
640x_2025-05-16_00-59-00_002,40,72,resunet,98.60076904296875
640x_2025-05-16_00-59-00_002,40,72,attention_resunet,16.45050048828125
640x_2025-05-16_00-59-00_002,40,72,clahe_otsu,10.20050048828125
640x_2025-05-16_00-59-00_002,40,73,unet,65.58837890625
640x_2025-05-16_00-59-00_002,40,73,resunet,99.169921875
640x_2025-05-16_00-59-00_002,40,73,attention_resunet,47.02911376953125
640x_2025-05-16_00-59-00_002,40,73,clahe_otsu,13.3087158203125
640x_2025-05-16_00-59-00_002,40,74,unet,80.44891357421875
640x_2025-05-16_00-59-00_002,40,74,resunet,98.614501953125
640x_2025-05-16_00-59-00_002,40,74,attention_resunet,54.34417724609375
640x_2025-05-16_00-59-00_002,40,74,clahe_otsu,24.4384765625
640x_2025-05-16_00-59-00_002,40,75,unet,0.0
640x_2025-05-16_00-59-00_002,40,75,resunet,0.0
640x_2025-05-16_00-59-00_002,40,75,attention_resunet,0.0
640x_2025-05-16_00-59-00_002,40,75,clahe_otsu,13.26904296875
640x_2025-05-16_00-59-00_002,40,76,unet,0.0
640x_2025-05-16_00-59-00_002,40,76,resunet,0.0
640x_2025-05-16_00-59-00_002,40,76,attention_resunet,0.0
640x_2025-05-16_00-59-00_002,40,76,clahe_otsu,9.83123779296875
640x_2025-05-16_00-59-00_002,40,77,unet,0.0
640x_2025-05-16_00-59-00_002,40,77,resunet,0.0
640x_2025-05-16_00-59-00_002,40,77,attention_resunet,0.0
640x_2025-05-16_00-59-00_002,40,77,clahe_otsu,8.16650390625
640x_2025-05-16_00-59-00_002,40,78,unet,0.0
640x_2025-05-16_00-59-00_002,40,78,resunet,0.0
640x_2025-05-16_00-59-00_002,40,78,attention_resunet,0.0
640x_2025-05-16_00-59-00_002,40,78,clahe_otsu,8.7615966796875
640x_2025-05-16_00-59-00_002,40,79,unet,0.0
640x_2025-05-16_00-59-00_002,40,79,resunet,0.0
640x_2025-05-16_00-59-00_002,40,79,attention_resunet,0.0
640x_2025-05-16_00-59-00_002,40,79,clahe_otsu,6.6253662109375
640x_2025-05-16_00-59-00_002,40,80,unet,0.0
640x_2025-05-16_00-59-00_002,40,80,resunet,0.0
640x_2025-05-16_00-59-00_002,40,80,attention_resunet,0.0
640x_2025-05-16_00-59-00_002,40,80,clahe_otsu,8.99200439453125
640x_2025-05-16_00-59-00_002,40,81,unet,0.0
640x_2025-05-16_00-59-00_002,40,81,resunet,0.0
640x_2025-05-16_00-59-00_002,40,81,attention_resunet,0.0
640x_2025-05-16_00-59-00_002,40,81,clahe_otsu,6.61773681640625
640x_2025-05-16_00-59-00_002,40,82,unet,0.0
640x_2025-05-16_00-59-00_002,40,82,resunet,0.0
640x_2025-05-16_00-59-00_002,40,82,attention_resunet,0.0
640x_2025-05-16_00-59-00_002,40,82,clahe_otsu,5.50994873046875
640x_2025-05-16_00-59-00_002,40,83,unet,0.0
640x_2025-05-16_00-59-00_002,40,83,resunet,0.0
640x_2025-05-16_00-59-00_002,40,83,attention_resunet,0.0
640x_2025-05-16_00-59-00_002,40,83,clahe_otsu,6.256103515625
640x_2025-05-16_00-59-00_002,40,84,unet,0.0
640x_2025-05-16_00-59-00_002,40,84,resunet,6.695556640625
640x_2025-05-16_00-59-00_002,40,84,attention_resunet,0.0
640x_2025-05-16_00-59-00_002,40,84,clahe_otsu,12.1612548828125
640x_2025-05-16_00-59-00_002,40,85,unet,0.65765380859375
640x_2025-05-16_00-59-00_002,40,85,resunet,8.19091796875
640x_2025-05-16_00-59-00_002,40,85,attention_resunet,0.0
640x_2025-05-16_00-59-00_002,40,85,clahe_otsu,6.62689208984375
640x_2025-05-16_00-59-00_002,40,86,unet,4.32586669921875
640x_2025-05-16_00-59-00_002,40,86,resunet,79.74090576171875
640x_2025-05-16_00-59-00_002,40,86,attention_resunet,0.6561279296875
640x_2025-05-16_00-59-00_002,40,86,clahe_otsu,7.78961181640625
640x_2025-05-16_00-59-00_002,40,87,unet,5.4290771484375
640x_2025-05-16_00-59-00_002,40,87,resunet,95.1568603515625
640x_2025-05-16_00-59-00_002,40,87,attention_resunet,4.81109619140625
640x_2025-05-16_00-59-00_002,40,87,clahe_otsu,9.70458984375
640x_2025-05-16_00-59-00_002,40,88,unet,17.8192138671875
640x_2025-05-16_00-59-00_002,40,88,resunet,97.332763671875
640x_2025-05-16_00-59-00_002,40,88,attention_resunet,17.236328125
640x_2025-05-16_00-59-00_002,40,88,clahe_otsu,13.40789794921875
640x_2025-05-16_00-59-00_002,40,89,unet,67.64068603515625
640x_2025-05-16_00-59-00_002,40,89,resunet,98.8616943359375
640x_2025-05-16_00-59-00_002,40,89,attention_resunet,45.013427734375
640x_2025-05-16_00-59-00_002,40,89,clahe_otsu,20.98846435546875
640x_2025-05-16_00-59-00_002,40,90,unet,0.0
640x_2025-05-16_00-59-00_002,40,90,resunet,0.0
640x_2025-05-16_00-59-00_002,40,90,attention_resunet,0.0
640x_2025-05-16_00-59-00_002,40,90,clahe_otsu,13.2598876953125
640x_2025-05-16_00-59-00_002,40,91,unet,0.0
640x_2025-05-16_00-59-00_002,40,91,resunet,0.0
640x_2025-05-16_00-59-00_002,40,91,attention_resunet,0.0
640x_2025-05-16_00-59-00_002,40,91,clahe_otsu,9.75494384765625
640x_2025-05-16_00-59-00_002,40,92,unet,0.0
640x_2025-05-16_00-59-00_002,40,92,resunet,0.0
640x_2025-05-16_00-59-00_002,40,92,attention_resunet,0.0
640x_2025-05-16_00-59-00_002,40,92,clahe_otsu,8.3251953125
640x_2025-05-16_00-59-00_002,40,93,unet,0.0
640x_2025-05-16_00-59-00_002,40,93,resunet,0.0
640x_2025-05-16_00-59-00_002,40,93,attention_resunet,0.0
640x_2025-05-16_00-59-00_002,40,93,clahe_otsu,8.84246826171875
640x_2025-05-16_00-59-00_002,40,94,unet,0.0
640x_2025-05-16_00-59-00_002,40,94,resunet,0.0
640x_2025-05-16_00-59-00_002,40,94,attention_resunet,0.0
640x_2025-05-16_00-59-00_002,40,94,clahe_otsu,9.2071533203125
640x_2025-05-16_00-59-00_002,40,95,unet,0.0
640x_2025-05-16_00-59-00_002,40,95,resunet,0.0
640x_2025-05-16_00-59-00_002,40,95,attention_resunet,0.0
640x_2025-05-16_00-59-00_002,40,95,clahe_otsu,7.52105712890625
640x_2025-05-16_00-59-00_002,40,96,unet,0.0
640x_2025-05-16_00-59-00_002,40,96,resunet,0.0
640x_2025-05-16_00-59-00_002,40,96,attention_resunet,0.0
640x_2025-05-16_00-59-00_002,40,96,clahe_otsu,7.75299072265625
640x_2025-05-16_00-59-00_002,40,97,unet,0.0
640x_2025-05-16_00-59-00_002,40,97,resunet,0.0
640x_2025-05-16_00-59-00_002,40,97,attention_resunet,0.0
640x_2025-05-16_00-59-00_002,40,97,clahe_otsu,7.098388671875
640x_2025-05-16_00-59-00_002,40,98,unet,0.0
640x_2025-05-16_00-59-00_002,40,98,resunet,0.0
640x_2025-05-16_00-59-00_002,40,98,attention_resunet,0.0
640x_2025-05-16_00-59-00_002,40,98,clahe_otsu,7.257080078125
640x_2025-05-16_00-59-00_002,40,99,unet,0.0
640x_2025-05-16_00-59-00_002,40,99,resunet,0.01373291015625
640x_2025-05-16_00-59-00_002,40,99,attention_resunet,0.0
640x_2025-05-16_00-59-00_002,40,99,clahe_otsu,5.74493408203125
640x_2025-05-16_00-59-00_002,40,100,unet,0.03204345703125
640x_2025-05-16_00-59-00_002,40,100,resunet,0.0
640x_2025-05-16_00-59-00_002,40,100,attention_resunet,0.0
640x_2025-05-16_00-59-00_002,40,100,clahe_otsu,8.9752197265625
640x_2025-05-16_00-59-00_002,40,101,unet,0.17242431640625
640x_2025-05-16_00-59-00_002,40,101,resunet,5.8258056640625
640x_2025-05-16_00-59-00_002,40,101,attention_resunet,0.0
640x_2025-05-16_00-59-00_002,40,101,clahe_otsu,8.04290771484375
640x_2025-05-16_00-59-00_002,40,102,unet,0.7110595703125
640x_2025-05-16_00-59-00_002,40,102,resunet,9.63134765625
640x_2025-05-16_00-59-00_002,40,102,attention_resunet,0.15411376953125
640x_2025-05-16_00-59-00_002,40,102,clahe_otsu,10.85357666015625
640x_2025-05-16_00-59-00_002,40,103,unet,5.11627197265625
640x_2025-05-16_00-59-00_002,40,103,resunet,91.29791259765625
640x_2025-05-16_00-59-00_002,40,103,attention_resunet,4.28314208984375
640x_2025-05-16_00-59-00_002,40,103,clahe_otsu,12.82196044921875
640x_2025-05-16_00-59-00_002,40,104,unet,43.6370849609375
640x_2025-05-16_00-59-00_002,40,104,resunet,96.75750732421875
640x_2025-05-16_00-59-00_002,40,104,attention_resunet,37.10174560546875
640x_2025-05-16_00-59-00_002,40,104,clahe_otsu,20.82366943359375
640x_2025-05-16_00-59-00_002,40,105,unet,0.0
640x_2025-05-16_00-59-00_002,40,105,resunet,0.0
640x_2025-05-16_00-59-00_002,40,105,attention_resunet,0.0
640x_2025-05-16_00-59-00_002,40,105,clahe_otsu,12.42218017578125
640x_2025-05-16_00-59-00_002,40,106,unet,0.0
640x_2025-05-16_00-59-00_002,40,106,resunet,0.0
640x_2025-05-16_00-59-00_002,40,106,attention_resunet,0.0
640x_2025-05-16_00-59-00_002,40,106,clahe_otsu,11.91253662109375
640x_2025-05-16_00-59-00_002,40,107,unet,0.0
640x_2025-05-16_00-59-00_002,40,107,resunet,0.0
640x_2025-05-16_00-59-00_002,40,107,attention_resunet,0.0
640x_2025-05-16_00-59-00_002,40,107,clahe_otsu,8.80126953125
640x_2025-05-16_00-59-00_002,40,108,unet,0.0
640x_2025-05-16_00-59-00_002,40,108,resunet,0.0
640x_2025-05-16_00-59-00_002,40,108,attention_resunet,0.0
640x_2025-05-16_00-59-00_002,40,108,clahe_otsu,10.7391357421875
640x_2025-05-16_00-59-00_002,40,109,unet,0.0
640x_2025-05-16_00-59-00_002,40,109,resunet,0.0
640x_2025-05-16_00-59-00_002,40,109,attention_resunet,0.0
640x_2025-05-16_00-59-00_002,40,109,clahe_otsu,8.2763671875
640x_2025-05-16_00-59-00_002,40,110,unet,0.0
640x_2025-05-16_00-59-00_002,40,110,resunet,0.0
640x_2025-05-16_00-59-00_002,40,110,attention_resunet,0.0
640x_2025-05-16_00-59-00_002,40,110,clahe_otsu,7.3089599609375
640x_2025-05-16_00-59-00_002,40,111,unet,0.0
640x_2025-05-16_00-59-00_002,40,111,resunet,0.0
640x_2025-05-16_00-59-00_002,40,111,attention_resunet,0.0
640x_2025-05-16_00-59-00_002,40,111,clahe_otsu,6.7352294921875
640x_2025-05-16_00-59-00_002,40,112,unet,0.0
640x_2025-05-16_00-59-00_002,40,112,resunet,0.0
640x_2025-05-16_00-59-00_002,40,112,attention_resunet,0.0
640x_2025-05-16_00-59-00_002,40,112,clahe_otsu,6.41021728515625
640x_2025-05-16_00-59-00_002,40,113,unet,0.0
640x_2025-05-16_00-59-00_002,40,113,resunet,0.0
640x_2025-05-16_00-59-00_002,40,113,attention_resunet,0.0
640x_2025-05-16_00-59-00_002,40,113,clahe_otsu,7.36083984375
640x_2025-05-16_00-59-00_002,40,114,unet,0.0
640x_2025-05-16_00-59-00_002,40,114,resunet,0.0
640x_2025-05-16_00-59-00_002,40,114,attention_resunet,0.0
640x_2025-05-16_00-59-00_002,40,114,clahe_otsu,8.148193359375
640x_2025-05-16_00-59-00_002,40,115,unet,0.0
640x_2025-05-16_00-59-00_002,40,115,resunet,0.0
640x_2025-05-16_00-59-00_002,40,115,attention_resunet,0.0
640x_2025-05-16_00-59-00_002,40,115,clahe_otsu,9.2376708984375
640x_2025-05-16_00-59-00_002,40,116,unet,0.140380859375
640x_2025-05-16_00-59-00_002,40,116,resunet,0.0
640x_2025-05-16_00-59-00_002,40,116,attention_resunet,0.0
640x_2025-05-16_00-59-00_002,40,116,clahe_otsu,10.321044921875
640x_2025-05-16_00-59-00_002,40,117,unet,0.21820068359375
640x_2025-05-16_00-59-00_002,40,117,resunet,0.0
640x_2025-05-16_00-59-00_002,40,117,attention_resunet,0.0
640x_2025-05-16_00-59-00_002,40,117,clahe_otsu,11.31591796875
640x_2025-05-16_00-59-00_002,40,118,unet,4.095458984375
640x_2025-05-16_00-59-00_002,40,118,resunet,26.28173828125
640x_2025-05-16_00-59-00_002,40,118,attention_resunet,0.31280517578125
640x_2025-05-16_00-59-00_002,40,118,clahe_otsu,11.91558837890625
640x_2025-05-16_00-59-00_002,40,119,unet,47.97515869140625
640x_2025-05-16_00-59-00_002,40,119,resunet,97.47314453125
640x_2025-05-16_00-59-00_002,40,119,attention_resunet,29.7454833984375
640x_2025-05-16_00-59-00_002,40,119,clahe_otsu,38.41705322265625
80x_1_2025-05-22_14-48-00_003,80,0,unet,0.0
80x_1_2025-05-22_14-48-00_003,80,0,resunet,0.0579833984375
80x_1_2025-05-22_14-48-00_003,80,0,attention_resunet,0.0
80x_1_2025-05-22_14-48-00_003,80,0,clahe_otsu,53.1341552734375
80x_1_2025-05-22_14-48-00_003,80,1,unet,0.0
80x_1_2025-05-22_14-48-00_003,80,1,resunet,0.4730224609375
80x_1_2025-05-22_14-48-00_003,80,1,attention_resunet,0.4364013671875
80x_1_2025-05-22_14-48-00_003,80,1,clahe_otsu,53.7841796875
80x_1_2025-05-22_14-48-00_003,80,2,unet,0.0
80x_1_2025-05-22_14-48-00_003,80,2,resunet,0.01678466796875
80x_1_2025-05-22_14-48-00_003,80,2,attention_resunet,0.048828125
80x_1_2025-05-22_14-48-00_003,80,2,clahe_otsu,55.92498779296875
80x_1_2025-05-22_14-48-00_003,80,3,unet,0.0
80x_1_2025-05-22_14-48-00_003,80,3,resunet,0.17242431640625
80x_1_2025-05-22_14-48-00_003,80,3,attention_resunet,0.0
80x_1_2025-05-22_14-48-00_003,80,3,clahe_otsu,55.5267333984375
80x_1_2025-05-22_14-48-00_003,80,4,unet,0.0
80x_1_2025-05-22_14-48-00_003,80,4,resunet,0.0
80x_1_2025-05-22_14-48-00_003,80,4,attention_resunet,0.0
80x_1_2025-05-22_14-48-00_003,80,4,clahe_otsu,53.84368896484375
80x_1_2025-05-22_14-48-00_003,80,5,unet,0.0
80x_1_2025-05-22_14-48-00_003,80,5,resunet,0.042724609375
80x_1_2025-05-22_14-48-00_003,80,5,attention_resunet,0.0244140625
80x_1_2025-05-22_14-48-00_003,80,5,clahe_otsu,54.5135498046875
80x_1_2025-05-22_14-48-00_003,80,6,unet,0.0
80x_1_2025-05-22_14-48-00_003,80,6,resunet,0.78125
80x_1_2025-05-22_14-48-00_003,80,6,attention_resunet,0.0
80x_1_2025-05-22_14-48-00_003,80,6,clahe_otsu,54.6875
80x_1_2025-05-22_14-48-00_003,80,7,unet,0.0
80x_1_2025-05-22_14-48-00_003,80,7,resunet,0.1068115234375
80x_1_2025-05-22_14-48-00_003,80,7,attention_resunet,0.0
80x_1_2025-05-22_14-48-00_003,80,7,clahe_otsu,54.11376953125
80x_1_2025-05-22_14-48-00_003,80,8,unet,0.0
80x_1_2025-05-22_14-48-00_003,80,8,resunet,0.18310546875
80x_1_2025-05-22_14-48-00_003,80,8,attention_resunet,0.00152587890625
80x_1_2025-05-22_14-48-00_003,80,8,clahe_otsu,52.86407470703125
80x_1_2025-05-22_14-48-00_003,80,9,unet,0.0
80x_1_2025-05-22_14-48-00_003,80,9,resunet,0.01678466796875
80x_1_2025-05-22_14-48-00_003,80,9,attention_resunet,0.0
80x_1_2025-05-22_14-48-00_003,80,9,clahe_otsu,54.2327880859375
80x_1_2025-05-22_14-48-00_003,80,10,unet,0.0
80x_1_2025-05-22_14-48-00_003,80,10,resunet,0.0
80x_1_2025-05-22_14-48-00_003,80,10,attention_resunet,0.0
80x_1_2025-05-22_14-48-00_003,80,10,clahe_otsu,53.27301025390625
80x_1_2025-05-22_14-48-00_003,80,11,unet,0.81787109375
80x_1_2025-05-22_14-48-00_003,80,11,resunet,2.23388671875
80x_1_2025-05-22_14-48-00_003,80,11,attention_resunet,0.0
80x_1_2025-05-22_14-48-00_003,80,11,clahe_otsu,53.28826904296875
80x_1_2025-05-22_14-48-00_003,80,12,unet,0.0
80x_1_2025-05-22_14-48-00_003,80,12,resunet,0.19989013671875
80x_1_2025-05-22_14-48-00_003,80,12,attention_resunet,0.1312255859375
80x_1_2025-05-22_14-48-00_003,80,12,clahe_otsu,52.21405029296875
80x_1_2025-05-22_14-48-00_003,80,13,unet,0.0
80x_1_2025-05-22_14-48-00_003,80,13,resunet,0.042724609375
80x_1_2025-05-22_14-48-00_003,80,13,attention_resunet,0.0
80x_1_2025-05-22_14-48-00_003,80,13,clahe_otsu,53.350830078125
80x_1_2025-05-22_14-48-00_003,80,14,unet,0.0
80x_1_2025-05-22_14-48-00_003,80,14,resunet,1.15814208984375
80x_1_2025-05-22_14-48-00_003,80,14,attention_resunet,0.25177001953125
80x_1_2025-05-22_14-48-00_003,80,14,clahe_otsu,53.62548828125
80x_1_2025-05-22_14-48-00_003,80,15,unet,0.0
80x_1_2025-05-22_14-48-00_003,80,15,resunet,0.43487548828125
80x_1_2025-05-22_14-48-00_003,80,15,attention_resunet,0.335693359375
80x_1_2025-05-22_14-48-00_003,80,15,clahe_otsu,54.8980712890625
80x_1_2025-05-22_14-48-00_003,80,16,unet,0.0
80x_1_2025-05-22_14-48-00_003,80,16,resunet,0.4425048828125
80x_1_2025-05-22_14-48-00_003,80,16,attention_resunet,0.0
80x_1_2025-05-22_14-48-00_003,80,16,clahe_otsu,54.669189453125
80x_1_2025-05-22_14-48-00_003,80,17,unet,0.0
80x_1_2025-05-22_14-48-00_003,80,17,resunet,0.2197265625
80x_1_2025-05-22_14-48-00_003,80,17,attention_resunet,0.02899169921875
80x_1_2025-05-22_14-48-00_003,80,17,clahe_otsu,55.17578125
80x_1_2025-05-22_14-48-00_003,80,18,unet,0.0
80x_1_2025-05-22_14-48-00_003,80,18,resunet,0.0
80x_1_2025-05-22_14-48-00_003,80,18,attention_resunet,0.0
80x_1_2025-05-22_14-48-00_003,80,18,clahe_otsu,53.83758544921875
80x_1_2025-05-22_14-48-00_003,80,19,unet,0.0
80x_1_2025-05-22_14-48-00_003,80,19,resunet,0.09307861328125
80x_1_2025-05-22_14-48-00_003,80,19,attention_resunet,0.0
80x_1_2025-05-22_14-48-00_003,80,19,clahe_otsu,54.60968017578125
80x_1_2025-05-22_14-48-00_003,80,20,unet,0.0
80x_1_2025-05-22_14-48-00_003,80,20,resunet,0.38604736328125
80x_1_2025-05-22_14-48-00_003,80,20,attention_resunet,0.0
80x_1_2025-05-22_14-48-00_003,80,20,clahe_otsu,53.87115478515625
80x_1_2025-05-22_14-48-00_003,80,21,unet,0.0
80x_1_2025-05-22_14-48-00_003,80,21,resunet,0.177001953125
80x_1_2025-05-22_14-48-00_003,80,21,attention_resunet,0.0
80x_1_2025-05-22_14-48-00_003,80,21,clahe_otsu,54.2694091796875
80x_1_2025-05-22_14-48-00_003,80,22,unet,0.0
80x_1_2025-05-22_14-48-00_003,80,22,resunet,0.30364990234375
80x_1_2025-05-22_14-48-00_003,80,22,attention_resunet,0.1251220703125
80x_1_2025-05-22_14-48-00_003,80,22,clahe_otsu,52.105712890625
80x_1_2025-05-22_14-48-00_003,80,23,unet,0.0
80x_1_2025-05-22_14-48-00_003,80,23,resunet,0.2105712890625
80x_1_2025-05-22_14-48-00_003,80,23,attention_resunet,0.08392333984375
80x_1_2025-05-22_14-48-00_003,80,23,clahe_otsu,53.4423828125
80x_1_2025-05-22_14-48-00_003,80,24,unet,0.0
80x_1_2025-05-22_14-48-00_003,80,24,resunet,0.0457763671875
80x_1_2025-05-22_14-48-00_003,80,24,attention_resunet,0.0274658203125
80x_1_2025-05-22_14-48-00_003,80,24,clahe_otsu,53.0975341796875
80x_1_2025-05-22_14-48-00_003,80,25,unet,0.0
80x_1_2025-05-22_14-48-00_003,80,25,resunet,0.08087158203125
80x_1_2025-05-22_14-48-00_003,80,25,attention_resunet,0.0152587890625
80x_1_2025-05-22_14-48-00_003,80,25,clahe_otsu,54.5867919921875
80x_1_2025-05-22_14-48-00_003,80,26,unet,0.0
80x_1_2025-05-22_14-48-00_003,80,26,resunet,0.396728515625
80x_1_2025-05-22_14-48-00_003,80,26,attention_resunet,0.0
80x_1_2025-05-22_14-48-00_003,80,26,clahe_otsu,52.73590087890625
80x_1_2025-05-22_14-48-00_003,80,27,unet,0.0
80x_1_2025-05-22_14-48-00_003,80,27,resunet,0.40740966796875
80x_1_2025-05-22_14-48-00_003,80,27,attention_resunet,0.02593994140625
80x_1_2025-05-22_14-48-00_003,80,27,clahe_otsu,52.82745361328125
80x_1_2025-05-22_14-48-00_003,80,28,unet,0.0
80x_1_2025-05-22_14-48-00_003,80,28,resunet,0.0
80x_1_2025-05-22_14-48-00_003,80,28,attention_resunet,0.115966796875
80x_1_2025-05-22_14-48-00_003,80,28,clahe_otsu,53.99169921875
80x_1_2025-05-22_14-48-00_003,80,29,unet,0.0
80x_1_2025-05-22_14-48-00_003,80,29,resunet,0.24566650390625
80x_1_2025-05-22_14-48-00_003,80,29,attention_resunet,0.0
80x_1_2025-05-22_14-48-00_003,80,29,clahe_otsu,50.80718994140625
80x_1_2025-05-22_14-48-00_003,80,30,unet,0.152587890625
80x_1_2025-05-22_14-48-00_003,80,30,resunet,0.177001953125
80x_1_2025-05-22_14-48-00_003,80,30,attention_resunet,0.0
80x_1_2025-05-22_14-48-00_003,80,30,clahe_otsu,54.82940673828125
80x_1_2025-05-22_14-48-00_003,80,31,unet,0.0
80x_1_2025-05-22_14-48-00_003,80,31,resunet,0.51422119140625
80x_1_2025-05-22_14-48-00_003,80,31,attention_resunet,0.1556396484375
80x_1_2025-05-22_14-48-00_003,80,31,clahe_otsu,52.9541015625
80x_1_2025-05-22_14-48-00_003,80,32,unet,0.0
80x_1_2025-05-22_14-48-00_003,80,32,resunet,0.5645751953125
80x_1_2025-05-22_14-48-00_003,80,32,attention_resunet,0.08087158203125
80x_1_2025-05-22_14-48-00_003,80,32,clahe_otsu,55.145263671875
80x_1_2025-05-22_14-48-00_003,80,33,unet,0.0
80x_1_2025-05-22_14-48-00_003,80,33,resunet,0.0
80x_1_2025-05-22_14-48-00_003,80,33,attention_resunet,0.0
80x_1_2025-05-22_14-48-00_003,80,33,clahe_otsu,51.9256591796875
80x_1_2025-05-22_14-48-00_003,80,34,unet,0.0
80x_1_2025-05-22_14-48-00_003,80,34,resunet,0.06103515625
80x_1_2025-05-22_14-48-00_003,80,34,attention_resunet,0.0
80x_1_2025-05-22_14-48-00_003,80,34,clahe_otsu,54.193115234375
80x_1_2025-05-22_14-48-00_003,80,35,unet,0.0
80x_1_2025-05-22_14-48-00_003,80,35,resunet,0.0091552734375
80x_1_2025-05-22_14-48-00_003,80,35,attention_resunet,0.0
80x_1_2025-05-22_14-48-00_003,80,35,clahe_otsu,52.37884521484375
80x_1_2025-05-22_14-48-00_003,80,36,unet,0.0
80x_1_2025-05-22_14-48-00_003,80,36,resunet,0.2227783203125
80x_1_2025-05-22_14-48-00_003,80,36,attention_resunet,0.0
80x_1_2025-05-22_14-48-00_003,80,36,clahe_otsu,53.17535400390625
80x_1_2025-05-22_14-48-00_003,80,37,unet,0.0
80x_1_2025-05-22_14-48-00_003,80,37,resunet,0.15716552734375
80x_1_2025-05-22_14-48-00_003,80,37,attention_resunet,0.0
80x_1_2025-05-22_14-48-00_003,80,37,clahe_otsu,53.5247802734375
80x_1_2025-05-22_14-48-00_003,80,38,unet,0.0
80x_1_2025-05-22_14-48-00_003,80,38,resunet,0.018310546875
80x_1_2025-05-22_14-48-00_003,80,38,attention_resunet,0.0
80x_1_2025-05-22_14-48-00_003,80,38,clahe_otsu,53.03192138671875
80x_1_2025-05-22_14-48-00_003,80,39,unet,0.0
80x_1_2025-05-22_14-48-00_003,80,39,resunet,0.0
80x_1_2025-05-22_14-48-00_003,80,39,attention_resunet,0.0
80x_1_2025-05-22_14-48-00_003,80,39,clahe_otsu,53.240966796875
80x_1_2025-05-22_14-48-00_003,80,40,unet,0.0
80x_1_2025-05-22_14-48-00_003,80,40,resunet,0.06866455078125
80x_1_2025-05-22_14-48-00_003,80,40,attention_resunet,0.0
80x_1_2025-05-22_14-48-00_003,80,40,clahe_otsu,53.3294677734375
80x_1_2025-05-22_14-48-00_003,80,41,unet,0.0
80x_1_2025-05-22_14-48-00_003,80,41,resunet,0.0
80x_1_2025-05-22_14-48-00_003,80,41,attention_resunet,0.0
80x_1_2025-05-22_14-48-00_003,80,41,clahe_otsu,54.18243408203125
80x_1_2025-05-22_14-48-00_003,80,42,unet,0.02899169921875
80x_1_2025-05-22_14-48-00_003,80,42,resunet,0.29144287109375
80x_1_2025-05-22_14-48-00_003,80,42,attention_resunet,0.5706787109375
80x_1_2025-05-22_14-48-00_003,80,42,clahe_otsu,52.0660400390625
80x_1_2025-05-22_14-48-00_003,80,43,unet,0.01983642578125
80x_1_2025-05-22_14-48-00_003,80,43,resunet,0.01373291015625
80x_1_2025-05-22_14-48-00_003,80,43,attention_resunet,0.0
80x_1_2025-05-22_14-48-00_003,80,43,clahe_otsu,50.811767578125
80x_1_2025-05-22_14-48-00_003,80,44,unet,0.0213623046875
80x_1_2025-05-22_14-48-00_003,80,44,resunet,0.28839111328125
80x_1_2025-05-22_14-48-00_003,80,44,attention_resunet,0.3082275390625
80x_1_2025-05-22_14-48-00_003,80,44,clahe_otsu,49.9786376953125
80x_1_2025-05-22_14-48-00_003,80,45,unet,0.0
80x_1_2025-05-22_14-48-00_003,80,45,resunet,0.396728515625
80x_1_2025-05-22_14-48-00_003,80,45,attention_resunet,0.27008056640625
80x_1_2025-05-22_14-48-00_003,80,45,clahe_otsu,52.90679931640625
80x_1_2025-05-22_14-48-00_003,80,46,unet,0.0
80x_1_2025-05-22_14-48-00_003,80,46,resunet,0.09918212890625
80x_1_2025-05-22_14-48-00_003,80,46,attention_resunet,0.8148193359375
80x_1_2025-05-22_14-48-00_003,80,46,clahe_otsu,54.4036865234375
80x_1_2025-05-22_14-48-00_003,80,47,unet,0.0
80x_1_2025-05-22_14-48-00_003,80,47,resunet,0.0335693359375
80x_1_2025-05-22_14-48-00_003,80,47,attention_resunet,0.0
80x_1_2025-05-22_14-48-00_003,80,47,clahe_otsu,53.48968505859375
80x_1_2025-05-22_14-48-00_003,80,48,unet,0.0
80x_1_2025-05-22_14-48-00_003,80,48,resunet,0.286865234375
80x_1_2025-05-22_14-48-00_003,80,48,attention_resunet,0.04119873046875
80x_1_2025-05-22_14-48-00_003,80,48,clahe_otsu,52.65960693359375
80x_1_2025-05-22_14-48-00_003,80,49,unet,0.0
80x_1_2025-05-22_14-48-00_003,80,49,resunet,0.09307861328125
80x_1_2025-05-22_14-48-00_003,80,49,attention_resunet,0.0
80x_1_2025-05-22_14-48-00_003,80,49,clahe_otsu,52.252197265625
80x_1_2025-05-22_14-48-00_003,80,50,unet,0.0
80x_1_2025-05-22_14-48-00_003,80,50,resunet,0.08087158203125
80x_1_2025-05-22_14-48-00_003,80,50,attention_resunet,0.0
80x_1_2025-05-22_14-48-00_003,80,50,clahe_otsu,52.490234375
80x_1_2025-05-22_14-48-00_003,80,51,unet,0.0
80x_1_2025-05-22_14-48-00_003,80,51,resunet,0.3387451171875
80x_1_2025-05-22_14-48-00_003,80,51,attention_resunet,0.0
80x_1_2025-05-22_14-48-00_003,80,51,clahe_otsu,53.72772216796875
80x_1_2025-05-22_14-48-00_003,80,52,unet,0.0
80x_1_2025-05-22_14-48-00_003,80,52,resunet,0.00457763671875
80x_1_2025-05-22_14-48-00_003,80,52,attention_resunet,0.0
80x_1_2025-05-22_14-48-00_003,80,52,clahe_otsu,53.9031982421875
80x_1_2025-05-22_14-48-00_003,80,53,unet,0.0
80x_1_2025-05-22_14-48-00_003,80,53,resunet,0.1220703125
80x_1_2025-05-22_14-48-00_003,80,53,attention_resunet,0.0
80x_1_2025-05-22_14-48-00_003,80,53,clahe_otsu,52.3468017578125
80x_1_2025-05-22_14-48-00_003,80,54,unet,0.0
80x_1_2025-05-22_14-48-00_003,80,54,resunet,0.16632080078125
80x_1_2025-05-22_14-48-00_003,80,54,attention_resunet,0.0
80x_1_2025-05-22_14-48-00_003,80,54,clahe_otsu,52.23846435546875
80x_1_2025-05-22_14-48-00_003,80,55,unet,0.0
80x_1_2025-05-22_14-48-00_003,80,55,resunet,0.05035400390625
80x_1_2025-05-22_14-48-00_003,80,55,attention_resunet,0.00152587890625
80x_1_2025-05-22_14-48-00_003,80,55,clahe_otsu,52.2796630859375
80x_1_2025-05-22_14-48-00_003,80,56,unet,0.0
80x_1_2025-05-22_14-48-00_003,80,56,resunet,0.4425048828125
80x_1_2025-05-22_14-48-00_003,80,56,attention_resunet,0.0
80x_1_2025-05-22_14-48-00_003,80,56,clahe_otsu,50.775146484375
80x_1_2025-05-22_14-48-00_003,80,57,unet,0.0885009765625
80x_1_2025-05-22_14-48-00_003,80,57,resunet,0.95977783203125
80x_1_2025-05-22_14-48-00_003,80,57,attention_resunet,0.52490234375
80x_1_2025-05-22_14-48-00_003,80,57,clahe_otsu,52.00653076171875
80x_1_2025-05-22_14-48-00_003,80,58,unet,0.0
80x_1_2025-05-22_14-48-00_003,80,58,resunet,0.0030517578125
80x_1_2025-05-22_14-48-00_003,80,58,attention_resunet,0.0
80x_1_2025-05-22_14-48-00_003,80,58,clahe_otsu,52.886962890625
80x_1_2025-05-22_14-48-00_003,80,59,unet,0.1678466796875
80x_1_2025-05-22_14-48-00_003,80,59,resunet,0.09002685546875
80x_1_2025-05-22_14-48-00_003,80,59,attention_resunet,0.0
80x_1_2025-05-22_14-48-00_003,80,59,clahe_otsu,51.01318359375
80x_1_2025-05-22_14-48-00_003,80,60,unet,0.0
80x_1_2025-05-22_14-48-00_003,80,60,resunet,0.701904296875
80x_1_2025-05-22_14-48-00_003,80,60,attention_resunet,0.51116943359375
80x_1_2025-05-22_14-48-00_003,80,60,clahe_otsu,53.5614013671875
80x_1_2025-05-22_14-48-00_003,80,61,unet,0.14190673828125
80x_1_2025-05-22_14-48-00_003,80,61,resunet,0.97503662109375
80x_1_2025-05-22_14-48-00_003,80,61,attention_resunet,0.0
80x_1_2025-05-22_14-48-00_003,80,61,clahe_otsu,52.86102294921875
80x_1_2025-05-22_14-48-00_003,80,62,unet,0.0
80x_1_2025-05-22_14-48-00_003,80,62,resunet,0.3509521484375
80x_1_2025-05-22_14-48-00_003,80,62,attention_resunet,0.0
80x_1_2025-05-22_14-48-00_003,80,62,clahe_otsu,53.65142822265625
80x_1_2025-05-22_14-48-00_003,80,63,unet,0.0
80x_1_2025-05-22_14-48-00_003,80,63,resunet,0.05340576171875
80x_1_2025-05-22_14-48-00_003,80,63,attention_resunet,0.0091552734375
80x_1_2025-05-22_14-48-00_003,80,63,clahe_otsu,52.8656005859375
80x_1_2025-05-22_14-48-00_003,80,64,unet,0.00152587890625
80x_1_2025-05-22_14-48-00_003,80,64,resunet,0.36773681640625
80x_1_2025-05-22_14-48-00_003,80,64,attention_resunet,0.0
80x_1_2025-05-22_14-48-00_003,80,64,clahe_otsu,52.34222412109375
80x_1_2025-05-22_14-48-00_003,80,65,unet,0.0
80x_1_2025-05-22_14-48-00_003,80,65,resunet,0.18157958984375
80x_1_2025-05-22_14-48-00_003,80,65,attention_resunet,0.0
80x_1_2025-05-22_14-48-00_003,80,65,clahe_otsu,52.4566650390625
80x_1_2025-05-22_14-48-00_003,80,66,unet,0.0
80x_1_2025-05-22_14-48-00_003,80,66,resunet,0.0
80x_1_2025-05-22_14-48-00_003,80,66,attention_resunet,0.00457763671875
80x_1_2025-05-22_14-48-00_003,80,66,clahe_otsu,52.10113525390625
80x_1_2025-05-22_14-48-00_003,80,67,unet,0.0335693359375
80x_1_2025-05-22_14-48-00_003,80,67,resunet,0.05645751953125
80x_1_2025-05-22_14-48-00_003,80,67,attention_resunet,0.0
80x_1_2025-05-22_14-48-00_003,80,67,clahe_otsu,53.6529541015625
80x_1_2025-05-22_14-48-00_003,80,68,unet,0.0
80x_1_2025-05-22_14-48-00_003,80,68,resunet,0.006103515625
80x_1_2025-05-22_14-48-00_003,80,68,attention_resunet,0.0
80x_1_2025-05-22_14-48-00_003,80,68,clahe_otsu,52.1942138671875
80x_1_2025-05-22_14-48-00_003,80,69,unet,0.0
80x_1_2025-05-22_14-48-00_003,80,69,resunet,0.5126953125
80x_1_2025-05-22_14-48-00_003,80,69,attention_resunet,0.0
80x_1_2025-05-22_14-48-00_003,80,69,clahe_otsu,53.436279296875
80x_1_2025-05-22_14-48-00_003,80,70,unet,0.0
80x_1_2025-05-22_14-48-00_003,80,70,resunet,0.457763671875
80x_1_2025-05-22_14-48-00_003,80,70,attention_resunet,0.0701904296875
80x_1_2025-05-22_14-48-00_003,80,70,clahe_otsu,50.8941650390625
80x_1_2025-05-22_14-48-00_003,80,71,unet,0.0
80x_1_2025-05-22_14-48-00_003,80,71,resunet,0.2288818359375
80x_1_2025-05-22_14-48-00_003,80,71,attention_resunet,0.04425048828125
80x_1_2025-05-22_14-48-00_003,80,71,clahe_otsu,51.0345458984375
80x_1_2025-05-22_14-48-00_003,80,72,unet,0.0
80x_1_2025-05-22_14-48-00_003,80,72,resunet,0.08544921875
80x_1_2025-05-22_14-48-00_003,80,72,attention_resunet,0.0
80x_1_2025-05-22_14-48-00_003,80,72,clahe_otsu,53.082275390625
80x_1_2025-05-22_14-48-00_003,80,73,unet,0.01373291015625
80x_1_2025-05-22_14-48-00_003,80,73,resunet,0.665283203125
80x_1_2025-05-22_14-48-00_003,80,73,attention_resunet,0.01983642578125
80x_1_2025-05-22_14-48-00_003,80,73,clahe_otsu,51.30462646484375
80x_1_2025-05-22_14-48-00_003,80,74,unet,0.079345703125
80x_1_2025-05-22_14-48-00_003,80,74,resunet,0.3753662109375
80x_1_2025-05-22_14-48-00_003,80,74,attention_resunet,0.01068115234375
80x_1_2025-05-22_14-48-00_003,80,74,clahe_otsu,50.87127685546875
80x_1_2025-05-22_14-48-00_003,80,75,unet,0.08392333984375
80x_1_2025-05-22_14-48-00_003,80,75,resunet,0.88958740234375
80x_1_2025-05-22_14-48-00_003,80,75,attention_resunet,0.1678466796875
80x_1_2025-05-22_14-48-00_003,80,75,clahe_otsu,51.57928466796875
80x_1_2025-05-22_14-48-00_003,80,76,unet,0.0
80x_1_2025-05-22_14-48-00_003,80,76,resunet,0.08697509765625
80x_1_2025-05-22_14-48-00_003,80,76,attention_resunet,0.00762939453125
80x_1_2025-05-22_14-48-00_003,80,76,clahe_otsu,54.0985107421875
80x_1_2025-05-22_14-48-00_003,80,77,unet,0.09307861328125
80x_1_2025-05-22_14-48-00_003,80,77,resunet,0.07476806640625
80x_1_2025-05-22_14-48-00_003,80,77,attention_resunet,0.0030517578125
80x_1_2025-05-22_14-48-00_003,80,77,clahe_otsu,51.56707763671875
80x_1_2025-05-22_14-48-00_003,80,78,unet,0.0
80x_1_2025-05-22_14-48-00_003,80,78,resunet,0.27618408203125
80x_1_2025-05-22_14-48-00_003,80,78,attention_resunet,0.0
80x_1_2025-05-22_14-48-00_003,80,78,clahe_otsu,52.850341796875
80x_1_2025-05-22_14-48-00_003,80,79,unet,0.11749267578125
80x_1_2025-05-22_14-48-00_003,80,79,resunet,0.13580322265625
80x_1_2025-05-22_14-48-00_003,80,79,attention_resunet,0.0
80x_1_2025-05-22_14-48-00_003,80,79,clahe_otsu,50.78887939453125
80x_1_2025-05-22_14-48-00_003,80,80,unet,0.0
80x_1_2025-05-22_14-48-00_003,80,80,resunet,0.20294189453125
80x_1_2025-05-22_14-48-00_003,80,80,attention_resunet,0.0
80x_1_2025-05-22_14-48-00_003,80,80,clahe_otsu,52.2735595703125
80x_1_2025-05-22_14-48-00_003,80,81,unet,0.0
80x_1_2025-05-22_14-48-00_003,80,81,resunet,0.39825439453125
80x_1_2025-05-22_14-48-00_003,80,81,attention_resunet,0.0
80x_1_2025-05-22_14-48-00_003,80,81,clahe_otsu,51.6937255859375
80x_1_2025-05-22_14-48-00_003,80,82,unet,0.0
80x_1_2025-05-22_14-48-00_003,80,82,resunet,0.19378662109375
80x_1_2025-05-22_14-48-00_003,80,82,attention_resunet,0.6134033203125
80x_1_2025-05-22_14-48-00_003,80,82,clahe_otsu,52.1148681640625
80x_1_2025-05-22_14-48-00_003,80,83,unet,0.0
80x_1_2025-05-22_14-48-00_003,80,83,resunet,0.12359619140625
80x_1_2025-05-22_14-48-00_003,80,83,attention_resunet,0.0
80x_1_2025-05-22_14-48-00_003,80,83,clahe_otsu,53.0670166015625
80x_1_2025-05-22_14-48-00_003,80,84,unet,0.0
80x_1_2025-05-22_14-48-00_003,80,84,resunet,0.3082275390625
80x_1_2025-05-22_14-48-00_003,80,84,attention_resunet,0.0
80x_1_2025-05-22_14-48-00_003,80,84,clahe_otsu,52.264404296875
80x_1_2025-05-22_14-48-00_003,80,85,unet,0.0
80x_1_2025-05-22_14-48-00_003,80,85,resunet,0.0244140625
80x_1_2025-05-22_14-48-00_003,80,85,attention_resunet,0.0213623046875
80x_1_2025-05-22_14-48-00_003,80,85,clahe_otsu,50.56915283203125
80x_1_2025-05-22_14-48-00_003,80,86,unet,0.13275146484375
80x_1_2025-05-22_14-48-00_003,80,86,resunet,0.15716552734375
80x_1_2025-05-22_14-48-00_003,80,86,attention_resunet,0.048828125
80x_1_2025-05-22_14-48-00_003,80,86,clahe_otsu,51.53961181640625
80x_1_2025-05-22_14-48-00_003,80,87,unet,0.01220703125
80x_1_2025-05-22_14-48-00_003,80,87,resunet,0.4608154296875
80x_1_2025-05-22_14-48-00_003,80,87,attention_resunet,0.0
80x_1_2025-05-22_14-48-00_003,80,87,clahe_otsu,50.51422119140625
80x_1_2025-05-22_14-48-00_003,80,88,unet,0.0
80x_1_2025-05-22_14-48-00_003,80,88,resunet,0.45928955078125
80x_1_2025-05-22_14-48-00_003,80,88,attention_resunet,0.03509521484375
80x_1_2025-05-22_14-48-00_003,80,88,clahe_otsu,50.82244873046875
80x_1_2025-05-22_14-48-00_003,80,89,unet,0.2227783203125
80x_1_2025-05-22_14-48-00_003,80,89,resunet,0.567626953125
80x_1_2025-05-22_14-48-00_003,80,89,attention_resunet,0.0244140625
80x_1_2025-05-22_14-48-00_003,80,89,clahe_otsu,50.49896240234375
80x_1_2025-05-22_14-48-00_003,80,90,unet,0.05645751953125
80x_1_2025-05-22_14-48-00_003,80,90,resunet,0.8575439453125
80x_1_2025-05-22_14-48-00_003,80,90,attention_resunet,0.07781982421875
80x_1_2025-05-22_14-48-00_003,80,90,clahe_otsu,53.11279296875
80x_1_2025-05-22_14-48-00_003,80,91,unet,0.0
80x_1_2025-05-22_14-48-00_003,80,91,resunet,0.17852783203125
80x_1_2025-05-22_14-48-00_003,80,91,attention_resunet,0.0
80x_1_2025-05-22_14-48-00_003,80,91,clahe_otsu,52.95257568359375
80x_1_2025-05-22_14-48-00_003,80,92,unet,0.0
80x_1_2025-05-22_14-48-00_003,80,92,resunet,0.396728515625
80x_1_2025-05-22_14-48-00_003,80,92,attention_resunet,0.0
80x_1_2025-05-22_14-48-00_003,80,92,clahe_otsu,51.0498046875
80x_1_2025-05-22_14-48-00_003,80,93,unet,0.0
80x_1_2025-05-22_14-48-00_003,80,93,resunet,0.17242431640625
80x_1_2025-05-22_14-48-00_003,80,93,attention_resunet,0.0
80x_1_2025-05-22_14-48-00_003,80,93,clahe_otsu,51.8463134765625
80x_1_2025-05-22_14-48-00_003,80,94,unet,0.0
80x_1_2025-05-22_14-48-00_003,80,94,resunet,0.14801025390625
80x_1_2025-05-22_14-48-00_003,80,94,attention_resunet,0.0
80x_1_2025-05-22_14-48-00_003,80,94,clahe_otsu,51.38397216796875
80x_1_2025-05-22_14-48-00_003,80,95,unet,0.0
80x_1_2025-05-22_14-48-00_003,80,95,resunet,0.0
80x_1_2025-05-22_14-48-00_003,80,95,attention_resunet,0.02593994140625
80x_1_2025-05-22_14-48-00_003,80,95,clahe_otsu,51.65252685546875
80x_1_2025-05-22_14-48-00_003,80,96,unet,0.0
80x_1_2025-05-22_14-48-00_003,80,96,resunet,0.58746337890625
80x_1_2025-05-22_14-48-00_003,80,96,attention_resunet,0.0457763671875
80x_1_2025-05-22_14-48-00_003,80,96,clahe_otsu,51.18408203125
80x_1_2025-05-22_14-48-00_003,80,97,unet,0.0
80x_1_2025-05-22_14-48-00_003,80,97,resunet,0.07781982421875
80x_1_2025-05-22_14-48-00_003,80,97,attention_resunet,0.0
80x_1_2025-05-22_14-48-00_003,80,97,clahe_otsu,51.15966796875
80x_1_2025-05-22_14-48-00_003,80,98,unet,0.0
80x_1_2025-05-22_14-48-00_003,80,98,resunet,0.0579833984375
80x_1_2025-05-22_14-48-00_003,80,98,attention_resunet,0.0
80x_1_2025-05-22_14-48-00_003,80,98,clahe_otsu,51.77459716796875
80x_1_2025-05-22_14-48-00_003,80,99,unet,0.0
80x_1_2025-05-22_14-48-00_003,80,99,resunet,0.408935546875
80x_1_2025-05-22_14-48-00_003,80,99,attention_resunet,0.0
80x_1_2025-05-22_14-48-00_003,80,99,clahe_otsu,50.45166015625
80x_1_2025-05-22_14-48-00_003,80,100,unet,0.00152587890625
80x_1_2025-05-22_14-48-00_003,80,100,resunet,0.25177001953125
80x_1_2025-05-22_14-48-00_003,80,100,attention_resunet,0.0
80x_1_2025-05-22_14-48-00_003,80,100,clahe_otsu,50.86822509765625
80x_1_2025-05-22_14-48-00_003,80,101,unet,0.02899169921875
80x_1_2025-05-22_14-48-00_003,80,101,resunet,0.7080078125
80x_1_2025-05-22_14-48-00_003,80,101,attention_resunet,0.08087158203125
80x_1_2025-05-22_14-48-00_003,80,101,clahe_otsu,50.59661865234375
80x_1_2025-05-22_14-48-00_003,80,102,unet,0.02593994140625
80x_1_2025-05-22_14-48-00_003,80,102,resunet,0.53253173828125
80x_1_2025-05-22_14-48-00_003,80,102,attention_resunet,0.0
80x_1_2025-05-22_14-48-00_003,80,102,clahe_otsu,50.63934326171875
80x_1_2025-05-22_14-48-00_003,80,103,unet,0.18157958984375
80x_1_2025-05-22_14-48-00_003,80,103,resunet,0.2685546875
80x_1_2025-05-22_14-48-00_003,80,103,attention_resunet,0.067138671875
80x_1_2025-05-22_14-48-00_003,80,103,clahe_otsu,50.244140625
80x_1_2025-05-22_14-48-00_003,80,104,unet,0.0
80x_1_2025-05-22_14-48-00_003,80,104,resunet,0.543212890625
80x_1_2025-05-22_14-48-00_003,80,104,attention_resunet,0.0
80x_1_2025-05-22_14-48-00_003,80,104,clahe_otsu,51.04217529296875
80x_1_2025-05-22_14-48-00_003,80,105,unet,0.048828125
80x_1_2025-05-22_14-48-00_003,80,105,resunet,1.23443603515625
80x_1_2025-05-22_14-48-00_003,80,105,attention_resunet,0.12664794921875
80x_1_2025-05-22_14-48-00_003,80,105,clahe_otsu,53.32183837890625
80x_1_2025-05-22_14-48-00_003,80,106,unet,0.0457763671875
80x_1_2025-05-22_14-48-00_003,80,106,resunet,1.16119384765625
80x_1_2025-05-22_14-48-00_003,80,106,attention_resunet,0.0885009765625
80x_1_2025-05-22_14-48-00_003,80,106,clahe_otsu,51.48468017578125
80x_1_2025-05-22_14-48-00_003,80,107,unet,0.0
80x_1_2025-05-22_14-48-00_003,80,107,resunet,0.1190185546875
80x_1_2025-05-22_14-48-00_003,80,107,attention_resunet,0.0
80x_1_2025-05-22_14-48-00_003,80,107,clahe_otsu,51.5716552734375
80x_1_2025-05-22_14-48-00_003,80,108,unet,0.0
80x_1_2025-05-22_14-48-00_003,80,108,resunet,0.0335693359375
80x_1_2025-05-22_14-48-00_003,80,108,attention_resunet,0.0
80x_1_2025-05-22_14-48-00_003,80,108,clahe_otsu,51.64947509765625
80x_1_2025-05-22_14-48-00_003,80,109,unet,0.02899169921875
80x_1_2025-05-22_14-48-00_003,80,109,resunet,2.01416015625
80x_1_2025-05-22_14-48-00_003,80,109,attention_resunet,1.28326416015625
80x_1_2025-05-22_14-48-00_003,80,109,clahe_otsu,51.0589599609375
80x_1_2025-05-22_14-48-00_003,80,110,unet,0.09918212890625
80x_1_2025-05-22_14-48-00_003,80,110,resunet,0.23040771484375
80x_1_2025-05-22_14-48-00_003,80,110,attention_resunet,0.006103515625
80x_1_2025-05-22_14-48-00_003,80,110,clahe_otsu,50.48370361328125
80x_1_2025-05-22_14-48-00_003,80,111,unet,0.0
80x_1_2025-05-22_14-48-00_003,80,111,resunet,0.39215087890625
80x_1_2025-05-22_14-48-00_003,80,111,attention_resunet,0.0
80x_1_2025-05-22_14-48-00_003,80,111,clahe_otsu,50.775146484375
80x_1_2025-05-22_14-48-00_003,80,112,unet,0.054931640625
80x_1_2025-05-22_14-48-00_003,80,112,resunet,0.49896240234375
80x_1_2025-05-22_14-48-00_003,80,112,attention_resunet,0.0
80x_1_2025-05-22_14-48-00_003,80,112,clahe_otsu,49.8291015625
80x_1_2025-05-22_14-48-00_003,80,113,unet,0.0
80x_1_2025-05-22_14-48-00_003,80,113,resunet,0.88043212890625
80x_1_2025-05-22_14-48-00_003,80,113,attention_resunet,0.0
80x_1_2025-05-22_14-48-00_003,80,113,clahe_otsu,50.66986083984375
80x_1_2025-05-22_14-48-00_003,80,114,unet,0.00457763671875
80x_1_2025-05-22_14-48-00_003,80,114,resunet,0.35552978515625
80x_1_2025-05-22_14-48-00_003,80,114,attention_resunet,0.0
80x_1_2025-05-22_14-48-00_003,80,114,clahe_otsu,51.0589599609375
80x_1_2025-05-22_14-48-00_003,80,115,unet,0.0
80x_1_2025-05-22_14-48-00_003,80,115,resunet,0.35858154296875
80x_1_2025-05-22_14-48-00_003,80,115,attention_resunet,0.1251220703125
80x_1_2025-05-22_14-48-00_003,80,115,clahe_otsu,50.11749267578125
80x_1_2025-05-22_14-48-00_003,80,116,unet,0.0
80x_1_2025-05-22_14-48-00_003,80,116,resunet,0.44097900390625
80x_1_2025-05-22_14-48-00_003,80,116,attention_resunet,0.0
80x_1_2025-05-22_14-48-00_003,80,116,clahe_otsu,50.299072265625
80x_1_2025-05-22_14-48-00_003,80,117,unet,0.10833740234375
80x_1_2025-05-22_14-48-00_003,80,117,resunet,1.01776123046875
80x_1_2025-05-22_14-48-00_003,80,117,attention_resunet,0.0
80x_1_2025-05-22_14-48-00_003,80,117,clahe_otsu,49.810791015625
80x_1_2025-05-22_14-48-00_003,80,118,unet,1.21307373046875
80x_1_2025-05-22_14-48-00_003,80,118,resunet,1.58843994140625
80x_1_2025-05-22_14-48-00_003,80,118,attention_resunet,0.08697509765625
80x_1_2025-05-22_14-48-00_003,80,118,clahe_otsu,49.4232177734375
80x_1_2025-05-22_14-48-00_003,80,119,unet,0.0
80x_1_2025-05-22_14-48-00_003,80,119,resunet,0.86517333984375
80x_1_2025-05-22_14-48-00_003,80,119,attention_resunet,0.0
80x_1_2025-05-22_14-48-00_003,80,119,clahe_otsu,50.74920654296875
80x_2_2025-05-22_14-48-00,80,0,unet,0.067138671875
80x_2_2025-05-22_14-48-00,80,0,resunet,1.7303466796875
80x_2_2025-05-22_14-48-00,80,0,attention_resunet,0.33111572265625
80x_2_2025-05-22_14-48-00,80,0,clahe_otsu,47.894287109375
80x_2_2025-05-22_14-48-00,80,1,unet,0.0
80x_2_2025-05-22_14-48-00,80,1,resunet,0.23956298828125
80x_2_2025-05-22_14-48-00,80,1,attention_resunet,0.11138916015625
80x_2_2025-05-22_14-48-00,80,1,clahe_otsu,45.42083740234375
80x_2_2025-05-22_14-48-00,80,2,unet,0.1617431640625
80x_2_2025-05-22_14-48-00,80,2,resunet,0.0946044921875
80x_2_2025-05-22_14-48-00,80,2,attention_resunet,0.0
80x_2_2025-05-22_14-48-00,80,2,clahe_otsu,45.4742431640625
80x_2_2025-05-22_14-48-00,80,3,unet,0.0
80x_2_2025-05-22_14-48-00,80,3,resunet,0.128173828125
80x_2_2025-05-22_14-48-00,80,3,attention_resunet,0.0
80x_2_2025-05-22_14-48-00,80,3,clahe_otsu,44.75250244140625
80x_2_2025-05-22_14-48-00,80,4,unet,0.0
80x_2_2025-05-22_14-48-00,80,4,resunet,0.0
80x_2_2025-05-22_14-48-00,80,4,attention_resunet,0.0
80x_2_2025-05-22_14-48-00,80,4,clahe_otsu,46.875
80x_2_2025-05-22_14-48-00,80,5,unet,0.0
80x_2_2025-05-22_14-48-00,80,5,resunet,0.09918212890625
80x_2_2025-05-22_14-48-00,80,5,attention_resunet,0.0
80x_2_2025-05-22_14-48-00,80,5,clahe_otsu,45.361328125
80x_2_2025-05-22_14-48-00,80,6,unet,0.0
80x_2_2025-05-22_14-48-00,80,6,resunet,0.0
80x_2_2025-05-22_14-48-00,80,6,attention_resunet,0.0
80x_2_2025-05-22_14-48-00,80,6,clahe_otsu,45.27435302734375
80x_2_2025-05-22_14-48-00,80,7,unet,0.018310546875
80x_2_2025-05-22_14-48-00,80,7,resunet,0.08392333984375
80x_2_2025-05-22_14-48-00,80,7,attention_resunet,0.0
80x_2_2025-05-22_14-48-00,80,7,clahe_otsu,46.7742919921875
80x_2_2025-05-22_14-48-00,80,8,unet,0.0
80x_2_2025-05-22_14-48-00,80,8,resunet,0.262451171875
80x_2_2025-05-22_14-48-00,80,8,attention_resunet,0.0
80x_2_2025-05-22_14-48-00,80,8,clahe_otsu,45.0286865234375
80x_2_2025-05-22_14-48-00,80,9,unet,0.0
80x_2_2025-05-22_14-48-00,80,9,resunet,0.0
80x_2_2025-05-22_14-48-00,80,9,attention_resunet,0.01220703125
80x_2_2025-05-22_14-48-00,80,9,clahe_otsu,46.49200439453125
80x_2_2025-05-22_14-48-00,80,10,unet,0.0
80x_2_2025-05-22_14-48-00,80,10,resunet,0.0
80x_2_2025-05-22_14-48-00,80,10,attention_resunet,0.0
80x_2_2025-05-22_14-48-00,80,10,clahe_otsu,45.30181884765625
80x_2_2025-05-22_14-48-00,80,11,unet,0.0
80x_2_2025-05-22_14-48-00,80,11,resunet,0.1495361328125
80x_2_2025-05-22_14-48-00,80,11,attention_resunet,0.0274658203125
80x_2_2025-05-22_14-48-00,80,11,clahe_otsu,46.03118896484375
80x_2_2025-05-22_14-48-00,80,12,unet,0.28533935546875
80x_2_2025-05-22_14-48-00,80,12,resunet,0.6134033203125
80x_2_2025-05-22_14-48-00,80,12,attention_resunet,0.0
80x_2_2025-05-22_14-48-00,80,12,clahe_otsu,46.11358642578125
80x_2_2025-05-22_14-48-00,80,13,unet,0.0
80x_2_2025-05-22_14-48-00,80,13,resunet,1.63726806640625
80x_2_2025-05-22_14-48-00,80,13,attention_resunet,0.250244140625
80x_2_2025-05-22_14-48-00,80,13,clahe_otsu,46.32110595703125
80x_2_2025-05-22_14-48-00,80,14,unet,0.0
80x_2_2025-05-22_14-48-00,80,14,resunet,0.48675537109375
80x_2_2025-05-22_14-48-00,80,14,attention_resunet,0.0
80x_2_2025-05-22_14-48-00,80,14,clahe_otsu,50.78582763671875
80x_2_2025-05-22_14-48-00,80,15,unet,0.05645751953125
80x_2_2025-05-22_14-48-00,80,15,resunet,0.6927490234375
80x_2_2025-05-22_14-48-00,80,15,attention_resunet,0.04425048828125
80x_2_2025-05-22_14-48-00,80,15,clahe_otsu,44.90966796875
80x_2_2025-05-22_14-48-00,80,16,unet,0.030517578125
80x_2_2025-05-22_14-48-00,80,16,resunet,0.3570556640625
80x_2_2025-05-22_14-48-00,80,16,attention_resunet,0.12054443359375
80x_2_2025-05-22_14-48-00,80,16,clahe_otsu,45.69549560546875
80x_2_2025-05-22_14-48-00,80,17,unet,0.0
80x_2_2025-05-22_14-48-00,80,17,resunet,0.23345947265625
80x_2_2025-05-22_14-48-00,80,17,attention_resunet,0.0
80x_2_2025-05-22_14-48-00,80,17,clahe_otsu,45.367431640625
80x_2_2025-05-22_14-48-00,80,18,unet,0.0
80x_2_2025-05-22_14-48-00,80,18,resunet,0.03662109375
80x_2_2025-05-22_14-48-00,80,18,attention_resunet,0.0
80x_2_2025-05-22_14-48-00,80,18,clahe_otsu,45.2178955078125
80x_2_2025-05-22_14-48-00,80,19,unet,0.0
80x_2_2025-05-22_14-48-00,80,19,resunet,0.0
80x_2_2025-05-22_14-48-00,80,19,attention_resunet,0.0
80x_2_2025-05-22_14-48-00,80,19,clahe_otsu,44.49615478515625
80x_2_2025-05-22_14-48-00,80,20,unet,0.0
80x_2_2025-05-22_14-48-00,80,20,resunet,0.0579833984375
80x_2_2025-05-22_14-48-00,80,20,attention_resunet,0.0
80x_2_2025-05-22_14-48-00,80,20,clahe_otsu,45.45135498046875
80x_2_2025-05-22_14-48-00,80,21,unet,0.0
80x_2_2025-05-22_14-48-00,80,21,resunet,0.0244140625
80x_2_2025-05-22_14-48-00,80,21,attention_resunet,0.0
80x_2_2025-05-22_14-48-00,80,21,clahe_otsu,46.2127685546875
80x_2_2025-05-22_14-48-00,80,22,unet,0.0
80x_2_2025-05-22_14-48-00,80,22,resunet,0.13885498046875
80x_2_2025-05-22_14-48-00,80,22,attention_resunet,0.0
80x_2_2025-05-22_14-48-00,80,22,clahe_otsu,45.4986572265625
80x_2_2025-05-22_14-48-00,80,23,unet,0.0
80x_2_2025-05-22_14-48-00,80,23,resunet,0.006103515625
80x_2_2025-05-22_14-48-00,80,23,attention_resunet,0.0
80x_2_2025-05-22_14-48-00,80,23,clahe_otsu,45.21484375
80x_2_2025-05-22_14-48-00,80,24,unet,0.04730224609375
80x_2_2025-05-22_14-48-00,80,24,resunet,0.0213623046875
80x_2_2025-05-22_14-48-00,80,24,attention_resunet,0.0
80x_2_2025-05-22_14-48-00,80,24,clahe_otsu,43.46160888671875
80x_2_2025-05-22_14-48-00,80,25,unet,0.091552734375
80x_2_2025-05-22_14-48-00,80,25,resunet,0.2960205078125
80x_2_2025-05-22_14-48-00,80,25,attention_resunet,0.0
80x_2_2025-05-22_14-48-00,80,25,clahe_otsu,45.41473388671875
80x_2_2025-05-22_14-48-00,80,26,unet,0.421142578125
80x_2_2025-05-22_14-48-00,80,26,resunet,0.506591796875
80x_2_2025-05-22_14-48-00,80,26,attention_resunet,0.0
80x_2_2025-05-22_14-48-00,80,26,clahe_otsu,43.804931640625
80x_2_2025-05-22_14-48-00,80,27,unet,0.14495849609375
80x_2_2025-05-22_14-48-00,80,27,resunet,0.189208984375
80x_2_2025-05-22_14-48-00,80,27,attention_resunet,0.4302978515625
80x_2_2025-05-22_14-48-00,80,27,clahe_otsu,43.84765625
80x_2_2025-05-22_14-48-00,80,28,unet,0.0
80x_2_2025-05-22_14-48-00,80,28,resunet,0.2166748046875
80x_2_2025-05-22_14-48-00,80,28,attention_resunet,0.02899169921875
80x_2_2025-05-22_14-48-00,80,28,clahe_otsu,45.68939208984375
80x_2_2025-05-22_14-48-00,80,29,unet,0.0
80x_2_2025-05-22_14-48-00,80,29,resunet,0.3448486328125
80x_2_2025-05-22_14-48-00,80,29,attention_resunet,0.0
80x_2_2025-05-22_14-48-00,80,29,clahe_otsu,47.49755859375
80x_2_2025-05-22_14-48-00,80,30,unet,0.54473876953125
80x_2_2025-05-22_14-48-00,80,30,resunet,0.46844482421875
80x_2_2025-05-22_14-48-00,80,30,attention_resunet,0.0
80x_2_2025-05-22_14-48-00,80,30,clahe_otsu,45.92742919921875
80x_2_2025-05-22_14-48-00,80,31,unet,0.0
80x_2_2025-05-22_14-48-00,80,31,resunet,0.0
80x_2_2025-05-22_14-48-00,80,31,attention_resunet,0.0
80x_2_2025-05-22_14-48-00,80,31,clahe_otsu,47.137451171875
80x_2_2025-05-22_14-48-00,80,32,unet,0.03204345703125
80x_2_2025-05-22_14-48-00,80,32,resunet,0.067138671875
80x_2_2025-05-22_14-48-00,80,32,attention_resunet,0.0
80x_2_2025-05-22_14-48-00,80,32,clahe_otsu,45.95947265625
80x_2_2025-05-22_14-48-00,80,33,unet,0.0
80x_2_2025-05-22_14-48-00,80,33,resunet,0.03509521484375
80x_2_2025-05-22_14-48-00,80,33,attention_resunet,0.0
80x_2_2025-05-22_14-48-00,80,33,clahe_otsu,43.02825927734375
80x_2_2025-05-22_14-48-00,80,34,unet,0.01373291015625
80x_2_2025-05-22_14-48-00,80,34,resunet,0.0
80x_2_2025-05-22_14-48-00,80,34,attention_resunet,0.01983642578125
80x_2_2025-05-22_14-48-00,80,34,clahe_otsu,44.54803466796875
80x_2_2025-05-22_14-48-00,80,35,unet,0.04425048828125
80x_2_2025-05-22_14-48-00,80,35,resunet,0.079345703125
80x_2_2025-05-22_14-48-00,80,35,attention_resunet,0.0
80x_2_2025-05-22_14-48-00,80,35,clahe_otsu,44.964599609375
80x_2_2025-05-22_14-48-00,80,36,unet,0.0
80x_2_2025-05-22_14-48-00,80,36,resunet,0.02288818359375
80x_2_2025-05-22_14-48-00,80,36,attention_resunet,0.0
80x_2_2025-05-22_14-48-00,80,36,clahe_otsu,43.9544677734375
80x_2_2025-05-22_14-48-00,80,37,unet,0.0
80x_2_2025-05-22_14-48-00,80,37,resunet,0.0579833984375
80x_2_2025-05-22_14-48-00,80,37,attention_resunet,0.0
80x_2_2025-05-22_14-48-00,80,37,clahe_otsu,44.68994140625
80x_2_2025-05-22_14-48-00,80,38,unet,0.0
80x_2_2025-05-22_14-48-00,80,38,resunet,0.103759765625
80x_2_2025-05-22_14-48-00,80,38,attention_resunet,0.0
80x_2_2025-05-22_14-48-00,80,38,clahe_otsu,46.58203125
80x_2_2025-05-22_14-48-00,80,39,unet,0.47760009765625
80x_2_2025-05-22_14-48-00,80,39,resunet,0.45166015625
80x_2_2025-05-22_14-48-00,80,39,attention_resunet,0.0
80x_2_2025-05-22_14-48-00,80,39,clahe_otsu,44.4000244140625
80x_2_2025-05-22_14-48-00,80,40,unet,0.0
80x_2_2025-05-22_14-48-00,80,40,resunet,0.10528564453125
80x_2_2025-05-22_14-48-00,80,40,attention_resunet,0.0
80x_2_2025-05-22_14-48-00,80,40,clahe_otsu,43.377685546875
80x_2_2025-05-22_14-48-00,80,41,unet,0.0
80x_2_2025-05-22_14-48-00,80,41,resunet,0.0396728515625
80x_2_2025-05-22_14-48-00,80,41,attention_resunet,0.09765625
80x_2_2025-05-22_14-48-00,80,41,clahe_otsu,45.36285400390625
80x_2_2025-05-22_14-48-00,80,42,unet,0.0
80x_2_2025-05-22_14-48-00,80,42,resunet,0.09918212890625
80x_2_2025-05-22_14-48-00,80,42,attention_resunet,0.054931640625
80x_2_2025-05-22_14-48-00,80,42,clahe_otsu,44.04754638671875
80x_2_2025-05-22_14-48-00,80,43,unet,0.09765625
80x_2_2025-05-22_14-48-00,80,43,resunet,0.1678466796875
80x_2_2025-05-22_14-48-00,80,43,attention_resunet,0.0
80x_2_2025-05-22_14-48-00,80,43,clahe_otsu,43.426513671875
80x_2_2025-05-22_14-48-00,80,44,unet,0.0
80x_2_2025-05-22_14-48-00,80,44,resunet,1.30615234375
80x_2_2025-05-22_14-48-00,80,44,attention_resunet,0.030517578125
80x_2_2025-05-22_14-48-00,80,44,clahe_otsu,46.88568115234375
80x_2_2025-05-22_14-48-00,80,45,unet,0.0
80x_2_2025-05-22_14-48-00,80,45,resunet,0.18768310546875
80x_2_2025-05-22_14-48-00,80,45,attention_resunet,0.0
80x_2_2025-05-22_14-48-00,80,45,clahe_otsu,46.075439453125
80x_2_2025-05-22_14-48-00,80,46,unet,0.0
80x_2_2025-05-22_14-48-00,80,46,resunet,0.299072265625
80x_2_2025-05-22_14-48-00,80,46,attention_resunet,0.0
80x_2_2025-05-22_14-48-00,80,46,clahe_otsu,43.743896484375
80x_2_2025-05-22_14-48-00,80,47,unet,0.1068115234375
80x_2_2025-05-22_14-48-00,80,47,resunet,0.439453125
80x_2_2025-05-22_14-48-00,80,47,attention_resunet,0.0
80x_2_2025-05-22_14-48-00,80,47,clahe_otsu,43.36395263671875
80x_2_2025-05-22_14-48-00,80,48,unet,0.0
80x_2_2025-05-22_14-48-00,80,48,resunet,0.05645751953125
80x_2_2025-05-22_14-48-00,80,48,attention_resunet,0.0
80x_2_2025-05-22_14-48-00,80,48,clahe_otsu,43.0908203125
80x_2_2025-05-22_14-48-00,80,49,unet,0.01983642578125
80x_2_2025-05-22_14-48-00,80,49,resunet,0.12359619140625
80x_2_2025-05-22_14-48-00,80,49,attention_resunet,0.0
80x_2_2025-05-22_14-48-00,80,49,clahe_otsu,44.3817138671875
80x_2_2025-05-22_14-48-00,80,50,unet,0.0
80x_2_2025-05-22_14-48-00,80,50,resunet,0.05340576171875
80x_2_2025-05-22_14-48-00,80,50,attention_resunet,0.0
80x_2_2025-05-22_14-48-00,80,50,clahe_otsu,45.2728271484375
80x_2_2025-05-22_14-48-00,80,51,unet,0.0
80x_2_2025-05-22_14-48-00,80,51,resunet,0.0335693359375
80x_2_2025-05-22_14-48-00,80,51,attention_resunet,0.13275146484375
80x_2_2025-05-22_14-48-00,80,51,clahe_otsu,45.8740234375
80x_2_2025-05-22_14-48-00,80,52,unet,0.0030517578125
80x_2_2025-05-22_14-48-00,80,52,resunet,0.08087158203125
80x_2_2025-05-22_14-48-00,80,52,attention_resunet,0.0
80x_2_2025-05-22_14-48-00,80,52,clahe_otsu,44.091796875
80x_2_2025-05-22_14-48-00,80,53,unet,0.0
80x_2_2025-05-22_14-48-00,80,53,resunet,0.12054443359375
80x_2_2025-05-22_14-48-00,80,53,attention_resunet,0.0
80x_2_2025-05-22_14-48-00,80,53,clahe_otsu,45.7122802734375
80x_2_2025-05-22_14-48-00,80,54,unet,0.0457763671875
80x_2_2025-05-22_14-48-00,80,54,resunet,0.3173828125
80x_2_2025-05-22_14-48-00,80,54,attention_resunet,0.0
80x_2_2025-05-22_14-48-00,80,54,clahe_otsu,45.343017578125
80x_2_2025-05-22_14-48-00,80,55,unet,0.0
80x_2_2025-05-22_14-48-00,80,55,resunet,0.51422119140625
80x_2_2025-05-22_14-48-00,80,55,attention_resunet,0.0152587890625
80x_2_2025-05-22_14-48-00,80,55,clahe_otsu,44.036865234375
80x_2_2025-05-22_14-48-00,80,56,unet,0.12969970703125
80x_2_2025-05-22_14-48-00,80,56,resunet,0.52642822265625
80x_2_2025-05-22_14-48-00,80,56,attention_resunet,0.0823974609375
80x_2_2025-05-22_14-48-00,80,56,clahe_otsu,45.208740234375
80x_2_2025-05-22_14-48-00,80,57,unet,0.04730224609375
80x_2_2025-05-22_14-48-00,80,57,resunet,0.13580322265625
80x_2_2025-05-22_14-48-00,80,57,attention_resunet,0.0
80x_2_2025-05-22_14-48-00,80,57,clahe_otsu,43.9056396484375
80x_2_2025-05-22_14-48-00,80,58,unet,0.0
80x_2_2025-05-22_14-48-00,80,58,resunet,0.16632080078125
80x_2_2025-05-22_14-48-00,80,58,attention_resunet,0.0
80x_2_2025-05-22_14-48-00,80,58,clahe_otsu,43.5943603515625
80x_2_2025-05-22_14-48-00,80,59,unet,0.286865234375
80x_2_2025-05-22_14-48-00,80,59,resunet,0.01983642578125
80x_2_2025-05-22_14-48-00,80,59,attention_resunet,0.23956298828125
80x_2_2025-05-22_14-48-00,80,59,clahe_otsu,44.38629150390625
80x_2_2025-05-22_14-48-00,80,60,unet,0.04730224609375
80x_2_2025-05-22_14-48-00,80,60,resunet,0.44097900390625
80x_2_2025-05-22_14-48-00,80,60,attention_resunet,0.01068115234375
80x_2_2025-05-22_14-48-00,80,60,clahe_otsu,45.36285400390625
80x_2_2025-05-22_14-48-00,80,61,unet,0.0701904296875
80x_2_2025-05-22_14-48-00,80,61,resunet,0.37078857421875
80x_2_2025-05-22_14-48-00,80,61,attention_resunet,0.0
80x_2_2025-05-22_14-48-00,80,61,clahe_otsu,44.2352294921875
80x_2_2025-05-22_14-48-00,80,62,unet,0.02288818359375
80x_2_2025-05-22_14-48-00,80,62,resunet,0.6378173828125
80x_2_2025-05-22_14-48-00,80,62,attention_resunet,0.0
80x_2_2025-05-22_14-48-00,80,62,clahe_otsu,43.6767578125
80x_2_2025-05-22_14-48-00,80,63,unet,0.0
80x_2_2025-05-22_14-48-00,80,63,resunet,0.58441162109375
80x_2_2025-05-22_14-48-00,80,63,attention_resunet,0.06866455078125
80x_2_2025-05-22_14-48-00,80,63,clahe_otsu,44.842529296875
80x_2_2025-05-22_14-48-00,80,64,unet,0.0
80x_2_2025-05-22_14-48-00,80,64,resunet,0.13885498046875
80x_2_2025-05-22_14-48-00,80,64,attention_resunet,0.0
80x_2_2025-05-22_14-48-00,80,64,clahe_otsu,43.61114501953125
80x_2_2025-05-22_14-48-00,80,65,unet,0.0
80x_2_2025-05-22_14-48-00,80,65,resunet,0.13580322265625
80x_2_2025-05-22_14-48-00,80,65,attention_resunet,0.0
80x_2_2025-05-22_14-48-00,80,65,clahe_otsu,44.38629150390625
80x_2_2025-05-22_14-48-00,80,66,unet,0.0
80x_2_2025-05-22_14-48-00,80,66,resunet,0.1312255859375
80x_2_2025-05-22_14-48-00,80,66,attention_resunet,0.0
80x_2_2025-05-22_14-48-00,80,66,clahe_otsu,44.60296630859375
80x_2_2025-05-22_14-48-00,80,67,unet,0.07171630859375
80x_2_2025-05-22_14-48-00,80,67,resunet,0.04119873046875
80x_2_2025-05-22_14-48-00,80,67,attention_resunet,0.0
80x_2_2025-05-22_14-48-00,80,67,clahe_otsu,44.671630859375
80x_2_2025-05-22_14-48-00,80,68,unet,0.0
80x_2_2025-05-22_14-48-00,80,68,resunet,0.05340576171875
80x_2_2025-05-22_14-48-00,80,68,attention_resunet,0.0
80x_2_2025-05-22_14-48-00,80,68,clahe_otsu,44.00634765625
80x_2_2025-05-22_14-48-00,80,69,unet,0.00152587890625
80x_2_2025-05-22_14-48-00,80,69,resunet,0.05950927734375
80x_2_2025-05-22_14-48-00,80,69,attention_resunet,0.0091552734375
80x_2_2025-05-22_14-48-00,80,69,clahe_otsu,44.36492919921875
80x_2_2025-05-22_14-48-00,80,70,unet,0.0
80x_2_2025-05-22_14-48-00,80,70,resunet,0.0
80x_2_2025-05-22_14-48-00,80,70,attention_resunet,0.0
80x_2_2025-05-22_14-48-00,80,70,clahe_otsu,46.0357666015625
80x_2_2025-05-22_14-48-00,80,71,unet,0.01678466796875
80x_2_2025-05-22_14-48-00,80,71,resunet,0.048828125
80x_2_2025-05-22_14-48-00,80,71,attention_resunet,0.0
80x_2_2025-05-22_14-48-00,80,71,clahe_otsu,46.2005615234375
80x_2_2025-05-22_14-48-00,80,72,unet,0.0
80x_2_2025-05-22_14-48-00,80,72,resunet,0.13427734375
80x_2_2025-05-22_14-48-00,80,72,attention_resunet,0.0
80x_2_2025-05-22_14-48-00,80,72,clahe_otsu,43.7164306640625
80x_2_2025-05-22_14-48-00,80,73,unet,0.0
80x_2_2025-05-22_14-48-00,80,73,resunet,0.311279296875
80x_2_2025-05-22_14-48-00,80,73,attention_resunet,0.0
80x_2_2025-05-22_14-48-00,80,73,clahe_otsu,44.46563720703125
80x_2_2025-05-22_14-48-00,80,74,unet,0.1739501953125
80x_2_2025-05-22_14-48-00,80,74,resunet,0.69732666015625
80x_2_2025-05-22_14-48-00,80,74,attention_resunet,0.3448486328125
80x_2_2025-05-22_14-48-00,80,74,clahe_otsu,44.3939208984375
80x_2_2025-05-22_14-48-00,80,75,unet,0.0
80x_2_2025-05-22_14-48-00,80,75,resunet,0.30670166015625
80x_2_2025-05-22_14-48-00,80,75,attention_resunet,0.0
80x_2_2025-05-22_14-48-00,80,75,clahe_otsu,43.8568115234375
80x_2_2025-05-22_14-48-00,80,76,unet,0.0
80x_2_2025-05-22_14-48-00,80,76,resunet,0.1953125
80x_2_2025-05-22_14-48-00,80,76,attention_resunet,0.0
80x_2_2025-05-22_14-48-00,80,76,clahe_otsu,43.73016357421875
80x_2_2025-05-22_14-48-00,80,77,unet,0.006103515625
80x_2_2025-05-22_14-48-00,80,77,resunet,0.33416748046875
80x_2_2025-05-22_14-48-00,80,77,attention_resunet,0.0
80x_2_2025-05-22_14-48-00,80,77,clahe_otsu,44.5037841796875
80x_2_2025-05-22_14-48-00,80,78,unet,0.0
80x_2_2025-05-22_14-48-00,80,78,resunet,0.1068115234375
80x_2_2025-05-22_14-48-00,80,78,attention_resunet,0.01373291015625
80x_2_2025-05-22_14-48-00,80,78,clahe_otsu,44.2901611328125
80x_2_2025-05-22_14-48-00,80,79,unet,0.0
80x_2_2025-05-22_14-48-00,80,79,resunet,0.1800537109375
80x_2_2025-05-22_14-48-00,80,79,attention_resunet,0.0
80x_2_2025-05-22_14-48-00,80,79,clahe_otsu,41.693115234375
80x_2_2025-05-22_14-48-00,80,80,unet,0.0
80x_2_2025-05-22_14-48-00,80,80,resunet,0.0
80x_2_2025-05-22_14-48-00,80,80,attention_resunet,0.0
80x_2_2025-05-22_14-48-00,80,80,clahe_otsu,43.32733154296875
80x_2_2025-05-22_14-48-00,80,81,unet,0.0152587890625
80x_2_2025-05-22_14-48-00,80,81,resunet,0.103759765625
80x_2_2025-05-22_14-48-00,80,81,attention_resunet,0.0
80x_2_2025-05-22_14-48-00,80,81,clahe_otsu,43.59588623046875
80x_2_2025-05-22_14-48-00,80,82,unet,0.0
80x_2_2025-05-22_14-48-00,80,82,resunet,0.16632080078125
80x_2_2025-05-22_14-48-00,80,82,attention_resunet,0.0
80x_2_2025-05-22_14-48-00,80,82,clahe_otsu,43.62945556640625
80x_2_2025-05-22_14-48-00,80,83,unet,0.0
80x_2_2025-05-22_14-48-00,80,83,resunet,0.0701904296875
80x_2_2025-05-22_14-48-00,80,83,attention_resunet,0.0
80x_2_2025-05-22_14-48-00,80,83,clahe_otsu,44.26116943359375
80x_2_2025-05-22_14-48-00,80,84,unet,0.3692626953125
80x_2_2025-05-22_14-48-00,80,84,resunet,0.34332275390625
80x_2_2025-05-22_14-48-00,80,84,attention_resunet,0.0
80x_2_2025-05-22_14-48-00,80,84,clahe_otsu,44.33441162109375
80x_2_2025-05-22_14-48-00,80,85,unet,0.0
80x_2_2025-05-22_14-48-00,80,85,resunet,0.03814697265625
80x_2_2025-05-22_14-48-00,80,85,attention_resunet,0.0
80x_2_2025-05-22_14-48-00,80,85,clahe_otsu,45.28045654296875
80x_2_2025-05-22_14-48-00,80,86,unet,0.0
80x_2_2025-05-22_14-48-00,80,86,resunet,0.3204345703125
80x_2_2025-05-22_14-48-00,80,86,attention_resunet,0.006103515625
80x_2_2025-05-22_14-48-00,80,86,clahe_otsu,44.62890625
80x_2_2025-05-22_14-48-00,80,87,unet,0.018310546875
80x_2_2025-05-22_14-48-00,80,87,resunet,0.115966796875
80x_2_2025-05-22_14-48-00,80,87,attention_resunet,0.0
80x_2_2025-05-22_14-48-00,80,87,clahe_otsu,44.0216064453125
80x_2_2025-05-22_14-48-00,80,88,unet,0.0
80x_2_2025-05-22_14-48-00,80,88,resunet,0.52642822265625
80x_2_2025-05-22_14-48-00,80,88,attention_resunet,0.0
80x_2_2025-05-22_14-48-00,80,88,clahe_otsu,44.05975341796875
80x_2_2025-05-22_14-48-00,80,89,unet,0.0
80x_2_2025-05-22_14-48-00,80,89,resunet,0.55389404296875
80x_2_2025-05-22_14-48-00,80,89,attention_resunet,0.07171630859375
80x_2_2025-05-22_14-48-00,80,89,clahe_otsu,43.49822998046875
80x_2_2025-05-22_14-48-00,80,90,unet,0.02899169921875
80x_2_2025-05-22_14-48-00,80,90,resunet,0.44403076171875
80x_2_2025-05-22_14-48-00,80,90,attention_resunet,0.0
80x_2_2025-05-22_14-48-00,80,90,clahe_otsu,44.06280517578125
80x_2_2025-05-22_14-48-00,80,91,unet,0.04425048828125
80x_2_2025-05-22_14-48-00,80,91,resunet,0.128173828125
80x_2_2025-05-22_14-48-00,80,91,attention_resunet,0.0
80x_2_2025-05-22_14-48-00,80,91,clahe_otsu,43.19305419921875
80x_2_2025-05-22_14-48-00,80,92,unet,0.0
80x_2_2025-05-22_14-48-00,80,92,resunet,0.28839111328125
80x_2_2025-05-22_14-48-00,80,92,attention_resunet,0.0030517578125
80x_2_2025-05-22_14-48-00,80,92,clahe_otsu,43.5699462890625
80x_2_2025-05-22_14-48-00,80,93,unet,0.0
80x_2_2025-05-22_14-48-00,80,93,resunet,0.18157958984375
80x_2_2025-05-22_14-48-00,80,93,attention_resunet,0.0
80x_2_2025-05-22_14-48-00,80,93,clahe_otsu,43.54400634765625
80x_2_2025-05-22_14-48-00,80,94,unet,0.0
80x_2_2025-05-22_14-48-00,80,94,resunet,0.5523681640625
80x_2_2025-05-22_14-48-00,80,94,attention_resunet,0.0
80x_2_2025-05-22_14-48-00,80,94,clahe_otsu,44.35577392578125
80x_2_2025-05-22_14-48-00,80,95,unet,0.0
80x_2_2025-05-22_14-48-00,80,95,resunet,0.10528564453125
80x_2_2025-05-22_14-48-00,80,95,attention_resunet,0.0335693359375
80x_2_2025-05-22_14-48-00,80,95,clahe_otsu,44.37255859375
80x_2_2025-05-22_14-48-00,80,96,unet,0.0
80x_2_2025-05-22_14-48-00,80,96,resunet,0.12359619140625
80x_2_2025-05-22_14-48-00,80,96,attention_resunet,0.0
80x_2_2025-05-22_14-48-00,80,96,clahe_otsu,44.09942626953125
80x_2_2025-05-22_14-48-00,80,97,unet,0.0
80x_2_2025-05-22_14-48-00,80,97,resunet,0.2685546875
80x_2_2025-05-22_14-48-00,80,97,attention_resunet,0.0244140625
80x_2_2025-05-22_14-48-00,80,97,clahe_otsu,43.46923828125
80x_2_2025-05-22_14-48-00,80,98,unet,0.0
80x_2_2025-05-22_14-48-00,80,98,resunet,0.1678466796875
80x_2_2025-05-22_14-48-00,80,98,attention_resunet,0.0396728515625
80x_2_2025-05-22_14-48-00,80,98,clahe_otsu,44.3756103515625
80x_2_2025-05-22_14-48-00,80,99,unet,0.06561279296875
80x_2_2025-05-22_14-48-00,80,99,resunet,0.0885009765625
80x_2_2025-05-22_14-48-00,80,99,attention_resunet,0.0
80x_2_2025-05-22_14-48-00,80,99,clahe_otsu,44.76470947265625
80x_2_2025-05-22_14-48-00,80,100,unet,0.0
80x_2_2025-05-22_14-48-00,80,100,resunet,0.28228759765625
80x_2_2025-05-22_14-48-00,80,100,attention_resunet,0.0
80x_2_2025-05-22_14-48-00,80,100,clahe_otsu,43.47381591796875
80x_2_2025-05-22_14-48-00,80,101,unet,0.0091552734375
80x_2_2025-05-22_14-48-00,80,101,resunet,0.2777099609375
80x_2_2025-05-22_14-48-00,80,101,attention_resunet,0.0
80x_2_2025-05-22_14-48-00,80,101,clahe_otsu,45.05615234375
80x_2_2025-05-22_14-48-00,80,102,unet,0.00457763671875
80x_2_2025-05-22_14-48-00,80,102,resunet,0.1007080078125
80x_2_2025-05-22_14-48-00,80,102,attention_resunet,0.0
80x_2_2025-05-22_14-48-00,80,102,clahe_otsu,45.880126953125
80x_2_2025-05-22_14-48-00,80,103,unet,0.018310546875
80x_2_2025-05-22_14-48-00,80,103,resunet,0.20904541015625
80x_2_2025-05-22_14-48-00,80,103,attention_resunet,0.0
80x_2_2025-05-22_14-48-00,80,103,clahe_otsu,43.8629150390625
80x_2_2025-05-22_14-48-00,80,104,unet,0.05035400390625
80x_2_2025-05-22_14-48-00,80,104,resunet,0.7843017578125
80x_2_2025-05-22_14-48-00,80,104,attention_resunet,0.06256103515625
80x_2_2025-05-22_14-48-00,80,104,clahe_otsu,46.2799072265625
80x_2_2025-05-22_14-48-00,80,105,unet,0.0
80x_2_2025-05-22_14-48-00,80,105,resunet,0.12969970703125
80x_2_2025-05-22_14-48-00,80,105,attention_resunet,0.0
80x_2_2025-05-22_14-48-00,80,105,clahe_otsu,45.2178955078125
80x_2_2025-05-22_14-48-00,80,106,unet,0.0
80x_2_2025-05-22_14-48-00,80,106,resunet,0.19683837890625
80x_2_2025-05-22_14-48-00,80,106,attention_resunet,0.0
80x_2_2025-05-22_14-48-00,80,106,clahe_otsu,46.01593017578125
80x_2_2025-05-22_14-48-00,80,107,unet,0.0
80x_2_2025-05-22_14-48-00,80,107,resunet,0.0457763671875
80x_2_2025-05-22_14-48-00,80,107,attention_resunet,0.0
80x_2_2025-05-22_14-48-00,80,107,clahe_otsu,45.04241943359375
80x_2_2025-05-22_14-48-00,80,108,unet,0.0
80x_2_2025-05-22_14-48-00,80,108,resunet,0.27313232421875
80x_2_2025-05-22_14-48-00,80,108,attention_resunet,0.0
80x_2_2025-05-22_14-48-00,80,108,clahe_otsu,44.268798828125
80x_2_2025-05-22_14-48-00,80,109,unet,0.0
80x_2_2025-05-22_14-48-00,80,109,resunet,0.41351318359375
80x_2_2025-05-22_14-48-00,80,109,attention_resunet,0.03814697265625
80x_2_2025-05-22_14-48-00,80,109,clahe_otsu,42.72613525390625
80x_2_2025-05-22_14-48-00,80,110,unet,0.0
80x_2_2025-05-22_14-48-00,80,110,resunet,0.05645751953125
80x_2_2025-05-22_14-48-00,80,110,attention_resunet,0.0
80x_2_2025-05-22_14-48-00,80,110,clahe_otsu,42.919921875
80x_2_2025-05-22_14-48-00,80,111,unet,0.0
80x_2_2025-05-22_14-48-00,80,111,resunet,0.33111572265625
80x_2_2025-05-22_14-48-00,80,111,attention_resunet,0.0
80x_2_2025-05-22_14-48-00,80,111,clahe_otsu,43.48297119140625
80x_2_2025-05-22_14-48-00,80,112,unet,0.0
80x_2_2025-05-22_14-48-00,80,112,resunet,0.103759765625
80x_2_2025-05-22_14-48-00,80,112,attention_resunet,0.0
80x_2_2025-05-22_14-48-00,80,112,clahe_otsu,42.33856201171875
80x_2_2025-05-22_14-48-00,80,113,unet,0.0
80x_2_2025-05-22_14-48-00,80,113,resunet,0.2227783203125
80x_2_2025-05-22_14-48-00,80,113,attention_resunet,0.0640869140625
80x_2_2025-05-22_14-48-00,80,113,clahe_otsu,43.8995361328125
80x_2_2025-05-22_14-48-00,80,114,unet,0.0
80x_2_2025-05-22_14-48-00,80,114,resunet,0.41046142578125
80x_2_2025-05-22_14-48-00,80,114,attention_resunet,0.0
80x_2_2025-05-22_14-48-00,80,114,clahe_otsu,43.95904541015625
80x_2_2025-05-22_14-48-00,80,115,unet,0.0
80x_2_2025-05-22_14-48-00,80,115,resunet,0.2349853515625
80x_2_2025-05-22_14-48-00,80,115,attention_resunet,0.0
80x_2_2025-05-22_14-48-00,80,115,clahe_otsu,43.24188232421875
80x_2_2025-05-22_14-48-00,80,116,unet,0.0
80x_2_2025-05-22_14-48-00,80,116,resunet,0.21209716796875
80x_2_2025-05-22_14-48-00,80,116,attention_resunet,0.0
80x_2_2025-05-22_14-48-00,80,116,clahe_otsu,43.46160888671875
80x_2_2025-05-22_14-48-00,80,117,unet,0.0
80x_2_2025-05-22_14-48-00,80,117,resunet,0.35400390625
80x_2_2025-05-22_14-48-00,80,117,attention_resunet,0.0
80x_2_2025-05-22_14-48-00,80,117,clahe_otsu,44.4305419921875
80x_2_2025-05-22_14-48-00,80,118,unet,0.01983642578125
80x_2_2025-05-22_14-48-00,80,118,resunet,0.28076171875
80x_2_2025-05-22_14-48-00,80,118,attention_resunet,0.0
80x_2_2025-05-22_14-48-00,80,118,clahe_otsu,44.66552734375
80x_2_2025-05-22_14-48-00,80,119,unet,0.09613037109375
80x_2_2025-05-22_14-48-00,80,119,resunet,0.4913330078125
80x_2_2025-05-22_14-48-00,80,119,attention_resunet,0.103759765625
80x_2_2025-05-22_14-48-00,80,119,clahe_otsu,44.04754638671875
