{
  "architecture": "Attention_ResUNet",
  "learning_rate": 0.001,
  "batch_size": 16,
  "epochs_requested": 30,
  "epochs_completed": 30,
  "training_time_seconds": 1495.44163,
  "training_successful": true,
  "best_val_jaccard": 0.9291535019874573,
  "best_epoch": 28,
  "final_val_loss": 0.007248039823025465,
  "final_train_loss": 0.006846351083368063,
  "val_loss_stability": 0.0015177189942894324,
  "overfitting_gap": 0.00040168873965740204
}