{
  "architecture": "UNet",
  "learning_rate": 0.0001,
  "batch_size": 32,
  "epochs_requested": 30,
  "epochs_completed": 30,
  "training_time_seconds": 929.029973,
  "training_successful": true,
  "best_val_jaccard": 0.9192150831222534,
  "best_epoch": 27,
  "final_val_loss": 0.02306468039751053,
  "final_train_loss": 0.02299223653972149,
  "val_loss_stability": 0.0025312570724458244,
  "overfitting_gap": 7.244385778903961e-05
}