{
  "architecture": "Attention_ResUNet",
  "learning_rate": 0.001,
  "batch_size": 8,
  "epochs_requested": 30,
  "epochs_completed": 16,
  "training_time_seconds": 120.294048,
  "training_successful": true,
  "best_val_jaccard": 0.054531726986169815,
  "best_epoch": 6,
  "final_val_loss": 0.13939198851585388,
  "final_train_loss": 0.13212290406227112,
  "val_loss_stability": 0.00922776605273811,
  "overfitting_gap": 0.007269084453582764
}