{
  "architecture": "Attention_UNet",
  "learning_rate": 0.0005,
  "batch_size": 8,
  "epochs_requested": 30,
  "epochs_completed": 30,
  "training_time_seconds": 1365.723533,
  "training_successful": true,
  "best_val_jaccard": 0.9203540086746216,
  "best_epoch": 30,
  "final_val_loss": 0.003115129889920354,
  "final_train_loss": 0.0034398436546325684,
  "val_loss_stability": 0.03178509436416241,
  "overfitting_gap": -0.00032471376471221447
}