image,dilution_factor,method,foreground_pct
10240x_2560x_2025-05-16_00-59-00_002,10240,unet,0.2572961384430527
10240x_2560x_2025-05-16_00-59-00_002,10240,unet,0.2852483186870813
10240x_2560x_2025-05-16_00-59-00_002,10240,unet,0.25419348385185
10240x_2560x_2025-05-16_00-59-00_002,10240,unet,0.5956935696303844
10240x_2560x_2025-05-16_00-59-00_002,10240,unet,25.71895718574524
10240x_2560x_2025-05-16_00-59-00_002,10240,unet,89.87587094306946
10240x_2560x_2025-05-16_00-59-00_002,10240,unet,97.87089228630066
10240x_2560x_2025-05-16_00-59-00_002,10240,unet,98.2506513595581
10240x_2560x_2025-05-16_00-59-00_002,10240,unet,98.52955341339111
10240x_2560x_2025-05-16_00-59-00_002,10240,unet,99.3076741695404
10240x_2560x_2025-05-16_00-59-00_002,10240,unet,96.6885268688202
10240x_2560x_2025-05-16_00-59-00_002,10240,unet,97.26150631904602
10240x_2560x_2025-05-16_00-59-00_002,10240,unet,92.99954175949097
10240x_2560x_2025-05-16_00-59-00_002,10240,unet,41.38071537017822
10240x_2560x_2025-05-16_00-59-00_002,10240,unet,0.2484841039404273
10240x_2560x_2025-05-16_00-59-00_002,10240,unet,0.2589909359812736
10240x_2560x_2025-05-16_00-59-00_002,10240,unet,0.2627097303047776
10240x_2560x_2025-05-16_00-59-00_002,10240,unet,0.2811897080391645
10240x_2560x_2025-05-16_00-59-00_002,10240,unet,0.3773907897993922
10240x_2560x_2025-05-16_00-59-00_002,10240,unet,0.311608868651092
10240x_2560x_2025-05-16_00-59-00_002,10240,unet,31.295371055603027
10240x_2560x_2025-05-16_00-59-00_002,10240,unet,91.96987748146056
10240x_2560x_2025-05-16_00-59-00_002,10240,unet,98.00173044204712
10240x_2560x_2025-05-16_00-59-00_002,10240,unet,96.23502492904665
10240x_2560x_2025-05-16_00-59-00_002,10240,unet,98.97014498710632
10240x_2560x_2025-05-16_00-59-00_002,10240,unet,98.72949719429016
10240x_2560x_2025-05-16_00-59-00_002,10240,unet,99.08438324928284
10240x_2560x_2025-05-16_00-59-00_002,10240,unet,98.7262487411499
10240x_2560x_2025-05-16_00-59-00_002,10240,unet,95.74339389801024
10240x_2560x_2025-05-16_00-59-00_002,10240,unet,21.68091982603073
10240x_2560x_2025-05-16_00-59-00_002,10240,unet,0.2692023757845163
10240x_2560x_2025-05-16_00-59-00_002,10240,unet,0.2622181549668312
10240x_2560x_2025-05-16_00-59-00_002,10240,unet,0.2846469637006521
10240x_2560x_2025-05-16_00-59-00_002,10240,unet,0.4497936926782131
10240x_2560x_2025-05-16_00-59-00_002,10240,unet,0.4869166295975446
10240x_2560x_2025-05-16_00-59-00_002,10240,unet,0.2582014771178365
10240x_2560x_2025-05-16_00-59-00_002,10240,unet,41.084301471710205
10240x_2560x_2025-05-16_00-59-00_002,10240,unet,92.85544157028198
10240x_2560x_2025-05-16_00-59-00_002,10240,unet,97.86087274551392
10240x_2560x_2025-05-16_00-59-00_002,10240,unet,99.1372048854828
10240x_2560x_2025-05-16_00-59-00_002,10240,unet,98.43587875366212
10240x_2560x_2025-05-16_00-59-00_002,10240,unet,99.5347797870636
10240x_2560x_2025-05-16_00-59-00_002,10240,unet,98.20984601974487
10240x_2560x_2025-05-16_00-59-00_002,10240,unet,96.48605585098268
10240x_2560x_2025-05-16_00-59-00_002,10240,unet,61.17239594459534
10240x_2560x_2025-05-16_00-59-00_002,10240,unet,0.2708562649786472
10240x_2560x_2025-05-16_00-59-00_002,10240,unet,0.2681552898138761
10240x_2560x_2025-05-16_00-59-00_002,10240,unet,0.2619122387841344
10240x_2560x_2025-05-16_00-59-00_002,10240,unet,0.280371680855751
10240x_2560x_2025-05-16_00-59-00_002,10240,unet,0.338682159781456
10240x_2560x_2025-05-16_00-59-00_002,10240,unet,0.3819094505161047
10240x_2560x_2025-05-16_00-59-00_002,10240,unet,16.746225953102112
10240x_2560x_2025-05-16_00-59-00_002,10240,unet,94.78434920310974
10240x_2560x_2025-05-16_00-59-00_002,10240,unet,98.25159907341003
10240x_2560x_2025-05-16_00-59-00_002,10240,unet,97.37806916236876
10240x_2560x_2025-05-16_00-59-00_002,10240,unet,98.27439188957214
10240x_2560x_2025-05-16_00-59-00_002,10240,unet,99.5229721069336
10240x_2560x_2025-05-16_00-59-00_002,10240,unet,98.66743683815002
10240x_2560x_2025-05-16_00-59-00_002,10240,unet,97.43034839630128
10240x_2560x_2025-05-16_00-59-00_002,10240,unet,90.00272750854492
10240x_2560x_2025-05-16_00-59-00_002,10240,unet,0.2724181860685348
10240x_2560x_2025-05-16_00-59-00_002,10240,unet,0.2708936110138893
10240x_2560x_2025-05-16_00-59-00_002,10240,unet,0.2695145783945918
10240x_2560x_2025-05-16_00-59-00_002,10240,unet,0.2635321114212274
10240x_2560x_2025-05-16_00-59-00_002,10240,unet,0.3217318328097462
10240x_2560x_2025-05-16_00-59-00_002,10240,unet,0.4068878013640642
10240x_2560x_2025-05-16_00-59-00_002,10240,unet,1.1985378339886663
10240x_2560x_2025-05-16_00-59-00_002,10240,unet,53.0056357383728
10240x_2560x_2025-05-16_00-59-00_002,10240,unet,89.10341262817383
10240x_2560x_2025-05-16_00-59-00_002,10240,unet,94.91724967956544
10240x_2560x_2025-05-16_00-59-00_002,10240,unet,97.54247665405272
10240x_2560x_2025-05-16_00-59-00_002,10240,unet,98.81094098091124
10240x_2560x_2025-05-16_00-59-00_002,10240,unet,99.53492283821106
10240x_2560x_2025-05-16_00-59-00_002,10240,unet,98.65081310272215
10240x_2560x_2025-05-16_00-59-00_002,10240,unet,98.47139120101927
10240x_2560x_2025-05-16_00-59-00_002,10240,unet,0.2756715985015034
10240x_2560x_2025-05-16_00-59-00_002,10240,unet,0.2737932372838259
10240x_2560x_2025-05-16_00-59-00_002,10240,unet,0.2721636090427637
10240x_2560x_2025-05-16_00-59-00_002,10240,unet,0.2693261951208114
10240x_2560x_2025-05-16_00-59-00_002,10240,unet,0.2605678746476769
10240x_2560x_2025-05-16_00-59-00_002,10240,unet,0.3258727956563234
10240x_2560x_2025-05-16_00-59-00_002,10240,unet,0.2873789984732866
10240x_2560x_2025-05-16_00-59-00_002,10240,unet,0.3384798998013139
10240x_2560x_2025-05-16_00-59-00_002,10240,unet,2.054261416196823
10240x_2560x_2025-05-16_00-59-00_002,10240,unet,42.83072352409363
10240x_2560x_2025-05-16_00-59-00_002,10240,unet,92.92598366737366
10240x_2560x_2025-05-16_00-59-00_002,10240,unet,95.33252716064452
10240x_2560x_2025-05-16_00-59-00_002,10240,unet,98.41908812522888
10240x_2560x_2025-05-16_00-59-00_002,10240,unet,96.90896272659302
10240x_2560x_2025-05-16_00-59-00_002,10240,unet,99.3580400943756
10240x_2560x_2025-05-16_00-59-00_002,10240,unet,0.2780775539577007
10240x_2560x_2025-05-16_00-59-00_002,10240,unet,0.2773906104266643
10240x_2560x_2025-05-16_00-59-00_002,10240,unet,0.2742716111242771
10240x_2560x_2025-05-16_00-59-00_002,10240,unet,0.2716157585382461
10240x_2560x_2025-05-16_00-59-00_002,10240,unet,0.2691259142011404
10240x_2560x_2025-05-16_00-59-00_002,10240,unet,0.2695093862712383
10240x_2560x_2025-05-16_00-59-00_002,10240,unet,0.3295020665973425
10240x_2560x_2025-05-16_00-59-00_002,10240,unet,0.4127462860196829
10240x_2560x_2025-05-16_00-59-00_002,10240,unet,0.3175237216055393
10240x_2560x_2025-05-16_00-59-00_002,10240,unet,0.3215772798284888
10240x_2560x_2025-05-16_00-59-00_002,10240,unet,36.52072250843048
10240x_2560x_2025-05-16_00-59-00_002,10240,unet,35.26119291782379
10240x_2560x_2025-05-16_00-59-00_002,10240,unet,89.87261056900024
10240x_2560x_2025-05-16_00-59-00_002,10240,unet,95.26889324188232
10240x_2560x_2025-05-16_00-59-00_002,10240,unet,98.70320558547974
10240x_2560x_2025-05-16_00-59-00_002,10240,unet,0.2777964109554887
10240x_2560x_2025-05-16_00-59-00_002,10240,unet,0.2781826537102461
10240x_2560x_2025-05-16_00-59-00_002,10240,unet,0.2773293759673834
10240x_2560x_2025-05-16_00-59-00_002,10240,unet,0.2750111510977149
10240x_2560x_2025-05-16_00-59-00_002,10240,unet,0.2723749494180083
10240x_2560x_2025-05-16_00-59-00_002,10240,unet,0.2687233965843916
10240x_2560x_2025-05-16_00-59-00_002,10240,unet,0.2729223342612386
10240x_2560x_2025-05-16_00-59-00_002,10240,unet,0.276505178771913
10240x_2560x_2025-05-16_00-59-00_002,10240,unet,0.3552775830030441
10240x_2560x_2025-05-16_00-59-00_002,10240,unet,0.2851918805390596
10240x_2560x_2025-05-16_00-59-00_002,10240,unet,11.372976005077362
10240x_2560x_2025-05-16_00-59-00_002,10240,unet,0.3803143743425607
10240x_2560x_2025-05-16_00-59-00_002,10240,unet,14.943936467170715
10240x_2560x_2025-05-16_00-59-00_002,10240,unet,87.0684564113617
10240x_2560x_2025-05-16_00-59-00_002,10240,unet,97.6902961730957
10240x_2560x_2025-05-16_00-59-00_002,10240,resunet,0.1293304492719471
10240x_2560x_2025-05-16_00-59-00_002,10240,resunet,0.1362076378427446
10240x_2560x_2025-05-16_00-59-00_002,10240,resunet,0.0633477175142616
10240x_2560x_2025-05-16_00-59-00_002,10240,resunet,0.063922326080501
10240x_2560x_2025-05-16_00-59-00_002,10240,resunet,6.299919635057449
10240x_2560x_2025-05-16_00-59-00_002,10240,resunet,57.4307382106781
10240x_2560x_2025-05-16_00-59-00_002,10240,resunet,93.14291477203368
10240x_2560x_2025-05-16_00-59-00_002,10240,resunet,97.8590488433838
10240x_2560x_2025-05-16_00-59-00_002,10240,resunet,99.46908950805664
10240x_2560x_2025-05-16_00-59-00_002,10240,resunet,99.8601496219635
10240x_2560x_2025-05-16_00-59-00_002,10240,resunet,98.11735153198242
10240x_2560x_2025-05-16_00-59-00_002,10240,resunet,98.15943241119383
10240x_2560x_2025-05-16_00-59-00_002,10240,resunet,91.45109057426453
10240x_2560x_2025-05-16_00-59-00_002,10240,resunet,32.4234664440155
10240x_2560x_2025-05-16_00-59-00_002,10240,resunet,0.6536189932376146
10240x_2560x_2025-05-16_00-59-00_002,10240,resunet,0.4675842821598053
10240x_2560x_2025-05-16_00-59-00_002,10240,resunet,0.2684070495888591
10240x_2560x_2025-05-16_00-59-00_002,10240,resunet,0.1688465708866715
10240x_2560x_2025-05-16_00-59-00_002,10240,resunet,0.0680400757119059
10240x_2560x_2025-05-16_00-59-00_002,10240,resunet,0.0677255738992244
10240x_2560x_2025-05-16_00-59-00_002,10240,resunet,12.650993466377258
10240x_2560x_2025-05-16_00-59-00_002,10240,resunet,63.24787139892578
10240x_2560x_2025-05-16_00-59-00_002,10240,resunet,95.3080713748932
10240x_2560x_2025-05-16_00-59-00_002,10240,resunet,96.31514549255373
10240x_2560x_2025-05-16_00-59-00_002,10240,resunet,99.17612671852112
10240x_2560x_2025-05-16_00-59-00_002,10240,resunet,99.45666790008544
10240x_2560x_2025-05-16_00-59-00_002,10240,resunet,99.57330226898192
10240x_2560x_2025-05-16_00-59-00_002,10240,resunet,99.28854703903198
10240x_2560x_2025-05-16_00-59-00_002,10240,resunet,95.3128457069397
10240x_2560x_2025-05-16_00-59-00_002,10240,resunet,17.148135602474213
10240x_2560x_2025-05-16_00-59-00_002,10240,resunet,0.4351609852164984
10240x_2560x_2025-05-16_00-59-00_002,10240,resunet,0.620380649343133
10240x_2560x_2025-05-16_00-59-00_002,10240,resunet,0.3829257562756538
10240x_2560x_2025-05-16_00-59-00_002,10240,resunet,0.2327742287889123
10240x_2560x_2025-05-16_00-59-00_002,10240,resunet,0.0601042644120752
10240x_2560x_2025-05-16_00-59-00_002,10240,resunet,0.052050215890631
10240x_2560x_2025-05-16_00-59-00_002,10240,resunet,13.797976076602936
10240x_2560x_2025-05-16_00-59-00_002,10240,resunet,75.59453845024109
10240x_2560x_2025-05-16_00-59-00_002,10240,resunet,94.23868060112
10240x_2560x_2025-05-16_00-59-00_002,10240,resunet,98.19085001945496
10240x_2560x_2025-05-16_00-59-00_002,10240,resunet,98.71774911880492
10240x_2560x_2025-05-16_00-59-00_002,10240,resunet,99.6575891971588
10240x_2560x_2025-05-16_00-59-00_002,10240,resunet,98.63370060920715
10240x_2560x_2025-05-16_00-59-00_002,10240,resunet,98.79904985427856
10240x_2560x_2025-05-16_00-59-00_002,10240,resunet,56.72789216041565
10240x_2560x_2025-05-16_00-59-00_002,10240,resunet,0.1922726049087941
10240x_2560x_2025-05-16_00-59-00_002,10240,resunet,0.5887964274734259
10240x_2560x_2025-05-16_00-59-00_002,10240,resunet,0.7113483268767595
10240x_2560x_2025-05-16_00-59-00_002,10240,resunet,0.376602541655302
10240x_2560x_2025-05-16_00-59-00_002,10240,resunet,0.1702188281342387
10240x_2560x_2025-05-16_00-59-00_002,10240,resunet,0.0549123680684715
10240x_2560x_2025-05-16_00-59-00_002,10240,resunet,4.855000972747803
10240x_2560x_2025-05-16_00-59-00_002,10240,resunet,75.14500021934509
10240x_2560x_2025-05-16_00-59-00_002,10240,resunet,87.51710653305054
10240x_2560x_2025-05-16_00-59-00_002,10240,resunet,94.48204636573792
10240x_2560x_2025-05-16_00-59-00_002,10240,resunet,96.63662314414978
10240x_2560x_2025-05-16_00-59-00_002,10240,resunet,99.11872148513794
10240x_2560x_2025-05-16_00-59-00_002,10240,resunet,99.46169853210448
10240x_2560x_2025-05-16_00-59-00_002,10240,resunet,98.76255989074708
10240x_2560x_2025-05-16_00-59-00_002,10240,resunet,89.86417055130005
10240x_2560x_2025-05-16_00-59-00_002,10240,resunet,0.1007310464046895
10240x_2560x_2025-05-16_00-59-00_002,10240,resunet,0.2293128287419676
10240x_2560x_2025-05-16_00-59-00_002,10240,resunet,0.3606645856052637
10240x_2560x_2025-05-16_00-59-00_002,10240,resunet,0.7957596331834793
10240x_2560x_2025-05-16_00-59-00_002,10240,resunet,0.2696919720619917
10240x_2560x_2025-05-16_00-59-00_002,10240,resunet,0.104448152706027
10240x_2560x_2025-05-16_00-59-00_002,10240,resunet,0.1623836229555308
10240x_2560x_2025-05-16_00-59-00_002,10240,resunet,16.283124685287476
10240x_2560x_2025-05-16_00-59-00_002,10240,resunet,40.54269790649414
10240x_2560x_2025-05-16_00-59-00_002,10240,resunet,81.24256730079651
10240x_2560x_2025-05-16_00-59-00_002,10240,resunet,92.36257672309875
10240x_2560x_2025-05-16_00-59-00_002,10240,resunet,95.85662484169006
10240x_2560x_2025-05-16_00-59-00_002,10240,resunet,99.2624282836914
10240x_2560x_2025-05-16_00-59-00_002,10240,resunet,98.9553689956665
10240x_2560x_2025-05-16_00-59-00_002,10240,resunet,99.41598176956175
10240x_2560x_2025-05-16_00-59-00_002,10240,resunet,0.048129991046153
10240x_2560x_2025-05-16_00-59-00_002,10240,resunet,0.0601453648414462
10240x_2560x_2025-05-16_00-59-00_002,10240,resunet,0.1196398865431547
10240x_2560x_2025-05-16_00-59-00_002,10240,resunet,0.3332864260300994
10240x_2560x_2025-05-16_00-59-00_002,10240,resunet,0.53785708732903
10240x_2560x_2025-05-16_00-59-00_002,10240,resunet,0.5002494901418686
10240x_2560x_2025-05-16_00-59-00_002,10240,resunet,0.0858162529766559
10240x_2560x_2025-05-16_00-59-00_002,10240,resunet,0.0577472557779401
10240x_2560x_2025-05-16_00-59-00_002,10240,resunet,0.1849520485848188
10240x_2560x_2025-05-16_00-59-00_002,10240,resunet,12.39946112036705
10240x_2560x_2025-05-16_00-59-00_002,10240,resunet,40.2484267950058
10240x_2560x_2025-05-16_00-59-00_002,10240,resunet,82.99957513809204
10240x_2560x_2025-05-16_00-59-00_002,10240,resunet,92.140793800354
10240x_2560x_2025-05-16_00-59-00_002,10240,resunet,95.70561051368712
10240x_2560x_2025-05-16_00-59-00_002,10240,resunet,99.6350347995758
10240x_2560x_2025-05-16_00-59-00_002,10240,resunet,0.0425631355028599
10240x_2560x_2025-05-16_00-59-00_002,10240,resunet,0.0453150511020794
10240x_2560x_2025-05-16_00-59-00_002,10240,resunet,0.0561640074010938
10240x_2560x_2025-05-16_00-59-00_002,10240,resunet,0.1172076677903533
10240x_2560x_2025-05-16_00-59-00_002,10240,resunet,0.4002645611763
10240x_2560x_2025-05-16_00-59-00_002,10240,resunet,0.7667576894164085
10240x_2560x_2025-05-16_00-59-00_002,10240,resunet,0.2659127581864595
10240x_2560x_2025-05-16_00-59-00_002,10240,resunet,0.0898299738764762
10240x_2560x_2025-05-16_00-59-00_002,10240,resunet,0.0674604088999331
10240x_2560x_2025-05-16_00-59-00_002,10240,resunet,0.054472719784826
10240x_2560x_2025-05-16_00-59-00_002,10240,resunet,9.343072772026062
10240x_2560x_2025-05-16_00-59-00_002,10240,resunet,12.790460884571075
10240x_2560x_2025-05-16_00-59-00_002,10240,resunet,42.1381413936615
10240x_2560x_2025-05-16_00-59-00_002,10240,resunet,87.16307282447815
10240x_2560x_2025-05-16_00-59-00_002,10240,resunet,98.1674313545227
10240x_2560x_2025-05-16_00-59-00_002,10240,resunet,0.0416622031480073
10240x_2560x_2025-05-16_00-59-00_002,10240,resunet,0.0422622251790016
10240x_2560x_2025-05-16_00-59-00_002,10240,resunet,0.0451099651399999
10240x_2560x_2025-05-16_00-59-00_002,10240,resunet,0.0514071725774556
10240x_2560x_2025-05-16_00-59-00_002,10240,resunet,0.1660356880165636
10240x_2560x_2025-05-16_00-59-00_002,10240,resunet,0.5736777558922768
10240x_2560x_2025-05-16_00-59-00_002,10240,resunet,0.4358065314590931
10240x_2560x_2025-05-16_00-59-00_002,10240,resunet,0.2368764486163854
10240x_2560x_2025-05-16_00-59-00_002,10240,resunet,0.1478138845413923
10240x_2560x_2025-05-16_00-59-00_002,10240,resunet,0.0659820274449884
10240x_2560x_2025-05-16_00-59-00_002,10240,resunet,2.226000465452671
10240x_2560x_2025-05-16_00-59-00_002,10240,resunet,0.0565136899240314
10240x_2560x_2025-05-16_00-59-00_002,10240,resunet,2.1827002987265587
10240x_2560x_2025-05-16_00-59-00_002,10240,resunet,39.30550217628479
10240x_2560x_2025-05-16_00-59-00_002,10240,resunet,97.10546135902403
10240x_2560x_2025-05-16_00-59-00_002,10240,attention_resunet,0.0676845025736838
10240x_2560x_2025-05-16_00-59-00_002,10240,attention_resunet,0.0613237847574055
10240x_2560x_2025-05-16_00-59-00_002,10240,attention_resunet,0.054408807773143
10240x_2560x_2025-05-16_00-59-00_002,10240,attention_resunet,0.0504668685607612
10240x_2560x_2025-05-16_00-59-00_002,10240,attention_resunet,2.2823993116617203
10240x_2560x_2025-05-16_00-59-00_002,10240,attention_resunet,9.651701152324677
10240x_2560x_2025-05-16_00-59-00_002,10240,attention_resunet,41.108474135398865
10240x_2560x_2025-05-16_00-59-00_002,10240,attention_resunet,76.95156335830688
10240x_2560x_2025-05-16_00-59-00_002,10240,attention_resunet,93.17107796669006
10240x_2560x_2025-05-16_00-59-00_002,10240,attention_resunet,90.02172350883484
10240x_2560x_2025-05-16_00-59-00_002,10240,attention_resunet,72.77811765670776
10240x_2560x_2025-05-16_00-59-00_002,10240,attention_resunet,77.09012627601624
10240x_2560x_2025-05-16_00-59-00_002,10240,attention_resunet,39.498814940452576
10240x_2560x_2025-05-16_00-59-00_002,10240,attention_resunet,4.931948333978653
10240x_2560x_2025-05-16_00-59-00_002,10240,attention_resunet,0.0546235241927206
10240x_2560x_2025-05-16_00-59-00_002,10240,attention_resunet,0.0831455632578581
10240x_2560x_2025-05-16_00-59-00_002,10240,attention_resunet,0.0700214935932308
10240x_2560x_2025-05-16_00-59-00_002,10240,attention_resunet,0.0649076886475086
10240x_2560x_2025-05-16_00-59-00_002,10240,attention_resunet,0.0543664442375302
10240x_2560x_2025-05-16_00-59-00_002,10240,attention_resunet,0.0492973776999861
10240x_2560x_2025-05-16_00-59-00_002,10240,attention_resunet,2.023705840110779
10240x_2560x_2025-05-16_00-59-00_002,10240,attention_resunet,13.772782683372498
10240x_2560x_2025-05-16_00-59-00_002,10240,attention_resunet,56.64069652557373
10240x_2560x_2025-05-16_00-59-00_002,10240,attention_resunet,61.04777455329895
10240x_2560x_2025-05-16_00-59-00_002,10240,attention_resunet,88.42384815216064
10240x_2560x_2025-05-16_00-59-00_002,10240,attention_resunet,86.7611289024353
10240x_2560x_2025-05-16_00-59-00_002,10240,attention_resunet,88.18661570549011
10240x_2560x_2025-05-16_00-59-00_002,10240,attention_resunet,76.90674662590027
10240x_2560x_2025-05-16_00-59-00_002,10240,attention_resunet,42.24555492401123
10240x_2560x_2025-05-16_00-59-00_002,10240,attention_resunet,3.5026047378778458
10240x_2560x_2025-05-16_00-59-00_002,10240,attention_resunet,0.0662941136397421
10240x_2560x_2025-05-16_00-59-00_002,10240,attention_resunet,0.0825718278065323
10240x_2560x_2025-05-16_00-59-00_002,10240,attention_resunet,0.0856774044223129
10240x_2560x_2025-05-16_00-59-00_002,10240,attention_resunet,0.0626971712335944
10240x_2560x_2025-05-16_00-59-00_002,10240,attention_resunet,0.0548389856703579
10240x_2560x_2025-05-16_00-59-00_002,10240,attention_resunet,0.0504256051499396
10240x_2560x_2025-05-16_00-59-00_002,10240,attention_resunet,2.226385474205017
10240x_2560x_2025-05-16_00-59-00_002,10240,attention_resunet,12.411555647850037
10240x_2560x_2025-05-16_00-59-00_002,10240,attention_resunet,44.93961334228515
10240x_2560x_2025-05-16_00-59-00_002,10240,attention_resunet,67.04487204551697
10240x_2560x_2025-05-16_00-59-00_002,10240,attention_resunet,90.94034433364868
10240x_2560x_2025-05-16_00-59-00_002,10240,attention_resunet,82.0749580860138
10240x_2560x_2025-05-16_00-59-00_002,10240,attention_resunet,84.42297577857971
10240x_2560x_2025-05-16_00-59-00_002,10240,attention_resunet,85.21725535392761
10240x_2560x_2025-05-16_00-59-00_002,10240,attention_resunet,24.60583746433258
10240x_2560x_2025-05-16_00-59-00_002,10240,attention_resunet,0.0613021140452474
10240x_2560x_2025-05-16_00-59-00_002,10240,attention_resunet,0.0689912762027233
10240x_2560x_2025-05-16_00-59-00_002,10240,attention_resunet,0.0811805482953786
10240x_2560x_2025-05-16_00-59-00_002,10240,attention_resunet,0.0811315549071878
10240x_2560x_2025-05-16_00-59-00_002,10240,attention_resunet,0.0598329002968966
10240x_2560x_2025-05-16_00-59-00_002,10240,attention_resunet,0.0534564722329378
10240x_2560x_2025-05-16_00-59-00_002,10240,attention_resunet,1.2482245452702043
10240x_2560x_2025-05-16_00-59-00_002,10240,attention_resunet,20.54220736026764
10240x_2560x_2025-05-16_00-59-00_002,10240,attention_resunet,27.260643243789673
10240x_2560x_2025-05-16_00-59-00_002,10240,attention_resunet,48.7771213054657
10240x_2560x_2025-05-16_00-59-00_002,10240,attention_resunet,67.90704727172852
10240x_2560x_2025-05-16_00-59-00_002,10240,attention_resunet,78.22721004486084
10240x_2560x_2025-05-16_00-59-00_002,10240,attention_resunet,96.33702039718628
10240x_2560x_2025-05-16_00-59-00_002,10240,attention_resunet,92.31082201004028
10240x_2560x_2025-05-16_00-59-00_002,10240,attention_resunet,52.44263410568237
10240x_2560x_2025-05-16_00-59-00_002,10240,attention_resunet,0.0579427403863519
10240x_2560x_2025-05-16_00-59-00_002,10240,attention_resunet,0.0605001638177782
10240x_2560x_2025-05-16_00-59-00_002,10240,attention_resunet,0.0654551316983997
10240x_2560x_2025-05-16_00-59-00_002,10240,attention_resunet,0.0775192223954945
10240x_2560x_2025-05-16_00-59-00_002,10240,attention_resunet,0.0802619731985032
10240x_2560x_2025-05-16_00-59-00_002,10240,attention_resunet,0.0546264345757663
10240x_2560x_2025-05-16_00-59-00_002,10240,attention_resunet,1.081795897334814
10240x_2560x_2025-05-16_00-59-00_002,10240,attention_resunet,2.94500719755888
10240x_2560x_2025-05-16_00-59-00_002,10240,attention_resunet,4.849747568368912
10240x_2560x_2025-05-16_00-59-00_002,10240,attention_resunet,20.207245647907257
10240x_2560x_2025-05-16_00-59-00_002,10240,attention_resunet,41.83169603347778
10240x_2560x_2025-05-16_00-59-00_002,10240,attention_resunet,53.534770011901855
10240x_2560x_2025-05-16_00-59-00_002,10240,attention_resunet,92.88961291313171
10240x_2560x_2025-05-16_00-59-00_002,10240,attention_resunet,90.0479257106781
10240x_2560x_2025-05-16_00-59-00_002,10240,attention_resunet,91.79437160491943
10240x_2560x_2025-05-16_00-59-00_002,10240,attention_resunet,0.0568740186281502
10240x_2560x_2025-05-16_00-59-00_002,10240,attention_resunet,0.0573362805880606
10240x_2560x_2025-05-16_00-59-00_002,10240,attention_resunet,0.0587115064263343
10240x_2560x_2025-05-16_00-59-00_002,10240,attention_resunet,0.0646511500235647
10240x_2560x_2025-05-16_00-59-00_002,10240,attention_resunet,0.0755686487536877
10240x_2560x_2025-05-16_00-59-00_002,10240,attention_resunet,0.085209181997925
10240x_2560x_2025-05-16_00-59-00_002,10240,attention_resunet,0.0553691352251917
10240x_2560x_2025-05-16_00-59-00_002,10240,attention_resunet,0.0522818299941718
10240x_2560x_2025-05-16_00-59-00_002,10240,attention_resunet,0.0472858693683519
10240x_2560x_2025-05-16_00-59-00_002,10240,attention_resunet,4.6837810426950455
10240x_2560x_2025-05-16_00-59-00_002,10240,attention_resunet,6.173570826649666
10240x_2560x_2025-05-16_00-59-00_002,10240,attention_resunet,14.215824007987976
10240x_2560x_2025-05-16_00-59-00_002,10240,attention_resunet,37.90903091430664
10240x_2560x_2025-05-16_00-59-00_002,10240,attention_resunet,61.25215291976929
10240x_2560x_2025-05-16_00-59-00_002,10240,attention_resunet,86.7107093334198
10240x_2560x_2025-05-16_00-59-00_002,10240,attention_resunet,0.0561415450647473
10240x_2560x_2025-05-16_00-59-00_002,10240,attention_resunet,0.0564669026061892
10240x_2560x_2025-05-16_00-59-00_002,10240,attention_resunet,0.0570795731619
10240x_2560x_2025-05-16_00-59-00_002,10240,attention_resunet,0.0587109534535557
10240x_2560x_2025-05-16_00-59-00_002,10240,attention_resunet,0.0658867822494357
10240x_2560x_2025-05-16_00-59-00_002,10240,attention_resunet,0.0846496957819908
10240x_2560x_2025-05-16_00-59-00_002,10240,attention_resunet,0.0941347447223961
10240x_2560x_2025-05-16_00-59-00_002,10240,attention_resunet,0.0980355427600443
10240x_2560x_2025-05-16_00-59-00_002,10240,attention_resunet,0.052965513896197
10240x_2560x_2025-05-16_00-59-00_002,10240,attention_resunet,0.051341118523851
10240x_2560x_2025-05-16_00-59-00_002,10240,attention_resunet,2.697768062353134
10240x_2560x_2025-05-16_00-59-00_002,10240,attention_resunet,1.782350055873394
10240x_2560x_2025-05-16_00-59-00_002,10240,attention_resunet,3.9540033787488937
10240x_2560x_2025-05-16_00-59-00_002,10240,attention_resunet,26.943203806877136
10240x_2560x_2025-05-16_00-59-00_002,10240,attention_resunet,84.2603325843811
10240x_2560x_2025-05-16_00-59-00_002,10240,attention_resunet,0.0555948994588106
10240x_2560x_2025-05-16_00-59-00_002,10240,attention_resunet,0.0558400701265782
10240x_2560x_2025-05-16_00-59-00_002,10240,attention_resunet,0.0565104535780847
10240x_2560x_2025-05-16_00-59-00_002,10240,attention_resunet,0.0570865231566131
10240x_2560x_2025-05-16_00-59-00_002,10240,attention_resunet,0.0588834518566727
10240x_2560x_2025-05-16_00-59-00_002,10240,attention_resunet,0.0676082505378872
10240x_2560x_2025-05-16_00-59-00_002,10240,attention_resunet,0.0779445748776197
10240x_2560x_2025-05-16_00-59-00_002,10240,attention_resunet,0.0704191217664629
10240x_2560x_2025-05-16_00-59-00_002,10240,attention_resunet,0.0594031473156064
10240x_2560x_2025-05-16_00-59-00_002,10240,attention_resunet,0.0538344727829098
10240x_2560x_2025-05-16_00-59-00_002,10240,attention_resunet,0.0508308701682835
10240x_2560x_2025-05-16_00-59-00_002,10240,attention_resunet,0.050723081221804
10240x_2560x_2025-05-16_00-59-00_002,10240,attention_resunet,0.5352834239602089
10240x_2560x_2025-05-16_00-59-00_002,10240,attention_resunet,10.382311791181564
10240x_2560x_2025-05-16_00-59-00_002,10240,attention_resunet,76.59225463867188
10240x_2560x_2025-05-16_00-59-00_002,10240,clahe_otsu,29.67376708984375
10240x_2560x_2025-05-16_00-59-00_002,10240,clahe_otsu,3.9764404296875
10240x_2560x_2025-05-16_00-59-00_002,10240,clahe_otsu,3.53240966796875
10240x_2560x_2025-05-16_00-59-00_002,10240,clahe_otsu,2.7496337890625
10240x_2560x_2025-05-16_00-59-00_002,10240,clahe_otsu,2.24761962890625
10240x_2560x_2025-05-16_00-59-00_002,10240,clahe_otsu,3.3416748046875
10240x_2560x_2025-05-16_00-59-00_002,10240,clahe_otsu,2.8533935546875
10240x_2560x_2025-05-16_00-59-00_002,10240,clahe_otsu,3.076171875
10240x_2560x_2025-05-16_00-59-00_002,10240,clahe_otsu,3.1097412109375
10240x_2560x_2025-05-16_00-59-00_002,10240,clahe_otsu,35.81390380859375
10240x_2560x_2025-05-16_00-59-00_002,10240,clahe_otsu,8.4808349609375
10240x_2560x_2025-05-16_00-59-00_002,10240,clahe_otsu,36.69586181640625
10240x_2560x_2025-05-16_00-59-00_002,10240,clahe_otsu,35.9222412109375
10240x_2560x_2025-05-16_00-59-00_002,10240,clahe_otsu,40.71197509765625
10240x_2560x_2025-05-16_00-59-00_002,10240,clahe_otsu,45.31707763671875
10240x_2560x_2025-05-16_00-59-00_002,10240,clahe_otsu,3.009033203125
10240x_2560x_2025-05-16_00-59-00_002,10240,clahe_otsu,3.49578857421875
10240x_2560x_2025-05-16_00-59-00_002,10240,clahe_otsu,2.80914306640625
10240x_2560x_2025-05-16_00-59-00_002,10240,clahe_otsu,3.21502685546875
10240x_2560x_2025-05-16_00-59-00_002,10240,clahe_otsu,2.99224853515625
10240x_2560x_2025-05-16_00-59-00_002,10240,clahe_otsu,2.130126953125
10240x_2560x_2025-05-16_00-59-00_002,10240,clahe_otsu,2.557373046875
10240x_2560x_2025-05-16_00-59-00_002,10240,clahe_otsu,1.64031982421875
10240x_2560x_2025-05-16_00-59-00_002,10240,clahe_otsu,3.18756103515625
10240x_2560x_2025-05-16_00-59-00_002,10240,clahe_otsu,1.99432373046875
10240x_2560x_2025-05-16_00-59-00_002,10240,clahe_otsu,4.3426513671875
10240x_2560x_2025-05-16_00-59-00_002,10240,clahe_otsu,34.0606689453125
10240x_2560x_2025-05-16_00-59-00_002,10240,clahe_otsu,39.9169921875
10240x_2560x_2025-05-16_00-59-00_002,10240,clahe_otsu,36.72332763671875
10240x_2560x_2025-05-16_00-59-00_002,10240,clahe_otsu,44.4091796875
10240x_2560x_2025-05-16_00-59-00_002,10240,clahe_otsu,3.1646728515625
10240x_2560x_2025-05-16_00-59-00_002,10240,clahe_otsu,2.18353271484375
10240x_2560x_2025-05-16_00-59-00_002,10240,clahe_otsu,2.03857421875
10240x_2560x_2025-05-16_00-59-00_002,10240,clahe_otsu,1.38702392578125
10240x_2560x_2025-05-16_00-59-00_002,10240,clahe_otsu,2.14996337890625
10240x_2560x_2025-05-16_00-59-00_002,10240,clahe_otsu,3.0029296875
10240x_2560x_2025-05-16_00-59-00_002,10240,clahe_otsu,2.93731689453125
10240x_2560x_2025-05-16_00-59-00_002,10240,clahe_otsu,2.83355712890625
10240x_2560x_2025-05-16_00-59-00_002,10240,clahe_otsu,2.57568359375
10240x_2560x_2025-05-16_00-59-00_002,10240,clahe_otsu,3.23638916015625
10240x_2560x_2025-05-16_00-59-00_002,10240,clahe_otsu,2.84423828125
10240x_2560x_2025-05-16_00-59-00_002,10240,clahe_otsu,4.21600341796875
10240x_2560x_2025-05-16_00-59-00_002,10240,clahe_otsu,27.17132568359375
10240x_2560x_2025-05-16_00-59-00_002,10240,clahe_otsu,33.3831787109375
10240x_2560x_2025-05-16_00-59-00_002,10240,clahe_otsu,36.97662353515625
10240x_2560x_2025-05-16_00-59-00_002,10240,clahe_otsu,3.62396240234375
10240x_2560x_2025-05-16_00-59-00_002,10240,clahe_otsu,2.4444580078125
10240x_2560x_2025-05-16_00-59-00_002,10240,clahe_otsu,2.55126953125
10240x_2560x_2025-05-16_00-59-00_002,10240,clahe_otsu,2.4444580078125
10240x_2560x_2025-05-16_00-59-00_002,10240,clahe_otsu,2.39105224609375
10240x_2560x_2025-05-16_00-59-00_002,10240,clahe_otsu,2.9205322265625
10240x_2560x_2025-05-16_00-59-00_002,10240,clahe_otsu,2.26593017578125
10240x_2560x_2025-05-16_00-59-00_002,10240,clahe_otsu,2.77099609375
10240x_2560x_2025-05-16_00-59-00_002,10240,clahe_otsu,1.3946533203125
10240x_2560x_2025-05-16_00-59-00_002,10240,clahe_otsu,2.6123046875
10240x_2560x_2025-05-16_00-59-00_002,10240,clahe_otsu,2.36053466796875
10240x_2560x_2025-05-16_00-59-00_002,10240,clahe_otsu,3.95355224609375
10240x_2560x_2025-05-16_00-59-00_002,10240,clahe_otsu,23.81591796875
10240x_2560x_2025-05-16_00-59-00_002,10240,clahe_otsu,38.41400146484375
10240x_2560x_2025-05-16_00-59-00_002,10240,clahe_otsu,37.30926513671875
10240x_2560x_2025-05-16_00-59-00_002,10240,clahe_otsu,3.729248046875
10240x_2560x_2025-05-16_00-59-00_002,10240,clahe_otsu,3.070068359375
10240x_2560x_2025-05-16_00-59-00_002,10240,clahe_otsu,3.10516357421875
10240x_2560x_2025-05-16_00-59-00_002,10240,clahe_otsu,1.52130126953125
10240x_2560x_2025-05-16_00-59-00_002,10240,clahe_otsu,2.83203125
10240x_2560x_2025-05-16_00-59-00_002,10240,clahe_otsu,2.60162353515625
10240x_2560x_2025-05-16_00-59-00_002,10240,clahe_otsu,3.51715087890625
10240x_2560x_2025-05-16_00-59-00_002,10240,clahe_otsu,1.96685791015625
10240x_2560x_2025-05-16_00-59-00_002,10240,clahe_otsu,1.97906494140625
10240x_2560x_2025-05-16_00-59-00_002,10240,clahe_otsu,3.07159423828125
10240x_2560x_2025-05-16_00-59-00_002,10240,clahe_otsu,2.61688232421875
10240x_2560x_2025-05-16_00-59-00_002,10240,clahe_otsu,2.81524658203125
10240x_2560x_2025-05-16_00-59-00_002,10240,clahe_otsu,23.15826416015625
10240x_2560x_2025-05-16_00-59-00_002,10240,clahe_otsu,21.8292236328125
10240x_2560x_2025-05-16_00-59-00_002,10240,clahe_otsu,40.68603515625
10240x_2560x_2025-05-16_00-59-00_002,10240,clahe_otsu,3.55224609375
10240x_2560x_2025-05-16_00-59-00_002,10240,clahe_otsu,2.62908935546875
10240x_2560x_2025-05-16_00-59-00_002,10240,clahe_otsu,2.13775634765625
10240x_2560x_2025-05-16_00-59-00_002,10240,clahe_otsu,3.60260009765625
10240x_2560x_2025-05-16_00-59-00_002,10240,clahe_otsu,2.39410400390625
10240x_2560x_2025-05-16_00-59-00_002,10240,clahe_otsu,0.97503662109375
10240x_2560x_2025-05-16_00-59-00_002,10240,clahe_otsu,3.1494140625
10240x_2560x_2025-05-16_00-59-00_002,10240,clahe_otsu,3.45611572265625
10240x_2560x_2025-05-16_00-59-00_002,10240,clahe_otsu,3.49884033203125
10240x_2560x_2025-05-16_00-59-00_002,10240,clahe_otsu,6.768798828125
10240x_2560x_2025-05-16_00-59-00_002,10240,clahe_otsu,1.63116455078125
10240x_2560x_2025-05-16_00-59-00_002,10240,clahe_otsu,3.399658203125
10240x_2560x_2025-05-16_00-59-00_002,10240,clahe_otsu,3.8482666015625
10240x_2560x_2025-05-16_00-59-00_002,10240,clahe_otsu,5.18646240234375
10240x_2560x_2025-05-16_00-59-00_002,10240,clahe_otsu,36.3006591796875
10240x_2560x_2025-05-16_00-59-00_002,10240,clahe_otsu,2.61688232421875
10240x_2560x_2025-05-16_00-59-00_002,10240,clahe_otsu,2.5115966796875
10240x_2560x_2025-05-16_00-59-00_002,10240,clahe_otsu,2.5177001953125
10240x_2560x_2025-05-16_00-59-00_002,10240,clahe_otsu,2.8839111328125
10240x_2560x_2025-05-16_00-59-00_002,10240,clahe_otsu,2.6336669921875
10240x_2560x_2025-05-16_00-59-00_002,10240,clahe_otsu,2.27508544921875
10240x_2560x_2025-05-16_00-59-00_002,10240,clahe_otsu,2.7374267578125
10240x_2560x_2025-05-16_00-59-00_002,10240,clahe_otsu,3.01055908203125
10240x_2560x_2025-05-16_00-59-00_002,10240,clahe_otsu,2.6763916015625
10240x_2560x_2025-05-16_00-59-00_002,10240,clahe_otsu,2.87322998046875
10240x_2560x_2025-05-16_00-59-00_002,10240,clahe_otsu,2.1881103515625
10240x_2560x_2025-05-16_00-59-00_002,10240,clahe_otsu,3.387451171875
10240x_2560x_2025-05-16_00-59-00_002,10240,clahe_otsu,2.99835205078125
10240x_2560x_2025-05-16_00-59-00_002,10240,clahe_otsu,4.168701171875
10240x_2560x_2025-05-16_00-59-00_002,10240,clahe_otsu,43.45703125
10240x_2560x_2025-05-16_00-59-00_002,10240,clahe_otsu,3.216552734375
10240x_2560x_2025-05-16_00-59-00_002,10240,clahe_otsu,2.64739990234375
10240x_2560x_2025-05-16_00-59-00_002,10240,clahe_otsu,2.2125244140625
10240x_2560x_2025-05-16_00-59-00_002,10240,clahe_otsu,2.30255126953125
10240x_2560x_2025-05-16_00-59-00_002,10240,clahe_otsu,2.03704833984375
10240x_2560x_2025-05-16_00-59-00_002,10240,clahe_otsu,2.09197998046875
10240x_2560x_2025-05-16_00-59-00_002,10240,clahe_otsu,2.90985107421875
10240x_2560x_2025-05-16_00-59-00_002,10240,clahe_otsu,2.75726318359375
10240x_2560x_2025-05-16_00-59-00_002,10240,clahe_otsu,1.8951416015625
10240x_2560x_2025-05-16_00-59-00_002,10240,clahe_otsu,2.30712890625
10240x_2560x_2025-05-16_00-59-00_002,10240,clahe_otsu,2.79998779296875
10240x_2560x_2025-05-16_00-59-00_002,10240,clahe_otsu,3.46527099609375
10240x_2560x_2025-05-16_00-59-00_002,10240,clahe_otsu,2.79998779296875
10240x_2560x_2025-05-16_00-59-00_002,10240,clahe_otsu,24.21112060546875
10240x_2560x_2025-05-16_00-59-00_002,10240,clahe_otsu,38.24920654296875
10x_2025-05-15_02-05-00,10,unet,0.2529379446059465
10x_2025-05-15_02-05-00,10,unet,0.2515217289328575
10x_2025-05-15_02-05-00,10,unet,0.251718983054161
10x_2025-05-15_02-05-00,10,unet,0.2511665225028991
10x_2025-05-15_02-05-00,10,unet,0.2516645239666104
10x_2025-05-15_02-05-00,10,unet,0.2507682424038648
10x_2025-05-15_02-05-00,10,unet,0.2509379759430885
10x_2025-05-15_02-05-00,10,unet,0.2509076381102204
10x_2025-05-15_02-05-00,10,unet,0.2510190708562732
10x_2025-05-15_02-05-00,10,unet,0.2516604261472821
10x_2025-05-15_02-05-00,10,unet,0.2514467574656009
10x_2025-05-15_02-05-00,10,unet,0.2511664992198348
10x_2025-05-15_02-05-00,10,unet,0.2502688206732273
10x_2025-05-15_02-05-00,10,unet,0.2509331097826361
10x_2025-05-15_02-05-00,10,unet,0.2504274249076843
10x_2025-05-15_02-05-00,10,unet,0.2532821614295244
10x_2025-05-15_02-05-00,10,unet,0.252291071228683
10x_2025-05-15_02-05-00,10,unet,0.2514512743800878
10x_2025-05-15_02-05-00,10,unet,0.2516663167625665
10x_2025-05-15_02-05-00,10,unet,0.2507126657292247
10x_2025-05-15_02-05-00,10,unet,0.2514147898182273
10x_2025-05-15_02-05-00,10,unet,0.2509522950276732
10x_2025-05-15_02-05-00,10,unet,0.2507152035832405
10x_2025-05-15_02-05-00,10,unet,0.2507900120690465
10x_2025-05-15_02-05-00,10,unet,0.2508221659809351
10x_2025-05-15_02-05-00,10,unet,0.2509392565116286
10x_2025-05-15_02-05-00,10,unet,0.2509115729480982
10x_2025-05-15_02-05-00,10,unet,0.2502488903701305
10x_2025-05-15_02-05-00,10,unet,0.2507036086171865
10x_2025-05-15_02-05-00,10,unet,0.2505622804164886
10x_2025-05-15_02-05-00,10,unet,0.2513063373044133
10x_2025-05-15_02-05-00,10,unet,0.2513986313715577
10x_2025-05-15_02-05-00,10,unet,0.2516116015613079
10x_2025-05-15_02-05-00,10,unet,0.2512128558009863
10x_2025-05-15_02-05-00,10,unet,0.2523401752114296
10x_2025-05-15_02-05-00,10,unet,0.2521758200600743
10x_2025-05-15_02-05-00,10,unet,0.2513583749532699
10x_2025-05-15_02-05-00,10,unet,0.2509257989004254
10x_2025-05-15_02-05-00,10,unet,0.2506658434867859
10x_2025-05-15_02-05-00,10,unet,0.2505652839317918
10x_2025-05-15_02-05-00,10,unet,0.2505440497770905
10x_2025-05-15_02-05-00,10,unet,0.251401262357831
10x_2025-05-15_02-05-00,10,unet,0.2509244717657566
10x_2025-05-15_02-05-00,10,unet,0.251286500133574
10x_2025-05-15_02-05-00,10,unet,0.2505232580006122
10x_2025-05-15_02-05-00,10,unet,0.2513743937015533
10x_2025-05-15_02-05-00,10,unet,0.2512619365006685
10x_2025-05-15_02-05-00,10,unet,0.2516829874366522
10x_2025-05-15_02-05-00,10,unet,0.2520407317206263
10x_2025-05-15_02-05-00,10,unet,0.251558655872941
10x_2025-05-15_02-05-00,10,unet,0.2517210785299539
10x_2025-05-15_02-05-00,10,unet,0.2511536236852407
10x_2025-05-15_02-05-00,10,unet,0.2510485472157597
10x_2025-05-15_02-05-00,10,unet,0.2509327139705419
10x_2025-05-15_02-05-00,10,unet,0.2509068697690964
10x_2025-05-15_02-05-00,10,unet,0.250582885928452
10x_2025-05-15_02-05-00,10,unet,0.2507725963369012
10x_2025-05-15_02-05-00,10,unet,0.2502970397472381
10x_2025-05-15_02-05-00,10,unet,0.2503410214558244
10x_2025-05-15_02-05-00,10,unet,0.2509258920326829
10x_2025-05-15_02-05-00,10,unet,0.2518365159630775
10x_2025-05-15_02-05-00,10,unet,0.2513473853468895
10x_2025-05-15_02-05-00,10,unet,0.2511697588488459
10x_2025-05-15_02-05-00,10,unet,0.2512362087145448
10x_2025-05-15_02-05-00,10,unet,0.2512967446818948
10x_2025-05-15_02-05-00,10,unet,0.2513187937438488
10x_2025-05-15_02-05-00,10,unet,0.2506286604329943
10x_2025-05-15_02-05-00,10,unet,0.2510640537366271
10x_2025-05-15_02-05-00,10,unet,0.2510769525542855
10x_2025-05-15_02-05-00,10,unet,0.2509527606889605
10x_2025-05-15_02-05-00,10,unet,0.2511330181732774
10x_2025-05-15_02-05-00,10,unet,0.2505886368453502
10x_2025-05-15_02-05-00,10,unet,0.2501610666513443
10x_2025-05-15_02-05-00,10,unet,0.250349985435605
10x_2025-05-15_02-05-00,10,unet,0.2505786484107375
10x_2025-05-15_02-05-00,10,unet,0.2516400534659624
10x_2025-05-15_02-05-00,10,unet,0.251366407610476
10x_2025-05-15_02-05-00,10,unet,0.2516849432140589
10x_2025-05-15_02-05-00,10,unet,0.251787225715816
10x_2025-05-15_02-05-00,10,unet,0.2517236629500985
10x_2025-05-15_02-05-00,10,unet,0.2514638705179095
10x_2025-05-15_02-05-00,10,unet,0.2510224934667349
10x_2025-05-15_02-05-00,10,unet,0.2506626769900322
10x_2025-05-15_02-05-00,10,unet,0.2503594383597374
10x_2025-05-15_02-05-00,10,unet,0.2521444344893098
10x_2025-05-15_02-05-00,10,unet,0.2508887555450201
10x_2025-05-15_02-05-00,10,unet,0.2509566955268383
10x_2025-05-15_02-05-00,10,unet,0.2509828889742493
10x_2025-05-15_02-05-00,10,unet,0.2505167387425899
10x_2025-05-15_02-05-00,10,unet,0.2501775743439793
10x_2025-05-15_02-05-00,10,unet,0.2524490701034665
10x_2025-05-15_02-05-00,10,unet,0.251972209662199
10x_2025-05-15_02-05-00,10,unet,0.2515140455216169
10x_2025-05-15_02-05-00,10,unet,0.252018729224801
10x_2025-05-15_02-05-00,10,unet,0.2512312494218349
10x_2025-05-15_02-05-00,10,unet,0.2518589608371258
10x_2025-05-15_02-05-00,10,unet,0.25189109146595
10x_2025-05-15_02-05-00,10,unet,0.2510743215680122
10x_2025-05-15_02-05-00,10,unet,0.2510271500796079
10x_2025-05-15_02-05-00,10,unet,0.2511457540094852
10x_2025-05-15_02-05-00,10,unet,0.2513099461793899
10x_2025-05-15_02-05-00,10,unet,0.2507804427295923
10x_2025-05-15_02-05-00,10,unet,0.2506914082914591
10x_2025-05-15_02-05-00,10,unet,0.2508344827219844
10x_2025-05-15_02-05-00,10,unet,0.250835670158267
10x_2025-05-15_02-05-00,10,unet,0.2522750059142709
10x_2025-05-15_02-05-00,10,unet,0.2514593303203583
10x_2025-05-15_02-05-00,10,unet,0.2521880669519305
10x_2025-05-15_02-05-00,10,unet,0.2515738131478429
10x_2025-05-15_02-05-00,10,unet,0.2514894586056471
10x_2025-05-15_02-05-00,10,unet,0.2510743681341409
10x_2025-05-15_02-05-00,10,unet,0.2516358392313123
10x_2025-05-15_02-05-00,10,unet,0.25149448774755
10x_2025-05-15_02-05-00,10,unet,0.250703701749444
10x_2025-05-15_02-05-00,10,unet,0.2514437073841691
10x_2025-05-15_02-05-00,10,unet,0.2513487357646227
10x_2025-05-15_02-05-00,10,unet,0.2506166696548462
10x_2025-05-15_02-05-00,10,unet,0.2510722260922193
10x_2025-05-15_02-05-00,10,unet,0.2511738799512386
10x_2025-05-15_02-05-00,10,unet,0.2507667522877455
10x_2025-05-15_02-05-00,10,resunet,0.0787095865234732
10x_2025-05-15_02-05-00,10,resunet,0.0384556537028402
10x_2025-05-15_02-05-00,10,resunet,0.0370899477275088
10x_2025-05-15_02-05-00,10,resunet,0.0347057910403236
10x_2025-05-15_02-05-00,10,resunet,0.0333383650286123
10x_2025-05-15_02-05-00,10,resunet,0.0323099025990814
10x_2025-05-15_02-05-00,10,resunet,0.0322172185406088
10x_2025-05-15_02-05-00,10,resunet,0.0324456515954807
10x_2025-05-15_02-05-00,10,resunet,0.2053840085864067
10x_2025-05-15_02-05-00,10,resunet,0.0328282330883666
10x_2025-05-15_02-05-00,10,resunet,0.0327863643178716
10x_2025-05-15_02-05-00,10,resunet,0.031262933043763
10x_2025-05-15_02-05-00,10,resunet,0.0303403328871354
10x_2025-05-15_02-05-00,10,resunet,0.0280053063761442
10x_2025-05-15_02-05-00,10,resunet,0.0268481089733541
10x_2025-05-15_02-05-00,10,resunet,0.0415661663282662
10x_2025-05-15_02-05-00,10,resunet,0.0402366393245756
10x_2025-05-15_02-05-00,10,resunet,0.037841108860448
10x_2025-05-15_02-05-00,10,resunet,0.0348130735801532
10x_2025-05-15_02-05-00,10,resunet,0.0338906829711049
10x_2025-05-15_02-05-00,10,resunet,0.0342564715538173
10x_2025-05-15_02-05-00,10,resunet,0.0334394455421716
10x_2025-05-15_02-05-00,10,resunet,0.0311014737235382
10x_2025-05-15_02-05-00,10,resunet,0.0304605666315183
10x_2025-05-15_02-05-00,10,resunet,0.0315854180371388
10x_2025-05-15_02-05-00,10,resunet,0.0328708090819418
10x_2025-05-15_02-05-00,10,resunet,0.0301390828099101
10x_2025-05-15_02-05-00,10,resunet,0.0296137091936543
10x_2025-05-15_02-05-00,10,resunet,0.0287754693999886
10x_2025-05-15_02-05-00,10,resunet,0.0262584071606397
10x_2025-05-15_02-05-00,10,resunet,0.2298153471201658
10x_2025-05-15_02-05-00,10,resunet,0.0399407028453424
10x_2025-05-15_02-05-00,10,resunet,0.0388718646718189
10x_2025-05-15_02-05-00,10,resunet,0.0372833805158734
10x_2025-05-15_02-05-00,10,resunet,0.036272031138651
10x_2025-05-15_02-05-00,10,resunet,0.0365954678272828
10x_2025-05-15_02-05-00,10,resunet,0.0411188811995089
10x_2025-05-15_02-05-00,10,resunet,0.0315825309371575
10x_2025-05-15_02-05-00,10,resunet,0.0292510900180786
10x_2025-05-15_02-05-00,10,resunet,0.028948561521247
10x_2025-05-15_02-05-00,10,resunet,0.0305109715554863
10x_2025-05-15_02-05-00,10,resunet,0.0307164678815752
10x_2025-05-15_02-05-00,10,resunet,0.0290403724648058
10x_2025-05-15_02-05-00,10,resunet,0.0291641510557383
10x_2025-05-15_02-05-00,10,resunet,0.0276366015896201
10x_2025-05-15_02-05-00,10,resunet,0.0396331597585231
10x_2025-05-15_02-05-00,10,resunet,0.0375045579858124
10x_2025-05-15_02-05-00,10,resunet,0.039166139322333
10x_2025-05-15_02-05-00,10,resunet,0.0372249982319772
10x_2025-05-15_02-05-00,10,resunet,0.0346976274158805
10x_2025-05-15_02-05-00,10,resunet,0.0354492221958935
10x_2025-05-15_02-05-00,10,resunet,0.0331156101310625
10x_2025-05-15_02-05-00,10,resunet,0.0309037626720964
10x_2025-05-15_02-05-00,10,resunet,0.028923840727657
10x_2025-05-15_02-05-00,10,resunet,0.0305418012430891
10x_2025-05-15_02-05-00,10,resunet,0.0292383920168504
10x_2025-05-15_02-05-00,10,resunet,0.0291178468614816
10x_2025-05-15_02-05-00,10,resunet,0.0303910841466859
10x_2025-05-15_02-05-00,10,resunet,0.0287301576463505
10x_2025-05-15_02-05-00,10,resunet,0.0279695028439164
10x_2025-05-15_02-05-00,10,resunet,0.0396537507185712
10x_2025-05-15_02-05-00,10,resunet,0.0378206954337656
10x_2025-05-15_02-05-00,10,resunet,0.035871664294973
10x_2025-05-15_02-05-00,10,resunet,0.0337371893692761
10x_2025-05-15_02-05-00,10,resunet,0.0354607822373509
10x_2025-05-15_02-05-00,10,resunet,0.0347736495314165
10x_2025-05-15_02-05-00,10,resunet,0.031850385130383
10x_2025-05-15_02-05-00,10,resunet,0.0298962724627926
10x_2025-05-15_02-05-00,10,resunet,0.0300421001156792
10x_2025-05-15_02-05-00,10,resunet,0.031193348695524
10x_2025-05-15_02-05-00,10,resunet,0.0305620400467887
10x_2025-05-15_02-05-00,10,resunet,0.0304331420920789
10x_2025-05-15_02-05-00,10,resunet,0.0285801070276647
10x_2025-05-15_02-05-00,10,resunet,0.0292699347482994
10x_2025-05-15_02-05-00,10,resunet,0.0252723664743825
10x_2025-05-15_02-05-00,10,resunet,0.0415745598729699
10x_2025-05-15_02-05-00,10,resunet,0.0387178355595096
10x_2025-05-15_02-05-00,10,resunet,0.0378832453861832
10x_2025-05-15_02-05-00,10,resunet,0.0361200800398364
10x_2025-05-15_02-05-00,10,resunet,0.0369541201507672
10x_2025-05-15_02-05-00,10,resunet,0.0358146557118743
10x_2025-05-15_02-05-00,10,resunet,0.032310647657141
10x_2025-05-15_02-05-00,10,resunet,0.0315962737658992
10x_2025-05-15_02-05-00,10,resunet,0.0309677940094843
10x_2025-05-15_02-05-00,10,resunet,0.0463925302028656
10x_2025-05-15_02-05-00,10,resunet,0.0308624468743801
10x_2025-05-15_02-05-00,10,resunet,0.0304959743516519
10x_2025-05-15_02-05-00,10,resunet,0.0315700977807864
10x_2025-05-15_02-05-00,10,resunet,0.02923269639723
10x_2025-05-15_02-05-00,10,resunet,0.0256943574640899
10x_2025-05-15_02-05-00,10,resunet,0.0428683095378801
10x_2025-05-15_02-05-00,10,resunet,0.0415963964769616
10x_2025-05-15_02-05-00,10,resunet,0.9774102829396724
10x_2025-05-15_02-05-00,10,resunet,0.0404658319894224
10x_2025-05-15_02-05-00,10,resunet,0.0386927451472729
10x_2025-05-15_02-05-00,10,resunet,0.0369610905181616
10x_2025-05-15_02-05-00,10,resunet,0.0348283851053565
10x_2025-05-15_02-05-00,10,resunet,0.0310839124722406
10x_2025-05-15_02-05-00,10,resunet,0.0321471714414656
10x_2025-05-15_02-05-00,10,resunet,0.0308511371258646
10x_2025-05-15_02-05-00,10,resunet,0.0330977083649486
10x_2025-05-15_02-05-00,10,resunet,0.0331268820445984
10x_2025-05-15_02-05-00,10,resunet,0.0323659740388393
10x_2025-05-15_02-05-00,10,resunet,0.03139617620036
10x_2025-05-15_02-05-00,10,resunet,0.0278736290056258
10x_2025-05-15_02-05-00,10,resunet,0.067777867661789
10x_2025-05-15_02-05-00,10,resunet,0.040376407559961
10x_2025-05-15_02-05-00,10,resunet,0.0406066625146195
10x_2025-05-15_02-05-00,10,resunet,0.0415346788940951
10x_2025-05-15_02-05-00,10,resunet,0.0402340927394107
10x_2025-05-15_02-05-00,10,resunet,0.0384379149181768
10x_2025-05-15_02-05-00,10,resunet,0.037591575528495
10x_2025-05-15_02-05-00,10,resunet,0.1077400054782629
10x_2025-05-15_02-05-00,10,resunet,0.0323864602250978
10x_2025-05-15_02-05-00,10,resunet,0.0326868408592417
10x_2025-05-15_02-05-00,10,resunet,0.0339517922839149
10x_2025-05-15_02-05-00,10,resunet,0.0326069653965532
10x_2025-05-15_02-05-00,10,resunet,0.0346251588780432
10x_2025-05-15_02-05-00,10,resunet,0.03190002462361
10x_2025-05-15_02-05-00,10,resunet,0.0290270894765853
10x_2025-05-15_02-05-00,10,attention_resunet,0.0538944266736507
10x_2025-05-15_02-05-00,10,attention_resunet,0.0533637590706348
10x_2025-05-15_02-05-00,10,attention_resunet,0.0531884143128991
10x_2025-05-15_02-05-00,10,attention_resunet,0.0529189012013375
10x_2025-05-15_02-05-00,10,attention_resunet,0.0526733812876045
10x_2025-05-15_02-05-00,10,attention_resunet,0.0524588278494775
10x_2025-05-15_02-05-00,10,attention_resunet,0.0523600436281412
10x_2025-05-15_02-05-00,10,attention_resunet,0.0525677576661109
10x_2025-05-15_02-05-00,10,attention_resunet,0.0523251947015523
10x_2025-05-15_02-05-00,10,attention_resunet,0.0526401679962873
10x_2025-05-15_02-05-00,10,attention_resunet,0.0528063799720257
10x_2025-05-15_02-05-00,10,attention_resunet,0.0525653711520135
10x_2025-05-15_02-05-00,10,attention_resunet,0.0521602691151201
10x_2025-05-15_02-05-00,10,attention_resunet,0.0520634814165532
10x_2025-05-15_02-05-00,10,attention_resunet,0.0516724598128348
10x_2025-05-15_02-05-00,10,attention_resunet,0.0537406012881547
10x_2025-05-15_02-05-00,10,attention_resunet,0.0534625665750354
10x_2025-05-15_02-05-00,10,attention_resunet,0.0532549165654927
10x_2025-05-15_02-05-00,10,attention_resunet,0.0527508556842803
10x_2025-05-15_02-05-00,10,attention_resunet,0.0527780561242252
10x_2025-05-15_02-05-00,10,attention_resunet,0.052679207874462
10x_2025-05-15_02-05-00,10,attention_resunet,0.0525235431268811
10x_2025-05-15_02-05-00,10,attention_resunet,0.0522978021763265
10x_2025-05-15_02-05-00,10,attention_resunet,0.0522616377566009
10x_2025-05-15_02-05-00,10,attention_resunet,0.0523826456628739
10x_2025-05-15_02-05-00,10,attention_resunet,0.0527473050169646
10x_2025-05-15_02-05-00,10,attention_resunet,0.0520390749443322
10x_2025-05-15_02-05-00,10,attention_resunet,0.0519410998094826
10x_2025-05-15_02-05-00,10,attention_resunet,0.0518969900440424
10x_2025-05-15_02-05-00,10,attention_resunet,0.0517916632816195
10x_2025-05-15_02-05-00,10,attention_resunet,0.0536192907020449
10x_2025-05-15_02-05-00,10,attention_resunet,0.0535509316250681
10x_2025-05-15_02-05-00,10,attention_resunet,0.0532576465047895
10x_2025-05-15_02-05-00,10,attention_resunet,0.0531690195202827
10x_2025-05-15_02-05-00,10,attention_resunet,0.0527227181009948
10x_2025-05-15_02-05-00,10,attention_resunet,0.0528765609487891
10x_2025-05-15_02-05-00,10,attention_resunet,0.0530679884832352
10x_2025-05-15_02-05-00,10,attention_resunet,0.0523972616065293
10x_2025-05-15_02-05-00,10,attention_resunet,0.0519649125635623
10x_2025-05-15_02-05-00,10,attention_resunet,0.0521152396686375
10x_2025-05-15_02-05-00,10,attention_resunet,0.052275217603892
10x_2025-05-15_02-05-00,10,attention_resunet,0.0522558053489774
10x_2025-05-15_02-05-00,10,attention_resunet,0.0519123335834592
10x_2025-05-15_02-05-00,10,attention_resunet,0.0521474226843565
10x_2025-05-15_02-05-00,10,attention_resunet,0.0518456101417541
10x_2025-05-15_02-05-00,10,attention_resunet,0.0536426610779017
10x_2025-05-15_02-05-00,10,attention_resunet,0.053006736561656
10x_2025-05-15_02-05-00,10,attention_resunet,0.0534283695742487
10x_2025-05-15_02-05-00,10,attention_resunet,0.0533007434569299
10x_2025-05-15_02-05-00,10,attention_resunet,0.052678509382531
10x_2025-05-15_02-05-00,10,attention_resunet,0.0530440476723015
10x_2025-05-15_02-05-00,10,attention_resunet,0.0525433104485273
10x_2025-05-15_02-05-00,10,attention_resunet,0.0522482558153569
10x_2025-05-15_02-05-00,10,attention_resunet,0.0521371606737375
10x_2025-05-15_02-05-00,10,attention_resunet,0.0526177347637712
10x_2025-05-15_02-05-00,10,attention_resunet,0.052248069550842
10x_2025-05-15_02-05-00,10,attention_resunet,0.052122538909316
10x_2025-05-15_02-05-00,10,attention_resunet,0.0522293674293905
10x_2025-05-15_02-05-00,10,attention_resunet,0.0518650980666279
10x_2025-05-15_02-05-00,10,attention_resunet,0.051742244977504
10x_2025-05-15_02-05-00,10,attention_resunet,0.0531866680830717
10x_2025-05-15_02-05-00,10,attention_resunet,0.0527945114299654
10x_2025-05-15_02-05-00,10,attention_resunet,0.0530862715095281
10x_2025-05-15_02-05-00,10,attention_resunet,0.0531719473656266
10x_2025-05-15_02-05-00,10,attention_resunet,0.0529964338056743
10x_2025-05-15_02-05-00,10,attention_resunet,0.0527132884599268
10x_2025-05-15_02-05-00,10,attention_resunet,0.0523760158102959
10x_2025-05-15_02-05-00,10,attention_resunet,0.0522543035913258
10x_2025-05-15_02-05-00,10,attention_resunet,0.0521156704053282
10x_2025-05-15_02-05-00,10,attention_resunet,0.0523997528944164
10x_2025-05-15_02-05-00,10,attention_resunet,0.0524576928000897
10x_2025-05-15_02-05-00,10,attention_resunet,0.052227423293516
10x_2025-05-15_02-05-00,10,attention_resunet,0.0519516004715114
10x_2025-05-15_02-05-00,10,attention_resunet,0.0519610824994742
10x_2025-05-15_02-05-00,10,attention_resunet,0.0513280916493386
10x_2025-05-15_02-05-00,10,attention_resunet,0.0533086655195802
10x_2025-05-15_02-05-00,10,attention_resunet,0.053344975458458
10x_2025-05-15_02-05-00,10,attention_resunet,0.0536339823156595
10x_2025-05-15_02-05-00,10,attention_resunet,0.0535171246156096
10x_2025-05-15_02-05-00,10,attention_resunet,0.052968313684687
10x_2025-05-15_02-05-00,10,attention_resunet,0.0526384450495243
10x_2025-05-15_02-05-00,10,attention_resunet,0.0524869072251021
10x_2025-05-15_02-05-00,10,attention_resunet,0.0524988572578877
10x_2025-05-15_02-05-00,10,attention_resunet,0.0522942515090107
10x_2025-05-15_02-05-00,10,attention_resunet,0.0524665520060807
10x_2025-05-15_02-05-00,10,attention_resunet,0.0521331210620701
10x_2025-05-15_02-05-00,10,attention_resunet,0.0522534188348799
10x_2025-05-15_02-05-00,10,attention_resunet,0.0522879068739712
10x_2025-05-15_02-05-00,10,attention_resunet,0.0520171946845948
10x_2025-05-15_02-05-00,10,attention_resunet,0.0514573301188647
10x_2025-05-15_02-05-00,10,attention_resunet,0.0536992796696722
10x_2025-05-15_02-05-00,10,attention_resunet,0.0534516642801463
10x_2025-05-15_02-05-00,10,attention_resunet,0.0540859415195882
10x_2025-05-15_02-05-00,10,attention_resunet,0.0539158936589956
10x_2025-05-15_02-05-00,10,attention_resunet,0.0532744103111326
10x_2025-05-15_02-05-00,10,attention_resunet,0.0529980519786477
10x_2025-05-15_02-05-00,10,attention_resunet,0.0527894531842321
10x_2025-05-15_02-05-00,10,attention_resunet,0.0523865106515586
10x_2025-05-15_02-05-00,10,attention_resunet,0.0525935844052583
10x_2025-05-15_02-05-00,10,attention_resunet,0.0524319359101355
10x_2025-05-15_02-05-00,10,attention_resunet,0.0526332354638725
10x_2025-05-15_02-05-00,10,attention_resunet,0.0526240211911499
10x_2025-05-15_02-05-00,10,attention_resunet,0.0524088332895189
10x_2025-05-15_02-05-00,10,attention_resunet,0.0523483438882976
10x_2025-05-15_02-05-00,10,attention_resunet,0.051831774180755
10x_2025-05-15_02-05-00,10,attention_resunet,0.0538305146619677
10x_2025-05-15_02-05-00,10,attention_resunet,0.0534995342604815
10x_2025-05-15_02-05-00,10,attention_resunet,0.0534614955540746
10x_2025-05-15_02-05-00,10,attention_resunet,0.0534252030774951
10x_2025-05-15_02-05-00,10,attention_resunet,0.0535987317562103
10x_2025-05-15_02-05-00,10,attention_resunet,0.0528019503690302
10x_2025-05-15_02-05-00,10,attention_resunet,0.0533062848262488
10x_2025-05-15_02-05-00,10,attention_resunet,0.0527446158230304
10x_2025-05-15_02-05-00,10,attention_resunet,0.0524753879290074
10x_2025-05-15_02-05-00,10,attention_resunet,0.0524923845659941
10x_2025-05-15_02-05-00,10,attention_resunet,0.0527413561940193
10x_2025-05-15_02-05-00,10,attention_resunet,0.052493973635137
10x_2025-05-15_02-05-00,10,attention_resunet,0.0529116950929164
10x_2025-05-15_02-05-00,10,attention_resunet,0.0524246133863925
10x_2025-05-15_02-05-00,10,attention_resunet,0.0519413559231907
10x_2025-05-15_02-05-00,10,clahe_otsu,58.9599609375
10x_2025-05-15_02-05-00,10,clahe_otsu,61.79656982421875
10x_2025-05-15_02-05-00,10,clahe_otsu,61.34033203125
10x_2025-05-15_02-05-00,10,clahe_otsu,63.64898681640625
10x_2025-05-15_02-05-00,10,clahe_otsu,63.9801025390625
10x_2025-05-15_02-05-00,10,clahe_otsu,64.07318115234375
10x_2025-05-15_02-05-00,10,clahe_otsu,66.57257080078125
10x_2025-05-15_02-05-00,10,clahe_otsu,64.05792236328125
10x_2025-05-15_02-05-00,10,clahe_otsu,68.072509765625
10x_2025-05-15_02-05-00,10,clahe_otsu,63.47198486328125
10x_2025-05-15_02-05-00,10,clahe_otsu,64.94140625
10x_2025-05-15_02-05-00,10,clahe_otsu,63.68560791015625
10x_2025-05-15_02-05-00,10,clahe_otsu,67.0318603515625
10x_2025-05-15_02-05-00,10,clahe_otsu,64.16168212890625
10x_2025-05-15_02-05-00,10,clahe_otsu,64.532470703125
10x_2025-05-15_02-05-00,10,clahe_otsu,58.5235595703125
10x_2025-05-15_02-05-00,10,clahe_otsu,57.97271728515625
10x_2025-05-15_02-05-00,10,clahe_otsu,61.60430908203125
10x_2025-05-15_02-05-00,10,clahe_otsu,64.46380615234375
10x_2025-05-15_02-05-00,10,clahe_otsu,62.9547119140625
10x_2025-05-15_02-05-00,10,clahe_otsu,66.2628173828125
10x_2025-05-15_02-05-00,10,clahe_otsu,63.3758544921875
10x_2025-05-15_02-05-00,10,clahe_otsu,67.98248291015625
10x_2025-05-15_02-05-00,10,clahe_otsu,67.7947998046875
10x_2025-05-15_02-05-00,10,clahe_otsu,65.40985107421875
10x_2025-05-15_02-05-00,10,clahe_otsu,66.46575927734375
10x_2025-05-15_02-05-00,10,clahe_otsu,66.937255859375
10x_2025-05-15_02-05-00,10,clahe_otsu,68.41583251953125
10x_2025-05-15_02-05-00,10,clahe_otsu,66.40777587890625
10x_2025-05-15_02-05-00,10,clahe_otsu,66.73736572265625
10x_2025-05-15_02-05-00,10,clahe_otsu,58.831787109375
10x_2025-05-15_02-05-00,10,clahe_otsu,59.56268310546875
10x_2025-05-15_02-05-00,10,clahe_otsu,60.3790283203125
10x_2025-05-15_02-05-00,10,clahe_otsu,62.10174560546875
10x_2025-05-15_02-05-00,10,clahe_otsu,63.9495849609375
10x_2025-05-15_02-05-00,10,clahe_otsu,66.4215087890625
10x_2025-05-15_02-05-00,10,clahe_otsu,64.34783935546875
10x_2025-05-15_02-05-00,10,clahe_otsu,67.5689697265625
10x_2025-05-15_02-05-00,10,clahe_otsu,66.30401611328125
10x_2025-05-15_02-05-00,10,clahe_otsu,67.26226806640625
10x_2025-05-15_02-05-00,10,clahe_otsu,67.4896240234375
10x_2025-05-15_02-05-00,10,clahe_otsu,66.1712646484375
10x_2025-05-15_02-05-00,10,clahe_otsu,65.93780517578125
10x_2025-05-15_02-05-00,10,clahe_otsu,66.88690185546875
10x_2025-05-15_02-05-00,10,clahe_otsu,69.3634033203125
10x_2025-05-15_02-05-00,10,clahe_otsu,62.652587890625
10x_2025-05-15_02-05-00,10,clahe_otsu,61.07177734375
10x_2025-05-15_02-05-00,10,clahe_otsu,61.9598388671875
10x_2025-05-15_02-05-00,10,clahe_otsu,63.30718994140625
10x_2025-05-15_02-05-00,10,clahe_otsu,64.32647705078125
10x_2025-05-15_02-05-00,10,clahe_otsu,64.44244384765625
10x_2025-05-15_02-05-00,10,clahe_otsu,66.25213623046875
10x_2025-05-15_02-05-00,10,clahe_otsu,69.08721923828125
10x_2025-05-15_02-05-00,10,clahe_otsu,69.56024169921875
10x_2025-05-15_02-05-00,10,clahe_otsu,68.29681396484375
10x_2025-05-15_02-05-00,10,clahe_otsu,68.27850341796875
10x_2025-05-15_02-05-00,10,clahe_otsu,68.50433349609375
10x_2025-05-15_02-05-00,10,clahe_otsu,66.961669921875
10x_2025-05-15_02-05-00,10,clahe_otsu,68.4417724609375
10x_2025-05-15_02-05-00,10,clahe_otsu,65.4388427734375
10x_2025-05-15_02-05-00,10,clahe_otsu,59.7259521484375
10x_2025-05-15_02-05-00,10,clahe_otsu,61.077880859375
10x_2025-05-15_02-05-00,10,clahe_otsu,64.8406982421875
10x_2025-05-15_02-05-00,10,clahe_otsu,67.6361083984375
10x_2025-05-15_02-05-00,10,clahe_otsu,63.78021240234375
10x_2025-05-15_02-05-00,10,clahe_otsu,64.6453857421875
10x_2025-05-15_02-05-00,10,clahe_otsu,64.83306884765625
10x_2025-05-15_02-05-00,10,clahe_otsu,68.27392578125
10x_2025-05-15_02-05-00,10,clahe_otsu,68.72711181640625
10x_2025-05-15_02-05-00,10,clahe_otsu,68.31207275390625
10x_2025-05-15_02-05-00,10,clahe_otsu,68.939208984375
10x_2025-05-15_02-05-00,10,clahe_otsu,69.93255615234375
10x_2025-05-15_02-05-00,10,clahe_otsu,68.76068115234375
10x_2025-05-15_02-05-00,10,clahe_otsu,66.5618896484375
10x_2025-05-15_02-05-00,10,clahe_otsu,71.99249267578125
10x_2025-05-15_02-05-00,10,clahe_otsu,59.22088623046875
10x_2025-05-15_02-05-00,10,clahe_otsu,62.0361328125
10x_2025-05-15_02-05-00,10,clahe_otsu,66.4306640625
10x_2025-05-15_02-05-00,10,clahe_otsu,66.0247802734375
10x_2025-05-15_02-05-00,10,clahe_otsu,62.1307373046875
10x_2025-05-15_02-05-00,10,clahe_otsu,65.12298583984375
10x_2025-05-15_02-05-00,10,clahe_otsu,66.24298095703125
10x_2025-05-15_02-05-00,10,clahe_otsu,66.30706787109375
10x_2025-05-15_02-05-00,10,clahe_otsu,67.8466796875
10x_2025-05-15_02-05-00,10,clahe_otsu,65.9332275390625
10x_2025-05-15_02-05-00,10,clahe_otsu,70.52154541015625
10x_2025-05-15_02-05-00,10,clahe_otsu,65.9698486328125
10x_2025-05-15_02-05-00,10,clahe_otsu,66.2078857421875
10x_2025-05-15_02-05-00,10,clahe_otsu,67.2027587890625
10x_2025-05-15_02-05-00,10,clahe_otsu,69.63653564453125
10x_2025-05-15_02-05-00,10,clahe_otsu,59.5550537109375
10x_2025-05-15_02-05-00,10,clahe_otsu,59.832763671875
10x_2025-05-15_02-05-00,10,clahe_otsu,65.01007080078125
10x_2025-05-15_02-05-00,10,clahe_otsu,61.80267333984375
10x_2025-05-15_02-05-00,10,clahe_otsu,61.91864013671875
10x_2025-05-15_02-05-00,10,clahe_otsu,63.90533447265625
10x_2025-05-15_02-05-00,10,clahe_otsu,65.14892578125
10x_2025-05-15_02-05-00,10,clahe_otsu,66.107177734375
10x_2025-05-15_02-05-00,10,clahe_otsu,67.03643798828125
10x_2025-05-15_02-05-00,10,clahe_otsu,67.5445556640625
10x_2025-05-15_02-05-00,10,clahe_otsu,63.7542724609375
10x_2025-05-15_02-05-00,10,clahe_otsu,63.30413818359375
10x_2025-05-15_02-05-00,10,clahe_otsu,65.10772705078125
10x_2025-05-15_02-05-00,10,clahe_otsu,66.08734130859375
10x_2025-05-15_02-05-00,10,clahe_otsu,68.91021728515625
10x_2025-05-15_02-05-00,10,clahe_otsu,59.36279296875
10x_2025-05-15_02-05-00,10,clahe_otsu,61.2396240234375
10x_2025-05-15_02-05-00,10,clahe_otsu,59.295654296875
10x_2025-05-15_02-05-00,10,clahe_otsu,60.32257080078125
10x_2025-05-15_02-05-00,10,clahe_otsu,58.868408203125
10x_2025-05-15_02-05-00,10,clahe_otsu,61.24267578125
10x_2025-05-15_02-05-00,10,clahe_otsu,61.8896484375
10x_2025-05-15_02-05-00,10,clahe_otsu,65.570068359375
10x_2025-05-15_02-05-00,10,clahe_otsu,66.70684814453125
10x_2025-05-15_02-05-00,10,clahe_otsu,63.96636962890625
10x_2025-05-15_02-05-00,10,clahe_otsu,64.82696533203125
10x_2025-05-15_02-05-00,10,clahe_otsu,65.79437255859375
10x_2025-05-15_02-05-00,10,clahe_otsu,63.20343017578125
10x_2025-05-15_02-05-00,10,clahe_otsu,64.898681640625
10x_2025-05-15_02-05-00,10,clahe_otsu,68.39447021484375
1280x_2025-05-16_00-59-00_002,1280,unet,0.2545817755162716
1280x_2025-05-16_00-59-00_002,1280,unet,0.2589649055153131
1280x_2025-05-16_00-59-00_002,1280,unet,0.2975943963974714
1280x_2025-05-16_00-59-00_002,1280,unet,0.3747615031898021
1280x_2025-05-16_00-59-00_002,1280,unet,30.808818340301514
1280x_2025-05-16_00-59-00_002,1280,unet,94.9016571044922
1280x_2025-05-16_00-59-00_002,1280,unet,98.80136251449584
1280x_2025-05-16_00-59-00_002,1280,unet,93.52617859840392
1280x_2025-05-16_00-59-00_002,1280,unet,98.42199683189392
1280x_2025-05-16_00-59-00_002,1280,unet,97.09786772727966
1280x_2025-05-16_00-59-00_002,1280,unet,94.56123113632202
1280x_2025-05-16_00-59-00_002,1280,unet,95.69854736328124
1280x_2025-05-16_00-59-00_002,1280,unet,89.0434741973877
1280x_2025-05-16_00-59-00_002,1280,unet,26.03086531162262
1280x_2025-05-16_00-59-00_002,1280,unet,0.2499859081581235
1280x_2025-05-16_00-59-00_002,1280,unet,0.2586235990747809
1280x_2025-05-16_00-59-00_002,1280,unet,0.2787690609693527
1280x_2025-05-16_00-59-00_002,1280,unet,0.2689879853278398
1280x_2025-05-16_00-59-00_002,1280,unet,0.3283643629401922
1280x_2025-05-16_00-59-00_002,1280,unet,1.409109402447939
1280x_2025-05-16_00-59-00_002,1280,unet,50.39277672767639
1280x_2025-05-16_00-59-00_002,1280,unet,94.366192817688
1280x_2025-05-16_00-59-00_002,1280,unet,97.07782864570618
1280x_2025-05-16_00-59-00_002,1280,unet,97.09076881408691
1280x_2025-05-16_00-59-00_002,1280,unet,98.17087650299072
1280x_2025-05-16_00-59-00_002,1280,unet,98.36615920066832
1280x_2025-05-16_00-59-00_002,1280,unet,96.82639241218568
1280x_2025-05-16_00-59-00_002,1280,unet,94.6989357471466
1280x_2025-05-16_00-59-00_002,1280,unet,77.85236239433289
1280x_2025-05-16_00-59-00_002,1280,unet,5.703520774841309
1280x_2025-05-16_00-59-00_002,1280,unet,0.2692010486498475
1280x_2025-05-16_00-59-00_002,1280,unet,0.2633895492181182
1280x_2025-05-16_00-59-00_002,1280,unet,0.2591955941170454
1280x_2025-05-16_00-59-00_002,1280,unet,0.3793824464082718
1280x_2025-05-16_00-59-00_002,1280,unet,0.3272016998380422
1280x_2025-05-16_00-59-00_002,1280,unet,0.2458441071212291
1280x_2025-05-16_00-59-00_002,1280,unet,47.33244180679321
1280x_2025-05-16_00-59-00_002,1280,unet,95.53791284561156
1280x_2025-05-16_00-59-00_002,1280,unet,97.64543175697328
1280x_2025-05-16_00-59-00_002,1280,unet,98.31818342208862
1280x_2025-05-16_00-59-00_002,1280,unet,98.69046211242676
1280x_2025-05-16_00-59-00_002,1280,unet,98.68817329406738
1280x_2025-05-16_00-59-00_002,1280,unet,96.72712683677672
1280x_2025-05-16_00-59-00_002,1280,unet,96.79558873176576
1280x_2025-05-16_00-59-00_002,1280,unet,44.54617202281952
1280x_2025-05-16_00-59-00_002,1280,unet,0.2704673446714878
1280x_2025-05-16_00-59-00_002,1280,unet,0.2682476304471493
1280x_2025-05-16_00-59-00_002,1280,unet,0.2629300579428673
1280x_2025-05-16_00-59-00_002,1280,unet,0.2666816348209977
1280x_2025-05-16_00-59-00_002,1280,unet,0.4001826047897339
1280x_2025-05-16_00-59-00_002,1280,unet,0.4545326344668865
1280x_2025-05-16_00-59-00_002,1280,unet,2.5991540402173996
1280x_2025-05-16_00-59-00_002,1280,unet,67.23026037216187
1280x_2025-05-16_00-59-00_002,1280,unet,93.93845796585084
1280x_2025-05-16_00-59-00_002,1280,unet,98.26197624206544
1280x_2025-05-16_00-59-00_002,1280,unet,96.85550928115843
1280x_2025-05-16_00-59-00_002,1280,unet,98.89368414878844
1280x_2025-05-16_00-59-00_002,1280,unet,98.84724617004396
1280x_2025-05-16_00-59-00_002,1280,unet,93.76368522644044
1280x_2025-05-16_00-59-00_002,1280,unet,82.86898136138916
1280x_2025-05-16_00-59-00_002,1280,unet,0.2721772762015462
1280x_2025-05-16_00-59-00_002,1280,unet,0.2708723768591881
1280x_2025-05-16_00-59-00_002,1280,unet,0.2694613067433238
1280x_2025-05-16_00-59-00_002,1280,unet,0.2645284635946154
1280x_2025-05-16_00-59-00_002,1280,unet,0.3021726151928305
1280x_2025-05-16_00-59-00_002,1280,unet,0.8066856302320957
1280x_2025-05-16_00-59-00_002,1280,unet,0.3011271823197603
1280x_2025-05-16_00-59-00_002,1280,unet,11.97926178574562
1280x_2025-05-16_00-59-00_002,1280,unet,87.29100227355957
1280x_2025-05-16_00-59-00_002,1280,unet,97.28026390075684
1280x_2025-05-16_00-59-00_002,1280,unet,98.6075758934021
1280x_2025-05-16_00-59-00_002,1280,unet,97.09112644195557
1280x_2025-05-16_00-59-00_002,1280,unet,96.94499969482422
1280x_2025-05-16_00-59-00_002,1280,unet,98.37268590927124
1280x_2025-05-16_00-59-00_002,1280,unet,96.44905924797058
1280x_2025-05-16_00-59-00_002,1280,unet,0.2753443550318479
1280x_2025-05-16_00-59-00_002,1280,unet,0.2736612688750028
1280x_2025-05-16_00-59-00_002,1280,unet,0.2720879856497049
1280x_2025-05-16_00-59-00_002,1280,unet,0.2697828225791454
1280x_2025-05-16_00-59-00_002,1280,unet,0.2626574132591486
1280x_2025-05-16_00-59-00_002,1280,unet,0.338956480845809
1280x_2025-05-16_00-59-00_002,1280,unet,0.3210377879440784
1280x_2025-05-16_00-59-00_002,1280,unet,0.2478562761098146
1280x_2025-05-16_00-59-00_002,1280,unet,10.955369472503662
1280x_2025-05-16_00-59-00_002,1280,unet,75.10722875595093
1280x_2025-05-16_00-59-00_002,1280,unet,95.5726683139801
1280x_2025-05-16_00-59-00_002,1280,unet,98.08332324028017
1280x_2025-05-16_00-59-00_002,1280,unet,96.65935039520264
1280x_2025-05-16_00-59-00_002,1280,unet,98.04010391235352
1280x_2025-05-16_00-59-00_002,1280,unet,98.03985357284546
1280x_2025-05-16_00-59-00_002,1280,unet,0.2778182737529278
1280x_2025-05-16_00-59-00_002,1280,unet,0.2772093750536442
1280x_2025-05-16_00-59-00_002,1280,unet,0.2748710103332996
1280x_2025-05-16_00-59-00_002,1280,unet,0.2720312448218465
1280x_2025-05-16_00-59-00_002,1280,unet,0.2694020746275782
1280x_2025-05-16_00-59-00_002,1280,unet,0.2665901090949774
1280x_2025-05-16_00-59-00_002,1280,unet,0.4089098423719406
1280x_2025-05-16_00-59-00_002,1280,unet,0.5578783806413412
1280x_2025-05-16_00-59-00_002,1280,unet,0.5325703416019678
1280x_2025-05-16_00-59-00_002,1280,unet,0.8114919997751713
1280x_2025-05-16_00-59-00_002,1280,unet,8.93089771270752
1280x_2025-05-16_00-59-00_002,1280,unet,71.10406160354614
1280x_2025-05-16_00-59-00_002,1280,unet,94.39492225646973
1280x_2025-05-16_00-59-00_002,1280,unet,95.9018886089325
1280x_2025-05-16_00-59-00_002,1280,unet,96.54168486595154
1280x_2025-05-16_00-59-00_002,1280,unet,0.2776556881144643
1280x_2025-05-16_00-59-00_002,1280,unet,0.2778498455882072
1280x_2025-05-16_00-59-00_002,1280,unet,0.2774326596409082
1280x_2025-05-16_00-59-00_002,1280,unet,0.2748242113739252
1280x_2025-05-16_00-59-00_002,1280,unet,0.2720771357417106
1280x_2025-05-16_00-59-00_002,1280,unet,0.26855762116611
1280x_2025-05-16_00-59-00_002,1280,unet,0.2597028855234384
1280x_2025-05-16_00-59-00_002,1280,unet,0.3055874025449157
1280x_2025-05-16_00-59-00_002,1280,unet,0.3000568831339478
1280x_2025-05-16_00-59-00_002,1280,unet,0.3105044830590486
1280x_2025-05-16_00-59-00_002,1280,unet,0.2520979149267077
1280x_2025-05-16_00-59-00_002,1280,unet,0.8716659620404243
1280x_2025-05-16_00-59-00_002,1280,unet,38.815146684646606
1280x_2025-05-16_00-59-00_002,1280,unet,87.30499744415283
1280x_2025-05-16_00-59-00_002,1280,unet,90.6649887561798
1280x_2025-05-16_00-59-00_002,1280,resunet,0.1103511080145835
1280x_2025-05-16_00-59-00_002,1280,resunet,0.0989904161542654
1280x_2025-05-16_00-59-00_002,1280,resunet,0.0729911029338836
1280x_2025-05-16_00-59-00_002,1280,resunet,0.0572790275327861
1280x_2025-05-16_00-59-00_002,1280,resunet,11.48032397031784
1280x_2025-05-16_00-59-00_002,1280,resunet,76.89033150672913
1280x_2025-05-16_00-59-00_002,1280,resunet,96.77584767341614
1280x_2025-05-16_00-59-00_002,1280,resunet,94.10319924354552
1280x_2025-05-16_00-59-00_002,1280,resunet,98.93882870674132
1280x_2025-05-16_00-59-00_002,1280,resunet,98.3950138092041
1280x_2025-05-16_00-59-00_002,1280,resunet,95.35880088806152
1280x_2025-05-16_00-59-00_002,1280,resunet,95.35111784934998
1280x_2025-05-16_00-59-00_002,1280,resunet,76.00635886192322
1280x_2025-05-16_00-59-00_002,1280,resunet,17.49153733253479
1280x_2025-05-16_00-59-00_002,1280,resunet,0.0326630135532468
1280x_2025-05-16_00-59-00_002,1280,resunet,0.3321543335914612
1280x_2025-05-16_00-59-00_002,1280,resunet,0.234751496464014
1280x_2025-05-16_00-59-00_002,1280,resunet,0.1070259953849017
1280x_2025-05-16_00-59-00_002,1280,resunet,0.0636856304481625
1280x_2025-05-16_00-59-00_002,1280,resunet,0.105037959292531
1280x_2025-05-16_00-59-00_002,1280,resunet,16.390573978424072
1280x_2025-05-16_00-59-00_002,1280,resunet,72.48255014419556
1280x_2025-05-16_00-59-00_002,1280,resunet,94.477117061615
1280x_2025-05-16_00-59-00_002,1280,resunet,97.05265760421752
1280x_2025-05-16_00-59-00_002,1280,resunet,97.97794818878174
1280x_2025-05-16_00-59-00_002,1280,resunet,98.82919192314148
1280x_2025-05-16_00-59-00_002,1280,resunet,96.31320238113403
1280x_2025-05-16_00-59-00_002,1280,resunet,88.67131471633911
1280x_2025-05-16_00-59-00_002,1280,resunet,63.37469220161438
1280x_2025-05-16_00-59-00_002,1280,resunet,3.8708359003067017
1280x_2025-05-16_00-59-00_002,1280,resunet,0.3158394712954759
1280x_2025-05-16_00-59-00_002,1280,resunet,0.4625738598406315
1280x_2025-05-16_00-59-00_002,1280,resunet,0.2819856628775596
1280x_2025-05-16_00-59-00_002,1280,resunet,0.1399449538439512
1280x_2025-05-16_00-59-00_002,1280,resunet,0.0771048420574516
1280x_2025-05-16_00-59-00_002,1280,resunet,0.0514832558110356
1280x_2025-05-16_00-59-00_002,1280,resunet,21.701745688915253
1280x_2025-05-16_00-59-00_002,1280,resunet,84.76568460464478
1280x_2025-05-16_00-59-00_002,1280,resunet,95.81353068351746
1280x_2025-05-16_00-59-00_002,1280,resunet,98.23469519615172
1280x_2025-05-16_00-59-00_002,1280,resunet,98.6492395401001
1280x_2025-05-16_00-59-00_002,1280,resunet,99.14699792861938
1280x_2025-05-16_00-59-00_002,1280,resunet,97.57749438285828
1280x_2025-05-16_00-59-00_002,1280,resunet,95.95382809638976
1280x_2025-05-16_00-59-00_002,1280,resunet,35.673779249191284
1280x_2025-05-16_00-59-00_002,1280,resunet,0.1544701633974909
1280x_2025-05-16_00-59-00_002,1280,resunet,0.3923764917999506
1280x_2025-05-16_00-59-00_002,1280,resunet,0.399720249697566
1280x_2025-05-16_00-59-00_002,1280,resunet,0.2186511410400271
1280x_2025-05-16_00-59-00_002,1280,resunet,0.140051613561809
1280x_2025-05-16_00-59-00_002,1280,resunet,0.0617182871792465
1280x_2025-05-16_00-59-00_002,1280,resunet,0.4091139417141676
1280x_2025-05-16_00-59-00_002,1280,resunet,31.178751587867737
1280x_2025-05-16_00-59-00_002,1280,resunet,80.82422614097595
1280x_2025-05-16_00-59-00_002,1280,resunet,94.9131429195404
1280x_2025-05-16_00-59-00_002,1280,resunet,95.13317942619324
1280x_2025-05-16_00-59-00_002,1280,resunet,98.43581914901732
1280x_2025-05-16_00-59-00_002,1280,resunet,99.19700622558594
1280x_2025-05-16_00-59-00_002,1280,resunet,95.17903327941896
1280x_2025-05-16_00-59-00_002,1280,resunet,77.78531312942505
1280x_2025-05-16_00-59-00_002,1280,resunet,0.098720216192305
1280x_2025-05-16_00-59-00_002,1280,resunet,0.1797587610781192
1280x_2025-05-16_00-59-00_002,1280,resunet,0.383544759824872
1280x_2025-05-16_00-59-00_002,1280,resunet,0.4446837585419416
1280x_2025-05-16_00-59-00_002,1280,resunet,0.3025978105142712
1280x_2025-05-16_00-59-00_002,1280,resunet,0.0972531212028116
1280x_2025-05-16_00-59-00_002,1280,resunet,0.0558724394068121
1280x_2025-05-16_00-59-00_002,1280,resunet,2.301071397960186
1280x_2025-05-16_00-59-00_002,1280,resunet,44.35858726501465
1280x_2025-05-16_00-59-00_002,1280,resunet,84.52262282371521
1280x_2025-05-16_00-59-00_002,1280,resunet,96.1596667766571
1280x_2025-05-16_00-59-00_002,1280,resunet,96.89581990242004
1280x_2025-05-16_00-59-00_002,1280,resunet,96.1358606815338
1280x_2025-05-16_00-59-00_002,1280,resunet,99.14785027503969
1280x_2025-05-16_00-59-00_002,1280,resunet,94.24951076507568
1280x_2025-05-16_00-59-00_002,1280,resunet,0.0484973337734118
1280x_2025-05-16_00-59-00_002,1280,resunet,0.0552401004824787
1280x_2025-05-16_00-59-00_002,1280,resunet,0.0923280138522386
1280x_2025-05-16_00-59-00_002,1280,resunet,0.3857426112517714
1280x_2025-05-16_00-59-00_002,1280,resunet,0.518352584913373
1280x_2025-05-16_00-59-00_002,1280,resunet,0.2329939510673284
1280x_2025-05-16_00-59-00_002,1280,resunet,0.0911390408873558
1280x_2025-05-16_00-59-00_002,1280,resunet,0.0511321297381073
1280x_2025-05-16_00-59-00_002,1280,resunet,2.692139148712158
1280x_2025-05-16_00-59-00_002,1280,resunet,21.242213249206543
1280x_2025-05-16_00-59-00_002,1280,resunet,65.11698365211487
1280x_2025-05-16_00-59-00_002,1280,resunet,95.35636901855467
1280x_2025-05-16_00-59-00_002,1280,resunet,95.43699026107788
1280x_2025-05-16_00-59-00_002,1280,resunet,98.7149715423584
1280x_2025-05-16_00-59-00_002,1280,resunet,99.31254386901855
1280x_2025-05-16_00-59-00_002,1280,resunet,0.0427386054070666
1280x_2025-05-16_00-59-00_002,1280,resunet,0.0446636462584137
1280x_2025-05-16_00-59-00_002,1280,resunet,0.049989455146715
1280x_2025-05-16_00-59-00_002,1280,resunet,0.1296064001508057
1280x_2025-05-16_00-59-00_002,1280,resunet,0.4738588351756334
1280x_2025-05-16_00-59-00_002,1280,resunet,0.508388876914978
1280x_2025-05-16_00-59-00_002,1280,resunet,0.2406707499176263
1280x_2025-05-16_00-59-00_002,1280,resunet,0.100841699168086
1280x_2025-05-16_00-59-00_002,1280,resunet,0.0610904360655695
1280x_2025-05-16_00-59-00_002,1280,resunet,0.0559359148610383
1280x_2025-05-16_00-59-00_002,1280,resunet,2.280432917177677
1280x_2025-05-16_00-59-00_002,1280,resunet,34.003424644470215
1280x_2025-05-16_00-59-00_002,1280,resunet,60.96104979515076
1280x_2025-05-16_00-59-00_002,1280,resunet,92.52343773841858
1280x_2025-05-16_00-59-00_002,1280,resunet,94.62701678276062
1280x_2025-05-16_00-59-00_002,1280,resunet,0.0417700473917648
1280x_2025-05-16_00-59-00_002,1280,resunet,0.0420155032770708
1280x_2025-05-16_00-59-00_002,1280,resunet,0.044235325185582
1280x_2025-05-16_00-59-00_002,1280,resunet,0.0524246657732874
1280x_2025-05-16_00-59-00_002,1280,resunet,0.1913272077217698
1280x_2025-05-16_00-59-00_002,1280,resunet,0.4460456781089306
1280x_2025-05-16_00-59-00_002,1280,resunet,0.4040956031531095
1280x_2025-05-16_00-59-00_002,1280,resunet,0.2147785387933254
1280x_2025-05-16_00-59-00_002,1280,resunet,0.0809818273410201
1280x_2025-05-16_00-59-00_002,1280,resunet,0.0642525206785649
1280x_2025-05-16_00-59-00_002,1280,resunet,0.0537205254659056
1280x_2025-05-16_00-59-00_002,1280,resunet,0.1529837842099368
1280x_2025-05-16_00-59-00_002,1280,resunet,10.217135399580002
1280x_2025-05-16_00-59-00_002,1280,resunet,61.239731311798096
1280x_2025-05-16_00-59-00_002,1280,resunet,89.72594738006592
1280x_2025-05-16_00-59-00_002,1280,attention_resunet,0.1018653041683137
1280x_2025-05-16_00-59-00_002,1280,attention_resunet,0.0898976228199899
1280x_2025-05-16_00-59-00_002,1280,attention_resunet,0.054708874085918
1280x_2025-05-16_00-59-00_002,1280,attention_resunet,0.0495766347739845
1280x_2025-05-16_00-59-00_002,1280,attention_resunet,2.5157470256090164
1280x_2025-05-16_00-59-00_002,1280,attention_resunet,16.728898882865906
1280x_2025-05-16_00-59-00_002,1280,attention_resunet,46.27167582511902
1280x_2025-05-16_00-59-00_002,1280,attention_resunet,62.32543587684631
1280x_2025-05-16_00-59-00_002,1280,attention_resunet,81.46423697471619
1280x_2025-05-16_00-59-00_002,1280,attention_resunet,77.78759002685547
1280x_2025-05-16_00-59-00_002,1280,attention_resunet,57.310229539871216
1280x_2025-05-16_00-59-00_002,1280,attention_resunet,42.70781874656677
1280x_2025-05-16_00-59-00_002,1280,attention_resunet,16.961365938186646
1280x_2025-05-16_00-59-00_002,1280,attention_resunet,5.326222628355026
1280x_2025-05-16_00-59-00_002,1280,attention_resunet,0.0538673833943903
1280x_2025-05-16_00-59-00_002,1280,attention_resunet,0.0750776962377131
1280x_2025-05-16_00-59-00_002,1280,attention_resunet,0.085531041258946
1280x_2025-05-16_00-59-00_002,1280,attention_resunet,0.0588948489166796
1280x_2025-05-16_00-59-00_002,1280,attention_resunet,0.0558991217985749
1280x_2025-05-16_00-59-00_002,1280,attention_resunet,0.0486082746647298
1280x_2025-05-16_00-59-00_002,1280,attention_resunet,2.6480937376618385
1280x_2025-05-16_00-59-00_002,1280,attention_resunet,20.07177323102951
1280x_2025-05-16_00-59-00_002,1280,attention_resunet,48.64033758640289
1280x_2025-05-16_00-59-00_002,1280,attention_resunet,76.03391408920288
1280x_2025-05-16_00-59-00_002,1280,attention_resunet,81.60123825073242
1280x_2025-05-16_00-59-00_002,1280,attention_resunet,82.63747692108154
1280x_2025-05-16_00-59-00_002,1280,attention_resunet,73.5872745513916
1280x_2025-05-16_00-59-00_002,1280,attention_resunet,42.09951162338257
1280x_2025-05-16_00-59-00_002,1280,attention_resunet,17.345482110977173
1280x_2025-05-16_00-59-00_002,1280,attention_resunet,1.3545307330787182
1280x_2025-05-16_00-59-00_002,1280,attention_resunet,0.0661289959680289
1280x_2025-05-16_00-59-00_002,1280,attention_resunet,0.0757212517783045
1280x_2025-05-16_00-59-00_002,1280,attention_resunet,0.0823112379293888
1280x_2025-05-16_00-59-00_002,1280,attention_resunet,0.0657559605315327
1280x_2025-05-16_00-59-00_002,1280,attention_resunet,0.0538025633431971
1280x_2025-05-16_00-59-00_002,1280,attention_resunet,0.0485127005958929
1280x_2025-05-16_00-59-00_002,1280,attention_resunet,2.1683333441615105
1280x_2025-05-16_00-59-00_002,1280,attention_resunet,25.690844655036926
1280x_2025-05-16_00-59-00_002,1280,attention_resunet,57.55396485328674
1280x_2025-05-16_00-59-00_002,1280,attention_resunet,71.33179903030396
1280x_2025-05-16_00-59-00_002,1280,attention_resunet,83.42260718345642
1280x_2025-05-16_00-59-00_002,1280,attention_resunet,88.53474259376526
1280x_2025-05-16_00-59-00_002,1280,attention_resunet,75.19341707229614
1280x_2025-05-16_00-59-00_002,1280,attention_resunet,69.1022515296936
1280x_2025-05-16_00-59-00_002,1280,attention_resunet,15.29693752527237
1280x_2025-05-16_00-59-00_002,1280,attention_resunet,0.0612909148912876
1280x_2025-05-16_00-59-00_002,1280,attention_resunet,0.0670258305035531
1280x_2025-05-16_00-59-00_002,1280,attention_resunet,0.0729877792764455
1280x_2025-05-16_00-59-00_002,1280,attention_resunet,0.0797426211647689
1280x_2025-05-16_00-59-00_002,1280,attention_resunet,0.0602667336352169
1280x_2025-05-16_00-59-00_002,1280,attention_resunet,0.0528475735336542
1280x_2025-05-16_00-59-00_002,1280,attention_resunet,0.1685057883150875
1280x_2025-05-16_00-59-00_002,1280,attention_resunet,3.731144964694977
1280x_2025-05-16_00-59-00_002,1280,attention_resunet,21.048954129219055
1280x_2025-05-16_00-59-00_002,1280,attention_resunet,46.58581018447876
1280x_2025-05-16_00-59-00_002,1280,attention_resunet,69.70776915550232
1280x_2025-05-16_00-59-00_002,1280,attention_resunet,84.05075669288635
1280x_2025-05-16_00-59-00_002,1280,attention_resunet,82.07162618637085
1280x_2025-05-16_00-59-00_002,1280,attention_resunet,67.21747517585754
1280x_2025-05-16_00-59-00_002,1280,attention_resunet,41.81412756443024
1280x_2025-05-16_00-59-00_002,1280,attention_resunet,0.0578614533878862
1280x_2025-05-16_00-59-00_002,1280,attention_resunet,0.060090550687164
1280x_2025-05-16_00-59-00_002,1280,attention_resunet,0.0649387948215007
1280x_2025-05-16_00-59-00_002,1280,attention_resunet,0.0745505501981824
1280x_2025-05-16_00-59-00_002,1280,attention_resunet,0.0709771004039794
1280x_2025-05-16_00-59-00_002,1280,attention_resunet,0.0558905419893562
1280x_2025-05-16_00-59-00_002,1280,attention_resunet,0.0531800906173884
1280x_2025-05-16_00-59-00_002,1280,attention_resunet,0.8418980054557323
1280x_2025-05-16_00-59-00_002,1280,attention_resunet,4.758754372596741
1280x_2025-05-16_00-59-00_002,1280,attention_resunet,29.70530390739441
1280x_2025-05-16_00-59-00_002,1280,attention_resunet,62.89511322975159
1280x_2025-05-16_00-59-00_002,1280,attention_resunet,63.82871866226196
1280x_2025-05-16_00-59-00_002,1280,attention_resunet,68.50792169570923
1280x_2025-05-16_00-59-00_002,1280,attention_resunet,89.95612263679504
1280x_2025-05-16_00-59-00_002,1280,attention_resunet,49.685338139534
1280x_2025-05-16_00-59-00_002,1280,attention_resunet,0.0570143689401447
1280x_2025-05-16_00-59-00_002,1280,attention_resunet,0.0571602315176278
1280x_2025-05-16_00-59-00_002,1280,attention_resunet,0.0581988948397338
1280x_2025-05-16_00-59-00_002,1280,attention_resunet,0.0647833512630313
1280x_2025-05-16_00-59-00_002,1280,attention_resunet,0.0766184472013264
1280x_2025-05-16_00-59-00_002,1280,attention_resunet,0.073727045673877
1280x_2025-05-16_00-59-00_002,1280,attention_resunet,0.0555247184820473
1280x_2025-05-16_00-59-00_002,1280,attention_resunet,0.0517762382514774
1280x_2025-05-16_00-59-00_002,1280,attention_resunet,1.3196452520787716
1280x_2025-05-16_00-59-00_002,1280,attention_resunet,3.5888683050870895
1280x_2025-05-16_00-59-00_002,1280,attention_resunet,12.17842847108841
1280x_2025-05-16_00-59-00_002,1280,attention_resunet,41.70035719871521
1280x_2025-05-16_00-59-00_002,1280,attention_resunet,48.145273327827454
1280x_2025-05-16_00-59-00_002,1280,attention_resunet,77.81805396080017
1280x_2025-05-16_00-59-00_002,1280,attention_resunet,77.15362310409546
1280x_2025-05-16_00-59-00_002,1280,attention_resunet,0.0560124986805021
1280x_2025-05-16_00-59-00_002,1280,attention_resunet,0.0565818860195577
1280x_2025-05-16_00-59-00_002,1280,attention_resunet,0.0571213546209037
1280x_2025-05-16_00-59-00_002,1280,attention_resunet,0.0586423790082335
1280x_2025-05-16_00-59-00_002,1280,attention_resunet,0.0649055698886513
1280x_2025-05-16_00-59-00_002,1280,attention_resunet,0.0864391622599214
1280x_2025-05-16_00-59-00_002,1280,attention_resunet,0.0698778487276285
1280x_2025-05-16_00-59-00_002,1280,attention_resunet,0.0551840988919138
1280x_2025-05-16_00-59-00_002,1280,attention_resunet,0.0524042465258389
1280x_2025-05-16_00-59-00_002,1280,attention_resunet,0.0494171748869121
1280x_2025-05-16_00-59-00_002,1280,attention_resunet,0.9797167964279652
1280x_2025-05-16_00-59-00_002,1280,attention_resunet,3.229646757245064
1280x_2025-05-16_00-59-00_002,1280,attention_resunet,8.442183583974838
1280x_2025-05-16_00-59-00_002,1280,attention_resunet,35.256266593933105
1280x_2025-05-16_00-59-00_002,1280,attention_resunet,57.299238443374634
1280x_2025-05-16_00-59-00_002,1280,attention_resunet,0.0556339742615819
1280x_2025-05-16_00-59-00_002,1280,attention_resunet,0.0557694234885275
1280x_2025-05-16_00-59-00_002,1280,attention_resunet,0.056419032625854
1280x_2025-05-16_00-59-00_002,1280,attention_resunet,0.0570009113289415
1280x_2025-05-16_00-59-00_002,1280,attention_resunet,0.0592926342505961
1280x_2025-05-16_00-59-00_002,1280,attention_resunet,0.0674430222716182
1280x_2025-05-16_00-59-00_002,1280,attention_resunet,0.0886174268089234
1280x_2025-05-16_00-59-00_002,1280,attention_resunet,0.0698955322150141
1280x_2025-05-16_00-59-00_002,1280,attention_resunet,0.0563035835511982
1280x_2025-05-16_00-59-00_002,1280,attention_resunet,0.0535893836058676
1280x_2025-05-16_00-59-00_002,1280,attention_resunet,0.0505302334204316
1280x_2025-05-16_00-59-00_002,1280,attention_resunet,0.0480921095004305
1280x_2025-05-16_00-59-00_002,1280,attention_resunet,1.347208395600319
1280x_2025-05-16_00-59-00_002,1280,attention_resunet,16.285623610019684
1280x_2025-05-16_00-59-00_002,1280,attention_resunet,45.09193301200867
1280x_2025-05-16_00-59-00_002,1280,clahe_otsu,14.57977294921875
1280x_2025-05-16_00-59-00_002,1280,clahe_otsu,5.9295654296875
1280x_2025-05-16_00-59-00_002,1280,clahe_otsu,6.0760498046875
1280x_2025-05-16_00-59-00_002,1280,clahe_otsu,5.10101318359375
1280x_2025-05-16_00-59-00_002,1280,clahe_otsu,4.96978759765625
1280x_2025-05-16_00-59-00_002,1280,clahe_otsu,3.399658203125
1280x_2025-05-16_00-59-00_002,1280,clahe_otsu,3.7017822265625
1280x_2025-05-16_00-59-00_002,1280,clahe_otsu,5.42144775390625
1280x_2025-05-16_00-59-00_002,1280,clahe_otsu,4.3731689453125
1280x_2025-05-16_00-59-00_002,1280,clahe_otsu,15.10009765625
1280x_2025-05-16_00-59-00_002,1280,clahe_otsu,19.81964111328125
1280x_2025-05-16_00-59-00_002,1280,clahe_otsu,26.6845703125
1280x_2025-05-16_00-59-00_002,1280,clahe_otsu,33.3587646484375
1280x_2025-05-16_00-59-00_002,1280,clahe_otsu,37.8082275390625
1280x_2025-05-16_00-59-00_002,1280,clahe_otsu,47.869873046875
1280x_2025-05-16_00-59-00_002,1280,clahe_otsu,5.14373779296875
1280x_2025-05-16_00-59-00_002,1280,clahe_otsu,4.25872802734375
1280x_2025-05-16_00-59-00_002,1280,clahe_otsu,4.5562744140625
1280x_2025-05-16_00-59-00_002,1280,clahe_otsu,2.39410400390625
1280x_2025-05-16_00-59-00_002,1280,clahe_otsu,4.04205322265625
1280x_2025-05-16_00-59-00_002,1280,clahe_otsu,2.89459228515625
1280x_2025-05-16_00-59-00_002,1280,clahe_otsu,2.783203125
1280x_2025-05-16_00-59-00_002,1280,clahe_otsu,3.29132080078125
1280x_2025-05-16_00-59-00_002,1280,clahe_otsu,3.50341796875
1280x_2025-05-16_00-59-00_002,1280,clahe_otsu,3.41644287109375
1280x_2025-05-16_00-59-00_002,1280,clahe_otsu,5.47027587890625
1280x_2025-05-16_00-59-00_002,1280,clahe_otsu,8.43658447265625
1280x_2025-05-16_00-59-00_002,1280,clahe_otsu,22.8271484375
1280x_2025-05-16_00-59-00_002,1280,clahe_otsu,27.9266357421875
1280x_2025-05-16_00-59-00_002,1280,clahe_otsu,43.4783935546875
1280x_2025-05-16_00-59-00_002,1280,clahe_otsu,5.17425537109375
1280x_2025-05-16_00-59-00_002,1280,clahe_otsu,4.217529296875
1280x_2025-05-16_00-59-00_002,1280,clahe_otsu,3.92913818359375
1280x_2025-05-16_00-59-00_002,1280,clahe_otsu,2.8564453125
1280x_2025-05-16_00-59-00_002,1280,clahe_otsu,3.82232666015625
1280x_2025-05-16_00-59-00_002,1280,clahe_otsu,3.814697265625
1280x_2025-05-16_00-59-00_002,1280,clahe_otsu,2.294921875
1280x_2025-05-16_00-59-00_002,1280,clahe_otsu,2.33001708984375
1280x_2025-05-16_00-59-00_002,1280,clahe_otsu,2.52838134765625
1280x_2025-05-16_00-59-00_002,1280,clahe_otsu,3.1890869140625
1280x_2025-05-16_00-59-00_002,1280,clahe_otsu,2.996826171875
1280x_2025-05-16_00-59-00_002,1280,clahe_otsu,5.316162109375
1280x_2025-05-16_00-59-00_002,1280,clahe_otsu,7.45086669921875
1280x_2025-05-16_00-59-00_002,1280,clahe_otsu,30.00030517578125
1280x_2025-05-16_00-59-00_002,1280,clahe_otsu,36.724853515625
1280x_2025-05-16_00-59-00_002,1280,clahe_otsu,5.3009033203125
1280x_2025-05-16_00-59-00_002,1280,clahe_otsu,4.693603515625
1280x_2025-05-16_00-59-00_002,1280,clahe_otsu,5.0140380859375
1280x_2025-05-16_00-59-00_002,1280,clahe_otsu,3.33709716796875
1280x_2025-05-16_00-59-00_002,1280,clahe_otsu,2.716064453125
1280x_2025-05-16_00-59-00_002,1280,clahe_otsu,2.6763916015625
1280x_2025-05-16_00-59-00_002,1280,clahe_otsu,2.703857421875
1280x_2025-05-16_00-59-00_002,1280,clahe_otsu,2.4139404296875
1280x_2025-05-16_00-59-00_002,1280,clahe_otsu,3.1890869140625
1280x_2025-05-16_00-59-00_002,1280,clahe_otsu,3.460693359375
1280x_2025-05-16_00-59-00_002,1280,clahe_otsu,4.1259765625
1280x_2025-05-16_00-59-00_002,1280,clahe_otsu,4.40521240234375
1280x_2025-05-16_00-59-00_002,1280,clahe_otsu,5.352783203125
1280x_2025-05-16_00-59-00_002,1280,clahe_otsu,9.37957763671875
1280x_2025-05-16_00-59-00_002,1280,clahe_otsu,33.001708984375
1280x_2025-05-16_00-59-00_002,1280,clahe_otsu,4.8858642578125
1280x_2025-05-16_00-59-00_002,1280,clahe_otsu,3.89556884765625
1280x_2025-05-16_00-59-00_002,1280,clahe_otsu,3.0853271484375
1280x_2025-05-16_00-59-00_002,1280,clahe_otsu,3.30810546875
1280x_2025-05-16_00-59-00_002,1280,clahe_otsu,2.30560302734375
1280x_2025-05-16_00-59-00_002,1280,clahe_otsu,2.78778076171875
1280x_2025-05-16_00-59-00_002,1280,clahe_otsu,2.7008056640625
1280x_2025-05-16_00-59-00_002,1280,clahe_otsu,2.23846435546875
1280x_2025-05-16_00-59-00_002,1280,clahe_otsu,2.5390625
1280x_2025-05-16_00-59-00_002,1280,clahe_otsu,3.70941162109375
1280x_2025-05-16_00-59-00_002,1280,clahe_otsu,3.13262939453125
1280x_2025-05-16_00-59-00_002,1280,clahe_otsu,3.9093017578125
1280x_2025-05-16_00-59-00_002,1280,clahe_otsu,5.4779052734375
1280x_2025-05-16_00-59-00_002,1280,clahe_otsu,17.34161376953125
1280x_2025-05-16_00-59-00_002,1280,clahe_otsu,29.84466552734375
1280x_2025-05-16_00-59-00_002,1280,clahe_otsu,4.58984375
1280x_2025-05-16_00-59-00_002,1280,clahe_otsu,3.7017822265625
1280x_2025-05-16_00-59-00_002,1280,clahe_otsu,3.94439697265625
1280x_2025-05-16_00-59-00_002,1280,clahe_otsu,3.47137451171875
1280x_2025-05-16_00-59-00_002,1280,clahe_otsu,3.2440185546875
1280x_2025-05-16_00-59-00_002,1280,clahe_otsu,2.74505615234375
1280x_2025-05-16_00-59-00_002,1280,clahe_otsu,3.5736083984375
1280x_2025-05-16_00-59-00_002,1280,clahe_otsu,3.08685302734375
1280x_2025-05-16_00-59-00_002,1280,clahe_otsu,2.3590087890625
1280x_2025-05-16_00-59-00_002,1280,clahe_otsu,6.14166259765625
1280x_2025-05-16_00-59-00_002,1280,clahe_otsu,2.53143310546875
1280x_2025-05-16_00-59-00_002,1280,clahe_otsu,3.7994384765625
1280x_2025-05-16_00-59-00_002,1280,clahe_otsu,5.73883056640625
1280x_2025-05-16_00-59-00_002,1280,clahe_otsu,5.059814453125
1280x_2025-05-16_00-59-00_002,1280,clahe_otsu,34.48333740234375
1280x_2025-05-16_00-59-00_002,1280,clahe_otsu,4.449462890625
1280x_2025-05-16_00-59-00_002,1280,clahe_otsu,3.77349853515625
1280x_2025-05-16_00-59-00_002,1280,clahe_otsu,4.25262451171875
1280x_2025-05-16_00-59-00_002,1280,clahe_otsu,4.0130615234375
1280x_2025-05-16_00-59-00_002,1280,clahe_otsu,2.67333984375
1280x_2025-05-16_00-59-00_002,1280,clahe_otsu,2.96783447265625
1280x_2025-05-16_00-59-00_002,1280,clahe_otsu,3.29132080078125
1280x_2025-05-16_00-59-00_002,1280,clahe_otsu,2.3468017578125
1280x_2025-05-16_00-59-00_002,1280,clahe_otsu,2.252197265625
1280x_2025-05-16_00-59-00_002,1280,clahe_otsu,2.4383544921875
1280x_2025-05-16_00-59-00_002,1280,clahe_otsu,3.4423828125
1280x_2025-05-16_00-59-00_002,1280,clahe_otsu,4.1259765625
1280x_2025-05-16_00-59-00_002,1280,clahe_otsu,4.17938232421875
1280x_2025-05-16_00-59-00_002,1280,clahe_otsu,6.0821533203125
1280x_2025-05-16_00-59-00_002,1280,clahe_otsu,31.207275390625
1280x_2025-05-16_00-59-00_002,1280,clahe_otsu,5.69915771484375
1280x_2025-05-16_00-59-00_002,1280,clahe_otsu,4.33502197265625
1280x_2025-05-16_00-59-00_002,1280,clahe_otsu,3.1982421875
1280x_2025-05-16_00-59-00_002,1280,clahe_otsu,4.39910888671875
1280x_2025-05-16_00-59-00_002,1280,clahe_otsu,2.6397705078125
1280x_2025-05-16_00-59-00_002,1280,clahe_otsu,3.51104736328125
1280x_2025-05-16_00-59-00_002,1280,clahe_otsu,3.4149169921875
1280x_2025-05-16_00-59-00_002,1280,clahe_otsu,2.6031494140625
1280x_2025-05-16_00-59-00_002,1280,clahe_otsu,3.08074951171875
1280x_2025-05-16_00-59-00_002,1280,clahe_otsu,3.25469970703125
1280x_2025-05-16_00-59-00_002,1280,clahe_otsu,4.81109619140625
1280x_2025-05-16_00-59-00_002,1280,clahe_otsu,3.369140625
1280x_2025-05-16_00-59-00_002,1280,clahe_otsu,5.1025390625
1280x_2025-05-16_00-59-00_002,1280,clahe_otsu,6.072998046875
1280x_2025-05-16_00-59-00_002,1280,clahe_otsu,35.4217529296875
160x_2025-05-15_02-05-00,160,unet,0.2758670598268509
160x_2025-05-15_02-05-00,160,unet,0.3081378759816289
160x_2025-05-15_02-05-00,160,unet,0.2632014453411102
160x_2025-05-15_02-05-00,160,unet,0.2572735073044896
160x_2025-05-15_02-05-00,160,unet,0.27945835608989
160x_2025-05-15_02-05-00,160,unet,0.2553839236497879
160x_2025-05-15_02-05-00,160,unet,0.2823136979714036
160x_2025-05-15_02-05-00,160,unet,0.4161078948527574
160x_2025-05-15_02-05-00,160,unet,0.2918137703090906
160x_2025-05-15_02-05-00,160,unet,1.8789459019899368
160x_2025-05-15_02-05-00,160,unet,10.364113748073578
160x_2025-05-15_02-05-00,160,unet,10.11154130101204
160x_2025-05-15_02-05-00,160,unet,12.848716974258425
160x_2025-05-15_02-05-00,160,unet,1.549933385103941
160x_2025-05-15_02-05-00,160,unet,0.2501987386494875
160x_2025-05-15_02-05-00,160,unet,0.2721154130995273
160x_2025-05-15_02-05-00,160,unet,0.2703688805922866
160x_2025-05-15_02-05-00,160,unet,0.2730415668338537
160x_2025-05-15_02-05-00,160,unet,0.2691335044801235
160x_2025-05-15_02-05-00,160,unet,0.2646471373736858
160x_2025-05-15_02-05-00,160,unet,0.2745334757491946
160x_2025-05-15_02-05-00,160,unet,0.286989496089518
160x_2025-05-15_02-05-00,160,unet,0.2577561885118484
160x_2025-05-15_02-05-00,160,unet,0.4554783925414085
160x_2025-05-15_02-05-00,160,unet,0.668021384626627
160x_2025-05-15_02-05-00,160,unet,2.1886656060814857
160x_2025-05-15_02-05-00,160,unet,9.370283782482147
160x_2025-05-15_02-05-00,160,unet,10.292424261569977
160x_2025-05-15_02-05-00,160,unet,12.05114722251892
160x_2025-05-15_02-05-00,160,unet,0.2515977248549461
160x_2025-05-15_02-05-00,160,unet,0.2715790644288063
160x_2025-05-15_02-05-00,160,unet,0.2703831531107425
160x_2025-05-15_02-05-00,160,unet,0.2688328735530376
160x_2025-05-15_02-05-00,160,unet,0.275047542527318
160x_2025-05-15_02-05-00,160,unet,0.2706432249397039
160x_2025-05-15_02-05-00,160,unet,0.268368050456047
160x_2025-05-15_02-05-00,160,unet,0.2672207774594426
160x_2025-05-15_02-05-00,160,unet,0.3042912576347589
160x_2025-05-15_02-05-00,160,unet,0.259429682046175
160x_2025-05-15_02-05-00,160,unet,0.2518406370654702
160x_2025-05-15_02-05-00,160,unet,0.259580765850842
160x_2025-05-15_02-05-00,160,unet,0.3888209816068411
160x_2025-05-15_02-05-00,160,unet,0.4272605292499065
160x_2025-05-15_02-05-00,160,unet,3.826731815934181
160x_2025-05-15_02-05-00,160,unet,8.904168754816055
160x_2025-05-15_02-05-00,160,unet,0.2704709535464644
160x_2025-05-15_02-05-00,160,unet,0.2722108503803611
160x_2025-05-15_02-05-00,160,unet,0.2719026058912277
160x_2025-05-15_02-05-00,160,unet,0.2710854634642601
160x_2025-05-15_02-05-00,160,unet,0.2713155001401901
160x_2025-05-15_02-05-00,160,unet,0.2888947026804089
160x_2025-05-15_02-05-00,160,unet,0.2679175231605768
160x_2025-05-15_02-05-00,160,unet,0.2811478450894356
160x_2025-05-15_02-05-00,160,unet,0.2647333778440952
160x_2025-05-15_02-05-00,160,unet,0.2623486099764704
160x_2025-05-15_02-05-00,160,unet,0.2610819181427359
160x_2025-05-15_02-05-00,160,unet,0.252477778121829
160x_2025-05-15_02-05-00,160,unet,0.3107118885964155
160x_2025-05-15_02-05-00,160,unet,0.4419873002916574
160x_2025-05-15_02-05-00,160,unet,2.9514987021684647
160x_2025-05-15_02-05-00,160,unet,0.2718244679272175
160x_2025-05-15_02-05-00,160,unet,0.2721530385315418
160x_2025-05-15_02-05-00,160,unet,0.2722203033044934
160x_2025-05-15_02-05-00,160,unet,0.2712662098929286
160x_2025-05-15_02-05-00,160,unet,0.2695552073419094
160x_2025-05-15_02-05-00,160,unet,0.2706901635974645
160x_2025-05-15_02-05-00,160,unet,0.2686481922864914
160x_2025-05-15_02-05-00,160,unet,0.2684870967641473
160x_2025-05-15_02-05-00,160,unet,0.268577435053885
160x_2025-05-15_02-05-00,160,unet,0.2925535896793008
160x_2025-05-15_02-05-00,160,unet,0.2658808371052146
160x_2025-05-15_02-05-00,160,unet,0.9700777009129524
160x_2025-05-15_02-05-00,160,unet,0.2543807961046695
160x_2025-05-15_02-05-00,160,unet,0.255343597382307
160x_2025-05-15_02-05-00,160,unet,4.267249628901482
160x_2025-05-15_02-05-00,160,unet,0.2736190799623728
160x_2025-05-15_02-05-00,160,unet,0.2737235743552446
160x_2025-05-15_02-05-00,160,unet,0.2733766799792647
160x_2025-05-15_02-05-00,160,unet,0.2717079129070043
160x_2025-05-15_02-05-00,160,unet,0.2705102087929845
160x_2025-05-15_02-05-00,160,unet,0.273522874340415
160x_2025-05-15_02-05-00,160,unet,0.2702909987419843
160x_2025-05-15_02-05-00,160,unet,0.2689005341380834
160x_2025-05-15_02-05-00,160,unet,0.2716134069487452
160x_2025-05-15_02-05-00,160,unet,0.2659942721948027
160x_2025-05-15_02-05-00,160,unet,0.2834870480000973
160x_2025-05-15_02-05-00,160,unet,0.2713544061407447
160x_2025-05-15_02-05-00,160,unet,0.466634938493371
160x_2025-05-15_02-05-00,160,unet,0.3165523055940866
160x_2025-05-15_02-05-00,160,unet,4.481373727321625
160x_2025-05-15_02-05-00,160,unet,0.2752225380390882
160x_2025-05-15_02-05-00,160,unet,0.2752292668446898
160x_2025-05-15_02-05-00,160,unet,0.2740275580435991
160x_2025-05-15_02-05-00,160,unet,0.2728940453380346
160x_2025-05-15_02-05-00,160,unet,0.2718987874686718
160x_2025-05-15_02-05-00,160,unet,0.2705044811591506
160x_2025-05-15_02-05-00,160,unet,0.2697330433875322
160x_2025-05-15_02-05-00,160,unet,0.2702772384509444
160x_2025-05-15_02-05-00,160,unet,0.269680842757225
160x_2025-05-15_02-05-00,160,unet,0.2681565005332231
160x_2025-05-15_02-05-00,160,unet,0.270594866015017
160x_2025-05-15_02-05-00,160,unet,0.2724172081798315
160x_2025-05-15_02-05-00,160,unet,0.2852769335731864
160x_2025-05-15_02-05-00,160,unet,0.252987677231431
160x_2025-05-15_02-05-00,160,unet,6.368451565504074
160x_2025-05-15_02-05-00,160,unet,0.2758254297077656
160x_2025-05-15_02-05-00,160,unet,0.2757379319518804
160x_2025-05-15_02-05-00,160,unet,0.2749143401160836
160x_2025-05-15_02-05-00,160,unet,0.2743627410382032
160x_2025-05-15_02-05-00,160,unet,0.2733980072662234
160x_2025-05-15_02-05-00,160,unet,0.2723065204918384
160x_2025-05-15_02-05-00,160,unet,0.2716301707550883
160x_2025-05-15_02-05-00,160,unet,0.2719937823712826
160x_2025-05-15_02-05-00,160,unet,0.2709182910621166
160x_2025-05-15_02-05-00,160,unet,0.2710285596549511
160x_2025-05-15_02-05-00,160,unet,0.2731556072831154
160x_2025-05-15_02-05-00,160,unet,0.271195825189352
160x_2025-05-15_02-05-00,160,unet,0.3824213054031133
160x_2025-05-15_02-05-00,160,unet,0.2768966602161526
160x_2025-05-15_02-05-00,160,unet,2.621682733297348
160x_2025-05-15_02-05-00,160,resunet,0.0659935234580189
160x_2025-05-15_02-05-00,160,resunet,0.0791492115240544
160x_2025-05-15_02-05-00,160,resunet,0.3051039297133684
160x_2025-05-15_02-05-00,160,resunet,0.0590937852393835
160x_2025-05-15_02-05-00,160,resunet,0.067132560070604
160x_2025-05-15_02-05-00,160,resunet,0.052429869538173
160x_2025-05-15_02-05-00,160,resunet,0.0887756526935845
160x_2025-05-15_02-05-00,160,resunet,0.0665915897116065
160x_2025-05-15_02-05-00,160,resunet,2.8191037476062775
160x_2025-05-15_02-05-00,160,resunet,8.772453665733337
160x_2025-05-15_02-05-00,160,resunet,21.258093416690823
160x_2025-05-15_02-05-00,160,resunet,25.477656722068787
160x_2025-05-15_02-05-00,160,resunet,26.026129722595215
160x_2025-05-15_02-05-00,160,resunet,4.494058340787888
160x_2025-05-15_02-05-00,160,resunet,0.0283451750874519
160x_2025-05-15_02-05-00,160,resunet,0.09295882191509
160x_2025-05-15_02-05-00,160,resunet,0.0750171137042343
160x_2025-05-15_02-05-00,160,resunet,0.4071744158864021
160x_2025-05-15_02-05-00,160,resunet,0.0773067469708621
160x_2025-05-15_02-05-00,160,resunet,0.0616889272350817
160x_2025-05-15_02-05-00,160,resunet,0.0779561814852058
160x_2025-05-15_02-05-00,160,resunet,0.1643502153456211
160x_2025-05-15_02-05-00,160,resunet,0.0510050682350993
160x_2025-05-15_02-05-00,160,resunet,0.3563868580386042
160x_2025-05-15_02-05-00,160,resunet,0.341186486184597
160x_2025-05-15_02-05-00,160,resunet,1.8828339874744415
160x_2025-05-15_02-05-00,160,resunet,9.074360877275469
160x_2025-05-15_02-05-00,160,resunet,23.7101748585701
160x_2025-05-15_02-05-00,160,resunet,19.617271423339844
160x_2025-05-15_02-05-00,160,resunet,0.04009252297692
160x_2025-05-15_02-05-00,160,resunet,0.0723896082490682
160x_2025-05-15_02-05-00,160,resunet,0.0949015258811414
160x_2025-05-15_02-05-00,160,resunet,0.0970602734014391
160x_2025-05-15_02-05-00,160,resunet,0.1783211715519428
160x_2025-05-15_02-05-00,160,resunet,0.1300923759117722
160x_2025-05-15_02-05-00,160,resunet,0.0592101947404444
160x_2025-05-15_02-05-00,160,resunet,0.0610983872320503
160x_2025-05-15_02-05-00,160,resunet,0.1519774319604039
160x_2025-05-15_02-05-00,160,resunet,0.0528510950971394
160x_2025-05-15_02-05-00,160,resunet,0.050406000809744
160x_2025-05-15_02-05-00,160,resunet,0.0659087672829628
160x_2025-05-15_02-05-00,160,resunet,2.6685157790780067
160x_2025-05-15_02-05-00,160,resunet,7.118332386016846
160x_2025-05-15_02-05-00,160,resunet,22.08801805973053
160x_2025-05-15_02-05-00,160,resunet,9.56091657280922
160x_2025-05-15_02-05-00,160,resunet,0.0570526346564292
160x_2025-05-15_02-05-00,160,resunet,0.1025753910653293
160x_2025-05-15_02-05-00,160,resunet,0.0582086271606385
160x_2025-05-15_02-05-00,160,resunet,0.0826304778456687
160x_2025-05-15_02-05-00,160,resunet,0.1077416352927684
160x_2025-05-15_02-05-00,160,resunet,0.0654477044008672
160x_2025-05-15_02-05-00,160,resunet,0.056048872647807
160x_2025-05-15_02-05-00,160,resunet,0.3745434805750847
160x_2025-05-15_02-05-00,160,resunet,0.1863374607637524
160x_2025-05-15_02-05-00,160,resunet,0.0527461641468107
160x_2025-05-15_02-05-00,160,resunet,0.0920630700420588
160x_2025-05-15_02-05-00,160,resunet,0.0628778943791985
160x_2025-05-15_02-05-00,160,resunet,0.3084236988797784
160x_2025-05-15_02-05-00,160,resunet,5.5919356644153595
160x_2025-05-15_02-05-00,160,resunet,18.017305433750153
160x_2025-05-15_02-05-00,160,resunet,0.0511842838022857
160x_2025-05-15_02-05-00,160,resunet,0.0515215739142149
160x_2025-05-15_02-05-00,160,resunet,0.058799423277378
160x_2025-05-15_02-05-00,160,resunet,0.0554356316570192
160x_2025-05-15_02-05-00,160,resunet,0.0586341076996177
160x_2025-05-15_02-05-00,160,resunet,0.1275127753615379
160x_2025-05-15_02-05-00,160,resunet,0.0871752446983009
160x_2025-05-15_02-05-00,160,resunet,0.0597982783801853
160x_2025-05-15_02-05-00,160,resunet,0.0635888893157243
160x_2025-05-15_02-05-00,160,resunet,0.1658041262999177
160x_2025-05-15_02-05-00,160,resunet,0.0683623366057872
160x_2025-05-15_02-05-00,160,resunet,0.2309618052095174
160x_2025-05-15_02-05-00,160,resunet,0.0985781080089509
160x_2025-05-15_02-05-00,160,resunet,0.384399015456438
160x_2025-05-15_02-05-00,160,resunet,11.817216873168944
160x_2025-05-15_02-05-00,160,resunet,0.0473837222671136
160x_2025-05-15_02-05-00,160,resunet,0.0482028524857014
160x_2025-05-15_02-05-00,160,resunet,0.0503138289786875
160x_2025-05-15_02-05-00,160,resunet,0.0529352982994169
160x_2025-05-15_02-05-00,160,resunet,0.0568029237911105
160x_2025-05-15_02-05-00,160,resunet,0.0958761665970087
160x_2025-05-15_02-05-00,160,resunet,0.1723481225781142
160x_2025-05-15_02-05-00,160,resunet,0.0846809823997318
160x_2025-05-15_02-05-00,160,resunet,0.1132696284912526
160x_2025-05-15_02-05-00,160,resunet,0.088475429220125
160x_2025-05-15_02-05-00,160,resunet,0.1292948611080646
160x_2025-05-15_02-05-00,160,resunet,0.0614981399849057
160x_2025-05-15_02-05-00,160,resunet,0.3603110089898109
160x_2025-05-15_02-05-00,160,resunet,0.7712946273386478
160x_2025-05-15_02-05-00,160,resunet,17.853090167045593
160x_2025-05-15_02-05-00,160,resunet,0.0458317168522626
160x_2025-05-15_02-05-00,160,resunet,0.0467105593997985
160x_2025-05-15_02-05-00,160,resunet,0.0484157004393637
160x_2025-05-15_02-05-00,160,resunet,0.0533558661118149
160x_2025-05-15_02-05-00,160,resunet,0.0537521322257816
160x_2025-05-15_02-05-00,160,resunet,0.0570746371522545
160x_2025-05-15_02-05-00,160,resunet,0.0566811359021812
160x_2025-05-15_02-05-00,160,resunet,0.0592064403463155
160x_2025-05-15_02-05-00,160,resunet,0.0602687185164541
160x_2025-05-15_02-05-00,160,resunet,0.0619850703515112
160x_2025-05-15_02-05-00,160,resunet,0.0648828106932342
160x_2025-05-15_02-05-00,160,resunet,0.635764840990305
160x_2025-05-15_02-05-00,160,resunet,0.0974699389189481
160x_2025-05-15_02-05-00,160,resunet,0.2021907828748226
160x_2025-05-15_02-05-00,160,resunet,19.62594836950302
160x_2025-05-15_02-05-00,160,resunet,0.0445404817583039
160x_2025-05-15_02-05-00,160,resunet,0.0451282947324216
160x_2025-05-15_02-05-00,160,resunet,0.0461680581793189
160x_2025-05-15_02-05-00,160,resunet,0.0475083943456411
160x_2025-05-15_02-05-00,160,resunet,0.0492398394271731
160x_2025-05-15_02-05-00,160,resunet,0.0514846935402601
160x_2025-05-15_02-05-00,160,resunet,0.0553237157873809
160x_2025-05-15_02-05-00,160,resunet,0.073595461435616
160x_2025-05-15_02-05-00,160,resunet,0.0547147472389042
160x_2025-05-15_02-05-00,160,resunet,0.0580742373131215
160x_2025-05-15_02-05-00,160,resunet,0.1965342322364449
160x_2025-05-15_02-05-00,160,resunet,0.1614287495613098
160x_2025-05-15_02-05-00,160,resunet,0.5242715589702129
160x_2025-05-15_02-05-00,160,resunet,0.4044742323458195
160x_2025-05-15_02-05-00,160,resunet,13.270038366317747
160x_2025-05-15_02-05-00,160,attention_resunet,0.2036671852692961
160x_2025-05-15_02-05-00,160,attention_resunet,0.0953624607063829
160x_2025-05-15_02-05-00,160,attention_resunet,0.2905583474785089
160x_2025-05-15_02-05-00,160,attention_resunet,0.0491821207106113
160x_2025-05-15_02-05-00,160,attention_resunet,0.1030166866257786
160x_2025-05-15_02-05-00,160,attention_resunet,0.6648123264312744
160x_2025-05-15_02-05-00,160,attention_resunet,0.0518519431352615
160x_2025-05-15_02-05-00,160,attention_resunet,0.2355225849896669
160x_2025-05-15_02-05-00,160,attention_resunet,1.4371180906891825
160x_2025-05-15_02-05-00,160,attention_resunet,4.189927130937576
160x_2025-05-15_02-05-00,160,attention_resunet,7.778040319681168
160x_2025-05-15_02-05-00,160,attention_resunet,5.814832448959351
160x_2025-05-15_02-05-00,160,attention_resunet,4.399695247411728
160x_2025-05-15_02-05-00,160,attention_resunet,0.0558478699531406
160x_2025-05-15_02-05-00,160,attention_resunet,0.0523018301464617
160x_2025-05-15_02-05-00,160,attention_resunet,0.5109605379402637
160x_2025-05-15_02-05-00,160,attention_resunet,0.1180917490273714
160x_2025-05-15_02-05-00,160,attention_resunet,0.3302216529846191
160x_2025-05-15_02-05-00,160,attention_resunet,0.0676452764309942
160x_2025-05-15_02-05-00,160,attention_resunet,0.7219747640192509
160x_2025-05-15_02-05-00,160,attention_resunet,0.1817110925912857
160x_2025-05-15_02-05-00,160,attention_resunet,0.2596813254058361
160x_2025-05-15_02-05-00,160,attention_resunet,0.0719721196219325
160x_2025-05-15_02-05-00,160,attention_resunet,0.0490184931550174
160x_2025-05-15_02-05-00,160,attention_resunet,1.8876297399401665
160x_2025-05-15_02-05-00,160,attention_resunet,0.5799210164695978
160x_2025-05-15_02-05-00,160,attention_resunet,5.674123018980026
160x_2025-05-15_02-05-00,160,attention_resunet,7.645554840564728
160x_2025-05-15_02-05-00,160,attention_resunet,3.757810592651367
160x_2025-05-15_02-05-00,160,attention_resunet,0.0546046299859881
160x_2025-05-15_02-05-00,160,attention_resunet,0.0815120874904096
160x_2025-05-15_02-05-00,160,attention_resunet,0.0640239741187542
160x_2025-05-15_02-05-00,160,attention_resunet,0.0588602793868631
160x_2025-05-15_02-05-00,160,attention_resunet,0.2498757559806108
160x_2025-05-15_02-05-00,160,attention_resunet,0.1742379041388631
160x_2025-05-15_02-05-00,160,attention_resunet,0.2052111318334937
160x_2025-05-15_02-05-00,160,attention_resunet,0.0528607110027223
160x_2025-05-15_02-05-00,160,attention_resunet,0.3257707227021456
160x_2025-05-15_02-05-00,160,attention_resunet,0.0723813485819846
160x_2025-05-15_02-05-00,160,attention_resunet,0.0472840096335858
160x_2025-05-15_02-05-00,160,attention_resunet,0.0503374554682523
160x_2025-05-15_02-05-00,160,attention_resunet,2.337447740137577
160x_2025-05-15_02-05-00,160,attention_resunet,3.0475424602627754
160x_2025-05-15_02-05-00,160,attention_resunet,3.028333000838757
160x_2025-05-15_02-05-00,160,attention_resunet,0.4301783163100481
160x_2025-05-15_02-05-00,160,attention_resunet,0.100679462775588
160x_2025-05-15_02-05-00,160,attention_resunet,0.0570299744140356
160x_2025-05-15_02-05-00,160,attention_resunet,0.0683769350871443
160x_2025-05-15_02-05-00,160,attention_resunet,0.0608499394729733
160x_2025-05-15_02-05-00,160,attention_resunet,0.0606311310548335
160x_2025-05-15_02-05-00,160,attention_resunet,0.064795755315572
160x_2025-05-15_02-05-00,160,attention_resunet,0.2454786794260144
160x_2025-05-15_02-05-00,160,attention_resunet,0.2864798065274954
160x_2025-05-15_02-05-00,160,attention_resunet,0.1492758630774915
160x_2025-05-15_02-05-00,160,attention_resunet,0.1784481690265238
160x_2025-05-15_02-05-00,160,attention_resunet,0.1757845748215913
160x_2025-05-15_02-05-00,160,attention_resunet,0.0817775027826428
160x_2025-05-15_02-05-00,160,attention_resunet,0.0514882267452776
160x_2025-05-15_02-05-00,160,attention_resunet,0.7782955653965473
160x_2025-05-15_02-05-00,160,attention_resunet,0.6170343607664108
160x_2025-05-15_02-05-00,160,attention_resunet,0.0562031927984207
160x_2025-05-15_02-05-00,160,attention_resunet,0.0567498966120183
160x_2025-05-15_02-05-00,160,attention_resunet,0.0563631125260144
160x_2025-05-15_02-05-00,160,attention_resunet,0.057288515381515
160x_2025-05-15_02-05-00,160,attention_resunet,0.0881524523720145
160x_2025-05-15_02-05-00,160,attention_resunet,0.0701940967701375
160x_2025-05-15_02-05-00,160,attention_resunet,0.0755408604163676
160x_2025-05-15_02-05-00,160,attention_resunet,0.0959701952524483
160x_2025-05-15_02-05-00,160,attention_resunet,0.1221519778482616
160x_2025-05-15_02-05-00,160,attention_resunet,0.1551524270325899
160x_2025-05-15_02-05-00,160,attention_resunet,0.0836326624266803
160x_2025-05-15_02-05-00,160,attention_resunet,0.5144101101905107
160x_2025-05-15_02-05-00,160,attention_resunet,0.2686420688405633
160x_2025-05-15_02-05-00,160,attention_resunet,0.0527050986420363
160x_2025-05-15_02-05-00,160,attention_resunet,2.881142497062683
160x_2025-05-15_02-05-00,160,attention_resunet,0.0562477100174874
160x_2025-05-15_02-05-00,160,attention_resunet,0.0560663815122097
160x_2025-05-15_02-05-00,160,attention_resunet,0.0566741568036377
160x_2025-05-15_02-05-00,160,attention_resunet,0.0571601965930312
160x_2025-05-15_02-05-00,160,attention_resunet,0.0595884397625923
160x_2025-05-15_02-05-00,160,attention_resunet,0.0603726191911846
160x_2025-05-15_02-05-00,160,attention_resunet,0.0920164340641349
160x_2025-05-15_02-05-00,160,attention_resunet,0.0746815290767699
160x_2025-05-15_02-05-00,160,attention_resunet,0.061243784148246
160x_2025-05-15_02-05-00,160,attention_resunet,0.1066685072146356
160x_2025-05-15_02-05-00,160,attention_resunet,0.1873177476227283
160x_2025-05-15_02-05-00,160,attention_resunet,0.0924531428609043
160x_2025-05-15_02-05-00,160,attention_resunet,0.8384136483073235
160x_2025-05-15_02-05-00,160,attention_resunet,2.3757122457027435
160x_2025-05-15_02-05-00,160,attention_resunet,2.8752781450748444
160x_2025-05-15_02-05-00,160,attention_resunet,0.0562486238777637
160x_2025-05-15_02-05-00,160,attention_resunet,0.0559355481527745
160x_2025-05-15_02-05-00,160,attention_resunet,0.056389020755887
160x_2025-05-15_02-05-00,160,attention_resunet,0.0565552967600524
160x_2025-05-15_02-05-00,160,attention_resunet,0.057094742078334
160x_2025-05-15_02-05-00,160,attention_resunet,0.0584510737098753
160x_2025-05-15_02-05-00,160,attention_resunet,0.0591538904700428
160x_2025-05-15_02-05-00,160,attention_resunet,0.0593107426539063
160x_2025-05-15_02-05-00,160,attention_resunet,0.0598904909566044
160x_2025-05-15_02-05-00,160,attention_resunet,0.0710068154148757
160x_2025-05-15_02-05-00,160,attention_resunet,0.0937033619266003
160x_2025-05-15_02-05-00,160,attention_resunet,0.2309737261384725
160x_2025-05-15_02-05-00,160,attention_resunet,0.0918941746931523
160x_2025-05-15_02-05-00,160,attention_resunet,0.2884835470467806
160x_2025-05-15_02-05-00,160,attention_resunet,6.214088574051857
160x_2025-05-15_02-05-00,160,attention_resunet,0.0559851643629372
160x_2025-05-15_02-05-00,160,attention_resunet,0.0560126267373561
160x_2025-05-15_02-05-00,160,attention_resunet,0.0561226450372487
160x_2025-05-15_02-05-00,160,attention_resunet,0.0563140434678643
160x_2025-05-15_02-05-00,160,attention_resunet,0.0564488756936043
160x_2025-05-15_02-05-00,160,attention_resunet,0.0563600042369216
160x_2025-05-15_02-05-00,160,attention_resunet,0.0580907682888209
160x_2025-05-15_02-05-00,160,attention_resunet,0.0579028914216905
160x_2025-05-15_02-05-00,160,attention_resunet,0.0581874861381948
160x_2025-05-15_02-05-00,160,attention_resunet,0.0569509575143456
160x_2025-05-15_02-05-00,160,attention_resunet,0.164176826365292
160x_2025-05-15_02-05-00,160,attention_resunet,0.2469590399414301
160x_2025-05-15_02-05-00,160,attention_resunet,1.2350795790553093
160x_2025-05-15_02-05-00,160,attention_resunet,0.3507857210934162
160x_2025-05-15_02-05-00,160,attention_resunet,0.629467936232686
160x_2025-05-15_02-05-00,160,clahe_otsu,35.27984619140625
160x_2025-05-15_02-05-00,160,clahe_otsu,33.111572265625
160x_2025-05-15_02-05-00,160,clahe_otsu,30.98297119140625
160x_2025-05-15_02-05-00,160,clahe_otsu,29.0924072265625
160x_2025-05-15_02-05-00,160,clahe_otsu,29.742431640625
160x_2025-05-15_02-05-00,160,clahe_otsu,29.96673583984375
160x_2025-05-15_02-05-00,160,clahe_otsu,30.54962158203125
160x_2025-05-15_02-05-00,160,clahe_otsu,30.38787841796875
160x_2025-05-15_02-05-00,160,clahe_otsu,30.81207275390625
160x_2025-05-15_02-05-00,160,clahe_otsu,33.2427978515625
160x_2025-05-15_02-05-00,160,clahe_otsu,31.8634033203125
160x_2025-05-15_02-05-00,160,clahe_otsu,35.48736572265625
160x_2025-05-15_02-05-00,160,clahe_otsu,36.69891357421875
160x_2025-05-15_02-05-00,160,clahe_otsu,41.3330078125
160x_2025-05-15_02-05-00,160,clahe_otsu,58.72344970703125
160x_2025-05-15_02-05-00,160,clahe_otsu,32.25860595703125
160x_2025-05-15_02-05-00,160,clahe_otsu,31.6497802734375
160x_2025-05-15_02-05-00,160,clahe_otsu,29.71649169921875
160x_2025-05-15_02-05-00,160,clahe_otsu,28.387451171875
160x_2025-05-15_02-05-00,160,clahe_otsu,26.91650390625
160x_2025-05-15_02-05-00,160,clahe_otsu,28.17840576171875
160x_2025-05-15_02-05-00,160,clahe_otsu,28.71856689453125
160x_2025-05-15_02-05-00,160,clahe_otsu,30.17578125
160x_2025-05-15_02-05-00,160,clahe_otsu,31.72760009765625
160x_2025-05-15_02-05-00,160,clahe_otsu,31.35528564453125
160x_2025-05-15_02-05-00,160,clahe_otsu,34.68017578125
160x_2025-05-15_02-05-00,160,clahe_otsu,32.93304443359375
160x_2025-05-15_02-05-00,160,clahe_otsu,38.58489990234375
160x_2025-05-15_02-05-00,160,clahe_otsu,38.7359619140625
160x_2025-05-15_02-05-00,160,clahe_otsu,49.6612548828125
160x_2025-05-15_02-05-00,160,clahe_otsu,32.22808837890625
160x_2025-05-15_02-05-00,160,clahe_otsu,30.816650390625
160x_2025-05-15_02-05-00,160,clahe_otsu,28.8665771484375
160x_2025-05-15_02-05-00,160,clahe_otsu,28.78265380859375
160x_2025-05-15_02-05-00,160,clahe_otsu,27.97393798828125
160x_2025-05-15_02-05-00,160,clahe_otsu,28.11431884765625
160x_2025-05-15_02-05-00,160,clahe_otsu,28.08685302734375
160x_2025-05-15_02-05-00,160,clahe_otsu,30.8868408203125
160x_2025-05-15_02-05-00,160,clahe_otsu,29.22515869140625
160x_2025-05-15_02-05-00,160,clahe_otsu,32.208251953125
160x_2025-05-15_02-05-00,160,clahe_otsu,32.79266357421875
160x_2025-05-15_02-05-00,160,clahe_otsu,33.50372314453125
160x_2025-05-15_02-05-00,160,clahe_otsu,38.446044921875
160x_2025-05-15_02-05-00,160,clahe_otsu,41.30096435546875
160x_2025-05-15_02-05-00,160,clahe_otsu,42.1112060546875
160x_2025-05-15_02-05-00,160,clahe_otsu,31.97479248046875
160x_2025-05-15_02-05-00,160,clahe_otsu,30.7342529296875
160x_2025-05-15_02-05-00,160,clahe_otsu,29.42047119140625
160x_2025-05-15_02-05-00,160,clahe_otsu,28.5400390625
160x_2025-05-15_02-05-00,160,clahe_otsu,27.72216796875
160x_2025-05-15_02-05-00,160,clahe_otsu,25.73089599609375
160x_2025-05-15_02-05-00,160,clahe_otsu,28.84063720703125
160x_2025-05-15_02-05-00,160,clahe_otsu,29.64630126953125
160x_2025-05-15_02-05-00,160,clahe_otsu,31.63299560546875
160x_2025-05-15_02-05-00,160,clahe_otsu,31.1370849609375
160x_2025-05-15_02-05-00,160,clahe_otsu,33.6639404296875
160x_2025-05-15_02-05-00,160,clahe_otsu,35.20660400390625
160x_2025-05-15_02-05-00,160,clahe_otsu,36.79656982421875
160x_2025-05-15_02-05-00,160,clahe_otsu,43.1549072265625
160x_2025-05-15_02-05-00,160,clahe_otsu,39.813232421875
160x_2025-05-15_02-05-00,160,clahe_otsu,30.94024658203125
160x_2025-05-15_02-05-00,160,clahe_otsu,29.21295166015625
160x_2025-05-15_02-05-00,160,clahe_otsu,31.591796875
160x_2025-05-15_02-05-00,160,clahe_otsu,27.55279541015625
160x_2025-05-15_02-05-00,160,clahe_otsu,27.90374755859375
160x_2025-05-15_02-05-00,160,clahe_otsu,28.41644287109375
160x_2025-05-15_02-05-00,160,clahe_otsu,27.9022216796875
160x_2025-05-15_02-05-00,160,clahe_otsu,28.6224365234375
160x_2025-05-15_02-05-00,160,clahe_otsu,31.072998046875
160x_2025-05-15_02-05-00,160,clahe_otsu,30.9478759765625
160x_2025-05-15_02-05-00,160,clahe_otsu,33.09173583984375
160x_2025-05-15_02-05-00,160,clahe_otsu,31.66351318359375
160x_2025-05-15_02-05-00,160,clahe_otsu,36.639404296875
160x_2025-05-15_02-05-00,160,clahe_otsu,41.71600341796875
160x_2025-05-15_02-05-00,160,clahe_otsu,39.2364501953125
160x_2025-05-15_02-05-00,160,clahe_otsu,31.50177001953125
160x_2025-05-15_02-05-00,160,clahe_otsu,30.8502197265625
160x_2025-05-15_02-05-00,160,clahe_otsu,28.778076171875
160x_2025-05-15_02-05-00,160,clahe_otsu,28.1585693359375
160x_2025-05-15_02-05-00,160,clahe_otsu,29.205322265625
160x_2025-05-15_02-05-00,160,clahe_otsu,29.46929931640625
160x_2025-05-15_02-05-00,160,clahe_otsu,28.52630615234375
160x_2025-05-15_02-05-00,160,clahe_otsu,30.24139404296875
160x_2025-05-15_02-05-00,160,clahe_otsu,31.298828125
160x_2025-05-15_02-05-00,160,clahe_otsu,30.633544921875
160x_2025-05-15_02-05-00,160,clahe_otsu,31.68487548828125
160x_2025-05-15_02-05-00,160,clahe_otsu,32.74078369140625
160x_2025-05-15_02-05-00,160,clahe_otsu,38.09051513671875
160x_2025-05-15_02-05-00,160,clahe_otsu,41.20941162109375
160x_2025-05-15_02-05-00,160,clahe_otsu,38.5467529296875
160x_2025-05-15_02-05-00,160,clahe_otsu,32.8338623046875
160x_2025-05-15_02-05-00,160,clahe_otsu,30.5206298828125
160x_2025-05-15_02-05-00,160,clahe_otsu,29.0924072265625
160x_2025-05-15_02-05-00,160,clahe_otsu,29.669189453125
160x_2025-05-15_02-05-00,160,clahe_otsu,28.38897705078125
160x_2025-05-15_02-05-00,160,clahe_otsu,28.69415283203125
160x_2025-05-15_02-05-00,160,clahe_otsu,27.85797119140625
160x_2025-05-15_02-05-00,160,clahe_otsu,29.00238037109375
160x_2025-05-15_02-05-00,160,clahe_otsu,31.57196044921875
160x_2025-05-15_02-05-00,160,clahe_otsu,29.72869873046875
160x_2025-05-15_02-05-00,160,clahe_otsu,30.5633544921875
160x_2025-05-15_02-05-00,160,clahe_otsu,33.89739990234375
160x_2025-05-15_02-05-00,160,clahe_otsu,37.0513916015625
160x_2025-05-15_02-05-00,160,clahe_otsu,41.66717529296875
160x_2025-05-15_02-05-00,160,clahe_otsu,39.7857666015625
160x_2025-05-15_02-05-00,160,clahe_otsu,32.55462646484375
160x_2025-05-15_02-05-00,160,clahe_otsu,31.20574951171875
160x_2025-05-15_02-05-00,160,clahe_otsu,29.89349365234375
160x_2025-05-15_02-05-00,160,clahe_otsu,28.0181884765625
160x_2025-05-15_02-05-00,160,clahe_otsu,27.62603759765625
160x_2025-05-15_02-05-00,160,clahe_otsu,29.9652099609375
160x_2025-05-15_02-05-00,160,clahe_otsu,30.83038330078125
160x_2025-05-15_02-05-00,160,clahe_otsu,29.046630859375
160x_2025-05-15_02-05-00,160,clahe_otsu,29.03289794921875
160x_2025-05-15_02-05-00,160,clahe_otsu,30.6488037109375
160x_2025-05-15_02-05-00,160,clahe_otsu,32.27691650390625
160x_2025-05-15_02-05-00,160,clahe_otsu,33.26568603515625
160x_2025-05-15_02-05-00,160,clahe_otsu,39.18304443359375
160x_2025-05-15_02-05-00,160,clahe_otsu,38.76190185546875
160x_2025-05-15_02-05-00,160,clahe_otsu,43.310546875
20x_2025-05-15_02-05-00,20,unet,0.2538404427468776
20x_2025-05-15_02-05-00,20,unet,0.2545353258028626
20x_2025-05-15_02-05-00,20,unet,0.2541076391935348
20x_2025-05-15_02-05-00,20,unet,0.253251614049077
20x_2025-05-15_02-05-00,20,unet,0.2531105885282159
20x_2025-05-15_02-05-00,20,unet,0.2523673698306083
20x_2025-05-15_02-05-00,20,unet,0.2525832736864686
20x_2025-05-15_02-05-00,20,unet,0.2526362892240286
20x_2025-05-15_02-05-00,20,unet,0.2527620643377304
20x_2025-05-15_02-05-00,20,unet,0.2566781593486666
20x_2025-05-15_02-05-00,20,unet,0.2529286313802004
20x_2025-05-15_02-05-00,20,unet,0.2533129183575511
20x_2025-05-15_02-05-00,20,unet,0.2535582287237048
20x_2025-05-15_02-05-00,20,unet,0.252640713006258
20x_2025-05-15_02-05-00,20,unet,0.2505098702386021
20x_2025-05-15_02-05-00,20,unet,0.2834274433553219
20x_2025-05-15_02-05-00,20,unet,0.299256551079452
20x_2025-05-15_02-05-00,20,unet,0.2534654457122087
20x_2025-05-15_02-05-00,20,unet,0.2748917555436492
20x_2025-05-15_02-05-00,20,unet,0.2532019279897213
20x_2025-05-15_02-05-00,20,unet,0.2535840263590216
20x_2025-05-15_02-05-00,20,unet,0.2564146881923079
20x_2025-05-15_02-05-00,20,unet,0.2759330905973911
20x_2025-05-15_02-05-00,20,unet,0.2534734085202217
20x_2025-05-15_02-05-00,20,unet,0.2539873123168945
20x_2025-05-15_02-05-00,20,unet,0.2532184589654207
20x_2025-05-15_02-05-00,20,unet,0.2996054943650961
20x_2025-05-15_02-05-00,20,unet,0.2541281748563051
20x_2025-05-15_02-05-00,20,unet,0.2539595123380422
20x_2025-05-15_02-05-00,20,unet,0.2513286890462041
20x_2025-05-15_02-05-00,20,unet,0.2592914970591664
20x_2025-05-15_02-05-00,20,unet,0.2995637711137533
20x_2025-05-15_02-05-00,20,unet,0.25406947825104
20x_2025-05-15_02-05-00,20,unet,0.2541186287999153
20x_2025-05-15_02-05-00,20,unet,0.2538937842473387
20x_2025-05-15_02-05-00,20,unet,0.2531682141125202
20x_2025-05-15_02-05-00,20,unet,0.2812785794958472
20x_2025-05-15_02-05-00,20,unet,0.2533070743083954
20x_2025-05-15_02-05-00,20,unet,0.256684934720397
20x_2025-05-15_02-05-00,20,unet,0.2530659781768918
20x_2025-05-15_02-05-00,20,unet,0.2528054872527718
20x_2025-05-15_02-05-00,20,unet,0.2536556916311383
20x_2025-05-15_02-05-00,20,unet,0.2533069346100092
20x_2025-05-15_02-05-00,20,unet,0.2537368796765804
20x_2025-05-15_02-05-00,20,unet,0.2539023291319608
20x_2025-05-15_02-05-00,20,unet,0.265431497246027
20x_2025-05-15_02-05-00,20,unet,0.2598782069981098
20x_2025-05-15_02-05-00,20,unet,0.2535460283979773
20x_2025-05-15_02-05-00,20,unet,0.7239249534904957
20x_2025-05-15_02-05-00,20,unet,0.2546257106587291
20x_2025-05-15_02-05-00,20,unet,0.2546105301007628
20x_2025-05-15_02-05-00,20,unet,0.3656084416434169
20x_2025-05-15_02-05-00,20,unet,0.2533106599003076
20x_2025-05-15_02-05-00,20,unet,0.2537235617637634
20x_2025-05-15_02-05-00,20,unet,0.2531428122892976
20x_2025-05-15_02-05-00,20,unet,0.2523635048419237
20x_2025-05-15_02-05-00,20,unet,0.2535652369260788
20x_2025-05-15_02-05-00,20,unet,0.2539353678002953
20x_2025-05-15_02-05-00,20,unet,0.9654181078076364
20x_2025-05-15_02-05-00,20,unet,0.2535124076530337
20x_2025-05-15_02-05-00,20,unet,0.2552962861955166
20x_2025-05-15_02-05-00,20,unet,0.2543656853958964
20x_2025-05-15_02-05-00,20,unet,0.2528514713048935
20x_2025-05-15_02-05-00,20,unet,0.2556580118834972
20x_2025-05-15_02-05-00,20,unet,0.2539764391258359
20x_2025-05-15_02-05-00,20,unet,0.2538150642067194
20x_2025-05-15_02-05-00,20,unet,0.2627117792144418
20x_2025-05-15_02-05-00,20,unet,0.2534998813644051
20x_2025-05-15_02-05-00,20,unet,0.2561675617471337
20x_2025-05-15_02-05-00,20,unet,0.2538213972002268
20x_2025-05-15_02-05-00,20,unet,0.37905378267169
20x_2025-05-15_02-05-00,20,unet,0.2607368631288409
20x_2025-05-15_02-05-00,20,unet,0.4038445185869932
20x_2025-05-15_02-05-00,20,unet,0.5026030354201794
20x_2025-05-15_02-05-00,20,unet,0.2869933843612671
20x_2025-05-15_02-05-00,20,unet,0.3240545280277729
20x_2025-05-15_02-05-00,20,unet,0.2737550530582666
20x_2025-05-15_02-05-00,20,unet,0.2539075212553143
20x_2025-05-15_02-05-00,20,unet,0.2529274905100465
20x_2025-05-15_02-05-00,20,unet,0.3162198001518845
20x_2025-05-15_02-05-00,20,unet,0.3553798887878656
20x_2025-05-15_02-05-00,20,unet,0.2554150996729731
20x_2025-05-15_02-05-00,20,unet,0.2549363300204277
20x_2025-05-15_02-05-00,20,unet,0.3753422759473324
20x_2025-05-15_02-05-00,20,unet,0.254112109541893
20x_2025-05-15_02-05-00,20,unet,0.3335000714287162
20x_2025-05-15_02-05-00,20,unet,0.8439534343779087
20x_2025-05-15_02-05-00,20,unet,0.343450647778809
20x_2025-05-15_02-05-00,20,unet,0.3996557090431452
20x_2025-05-15_02-05-00,20,unet,2.046968601644039
20x_2025-05-15_02-05-00,20,unet,0.3874845569953322
20x_2025-05-15_02-05-00,20,unet,0.2661783481016755
20x_2025-05-15_02-05-00,20,unet,0.334960944019258
20x_2025-05-15_02-05-00,20,unet,0.6230620667338371
20x_2025-05-15_02-05-00,20,unet,0.2540365327149629
20x_2025-05-15_02-05-00,20,unet,0.4557680338621139
20x_2025-05-15_02-05-00,20,unet,0.2540938090533018
20x_2025-05-15_02-05-00,20,unet,0.2560687717050314
20x_2025-05-15_02-05-00,20,unet,0.2537352265790105
20x_2025-05-15_02-05-00,20,unet,0.2537751803174615
20x_2025-05-15_02-05-00,20,unet,0.895332545042038
20x_2025-05-15_02-05-00,20,unet,0.2630664967000484
20x_2025-05-15_02-05-00,20,unet,1.8733259290456772
20x_2025-05-15_02-05-00,20,unet,0.8506874553859234
20x_2025-05-15_02-05-00,20,unet,2.5337614119052887
20x_2025-05-15_02-05-00,20,unet,0.254037557169795
20x_2025-05-15_02-05-00,20,unet,0.3239222336560488
20x_2025-05-15_02-05-00,20,unet,0.2609335351735353
20x_2025-05-15_02-05-00,20,unet,0.2635413315147161
20x_2025-05-15_02-05-00,20,unet,0.2685359213501215
20x_2025-05-15_02-05-00,20,unet,0.3846973646432161
20x_2025-05-15_02-05-00,20,unet,0.2537262160331011
20x_2025-05-15_02-05-00,20,unet,0.2600189298391342
20x_2025-05-15_02-05-00,20,unet,0.2552709309384227
20x_2025-05-15_02-05-00,20,unet,0.3766331123188138
20x_2025-05-15_02-05-00,20,unet,0.2656496362760663
20x_2025-05-15_02-05-00,20,unet,0.3989588003605604
20x_2025-05-15_02-05-00,20,unet,1.017339527606964
20x_2025-05-15_02-05-00,20,unet,2.215365506708622
20x_2025-05-15_02-05-00,20,unet,0.2537864726036787
20x_2025-05-15_02-05-00,20,resunet,1.419392880052328
20x_2025-05-15_02-05-00,20,resunet,1.3213870115578177
20x_2025-05-15_02-05-00,20,resunet,0.0625977350864559
20x_2025-05-15_02-05-00,20,resunet,0.0465602584881708
20x_2025-05-15_02-05-00,20,resunet,0.0466099387267604
20x_2025-05-15_02-05-00,20,resunet,0.0447570084361359
20x_2025-05-15_02-05-00,20,resunet,0.2503446070477366
20x_2025-05-15_02-05-00,20,resunet,0.2405399922281503
20x_2025-05-15_02-05-00,20,resunet,0.0450765917776152
20x_2025-05-15_02-05-00,20,resunet,0.3369987709447741
20x_2025-05-15_02-05-00,20,resunet,0.155755050946027
20x_2025-05-15_02-05-00,20,resunet,1.41503494232893
20x_2025-05-15_02-05-00,20,resunet,0.0492336868774145
20x_2025-05-15_02-05-00,20,resunet,1.4755367301404476
20x_2025-05-15_02-05-00,20,resunet,0.0328218244249001
20x_2025-05-15_02-05-00,20,resunet,0.331856613047421
20x_2025-05-15_02-05-00,20,resunet,1.38073256239295
20x_2025-05-15_02-05-00,20,resunet,0.0472316227387636
20x_2025-05-15_02-05-00,20,resunet,0.130188837647438
20x_2025-05-15_02-05-00,20,resunet,0.0492947932798415
20x_2025-05-15_02-05-00,20,resunet,0.0513536564540118
20x_2025-05-15_02-05-00,20,resunet,0.6260023452341557
20x_2025-05-15_02-05-00,20,resunet,0.8178745396435261
20x_2025-05-15_02-05-00,20,resunet,1.8541840836405752
20x_2025-05-15_02-05-00,20,resunet,0.5805464927107096
20x_2025-05-15_02-05-00,20,resunet,0.8130586706101894
20x_2025-05-15_02-05-00,20,resunet,1.2711144983768463
20x_2025-05-15_02-05-00,20,resunet,0.1905175507999956
20x_2025-05-15_02-05-00,20,resunet,1.5417576767504215
20x_2025-05-15_02-05-00,20,resunet,0.0390813569538295
20x_2025-05-15_02-05-00,20,resunet,1.216986961662769
20x_2025-05-15_02-05-00,20,resunet,0.1945294672623276
20x_2025-05-15_02-05-00,20,resunet,1.400004606693983
20x_2025-05-15_02-05-00,20,resunet,1.4816286973655224
20x_2025-05-15_02-05-00,20,resunet,0.072461215313524
20x_2025-05-15_02-05-00,20,resunet,0.8771591819822788
20x_2025-05-15_02-05-00,20,resunet,0.1260147080756724
20x_2025-05-15_02-05-00,20,resunet,0.0943456077948212
20x_2025-05-15_02-05-00,20,resunet,0.0504617695696651
20x_2025-05-15_02-05-00,20,resunet,1.641550101339817
20x_2025-05-15_02-05-00,20,resunet,0.1641098875552415
20x_2025-05-15_02-05-00,20,resunet,1.1795914731919763
20x_2025-05-15_02-05-00,20,resunet,2.4021146818995476
20x_2025-05-15_02-05-00,20,resunet,2.2491127252578735
20x_2025-05-15_02-05-00,20,resunet,0.0653987051919102
20x_2025-05-15_02-05-00,20,resunet,0.9400232695043088
20x_2025-05-15_02-05-00,20,resunet,1.3985086232423782
20x_2025-05-15_02-05-00,20,resunet,1.2430807575583458
20x_2025-05-15_02-05-00,20,resunet,0.7517834194004536
20x_2025-05-15_02-05-00,20,resunet,0.2301366766914725
20x_2025-05-15_02-05-00,20,resunet,0.2121927449479699
20x_2025-05-15_02-05-00,20,resunet,0.5816580727696419
20x_2025-05-15_02-05-00,20,resunet,0.9405300952494144
20x_2025-05-15_02-05-00,20,resunet,0.4744790028780699
20x_2025-05-15_02-05-00,20,resunet,0.8546588011085987
20x_2025-05-15_02-05-00,20,resunet,1.0416381061077118
20x_2025-05-15_02-05-00,20,resunet,1.0711533948779106
20x_2025-05-15_02-05-00,20,resunet,0.8302003145217896
20x_2025-05-15_02-05-00,20,resunet,1.294269785284996
20x_2025-05-15_02-05-00,20,resunet,2.2559238597750664
20x_2025-05-15_02-05-00,20,resunet,1.4920827001333237
20x_2025-05-15_02-05-00,20,resunet,0.5248961038887501
20x_2025-05-15_02-05-00,20,resunet,0.3864019643515348
20x_2025-05-15_02-05-00,20,resunet,0.5983070470392704
20x_2025-05-15_02-05-00,20,resunet,0.9440243244171144
20x_2025-05-15_02-05-00,20,resunet,0.3519533202052116
20x_2025-05-15_02-05-00,20,resunet,0.1786464592441916
20x_2025-05-15_02-05-00,20,resunet,0.0487775017973035
20x_2025-05-15_02-05-00,20,resunet,0.7530853152275085
20x_2025-05-15_02-05-00,20,resunet,0.0711975852027535
20x_2025-05-15_02-05-00,20,resunet,3.965524584054947
20x_2025-05-15_02-05-00,20,resunet,1.682841219007969
20x_2025-05-15_02-05-00,20,resunet,3.3904731273651123
20x_2025-05-15_02-05-00,20,resunet,6.327566504478455
20x_2025-05-15_02-05-00,20,resunet,3.3654242753982544
20x_2025-05-15_02-05-00,20,resunet,0.5931326653808355
20x_2025-05-15_02-05-00,20,resunet,1.5435156412422657
20x_2025-05-15_02-05-00,20,resunet,0.9012744762003422
20x_2025-05-15_02-05-00,20,resunet,0.9758079424500464
20x_2025-05-15_02-05-00,20,resunet,2.048509195446968
20x_2025-05-15_02-05-00,20,resunet,0.7170259952545166
20x_2025-05-15_02-05-00,20,resunet,0.965228956192732
20x_2025-05-15_02-05-00,20,resunet,0.369370193220675
20x_2025-05-15_02-05-00,20,resunet,0.4500780254602432
20x_2025-05-15_02-05-00,20,resunet,0.4946463275700807
20x_2025-05-15_02-05-00,20,resunet,0.7835495285689831
20x_2025-05-15_02-05-00,20,resunet,1.4510804787278175
20x_2025-05-15_02-05-00,20,resunet,2.1986540406942368
20x_2025-05-15_02-05-00,20,resunet,4.500802606344223
20x_2025-05-15_02-05-00,20,resunet,8.14056396484375
20x_2025-05-15_02-05-00,20,resunet,2.142711728811264
20x_2025-05-15_02-05-00,20,resunet,1.8940068781375885
20x_2025-05-15_02-05-00,20,resunet,1.2675493955612185
20x_2025-05-15_02-05-00,20,resunet,0.2058915328234434
20x_2025-05-15_02-05-00,20,resunet,1.842932403087616
20x_2025-05-15_02-05-00,20,resunet,4.574311524629593
20x_2025-05-15_02-05-00,20,resunet,2.03819926828146
20x_2025-05-15_02-05-00,20,resunet,0.6928580813109875
20x_2025-05-15_02-05-00,20,resunet,1.921256259083748
20x_2025-05-15_02-05-00,20,resunet,1.9996464252471924
20x_2025-05-15_02-05-00,20,resunet,1.9839495420455933
20x_2025-05-15_02-05-00,20,resunet,1.757066696882248
20x_2025-05-15_02-05-00,20,resunet,5.771619826555252
20x_2025-05-15_02-05-00,20,resunet,8.149410784244537
20x_2025-05-15_02-05-00,20,resunet,9.322060644626616
20x_2025-05-15_02-05-00,20,resunet,1.6970081254839895
20x_2025-05-15_02-05-00,20,resunet,1.119882334023714
20x_2025-05-15_02-05-00,20,resunet,1.07163330540061
20x_2025-05-15_02-05-00,20,resunet,0.2696034731343388
20x_2025-05-15_02-05-00,20,resunet,0.2965648658573627
20x_2025-05-15_02-05-00,20,resunet,0.7537829224020243
20x_2025-05-15_02-05-00,20,resunet,0.2477115020155906
20x_2025-05-15_02-05-00,20,resunet,0.7056127768009901
20x_2025-05-15_02-05-00,20,resunet,0.5837231874465942
20x_2025-05-15_02-05-00,20,resunet,1.6338739544153214
20x_2025-05-15_02-05-00,20,resunet,0.7782273460179567
20x_2025-05-15_02-05-00,20,resunet,1.075934898108244
20x_2025-05-15_02-05-00,20,resunet,3.0218182131648064
20x_2025-05-15_02-05-00,20,resunet,13.539862632751465
20x_2025-05-15_02-05-00,20,resunet,6.3666462898254395
20x_2025-05-15_02-05-00,20,attention_resunet,0.0547354866284877
20x_2025-05-15_02-05-00,20,attention_resunet,0.0551415840163826
20x_2025-05-15_02-05-00,20,attention_resunet,0.0548302021343261
20x_2025-05-15_02-05-00,20,attention_resunet,0.0550477707292884
20x_2025-05-15_02-05-00,20,attention_resunet,0.0548348994925618
20x_2025-05-15_02-05-00,20,attention_resunet,0.0544483482372015
20x_2025-05-15_02-05-00,20,attention_resunet,0.0544663809705525
20x_2025-05-15_02-05-00,20,attention_resunet,0.0544864393305033
20x_2025-05-15_02-05-00,20,attention_resunet,0.0541034329216927
20x_2025-05-15_02-05-00,20,attention_resunet,0.0543433357961475
20x_2025-05-15_02-05-00,20,attention_resunet,0.053971610032022
20x_2025-05-15_02-05-00,20,attention_resunet,0.0542819616384804
20x_2025-05-15_02-05-00,20,attention_resunet,0.0542593072168529
20x_2025-05-15_02-05-00,20,attention_resunet,0.0541024259291589
20x_2025-05-15_02-05-00,20,attention_resunet,0.0531597877852618
20x_2025-05-15_02-05-00,20,attention_resunet,0.0726939586456865
20x_2025-05-15_02-05-00,20,attention_resunet,0.0556561979465186
20x_2025-05-15_02-05-00,20,attention_resunet,0.0549333868548274
20x_2025-05-15_02-05-00,20,attention_resunet,0.055147212697193
20x_2025-05-15_02-05-00,20,attention_resunet,0.2007612027227878
20x_2025-05-15_02-05-00,20,attention_resunet,0.0545927381608635
20x_2025-05-15_02-05-00,20,attention_resunet,0.054643943440169
20x_2025-05-15_02-05-00,20,attention_resunet,0.0548112264368683
20x_2025-05-15_02-05-00,20,attention_resunet,0.0547336356248706
20x_2025-05-15_02-05-00,20,attention_resunet,0.1062067109160125
20x_2025-05-15_02-05-00,20,attention_resunet,0.0542568799573928
20x_2025-05-15_02-05-00,20,attention_resunet,0.0542439636774361
20x_2025-05-15_02-05-00,20,attention_resunet,0.054945470765233
20x_2025-05-15_02-05-00,20,attention_resunet,0.054658786393702
20x_2025-05-15_02-05-00,20,attention_resunet,0.0538253807462751
20x_2025-05-15_02-05-00,20,attention_resunet,0.0553445308469235
20x_2025-05-15_02-05-00,20,attention_resunet,0.0551071541849523
20x_2025-05-15_02-05-00,20,attention_resunet,0.1354876323603093
20x_2025-05-15_02-05-00,20,attention_resunet,0.0558374682441353
20x_2025-05-15_02-05-00,20,attention_resunet,0.0556634040549397
20x_2025-05-15_02-05-00,20,attention_resunet,0.0551174627617001
20x_2025-05-15_02-05-00,20,attention_resunet,0.0838988460600376
20x_2025-05-15_02-05-00,20,attention_resunet,0.0544879294466227
20x_2025-05-15_02-05-00,20,attention_resunet,0.0546507711987942
20x_2025-05-15_02-05-00,20,attention_resunet,0.054481258848682
20x_2025-05-15_02-05-00,20,attention_resunet,0.0546236347872763
20x_2025-05-15_02-05-00,20,attention_resunet,0.1730102114379406
20x_2025-05-15_02-05-00,20,attention_resunet,0.054609403014183
20x_2025-05-15_02-05-00,20,attention_resunet,0.0551647914107888
20x_2025-05-15_02-05-00,20,attention_resunet,0.0546730065252631
20x_2025-05-15_02-05-00,20,attention_resunet,0.13924011727795
20x_2025-05-15_02-05-00,20,attention_resunet,0.0553264457266777
20x_2025-05-15_02-05-00,20,attention_resunet,0.054797320626676
20x_2025-05-15_02-05-00,20,attention_resunet,0.0551158271264284
20x_2025-05-15_02-05-00,20,attention_resunet,0.0549560063518583
20x_2025-05-15_02-05-00,20,attention_resunet,0.0551749370060861
20x_2025-05-15_02-05-00,20,attention_resunet,0.0605734065175056
20x_2025-05-15_02-05-00,20,attention_resunet,0.054716074373573
20x_2025-05-15_02-05-00,20,attention_resunet,0.0550125841982662
20x_2025-05-15_02-05-00,20,attention_resunet,0.3176602302119136
20x_2025-05-15_02-05-00,20,attention_resunet,0.0545299262739717
20x_2025-05-15_02-05-00,20,attention_resunet,0.0546425872016698
20x_2025-05-15_02-05-00,20,attention_resunet,0.0554033555090427
20x_2025-05-15_02-05-00,20,attention_resunet,0.0555661157704889
20x_2025-05-15_02-05-00,20,attention_resunet,0.0549227988813072
20x_2025-05-15_02-05-00,20,attention_resunet,0.0536421604920178
20x_2025-05-15_02-05-00,20,attention_resunet,0.054468453163281
20x_2025-05-15_02-05-00,20,attention_resunet,0.0548412324860692
20x_2025-05-15_02-05-00,20,attention_resunet,0.0549646443687379
20x_2025-05-15_02-05-00,20,attention_resunet,0.0553464575204998
20x_2025-05-15_02-05-00,20,attention_resunet,0.0561458407901227
20x_2025-05-15_02-05-00,20,attention_resunet,0.0555770064238458
20x_2025-05-15_02-05-00,20,attention_resunet,0.0553164689335972
20x_2025-05-15_02-05-00,20,attention_resunet,0.055279565276578
20x_2025-05-15_02-05-00,20,attention_resunet,0.0548232113942503
20x_2025-05-15_02-05-00,20,attention_resunet,0.0552653218619525
20x_2025-05-15_02-05-00,20,attention_resunet,0.0546640891116112
20x_2025-05-15_02-05-00,20,attention_resunet,0.163956731557846
20x_2025-05-15_02-05-00,20,attention_resunet,0.0559445819817483
20x_2025-05-15_02-05-00,20,attention_resunet,0.3217741614207625
20x_2025-05-15_02-05-00,20,attention_resunet,0.0546583323739469
20x_2025-05-15_02-05-00,20,attention_resunet,0.0534084043465554
20x_2025-05-15_02-05-00,20,attention_resunet,0.216720369644463
20x_2025-05-15_02-05-00,20,attention_resunet,0.5688275210559368
20x_2025-05-15_02-05-00,20,attention_resunet,0.4983480088412761
20x_2025-05-15_02-05-00,20,attention_resunet,0.2544974675402045
20x_2025-05-15_02-05-00,20,attention_resunet,0.1722409971989691
20x_2025-05-15_02-05-00,20,attention_resunet,0.0557476480025798
20x_2025-05-15_02-05-00,20,attention_resunet,0.055730395251885
20x_2025-05-15_02-05-00,20,attention_resunet,0.0549805932678282
20x_2025-05-15_02-05-00,20,attention_resunet,0.1394694321788847
20x_2025-05-15_02-05-00,20,attention_resunet,0.1140566659159958
20x_2025-05-15_02-05-00,20,attention_resunet,0.0555654289200902
20x_2025-05-15_02-05-00,20,attention_resunet,0.0582580280024558
20x_2025-05-15_02-05-00,20,attention_resunet,0.8360058069229126
20x_2025-05-15_02-05-00,20,attention_resunet,0.0559155538212507
20x_2025-05-15_02-05-00,20,attention_resunet,0.1069491729140281
20x_2025-05-15_02-05-00,20,attention_resunet,0.178155954927206
20x_2025-05-15_02-05-00,20,attention_resunet,0.0533692422322928
20x_2025-05-15_02-05-00,20,attention_resunet,0.0538596825208514
20x_2025-05-15_02-05-00,20,attention_resunet,0.0946498359553515
20x_2025-05-15_02-05-00,20,attention_resunet,0.4387893714010715
20x_2025-05-15_02-05-00,20,attention_resunet,0.0624117499683052
20x_2025-05-15_02-05-00,20,attention_resunet,0.5654109176248312
20x_2025-05-15_02-05-00,20,attention_resunet,0.818258710205555
20x_2025-05-15_02-05-00,20,attention_resunet,1.3058120384812355
20x_2025-05-15_02-05-00,20,attention_resunet,2.0157940685749054
20x_2025-05-15_02-05-00,20,attention_resunet,1.0818211361765862
20x_2025-05-15_02-05-00,20,attention_resunet,0.1709544332697987
20x_2025-05-15_02-05-00,20,attention_resunet,1.3204547576606274
20x_2025-05-15_02-05-00,20,attention_resunet,0.0517819309607148
20x_2025-05-15_02-05-00,20,attention_resunet,0.0576185644604265
20x_2025-05-15_02-05-00,20,attention_resunet,0.3034555353224277
20x_2025-05-15_02-05-00,20,attention_resunet,0.0506998796481639
20x_2025-05-15_02-05-00,20,attention_resunet,0.0622465042397379
20x_2025-05-15_02-05-00,20,attention_resunet,0.0818647327832877
20x_2025-05-15_02-05-00,20,attention_resunet,0.0528845703229308
20x_2025-05-15_02-05-00,20,attention_resunet,0.0539910397492349
20x_2025-05-15_02-05-00,20,attention_resunet,0.2790667582303285
20x_2025-05-15_02-05-00,20,attention_resunet,0.1135581638664007
20x_2025-05-15_02-05-00,20,attention_resunet,0.3091632388532161
20x_2025-05-15_02-05-00,20,attention_resunet,0.4903547931462526
20x_2025-05-15_02-05-00,20,attention_resunet,0.2260622102767229
20x_2025-05-15_02-05-00,20,attention_resunet,2.9741819947957993
20x_2025-05-15_02-05-00,20,attention_resunet,0.0564992194995284
20x_2025-05-15_02-05-00,20,clahe_otsu,58.03375244140625
20x_2025-05-15_02-05-00,20,clahe_otsu,56.0211181640625
20x_2025-05-15_02-05-00,20,clahe_otsu,57.74993896484375
20x_2025-05-15_02-05-00,20,clahe_otsu,56.13861083984375
20x_2025-05-15_02-05-00,20,clahe_otsu,56.34918212890625
20x_2025-05-15_02-05-00,20,clahe_otsu,58.01239013671875
20x_2025-05-15_02-05-00,20,clahe_otsu,56.890869140625
20x_2025-05-15_02-05-00,20,clahe_otsu,56.66046142578125
20x_2025-05-15_02-05-00,20,clahe_otsu,57.16400146484375
20x_2025-05-15_02-05-00,20,clahe_otsu,57.7484130859375
20x_2025-05-15_02-05-00,20,clahe_otsu,59.33837890625
20x_2025-05-15_02-05-00,20,clahe_otsu,58.70819091796875
20x_2025-05-15_02-05-00,20,clahe_otsu,57.64617919921875
20x_2025-05-15_02-05-00,20,clahe_otsu,59.2926025390625
20x_2025-05-15_02-05-00,20,clahe_otsu,62.7960205078125
20x_2025-05-15_02-05-00,20,clahe_otsu,56.9793701171875
20x_2025-05-15_02-05-00,20,clahe_otsu,56.2652587890625
20x_2025-05-15_02-05-00,20,clahe_otsu,57.6904296875
20x_2025-05-15_02-05-00,20,clahe_otsu,56.2713623046875
20x_2025-05-15_02-05-00,20,clahe_otsu,56.39801025390625
20x_2025-05-15_02-05-00,20,clahe_otsu,56.77642822265625
20x_2025-05-15_02-05-00,20,clahe_otsu,56.2591552734375
20x_2025-05-15_02-05-00,20,clahe_otsu,57.01751708984375
20x_2025-05-15_02-05-00,20,clahe_otsu,57.244873046875
20x_2025-05-15_02-05-00,20,clahe_otsu,56.0516357421875
20x_2025-05-15_02-05-00,20,clahe_otsu,59.30023193359375
20x_2025-05-15_02-05-00,20,clahe_otsu,58.28399658203125
20x_2025-05-15_02-05-00,20,clahe_otsu,55.609130859375
20x_2025-05-15_02-05-00,20,clahe_otsu,57.01904296875
20x_2025-05-15_02-05-00,20,clahe_otsu,61.04736328125
20x_2025-05-15_02-05-00,20,clahe_otsu,56.75811767578125
20x_2025-05-15_02-05-00,20,clahe_otsu,54.779052734375
20x_2025-05-15_02-05-00,20,clahe_otsu,55.74493408203125
20x_2025-05-15_02-05-00,20,clahe_otsu,55.4718017578125
20x_2025-05-15_02-05-00,20,clahe_otsu,55.11627197265625
20x_2025-05-15_02-05-00,20,clahe_otsu,57.1319580078125
20x_2025-05-15_02-05-00,20,clahe_otsu,57.0892333984375
20x_2025-05-15_02-05-00,20,clahe_otsu,56.31561279296875
20x_2025-05-15_02-05-00,20,clahe_otsu,57.96966552734375
20x_2025-05-15_02-05-00,20,clahe_otsu,57.19757080078125
20x_2025-05-15_02-05-00,20,clahe_otsu,57.24945068359375
20x_2025-05-15_02-05-00,20,clahe_otsu,56.79473876953125
20x_2025-05-15_02-05-00,20,clahe_otsu,56.40411376953125
20x_2025-05-15_02-05-00,20,clahe_otsu,57.025146484375
20x_2025-05-15_02-05-00,20,clahe_otsu,57.03125
20x_2025-05-15_02-05-00,20,clahe_otsu,55.44586181640625
20x_2025-05-15_02-05-00,20,clahe_otsu,55.09796142578125
20x_2025-05-15_02-05-00,20,clahe_otsu,55.50537109375
20x_2025-05-15_02-05-00,20,clahe_otsu,56.10504150390625
20x_2025-05-15_02-05-00,20,clahe_otsu,55.65643310546875
20x_2025-05-15_02-05-00,20,clahe_otsu,55.81207275390625
20x_2025-05-15_02-05-00,20,clahe_otsu,55.2734375
20x_2025-05-15_02-05-00,20,clahe_otsu,57.51495361328125
20x_2025-05-15_02-05-00,20,clahe_otsu,55.94329833984375
20x_2025-05-15_02-05-00,20,clahe_otsu,56.43463134765625
20x_2025-05-15_02-05-00,20,clahe_otsu,56.78253173828125
20x_2025-05-15_02-05-00,20,clahe_otsu,57.47528076171875
20x_2025-05-15_02-05-00,20,clahe_otsu,54.1778564453125
20x_2025-05-15_02-05-00,20,clahe_otsu,56.0577392578125
20x_2025-05-15_02-05-00,20,clahe_otsu,57.07244873046875
20x_2025-05-15_02-05-00,20,clahe_otsu,54.5562744140625
20x_2025-05-15_02-05-00,20,clahe_otsu,54.93011474609375
20x_2025-05-15_02-05-00,20,clahe_otsu,54.998779296875
20x_2025-05-15_02-05-00,20,clahe_otsu,54.34112548828125
20x_2025-05-15_02-05-00,20,clahe_otsu,55.27496337890625
20x_2025-05-15_02-05-00,20,clahe_otsu,56.103515625
20x_2025-05-15_02-05-00,20,clahe_otsu,57.63092041015625
20x_2025-05-15_02-05-00,20,clahe_otsu,57.53021240234375
20x_2025-05-15_02-05-00,20,clahe_otsu,57.75909423828125
20x_2025-05-15_02-05-00,20,clahe_otsu,57.05108642578125
20x_2025-05-15_02-05-00,20,clahe_otsu,56.36444091796875
20x_2025-05-15_02-05-00,20,clahe_otsu,57.6751708984375
20x_2025-05-15_02-05-00,20,clahe_otsu,56.97021484375
20x_2025-05-15_02-05-00,20,clahe_otsu,53.52783203125
20x_2025-05-15_02-05-00,20,clahe_otsu,51.812744140625
20x_2025-05-15_02-05-00,20,clahe_otsu,55.0384521484375
20x_2025-05-15_02-05-00,20,clahe_otsu,54.31976318359375
20x_2025-05-15_02-05-00,20,clahe_otsu,54.7332763671875
20x_2025-05-15_02-05-00,20,clahe_otsu,53.69720458984375
20x_2025-05-15_02-05-00,20,clahe_otsu,54.58984375
20x_2025-05-15_02-05-00,20,clahe_otsu,55.17578125
20x_2025-05-15_02-05-00,20,clahe_otsu,57.666015625
20x_2025-05-15_02-05-00,20,clahe_otsu,56.707763671875
20x_2025-05-15_02-05-00,20,clahe_otsu,54.74853515625
20x_2025-05-15_02-05-00,20,clahe_otsu,55.99517822265625
20x_2025-05-15_02-05-00,20,clahe_otsu,55.55419921875
20x_2025-05-15_02-05-00,20,clahe_otsu,54.82940673828125
20x_2025-05-15_02-05-00,20,clahe_otsu,55.57098388671875
20x_2025-05-15_02-05-00,20,clahe_otsu,54.3426513671875
20x_2025-05-15_02-05-00,20,clahe_otsu,53.076171875
20x_2025-05-15_02-05-00,20,clahe_otsu,55.743408203125
20x_2025-05-15_02-05-00,20,clahe_otsu,55.60150146484375
20x_2025-05-15_02-05-00,20,clahe_otsu,54.290771484375
20x_2025-05-15_02-05-00,20,clahe_otsu,53.72314453125
20x_2025-05-15_02-05-00,20,clahe_otsu,54.72869873046875
20x_2025-05-15_02-05-00,20,clahe_otsu,55.12847900390625
20x_2025-05-15_02-05-00,20,clahe_otsu,55.58624267578125
20x_2025-05-15_02-05-00,20,clahe_otsu,55.5755615234375
20x_2025-05-15_02-05-00,20,clahe_otsu,54.34722900390625
20x_2025-05-15_02-05-00,20,clahe_otsu,54.6783447265625
20x_2025-05-15_02-05-00,20,clahe_otsu,54.51507568359375
20x_2025-05-15_02-05-00,20,clahe_otsu,54.55169677734375
20x_2025-05-15_02-05-00,20,clahe_otsu,52.19573974609375
20x_2025-05-15_02-05-00,20,clahe_otsu,54.486083984375
20x_2025-05-15_02-05-00,20,clahe_otsu,54.4677734375
20x_2025-05-15_02-05-00,20,clahe_otsu,56.04400634765625
20x_2025-05-15_02-05-00,20,clahe_otsu,53.92913818359375
20x_2025-05-15_02-05-00,20,clahe_otsu,53.77960205078125
20x_2025-05-15_02-05-00,20,clahe_otsu,53.54156494140625
20x_2025-05-15_02-05-00,20,clahe_otsu,53.71246337890625
20x_2025-05-15_02-05-00,20,clahe_otsu,54.473876953125
20x_2025-05-15_02-05-00,20,clahe_otsu,54.54864501953125
20x_2025-05-15_02-05-00,20,clahe_otsu,54.57000732421875
20x_2025-05-15_02-05-00,20,clahe_otsu,53.66058349609375
20x_2025-05-15_02-05-00,20,clahe_otsu,53.33099365234375
20x_2025-05-15_02-05-00,20,clahe_otsu,55.46417236328125
20x_2025-05-15_02-05-00,20,clahe_otsu,52.68707275390625
20x_2025-05-15_02-05-00,20,clahe_otsu,54.144287109375
20x_2025-05-15_02-05-00,20,clahe_otsu,53.19671630859375
20x_2025-05-15_02-05-00,20,clahe_otsu,55.413818359375
320x_2025-05-15_02-05-00,320,unet,25.940296053886417
320x_2025-05-15_02-05-00,320,unet,0.2610707655549049
320x_2025-05-15_02-05-00,320,unet,0.259317085146904
320x_2025-05-15_02-05-00,320,unet,0.259567191824317
320x_2025-05-15_02-05-00,320,unet,0.2626613946631551
320x_2025-05-15_02-05-00,320,unet,0.2570917829871177
320x_2025-05-15_02-05-00,320,unet,0.2558126812800765
320x_2025-05-15_02-05-00,320,unet,0.2512472216039896
320x_2025-05-15_02-05-00,320,unet,0.2507714554667473
320x_2025-05-15_02-05-00,320,unet,0.3625458106398582
320x_2025-05-15_02-05-00,320,unet,3.936135768890381
320x_2025-05-15_02-05-00,320,unet,46.596792340278625
320x_2025-05-15_02-05-00,320,unet,76.71210765838623
320x_2025-05-15_02-05-00,320,unet,45.46529054641723
320x_2025-05-15_02-05-00,320,unet,0.2509790938347578
320x_2025-05-15_02-05-00,320,unet,2.658338285982609
320x_2025-05-15_02-05-00,320,unet,0.2664131578058004
320x_2025-05-15_02-05-00,320,unet,0.2666202606633305
320x_2025-05-15_02-05-00,320,unet,0.2652845811098814
320x_2025-05-15_02-05-00,320,unet,0.2646175678819418
320x_2025-05-15_02-05-00,320,unet,0.2624232089146971
320x_2025-05-15_02-05-00,320,unet,0.2598273102194071
320x_2025-05-15_02-05-00,320,unet,0.2594578079879284
320x_2025-05-15_02-05-00,320,unet,0.254212855361402
320x_2025-05-15_02-05-00,320,unet,0.2516146283596754
320x_2025-05-15_02-05-00,320,unet,0.2488767495378852
320x_2025-05-15_02-05-00,320,unet,0.2496467670425772
320x_2025-05-15_02-05-00,320,unet,29.036766290664673
320x_2025-05-15_02-05-00,320,unet,74.97209310531616
320x_2025-05-15_02-05-00,320,unet,31.077802181243896
320x_2025-05-15_02-05-00,320,unet,0.321751250885427
320x_2025-05-15_02-05-00,320,unet,0.2700030338019132
320x_2025-05-15_02-05-00,320,unet,0.2703435253351927
320x_2025-05-15_02-05-00,320,unet,0.2693433780223131
320x_2025-05-15_02-05-00,320,unet,0.2681824611499905
320x_2025-05-15_02-05-00,320,unet,0.2653519622981548
320x_2025-05-15_02-05-00,320,unet,0.2656020689755678
320x_2025-05-15_02-05-00,320,unet,0.2583402907475829
320x_2025-05-15_02-05-00,320,unet,0.2582239219918847
320x_2025-05-15_02-05-00,320,unet,0.2575179096311331
320x_2025-05-15_02-05-00,320,unet,0.2566724317148328
320x_2025-05-15_02-05-00,320,unet,0.2524240408092737
320x_2025-05-15_02-05-00,320,unet,0.2459618495777249
320x_2025-05-15_02-05-00,320,unet,24.27486479282379
320x_2025-05-15_02-05-00,320,unet,62.09369897842407
320x_2025-05-15_02-05-00,320,unet,0.2671466441825032
320x_2025-05-15_02-05-00,320,unet,0.272323121316731
320x_2025-05-15_02-05-00,320,unet,0.2723911544308066
320x_2025-05-15_02-05-00,320,unet,0.2712899586185813
320x_2025-05-15_02-05-00,320,unet,0.2700161654502153
320x_2025-05-15_02-05-00,320,unet,0.269339419901371
320x_2025-05-15_02-05-00,320,unet,0.266583077609539
320x_2025-05-15_02-05-00,320,unet,0.2632081042975187
320x_2025-05-15_02-05-00,320,unet,0.2601040760055184
320x_2025-05-15_02-05-00,320,unet,0.2590309595689177
320x_2025-05-15_02-05-00,320,unet,0.259400624781847
320x_2025-05-15_02-05-00,320,unet,0.2574640326201916
320x_2025-05-15_02-05-00,320,unet,0.2539587439969182
320x_2025-05-15_02-05-00,320,unet,0.6265221629291773
320x_2025-05-15_02-05-00,320,unet,53.46517562866211
320x_2025-05-15_02-05-00,320,unet,0.2670306712388992
320x_2025-05-15_02-05-00,320,unet,0.2750638872385025
320x_2025-05-15_02-05-00,320,unet,0.2744855592027306
320x_2025-05-15_02-05-00,320,unet,0.2734519075602293
320x_2025-05-15_02-05-00,320,unet,0.2715756651014089
320x_2025-05-15_02-05-00,320,unet,0.2700998447835445
320x_2025-05-15_02-05-00,320,unet,0.2696176059544086
320x_2025-05-15_02-05-00,320,unet,0.2689966233447194
320x_2025-05-15_02-05-00,320,unet,0.2671851776540279
320x_2025-05-15_02-05-00,320,unet,0.2643284387886524
320x_2025-05-15_02-05-00,320,unet,0.2597695449367165
320x_2025-05-15_02-05-00,320,unet,0.268483255058527
320x_2025-05-15_02-05-00,320,unet,0.2563895657658577
320x_2025-05-15_02-05-00,320,unet,0.2559331944212317
320x_2025-05-15_02-05-00,320,unet,50.971412658691406
320x_2025-05-15_02-05-00,320,unet,0.2670424757525325
320x_2025-05-15_02-05-00,320,unet,0.2762302989140153
320x_2025-05-15_02-05-00,320,unet,0.2763143740594387
320x_2025-05-15_02-05-00,320,unet,0.2753070322796702
320x_2025-05-15_02-05-00,320,unet,0.2733356086537242
320x_2025-05-15_02-05-00,320,unet,0.2713274676352739
320x_2025-05-15_02-05-00,320,unet,0.2702865749597549
320x_2025-05-15_02-05-00,320,unet,0.2700648736208677
320x_2025-05-15_02-05-00,320,unet,0.2697612857446074
320x_2025-05-15_02-05-00,320,unet,0.2681896090507507
320x_2025-05-15_02-05-00,320,unet,0.2671519760042429
320x_2025-05-15_02-05-00,320,unet,0.260219513438642
320x_2025-05-15_02-05-00,320,unet,0.2579101361334324
320x_2025-05-15_02-05-00,320,unet,0.253429776057601
320x_2025-05-15_02-05-00,320,unet,36.988744139671326
320x_2025-05-15_02-05-00,320,unet,0.3640273120254278
320x_2025-05-15_02-05-00,320,unet,0.2759367926046252
320x_2025-05-15_02-05-00,320,unet,0.2767385682091117
320x_2025-05-15_02-05-00,320,unet,0.2763325348496437
320x_2025-05-15_02-05-00,320,unet,0.2750545972958207
320x_2025-05-15_02-05-00,320,unet,0.2734904643148184
320x_2025-05-15_02-05-00,320,unet,0.2722759032621979
320x_2025-05-15_02-05-00,320,unet,0.2717832801863551
320x_2025-05-15_02-05-00,320,unet,0.2713350811973214
320x_2025-05-15_02-05-00,320,unet,0.2706284867599606
320x_2025-05-15_02-05-00,320,unet,0.2696440322324633
320x_2025-05-15_02-05-00,320,unet,0.2652253024280071
320x_2025-05-15_02-05-00,320,unet,0.2612818032503128
320x_2025-05-15_02-05-00,320,unet,0.2638185862451792
320x_2025-05-15_02-05-00,320,unet,20.42951881885529
320x_2025-05-15_02-05-00,320,unet,13.771064579486849
320x_2025-05-15_02-05-00,320,unet,0.2744281198829412
320x_2025-05-15_02-05-00,320,unet,0.2768596867099404
320x_2025-05-15_02-05-00,320,unet,0.2769871614873409
320x_2025-05-15_02-05-00,320,unet,0.2766744699329138
320x_2025-05-15_02-05-00,320,unet,0.2758946269750595
320x_2025-05-15_02-05-00,320,unet,0.2750364132225513
320x_2025-05-15_02-05-00,320,unet,0.2743056509643793
320x_2025-05-15_02-05-00,320,unet,0.2737825037911534
320x_2025-05-15_02-05-00,320,unet,0.2724110381677747
320x_2025-05-15_02-05-00,320,unet,0.2714468631893396
320x_2025-05-15_02-05-00,320,unet,0.2695882460102439
320x_2025-05-15_02-05-00,320,unet,0.2653536153957248
320x_2025-05-15_02-05-00,320,unet,0.2604309469461441
320x_2025-05-15_02-05-00,320,unet,15.8975750207901
320x_2025-05-15_02-05-00,320,resunet,20.865365862846375
320x_2025-05-15_02-05-00,320,resunet,0.0604322820436209
320x_2025-05-15_02-05-00,320,resunet,0.0599210557993501
320x_2025-05-15_02-05-00,320,resunet,0.1119408756494522
320x_2025-05-15_02-05-00,320,resunet,0.0785039912443608
320x_2025-05-15_02-05-00,320,resunet,0.0527975556906312
320x_2025-05-15_02-05-00,320,resunet,0.0505144533235579
320x_2025-05-15_02-05-00,320,resunet,0.0500413065310567
320x_2025-05-15_02-05-00,320,resunet,0.0489569036290049
320x_2025-05-15_02-05-00,320,resunet,0.0794816762208938
320x_2025-05-15_02-05-00,320,resunet,3.085687570273876
320x_2025-05-15_02-05-00,320,resunet,24.841660261154175
320x_2025-05-15_02-05-00,320,resunet,66.46541357040405
320x_2025-05-15_02-05-00,320,resunet,36.40808463096619
320x_2025-05-15_02-05-00,320,resunet,0.1118746120482683
320x_2025-05-15_02-05-00,320,resunet,0.9976424276828766
320x_2025-05-15_02-05-00,320,resunet,0.1328968326561153
320x_2025-05-15_02-05-00,320,resunet,0.1014830777421593
320x_2025-05-15_02-05-00,320,resunet,0.0990377739071846
320x_2025-05-15_02-05-00,320,resunet,0.0827692449092865
320x_2025-05-15_02-05-00,320,resunet,0.0732192303985357
320x_2025-05-15_02-05-00,320,resunet,0.0740312738344073
320x_2025-05-15_02-05-00,320,resunet,0.0631401315331459
320x_2025-05-15_02-05-00,320,resunet,0.0517017790116369
320x_2025-05-15_02-05-00,320,resunet,0.049975054571405
320x_2025-05-15_02-05-00,320,resunet,0.0486262259073555
320x_2025-05-15_02-05-00,320,resunet,0.8814078755676746
320x_2025-05-15_02-05-00,320,resunet,24.142175912857056
320x_2025-05-15_02-05-00,320,resunet,63.17751407623291
320x_2025-05-15_02-05-00,320,resunet,15.314120054244995
320x_2025-05-15_02-05-00,320,resunet,0.1122924033552408
320x_2025-05-15_02-05-00,320,resunet,0.066618388518691
320x_2025-05-15_02-05-00,320,resunet,0.0667543790768832
320x_2025-05-15_02-05-00,320,resunet,0.0663406332023441
320x_2025-05-15_02-05-00,320,resunet,0.0915201380848884
320x_2025-05-15_02-05-00,320,resunet,0.1113923848606646
320x_2025-05-15_02-05-00,320,resunet,0.1309725921601057
320x_2025-05-15_02-05-00,320,resunet,0.0706044025719165
320x_2025-05-15_02-05-00,320,resunet,0.0626685621682554
320x_2025-05-15_02-05-00,320,resunet,0.0572555291000753
320x_2025-05-15_02-05-00,320,resunet,0.0534811406396329
320x_2025-05-15_02-05-00,320,resunet,0.060796842444688
320x_2025-05-15_02-05-00,320,resunet,0.1912111765705049
320x_2025-05-15_02-05-00,320,resunet,16.515547037124634
320x_2025-05-15_02-05-00,320,resunet,48.61738383769989
320x_2025-05-15_02-05-00,320,resunet,0.0567936222068965
320x_2025-05-15_02-05-00,320,resunet,0.0529693788848817
320x_2025-05-15_02-05-00,320,resunet,0.0554466561879962
320x_2025-05-15_02-05-00,320,resunet,0.0516358064487576
320x_2025-05-15_02-05-00,320,resunet,0.060685770586133
320x_2025-05-15_02-05-00,320,resunet,0.1036719302646815
320x_2025-05-15_02-05-00,320,resunet,0.0736155547201633
320x_2025-05-15_02-05-00,320,resunet,0.101957656443119
320x_2025-05-15_02-05-00,320,resunet,0.078157935058698
320x_2025-05-15_02-05-00,320,resunet,0.1074146013706922
320x_2025-05-15_02-05-00,320,resunet,0.0602099869865924
320x_2025-05-15_02-05-00,320,resunet,0.0592541648074984
320x_2025-05-15_02-05-00,320,resunet,0.0534938008058816
320x_2025-05-15_02-05-00,320,resunet,0.2685230690985918
320x_2025-05-15_02-05-00,320,resunet,41.39717221260071
320x_2025-05-15_02-05-00,320,resunet,0.0647487700916826
320x_2025-05-15_02-05-00,320,resunet,0.0456032459624111
320x_2025-05-15_02-05-00,320,resunet,0.0459054950624704
320x_2025-05-15_02-05-00,320,resunet,0.0478013680549338
320x_2025-05-15_02-05-00,320,resunet,0.0551414908841252
320x_2025-05-15_02-05-00,320,resunet,0.0722636701539158
320x_2025-05-15_02-05-00,320,resunet,0.0997341354377567
320x_2025-05-15_02-05-00,320,resunet,0.1231861999258399
320x_2025-05-15_02-05-00,320,resunet,0.1049621729180216
320x_2025-05-15_02-05-00,320,resunet,0.0804781215265393
320x_2025-05-15_02-05-00,320,resunet,0.108985835686326
320x_2025-05-15_02-05-00,320,resunet,0.0667801359668374
320x_2025-05-15_02-05-00,320,resunet,0.0687043648213148
320x_2025-05-15_02-05-00,320,resunet,0.0582587614189833
320x_2025-05-15_02-05-00,320,resunet,45.816683769226074
320x_2025-05-15_02-05-00,320,resunet,0.0700194563250988
320x_2025-05-15_02-05-00,320,resunet,0.0434512825449928
320x_2025-05-15_02-05-00,320,resunet,0.0435950991231948
320x_2025-05-15_02-05-00,320,resunet,0.0456548295915126
320x_2025-05-15_02-05-00,320,resunet,0.0486427044961601
320x_2025-05-15_02-05-00,320,resunet,0.0588587950915098
320x_2025-05-15_02-05-00,320,resunet,0.060850428417325
320x_2025-05-15_02-05-00,320,resunet,0.0715242465957999
320x_2025-05-15_02-05-00,320,resunet,0.1048164325766265
320x_2025-05-15_02-05-00,320,resunet,0.1089976401999592
320x_2025-05-15_02-05-00,320,resunet,0.1908854348585009
320x_2025-05-15_02-05-00,320,resunet,0.103010528255254
320x_2025-05-15_02-05-00,320,resunet,0.0781611539423465
320x_2025-05-15_02-05-00,320,resunet,0.0715750269591808
320x_2025-05-15_02-05-00,320,resunet,29.575160145759583
320x_2025-05-15_02-05-00,320,resunet,0.5129596684128046
320x_2025-05-15_02-05-00,320,resunet,0.0438669056165963
320x_2025-05-15_02-05-00,320,resunet,0.0425946549512445
320x_2025-05-15_02-05-00,320,resunet,0.0435856520198285
320x_2025-05-15_02-05-00,320,resunet,0.0452848296845331
320x_2025-05-15_02-05-00,320,resunet,0.0476522342069074
320x_2025-05-15_02-05-00,320,resunet,0.0514819636009633
320x_2025-05-15_02-05-00,320,resunet,0.0532235018908977
320x_2025-05-15_02-05-00,320,resunet,0.0538791413418948
320x_2025-05-15_02-05-00,320,resunet,0.0573529221583157
320x_2025-05-15_02-05-00,320,resunet,0.107177859172225
320x_2025-05-15_02-05-00,320,resunet,0.132300378754735
320x_2025-05-15_02-05-00,320,resunet,0.1176666235551238
320x_2025-05-15_02-05-00,320,resunet,0.0821424764581024
320x_2025-05-15_02-05-00,320,resunet,17.128539085388184
320x_2025-05-15_02-05-00,320,resunet,8.455318212509155
320x_2025-05-15_02-05-00,320,resunet,0.0466259138192981
320x_2025-05-15_02-05-00,320,resunet,0.0425465987063944
320x_2025-05-15_02-05-00,320,resunet,0.0424906495027244
320x_2025-05-15_02-05-00,320,resunet,0.0433218549005687
320x_2025-05-15_02-05-00,320,resunet,0.0444946781499311
320x_2025-05-15_02-05-00,320,resunet,0.0453579705208539
320x_2025-05-15_02-05-00,320,resunet,0.0469253631308674
320x_2025-05-15_02-05-00,320,resunet,0.0474893953651189
320x_2025-05-15_02-05-00,320,resunet,0.049231550656259
320x_2025-05-15_02-05-00,320,resunet,0.054429518058896
320x_2025-05-15_02-05-00,320,resunet,0.153245567344129
320x_2025-05-15_02-05-00,320,resunet,0.0880769570358097
320x_2025-05-15_02-05-00,320,resunet,0.0679984223097562
320x_2025-05-15_02-05-00,320,resunet,17.08068549633026
320x_2025-05-15_02-05-00,320,attention_resunet,8.168645948171616
320x_2025-05-15_02-05-00,320,attention_resunet,0.0608275993727147
320x_2025-05-15_02-05-00,320,attention_resunet,0.0858641462400555
320x_2025-05-15_02-05-00,320,attention_resunet,0.0956358853727579
320x_2025-05-15_02-05-00,320,attention_resunet,0.0680288707371801
320x_2025-05-15_02-05-00,320,attention_resunet,0.1587035716511309
320x_2025-05-15_02-05-00,320,attention_resunet,0.0517605221830308
320x_2025-05-15_02-05-00,320,attention_resunet,0.0582121545448899
320x_2025-05-15_02-05-00,320,attention_resunet,0.0487513170810416
320x_2025-05-15_02-05-00,320,attention_resunet,0.5361353512853384
320x_2025-05-15_02-05-00,320,attention_resunet,1.762867160141468
320x_2025-05-15_02-05-00,320,attention_resunet,5.235159397125244
320x_2025-05-15_02-05-00,320,attention_resunet,18.98423731327057
320x_2025-05-15_02-05-00,320,attention_resunet,4.731879010796547
320x_2025-05-15_02-05-00,320,attention_resunet,0.0541338406037539
320x_2025-05-15_02-05-00,320,attention_resunet,0.1002126024104654
320x_2025-05-15_02-05-00,320,attention_resunet,0.069345545489341
320x_2025-05-15_02-05-00,320,attention_resunet,0.0664850696921348
320x_2025-05-15_02-05-00,320,attention_resunet,0.0645077379886061
320x_2025-05-15_02-05-00,320,attention_resunet,0.0824464717879891
320x_2025-05-15_02-05-00,320,attention_resunet,0.1941924449056387
320x_2025-05-15_02-05-00,320,attention_resunet,0.0851029646582901
320x_2025-05-15_02-05-00,320,attention_resunet,0.0588672701269388
320x_2025-05-15_02-05-00,320,attention_resunet,0.0536768813617527
320x_2025-05-15_02-05-00,320,attention_resunet,0.0567977665923535
320x_2025-05-15_02-05-00,320,attention_resunet,0.0491578946821391
320x_2025-05-15_02-05-00,320,attention_resunet,0.1505049644038081
320x_2025-05-15_02-05-00,320,attention_resunet,7.73141086101532
320x_2025-05-15_02-05-00,320,attention_resunet,18.855535984039307
320x_2025-05-15_02-05-00,320,attention_resunet,3.981804847717285
320x_2025-05-15_02-05-00,320,attention_resunet,0.1443700632080435
320x_2025-05-15_02-05-00,320,attention_resunet,0.0578044389840215
320x_2025-05-15_02-05-00,320,attention_resunet,0.0590188312344253
320x_2025-05-15_02-05-00,320,attention_resunet,0.0591178133618086
320x_2025-05-15_02-05-00,320,attention_resunet,0.0639571575447917
320x_2025-05-15_02-05-00,320,attention_resunet,0.0635345175396651
320x_2025-05-15_02-05-00,320,attention_resunet,0.1647170865908265
320x_2025-05-15_02-05-00,320,attention_resunet,0.1190338283777237
320x_2025-05-15_02-05-00,320,attention_resunet,0.101125321816653
320x_2025-05-15_02-05-00,320,attention_resunet,0.0550557160750031
320x_2025-05-15_02-05-00,320,attention_resunet,0.216999277472496
320x_2025-05-15_02-05-00,320,attention_resunet,0.0651576789095997
320x_2025-05-15_02-05-00,320,attention_resunet,0.0475125387310981
320x_2025-05-15_02-05-00,320,attention_resunet,5.41837178170681
320x_2025-05-15_02-05-00,320,attention_resunet,15.155652165412905
320x_2025-05-15_02-05-00,320,attention_resunet,0.0595671590417623
320x_2025-05-15_02-05-00,320,attention_resunet,0.0569838506635278
320x_2025-05-15_02-05-00,320,attention_resunet,0.0570111267734319
320x_2025-05-15_02-05-00,320,attention_resunet,0.0572582648601383
320x_2025-05-15_02-05-00,320,attention_resunet,0.0594474375247955
320x_2025-05-15_02-05-00,320,attention_resunet,0.0663962273392826
320x_2025-05-15_02-05-00,320,attention_resunet,0.0625936139840632
320x_2025-05-15_02-05-00,320,attention_resunet,0.073688814882189
320x_2025-05-15_02-05-00,320,attention_resunet,0.0869305280502885
320x_2025-05-15_02-05-00,320,attention_resunet,0.0751117244362831
320x_2025-05-15_02-05-00,320,attention_resunet,0.1135319704189896
320x_2025-05-15_02-05-00,320,attention_resunet,0.0605542038101702
320x_2025-05-15_02-05-00,320,attention_resunet,0.0545153801795095
320x_2025-05-15_02-05-00,320,attention_resunet,0.6948673631995916
320x_2025-05-15_02-05-00,320,attention_resunet,14.367440342903135
320x_2025-05-15_02-05-00,320,attention_resunet,0.0575769110582768
320x_2025-05-15_02-05-00,320,attention_resunet,0.0568408519029617
320x_2025-05-15_02-05-00,320,attention_resunet,0.0564527988899499
320x_2025-05-15_02-05-00,320,attention_resunet,0.05671291728504
320x_2025-05-15_02-05-00,320,attention_resunet,0.0575594138354063
320x_2025-05-15_02-05-00,320,attention_resunet,0.0601883453782647
320x_2025-05-15_02-05-00,320,attention_resunet,0.0597185222432017
320x_2025-05-15_02-05-00,320,attention_resunet,0.0616269244346767
320x_2025-05-15_02-05-00,320,attention_resunet,0.0626173219643533
320x_2025-05-15_02-05-00,320,attention_resunet,0.0844618014525622
320x_2025-05-15_02-05-00,320,attention_resunet,0.0775136053562164
320x_2025-05-15_02-05-00,320,attention_resunet,0.0663819897454232
320x_2025-05-15_02-05-00,320,attention_resunet,0.0990803586319089
320x_2025-05-15_02-05-00,320,attention_resunet,0.055629969574511
320x_2025-05-15_02-05-00,320,attention_resunet,17.11866408586502
320x_2025-05-15_02-05-00,320,attention_resunet,0.0569218769669532
320x_2025-05-15_02-05-00,320,attention_resunet,0.0563635607250034
320x_2025-05-15_02-05-00,320,attention_resunet,0.0562237575650215
320x_2025-05-15_02-05-00,320,attention_resunet,0.0566695525776594
320x_2025-05-15_02-05-00,320,attention_resunet,0.0569884607102721
320x_2025-05-15_02-05-00,320,attention_resunet,0.0576619466301053
320x_2025-05-15_02-05-00,320,attention_resunet,0.0582496228162199
320x_2025-05-15_02-05-00,320,attention_resunet,0.0592505617532879
320x_2025-05-15_02-05-00,320,attention_resunet,0.0602132407948374
320x_2025-05-15_02-05-00,320,attention_resunet,0.0637581513728946
320x_2025-05-15_02-05-00,320,attention_resunet,0.0739769195206463
320x_2025-05-15_02-05-00,320,attention_resunet,0.0944535422604531
320x_2025-05-15_02-05-00,320,attention_resunet,0.0831617042422294
320x_2025-05-15_02-05-00,320,attention_resunet,0.1643231837078929
320x_2025-05-15_02-05-00,320,attention_resunet,13.074521720409392
320x_2025-05-15_02-05-00,320,attention_resunet,0.0540740031283348
320x_2025-05-15_02-05-00,320,attention_resunet,0.0561289489269256
320x_2025-05-15_02-05-00,320,attention_resunet,0.0556055223569273
320x_2025-05-15_02-05-00,320,attention_resunet,0.0562638044357299
320x_2025-05-15_02-05-00,320,attention_resunet,0.0565278169233351
320x_2025-05-15_02-05-00,320,attention_resunet,0.0565693713724613
320x_2025-05-15_02-05-00,320,attention_resunet,0.0570454285480082
320x_2025-05-15_02-05-00,320,attention_resunet,0.0572609947994351
320x_2025-05-15_02-05-00,320,attention_resunet,0.0574742211028933
320x_2025-05-15_02-05-00,320,attention_resunet,0.0574515201151371
320x_2025-05-15_02-05-00,320,attention_resunet,0.0601294101215899
320x_2025-05-15_02-05-00,320,attention_resunet,0.0684720987919718
320x_2025-05-15_02-05-00,320,attention_resunet,0.0920902122743427
320x_2025-05-15_02-05-00,320,attention_resunet,0.1701496075838804
320x_2025-05-15_02-05-00,320,attention_resunet,9.104271233081818
320x_2025-05-15_02-05-00,320,attention_resunet,2.225964143872261
320x_2025-05-15_02-05-00,320,attention_resunet,0.0564163667149841
320x_2025-05-15_02-05-00,320,attention_resunet,0.0554366910364478
320x_2025-05-15_02-05-00,320,attention_resunet,0.0557400751858949
320x_2025-05-15_02-05-00,320,attention_resunet,0.0558774918317794
320x_2025-05-15_02-05-00,320,attention_resunet,0.0563297711778432
320x_2025-05-15_02-05-00,320,attention_resunet,0.0567194365430623
320x_2025-05-15_02-05-00,320,attention_resunet,0.0567203271202743
320x_2025-05-15_02-05-00,320,attention_resunet,0.0565170310437679
320x_2025-05-15_02-05-00,320,attention_resunet,0.0566571485251188
320x_2025-05-15_02-05-00,320,attention_resunet,0.0577376456931233
320x_2025-05-15_02-05-00,320,attention_resunet,0.0610571296419948
320x_2025-05-15_02-05-00,320,attention_resunet,0.0688747793901711
320x_2025-05-15_02-05-00,320,attention_resunet,0.1013241126202046
320x_2025-05-15_02-05-00,320,attention_resunet,7.430632412433624
320x_2025-05-15_02-05-00,320,clahe_otsu,30.30242919921875
320x_2025-05-15_02-05-00,320,clahe_otsu,19.17877197265625
320x_2025-05-15_02-05-00,320,clahe_otsu,17.29736328125
320x_2025-05-15_02-05-00,320,clahe_otsu,15.99884033203125
320x_2025-05-15_02-05-00,320,clahe_otsu,17.596435546875
320x_2025-05-15_02-05-00,320,clahe_otsu,14.95819091796875
320x_2025-05-15_02-05-00,320,clahe_otsu,17.83294677734375
320x_2025-05-15_02-05-00,320,clahe_otsu,14.43939208984375
320x_2025-05-15_02-05-00,320,clahe_otsu,15.24658203125
320x_2025-05-15_02-05-00,320,clahe_otsu,14.7369384765625
320x_2025-05-15_02-05-00,320,clahe_otsu,15.94390869140625
320x_2025-05-15_02-05-00,320,clahe_otsu,14.97955322265625
320x_2025-05-15_02-05-00,320,clahe_otsu,15.92254638671875
320x_2025-05-15_02-05-00,320,clahe_otsu,32.1502685546875
320x_2025-05-15_02-05-00,320,clahe_otsu,51.06964111328125
320x_2025-05-15_02-05-00,320,clahe_otsu,20.8251953125
320x_2025-05-15_02-05-00,320,clahe_otsu,18.646240234375
320x_2025-05-15_02-05-00,320,clahe_otsu,17.132568359375
320x_2025-05-15_02-05-00,320,clahe_otsu,16.56341552734375
320x_2025-05-15_02-05-00,320,clahe_otsu,16.34521484375
320x_2025-05-15_02-05-00,320,clahe_otsu,18.15338134765625
320x_2025-05-15_02-05-00,320,clahe_otsu,14.60418701171875
320x_2025-05-15_02-05-00,320,clahe_otsu,15.60821533203125
320x_2025-05-15_02-05-00,320,clahe_otsu,13.19122314453125
320x_2025-05-15_02-05-00,320,clahe_otsu,13.53759765625
320x_2025-05-15_02-05-00,320,clahe_otsu,13.36212158203125
320x_2025-05-15_02-05-00,320,clahe_otsu,14.27764892578125
320x_2025-05-15_02-05-00,320,clahe_otsu,16.7205810546875
320x_2025-05-15_02-05-00,320,clahe_otsu,17.7215576171875
320x_2025-05-15_02-05-00,320,clahe_otsu,47.75390625
320x_2025-05-15_02-05-00,320,clahe_otsu,21.32415771484375
320x_2025-05-15_02-05-00,320,clahe_otsu,16.88995361328125
320x_2025-05-15_02-05-00,320,clahe_otsu,18.121337890625
320x_2025-05-15_02-05-00,320,clahe_otsu,16.522216796875
320x_2025-05-15_02-05-00,320,clahe_otsu,16.90521240234375
320x_2025-05-15_02-05-00,320,clahe_otsu,15.4541015625
320x_2025-05-15_02-05-00,320,clahe_otsu,15.60211181640625
320x_2025-05-15_02-05-00,320,clahe_otsu,13.4857177734375
320x_2025-05-15_02-05-00,320,clahe_otsu,15.26336669921875
320x_2025-05-15_02-05-00,320,clahe_otsu,15.6585693359375
320x_2025-05-15_02-05-00,320,clahe_otsu,13.86260986328125
320x_2025-05-15_02-05-00,320,clahe_otsu,13.5986328125
320x_2025-05-15_02-05-00,320,clahe_otsu,14.56146240234375
320x_2025-05-15_02-05-00,320,clahe_otsu,16.143798828125
320x_2025-05-15_02-05-00,320,clahe_otsu,31.19659423828125
320x_2025-05-15_02-05-00,320,clahe_otsu,19.927978515625
320x_2025-05-15_02-05-00,320,clahe_otsu,14.6575927734375
320x_2025-05-15_02-05-00,320,clahe_otsu,16.81060791015625
320x_2025-05-15_02-05-00,320,clahe_otsu,14.82391357421875
320x_2025-05-15_02-05-00,320,clahe_otsu,15.78369140625
320x_2025-05-15_02-05-00,320,clahe_otsu,14.9444580078125
320x_2025-05-15_02-05-00,320,clahe_otsu,15.8050537109375
320x_2025-05-15_02-05-00,320,clahe_otsu,13.6749267578125
320x_2025-05-15_02-05-00,320,clahe_otsu,14.27764892578125
320x_2025-05-15_02-05-00,320,clahe_otsu,14.4256591796875
320x_2025-05-15_02-05-00,320,clahe_otsu,15.643310546875
320x_2025-05-15_02-05-00,320,clahe_otsu,13.95416259765625
320x_2025-05-15_02-05-00,320,clahe_otsu,14.37835693359375
320x_2025-05-15_02-05-00,320,clahe_otsu,14.64691162109375
320x_2025-05-15_02-05-00,320,clahe_otsu,20.42236328125
320x_2025-05-15_02-05-00,320,clahe_otsu,18.40057373046875
320x_2025-05-15_02-05-00,320,clahe_otsu,17.82989501953125
320x_2025-05-15_02-05-00,320,clahe_otsu,18.182373046875
320x_2025-05-15_02-05-00,320,clahe_otsu,14.63165283203125
320x_2025-05-15_02-05-00,320,clahe_otsu,15.185546875
320x_2025-05-15_02-05-00,320,clahe_otsu,14.630126953125
320x_2025-05-15_02-05-00,320,clahe_otsu,14.8101806640625
320x_2025-05-15_02-05-00,320,clahe_otsu,13.54217529296875
320x_2025-05-15_02-05-00,320,clahe_otsu,14.55230712890625
320x_2025-05-15_02-05-00,320,clahe_otsu,14.9993896484375
320x_2025-05-15_02-05-00,320,clahe_otsu,12.4267578125
320x_2025-05-15_02-05-00,320,clahe_otsu,14.2669677734375
320x_2025-05-15_02-05-00,320,clahe_otsu,13.82904052734375
320x_2025-05-15_02-05-00,320,clahe_otsu,15.07110595703125
320x_2025-05-15_02-05-00,320,clahe_otsu,19.6258544921875
320x_2025-05-15_02-05-00,320,clahe_otsu,20.79315185546875
320x_2025-05-15_02-05-00,320,clahe_otsu,15.5517578125
320x_2025-05-15_02-05-00,320,clahe_otsu,15.9332275390625
320x_2025-05-15_02-05-00,320,clahe_otsu,14.59808349609375
320x_2025-05-15_02-05-00,320,clahe_otsu,15.8355712890625
320x_2025-05-15_02-05-00,320,clahe_otsu,15.30303955078125
320x_2025-05-15_02-05-00,320,clahe_otsu,15.9088134765625
320x_2025-05-15_02-05-00,320,clahe_otsu,13.9495849609375
320x_2025-05-15_02-05-00,320,clahe_otsu,13.5498046875
320x_2025-05-15_02-05-00,320,clahe_otsu,14.21966552734375
320x_2025-05-15_02-05-00,320,clahe_otsu,12.548828125
320x_2025-05-15_02-05-00,320,clahe_otsu,13.96331787109375
320x_2025-05-15_02-05-00,320,clahe_otsu,16.39862060546875
320x_2025-05-15_02-05-00,320,clahe_otsu,15.25421142578125
320x_2025-05-15_02-05-00,320,clahe_otsu,19.91424560546875
320x_2025-05-15_02-05-00,320,clahe_otsu,22.84698486328125
320x_2025-05-15_02-05-00,320,clahe_otsu,19.19403076171875
320x_2025-05-15_02-05-00,320,clahe_otsu,17.413330078125
320x_2025-05-15_02-05-00,320,clahe_otsu,16.52069091796875
320x_2025-05-15_02-05-00,320,clahe_otsu,16.595458984375
320x_2025-05-15_02-05-00,320,clahe_otsu,15.66619873046875
320x_2025-05-15_02-05-00,320,clahe_otsu,14.4866943359375
320x_2025-05-15_02-05-00,320,clahe_otsu,14.34326171875
320x_2025-05-15_02-05-00,320,clahe_otsu,15.52276611328125
320x_2025-05-15_02-05-00,320,clahe_otsu,16.1041259765625
320x_2025-05-15_02-05-00,320,clahe_otsu,13.616943359375
320x_2025-05-15_02-05-00,320,clahe_otsu,13.909912109375
320x_2025-05-15_02-05-00,320,clahe_otsu,16.74957275390625
320x_2025-05-15_02-05-00,320,clahe_otsu,16.43524169921875
320x_2025-05-15_02-05-00,320,clahe_otsu,16.36199951171875
320x_2025-05-15_02-05-00,320,clahe_otsu,29.71954345703125
320x_2025-05-15_02-05-00,320,clahe_otsu,19.02618408203125
320x_2025-05-15_02-05-00,320,clahe_otsu,17.999267578125
320x_2025-05-15_02-05-00,320,clahe_otsu,16.79229736328125
320x_2025-05-15_02-05-00,320,clahe_otsu,17.46368408203125
320x_2025-05-15_02-05-00,320,clahe_otsu,16.40167236328125
320x_2025-05-15_02-05-00,320,clahe_otsu,15.80657958984375
320x_2025-05-15_02-05-00,320,clahe_otsu,15.96221923828125
320x_2025-05-15_02-05-00,320,clahe_otsu,16.058349609375
320x_2025-05-15_02-05-00,320,clahe_otsu,17.5048828125
320x_2025-05-15_02-05-00,320,clahe_otsu,15.704345703125
320x_2025-05-15_02-05-00,320,clahe_otsu,16.41845703125
320x_2025-05-15_02-05-00,320,clahe_otsu,17.0013427734375
320x_2025-05-15_02-05-00,320,clahe_otsu,17.3583984375
320x_2025-05-15_02-05-00,320,clahe_otsu,20.95794677734375
5120x_2025-05-16_00-59-00_002,5120,unet,0.2729824045673013
5120x_2025-05-16_00-59-00_002,5120,unet,0.3582272445783019
5120x_2025-05-16_00-59-00_002,5120,unet,0.4438218660652637
5120x_2025-05-16_00-59-00_002,5120,unet,1.7182858660817146
5120x_2025-05-16_00-59-00_002,5120,unet,76.68455243110657
5120x_2025-05-16_00-59-00_002,5120,unet,98.63210320472716
5120x_2025-05-16_00-59-00_002,5120,unet,99.22634363174438
5120x_2025-05-16_00-59-00_002,5120,unet,99.05829429626463
5120x_2025-05-16_00-59-00_002,5120,unet,99.2070972919464
5120x_2025-05-16_00-59-00_002,5120,unet,99.46469068527222
5120x_2025-05-16_00-59-00_002,5120,unet,98.74159693717957
5120x_2025-05-16_00-59-00_002,5120,unet,97.65841364860536
5120x_2025-05-16_00-59-00_002,5120,unet,88.76609206199646
5120x_2025-05-16_00-59-00_002,5120,unet,21.112050116062164
5120x_2025-05-16_00-59-00_002,5120,unet,0.249559711664915
5120x_2025-05-16_00-59-00_002,5120,unet,0.2579262712970376
5120x_2025-05-16_00-59-00_002,5120,unet,0.2725395141169429
5120x_2025-05-16_00-59-00_002,5120,unet,0.3300983924418688
5120x_2025-05-16_00-59-00_002,5120,unet,0.48991609364748
5120x_2025-05-16_00-59-00_002,5120,unet,9.048914909362791
5120x_2025-05-16_00-59-00_002,5120,unet,76.79425477981567
5120x_2025-05-16_00-59-00_002,5120,unet,98.70409369468688
5120x_2025-05-16_00-59-00_002,5120,unet,99.2393970489502
5120x_2025-05-16_00-59-00_002,5120,unet,99.80709552764893
5120x_2025-05-16_00-59-00_002,5120,unet,99.25114512443542
5120x_2025-05-16_00-59-00_002,5120,unet,99.03331398963928
5120x_2025-05-16_00-59-00_002,5120,unet,99.4207799434662
5120x_2025-05-16_00-59-00_002,5120,unet,96.75357341766356
5120x_2025-05-16_00-59-00_002,5120,unet,92.93055534362792
5120x_2025-05-16_00-59-00_002,5120,unet,9.593569487333298
5120x_2025-05-16_00-59-00_002,5120,unet,0.2678429009392857
5120x_2025-05-16_00-59-00_002,5120,unet,0.2611831994727254
5120x_2025-05-16_00-59-00_002,5120,unet,0.2948984038084745
5120x_2025-05-16_00-59-00_002,5120,unet,0.5448202602565289
5120x_2025-05-16_00-59-00_002,5120,unet,0.7860150188207626
5120x_2025-05-16_00-59-00_002,5120,unet,5.30591756105423
5120x_2025-05-16_00-59-00_002,5120,unet,88.85397911071777
5120x_2025-05-16_00-59-00_002,5120,unet,98.15384149551392
5120x_2025-05-16_00-59-00_002,5120,unet,99.2322564125061
5120x_2025-05-16_00-59-00_002,5120,unet,99.26638007164
5120x_2025-05-16_00-59-00_002,5120,unet,99.2241621017456
5120x_2025-05-16_00-59-00_002,5120,unet,99.78746175765993
5120x_2025-05-16_00-59-00_002,5120,unet,99.63389039039612
5120x_2025-05-16_00-59-00_002,5120,unet,97.62834310531616
5120x_2025-05-16_00-59-00_002,5120,unet,52.34856605529785
5120x_2025-05-16_00-59-00_002,5120,unet,0.2700578654184937
5120x_2025-05-16_00-59-00_002,5120,unet,0.2663032617419958
5120x_2025-05-16_00-59-00_002,5120,unet,0.2605171641334891
5120x_2025-05-16_00-59-00_002,5120,unet,0.3519050078466534
5120x_2025-05-16_00-59-00_002,5120,unet,0.4672026261687279
5120x_2025-05-16_00-59-00_002,5120,unet,0.9068256244063376
5120x_2025-05-16_00-59-00_002,5120,unet,10.356584936380386
5120x_2025-05-16_00-59-00_002,5120,unet,92.11691617965698
5120x_2025-05-16_00-59-00_002,5120,unet,98.8821268081665
5120x_2025-05-16_00-59-00_002,5120,unet,98.27739000320436
5120x_2025-05-16_00-59-00_002,5120,unet,97.76604175567628
5120x_2025-05-16_00-59-00_002,5120,unet,99.52971935272215
5120x_2025-05-16_00-59-00_002,5120,unet,99.7434377670288
5120x_2025-05-16_00-59-00_002,5120,unet,99.60554838180542
5120x_2025-05-16_00-59-00_002,5120,unet,86.97850704193115
5120x_2025-05-16_00-59-00_002,5120,unet,0.2718593692407012
5120x_2025-05-16_00-59-00_002,5120,unet,0.2702036872506141
5120x_2025-05-16_00-59-00_002,5120,unet,0.2682334743440151
5120x_2025-05-16_00-59-00_002,5120,unet,0.2689088229089975
5120x_2025-05-16_00-59-00_002,5120,unet,0.3633690066635608
5120x_2025-05-16_00-59-00_002,5120,unet,0.3557775169610977
5120x_2025-05-16_00-59-00_002,5120,unet,0.7284282706677914
5120x_2025-05-16_00-59-00_002,5120,unet,34.501904249191284
5120x_2025-05-16_00-59-00_002,5120,unet,97.54746556282043
5120x_2025-05-16_00-59-00_002,5120,unet,98.96317720413208
5120x_2025-05-16_00-59-00_002,5120,unet,99.22664761543274
5120x_2025-05-16_00-59-00_002,5120,unet,98.10170531272888
5120x_2025-05-16_00-59-00_002,5120,unet,99.22385811805724
5120x_2025-05-16_00-59-00_002,5120,unet,99.90042448043825
5120x_2025-05-16_00-59-00_002,5120,unet,98.33334684371948
5120x_2025-05-16_00-59-00_002,5120,unet,0.2748934086412191
5120x_2025-05-16_00-59-00_002,5120,unet,0.2729262923821807
5120x_2025-05-16_00-59-00_002,5120,unet,0.2716328483074903
5120x_2025-05-16_00-59-00_002,5120,unet,0.2683582715690136
5120x_2025-05-16_00-59-00_002,5120,unet,0.2625971799716353
5120x_2025-05-16_00-59-00_002,5120,unet,0.3520868951454758
5120x_2025-05-16_00-59-00_002,5120,unet,0.4991392605006695
5120x_2025-05-16_00-59-00_002,5120,unet,0.7466721814125776
5120x_2025-05-16_00-59-00_002,5120,unet,41.34177565574646
5120x_2025-05-16_00-59-00_002,5120,unet,94.05122995376588
5120x_2025-05-16_00-59-00_002,5120,unet,95.47643065452576
5120x_2025-05-16_00-59-00_002,5120,unet,98.50281476974487
5120x_2025-05-16_00-59-00_002,5120,unet,99.24673438072205
5120x_2025-05-16_00-59-00_002,5120,unet,99.19294118881226
5120x_2025-05-16_00-59-00_002,5120,unet,97.29884266853333
5120x_2025-05-16_00-59-00_002,5120,unet,0.2778956666588783
5120x_2025-05-16_00-59-00_002,5120,unet,0.2767541911453008
5120x_2025-05-16_00-59-00_002,5120,unet,0.2738292794674635
5120x_2025-05-16_00-59-00_002,5120,unet,0.2715431619435549
5120x_2025-05-16_00-59-00_002,5120,unet,0.2678773598745465
5120x_2025-05-16_00-59-00_002,5120,unet,0.2707743318751454
5120x_2025-05-16_00-59-00_002,5120,unet,0.4951986949890852
5120x_2025-05-16_00-59-00_002,5120,unet,0.6555041763931513
5120x_2025-05-16_00-59-00_002,5120,unet,0.3823216771706939
5120x_2025-05-16_00-59-00_002,5120,unet,1.3652358204126358
5120x_2025-05-16_00-59-00_002,5120,unet,47.02407121658325
5120x_2025-05-16_00-59-00_002,5120,unet,91.45964980125429
5120x_2025-05-16_00-59-00_002,5120,unet,98.63479733467102
5120x_2025-05-16_00-59-00_002,5120,unet,98.96687865257265
5120x_2025-05-16_00-59-00_002,5120,unet,98.39417338371275
5120x_2025-05-16_00-59-00_002,5120,unet,0.2779624192044139
5120x_2025-05-16_00-59-00_002,5120,unet,0.278205843642354
5120x_2025-05-16_00-59-00_002,5120,unet,0.2770813181996345
5120x_2025-05-16_00-59-00_002,5120,unet,0.2742785029113292
5120x_2025-05-16_00-59-00_002,5120,unet,0.2716084476560354
5120x_2025-05-16_00-59-00_002,5120,unet,0.267179193906486
5120x_2025-05-16_00-59-00_002,5120,unet,0.2643358428031206
5120x_2025-05-16_00-59-00_002,5120,unet,0.3409523982554674
5120x_2025-05-16_00-59-00_002,5120,unet,0.5116659216582775
5120x_2025-05-16_00-59-00_002,5120,unet,0.5991180427372456
5120x_2025-05-16_00-59-00_002,5120,unet,0.3541216487064957
5120x_2025-05-16_00-59-00_002,5120,unet,4.685832187533379
5120x_2025-05-16_00-59-00_002,5120,unet,66.76920652389526
5120x_2025-05-16_00-59-00_002,5120,unet,97.30032086372375
5120x_2025-05-16_00-59-00_002,5120,unet,96.93228006362916
5120x_2025-05-16_00-59-00_002,5120,resunet,0.1394569873809814
5120x_2025-05-16_00-59-00_002,5120,resunet,0.1869594561867416
5120x_2025-05-16_00-59-00_002,5120,resunet,0.0735344481654465
5120x_2025-05-16_00-59-00_002,5120,resunet,0.3960005473345518
5120x_2025-05-16_00-59-00_002,5120,resunet,33.631494641304016
5120x_2025-05-16_00-59-00_002,5120,resunet,89.57725167274475
5120x_2025-05-16_00-59-00_002,5120,resunet,99.17472004890442
5120x_2025-05-16_00-59-00_002,5120,resunet,99.35464859008788
5120x_2025-05-16_00-59-00_002,5120,resunet,99.7217893600464
5120x_2025-05-16_00-59-00_002,5120,resunet,99.82924461364746
5120x_2025-05-16_00-59-00_002,5120,resunet,99.85210299491882
5120x_2025-05-16_00-59-00_002,5120,resunet,99.45857524871826
5120x_2025-05-16_00-59-00_002,5120,resunet,85.91504096984863
5120x_2025-05-16_00-59-00_002,5120,resunet,13.648903369903564
5120x_2025-05-16_00-59-00_002,5120,resunet,0.0327551213558763
5120x_2025-05-16_00-59-00_002,5120,resunet,0.3876484697684645
5120x_2025-05-16_00-59-00_002,5120,resunet,0.3482841420918703
5120x_2025-05-16_00-59-00_002,5120,resunet,0.1547442050650715
5120x_2025-05-16_00-59-00_002,5120,resunet,0.0750652747228741
5120x_2025-05-16_00-59-00_002,5120,resunet,0.8382591418921947
5120x_2025-05-16_00-59-00_002,5120,resunet,31.6334068775177
5120x_2025-05-16_00-59-00_002,5120,resunet,93.35368871688844
5120x_2025-05-16_00-59-00_002,5120,resunet,98.4124720096588
5120x_2025-05-16_00-59-00_002,5120,resunet,99.72651600837708
5120x_2025-05-16_00-59-00_002,5120,resunet,99.5086908340454
5120x_2025-05-16_00-59-00_002,5120,resunet,99.728924036026
5120x_2025-05-16_00-59-00_002,5120,resunet,99.91591572761536
5120x_2025-05-16_00-59-00_002,5120,resunet,99.21250939369202
5120x_2025-05-16_00-59-00_002,5120,resunet,95.75340151786804
5120x_2025-05-16_00-59-00_002,5120,resunet,7.056109607219696
5120x_2025-05-16_00-59-00_002,5120,resunet,0.533306272700429
5120x_2025-05-16_00-59-00_002,5120,resunet,0.5945570766925812
5120x_2025-05-16_00-59-00_002,5120,resunet,0.3074156120419502
5120x_2025-05-16_00-59-00_002,5120,resunet,0.2097897231578827
5120x_2025-05-16_00-59-00_002,5120,resunet,0.068092142464593
5120x_2025-05-16_00-59-00_002,5120,resunet,0.4319828934967518
5120x_2025-05-16_00-59-00_002,5120,resunet,35.699912905693054
5120x_2025-05-16_00-59-00_002,5120,resunet,93.29942464828493
5120x_2025-05-16_00-59-00_002,5120,resunet,98.5536277294159
5120x_2025-05-16_00-59-00_002,5120,resunet,99.57647919654846
5120x_2025-05-16_00-59-00_002,5120,resunet,99.11563396453856
5120x_2025-05-16_00-59-00_002,5120,resunet,99.93394613265993
5120x_2025-05-16_00-59-00_002,5120,resunet,99.97617602348328
5120x_2025-05-16_00-59-00_002,5120,resunet,99.09008741378784
5120x_2025-05-16_00-59-00_002,5120,resunet,47.756755352020264
5120x_2025-05-16_00-59-00_002,5120,resunet,0.2887233858928084
5120x_2025-05-16_00-59-00_002,5120,resunet,0.7478294428437948
5120x_2025-05-16_00-59-00_002,5120,resunet,0.7661435287445784
5120x_2025-05-16_00-59-00_002,5120,resunet,0.4442156292498112
5120x_2025-05-16_00-59-00_002,5120,resunet,0.1428905175998807
5120x_2025-05-16_00-59-00_002,5120,resunet,0.0658449134789407
5120x_2025-05-16_00-59-00_002,5120,resunet,1.430900115519762
5120x_2025-05-16_00-59-00_002,5120,resunet,56.12199306488037
5120x_2025-05-16_00-59-00_002,5120,resunet,94.5976197719574
5120x_2025-05-16_00-59-00_002,5120,resunet,97.19163775444032
5120x_2025-05-16_00-59-00_002,5120,resunet,98.92635345458984
5120x_2025-05-16_00-59-00_002,5120,resunet,99.75908994674684
5120x_2025-05-16_00-59-00_002,5120,resunet,99.93853569030762
5120x_2025-05-16_00-59-00_002,5120,resunet,99.97544884681702
5120x_2025-05-16_00-59-00_002,5120,resunet,86.53404116630554
5120x_2025-05-16_00-59-00_002,5120,resunet,0.1539311488159001
5120x_2025-05-16_00-59-00_002,5120,resunet,0.3511511720716953
5120x_2025-05-16_00-59-00_002,5120,resunet,0.7237309589982033
5120x_2025-05-16_00-59-00_002,5120,resunet,0.7102715782821178
5120x_2025-05-16_00-59-00_002,5120,resunet,0.3662350121885538
5120x_2025-05-16_00-59-00_002,5120,resunet,0.0768249970860779
5120x_2025-05-16_00-59-00_002,5120,resunet,0.0588512571994215
5120x_2025-05-16_00-59-00_002,5120,resunet,8.156079798936844
5120x_2025-05-16_00-59-00_002,5120,resunet,73.72681498527527
5120x_2025-05-16_00-59-00_002,5120,resunet,94.99541521072388
5120x_2025-05-16_00-59-00_002,5120,resunet,97.1832513809204
5120x_2025-05-16_00-59-00_002,5120,resunet,97.85891771316528
5120x_2025-05-16_00-59-00_002,5120,resunet,99.68624711036682
5120x_2025-05-16_00-59-00_002,5120,resunet,99.97972846031188
5120x_2025-05-16_00-59-00_002,5120,resunet,99.6808648109436
5120x_2025-05-16_00-59-00_002,5120,resunet,0.0533002952579408
5120x_2025-05-16_00-59-00_002,5120,resunet,0.0744837103411555
5120x_2025-05-16_00-59-00_002,5120,resunet,0.2086068736389279
5120x_2025-05-16_00-59-00_002,5120,resunet,0.7770654279738665
5120x_2025-05-16_00-59-00_002,5120,resunet,0.7356793619692326
5120x_2025-05-16_00-59-00_002,5120,resunet,0.3013485576957464
5120x_2025-05-16_00-59-00_002,5120,resunet,0.0836873368825763
5120x_2025-05-16_00-59-00_002,5120,resunet,0.0573102675843983
5120x_2025-05-16_00-59-00_002,5120,resunet,7.996134459972382
5120x_2025-05-16_00-59-00_002,5120,resunet,44.77302432060242
5120x_2025-05-16_00-59-00_002,5120,resunet,79.97721433639526
5120x_2025-05-16_00-59-00_002,5120,resunet,95.5792486667633
5120x_2025-05-16_00-59-00_002,5120,resunet,97.62085676193236
5120x_2025-05-16_00-59-00_002,5120,resunet,99.34585094451904
5120x_2025-05-16_00-59-00_002,5120,resunet,98.31370115280151
5120x_2025-05-16_00-59-00_002,5120,resunet,0.0435554422438144
5120x_2025-05-16_00-59-00_002,5120,resunet,0.046539565664716
5120x_2025-05-16_00-59-00_002,5120,resunet,0.0585390313062816
5120x_2025-05-16_00-59-00_002,5120,resunet,0.2372585935518145
5120x_2025-05-16_00-59-00_002,5120,resunet,0.8315923623740673
5120x_2025-05-16_00-59-00_002,5120,resunet,0.6538200192153454
5120x_2025-05-16_00-59-00_002,5120,resunet,0.3213349264115095
5120x_2025-05-16_00-59-00_002,5120,resunet,0.1145959598943591
5120x_2025-05-16_00-59-00_002,5120,resunet,0.0566060945857316
5120x_2025-05-16_00-59-00_002,5120,resunet,0.0615180353634059
5120x_2025-05-16_00-59-00_002,5120,resunet,8.083526045084
5120x_2025-05-16_00-59-00_002,5120,resunet,59.291261434555054
5120x_2025-05-16_00-59-00_002,5120,resunet,87.79842257499695
5120x_2025-05-16_00-59-00_002,5120,resunet,97.1190333366394
5120x_2025-05-16_00-59-00_002,5120,resunet,99.08541440963744
5120x_2025-05-16_00-59-00_002,5120,resunet,0.041712011443451
5120x_2025-05-16_00-59-00_002,5120,resunet,0.0426211830927059
5120x_2025-05-16_00-59-00_002,5120,resunet,0.0461110234027728
5120x_2025-05-16_00-59-00_002,5120,resunet,0.0603666878305375
5120x_2025-05-16_00-59-00_002,5120,resunet,0.2420309232547879
5120x_2025-05-16_00-59-00_002,5120,resunet,0.7407892495393753
5120x_2025-05-16_00-59-00_002,5120,resunet,0.3500077873468399
5120x_2025-05-16_00-59-00_002,5120,resunet,0.1781442202627658
5120x_2025-05-16_00-59-00_002,5120,resunet,0.0771565828472375
5120x_2025-05-16_00-59-00_002,5120,resunet,0.0592728669289499
5120x_2025-05-16_00-59-00_002,5120,resunet,0.0549193588085472
5120x_2025-05-16_00-59-00_002,5120,resunet,0.5135862622410059
5120x_2025-05-16_00-59-00_002,5120,resunet,17.82360076904297
5120x_2025-05-16_00-59-00_002,5120,resunet,79.1006326675415
5120x_2025-05-16_00-59-00_002,5120,resunet,98.48920106887816
5120x_2025-05-16_00-59-00_002,5120,attention_resunet,0.0766623066738247
5120x_2025-05-16_00-59-00_002,5120,attention_resunet,0.0635869102552533
5120x_2025-05-16_00-59-00_002,5120,attention_resunet,0.0541547196917235
5120x_2025-05-16_00-59-00_002,5120,attention_resunet,0.0493383966386318
5120x_2025-05-16_00-59-00_002,5120,attention_resunet,5.110586434602737
5120x_2025-05-16_00-59-00_002,5120,attention_resunet,41.61387085914612
5120x_2025-05-16_00-59-00_002,5120,attention_resunet,86.69222593307495
5120x_2025-05-16_00-59-00_002,5120,attention_resunet,94.54089403152466
5120x_2025-05-16_00-59-00_002,5120,attention_resunet,96.54943943023682
5120x_2025-05-16_00-59-00_002,5120,attention_resunet,92.8360402584076
5120x_2025-05-16_00-59-00_002,5120,attention_resunet,97.2996711730957
5120x_2025-05-16_00-59-00_002,5120,attention_resunet,64.04002904891968
5120x_2025-05-16_00-59-00_002,5120,attention_resunet,17.12300032377243
5120x_2025-05-16_00-59-00_002,5120,attention_resunet,0.8111860603094101
5120x_2025-05-16_00-59-00_002,5120,attention_resunet,0.0538185297045856
5120x_2025-05-16_00-59-00_002,5120,attention_resunet,0.0891991890966892
5120x_2025-05-16_00-59-00_002,5120,attention_resunet,0.0867915630806237
5120x_2025-05-16_00-59-00_002,5120,attention_resunet,0.0605607463512569
5120x_2025-05-16_00-59-00_002,5120,attention_resunet,0.0540113251190632
5120x_2025-05-16_00-59-00_002,5120,attention_resunet,0.0602879037614911
5120x_2025-05-16_00-59-00_002,5120,attention_resunet,6.548973917961121
5120x_2025-05-16_00-59-00_002,5120,attention_resunet,43.24846267700195
5120x_2025-05-16_00-59-00_002,5120,attention_resunet,92.15608239173888
5120x_2025-05-16_00-59-00_002,5120,attention_resunet,93.92259120941162
5120x_2025-05-16_00-59-00_002,5120,attention_resunet,98.94440174102785
5120x_2025-05-16_00-59-00_002,5120,attention_resunet,98.85586500167848
5120x_2025-05-16_00-59-00_002,5120,attention_resunet,96.61624431610107
5120x_2025-05-16_00-59-00_002,5120,attention_resunet,71.28321528434753
5120x_2025-05-16_00-59-00_002,5120,attention_resunet,25.09745955467224
5120x_2025-05-16_00-59-00_002,5120,attention_resunet,2.4334097281098366
5120x_2025-05-16_00-59-00_002,5120,attention_resunet,0.0682052515912801
5120x_2025-05-16_00-59-00_002,5120,attention_resunet,0.0852259341627359
5120x_2025-05-16_00-59-00_002,5120,attention_resunet,0.0835864339023828
5120x_2025-05-16_00-59-00_002,5120,attention_resunet,0.0625429092906415
5120x_2025-05-16_00-59-00_002,5120,attention_resunet,0.053833844140172
5120x_2025-05-16_00-59-00_002,5120,attention_resunet,0.2567658200860023
5120x_2025-05-16_00-59-00_002,5120,attention_resunet,6.020434573292732
5120x_2025-05-16_00-59-00_002,5120,attention_resunet,57.62094259262085
5120x_2025-05-16_00-59-00_002,5120,attention_resunet,90.6968116760254
5120x_2025-05-16_00-59-00_002,5120,attention_resunet,92.68442988395692
5120x_2025-05-16_00-59-00_002,5120,attention_resunet,93.45141053199768
5120x_2025-05-16_00-59-00_002,5120,attention_resunet,98.98017644882202
5120x_2025-05-16_00-59-00_002,5120,attention_resunet,98.54270815849304
5120x_2025-05-16_00-59-00_002,5120,attention_resunet,84.91307497024536
5120x_2025-05-16_00-59-00_002,5120,attention_resunet,20.61658501625061
5120x_2025-05-16_00-59-00_002,5120,attention_resunet,0.0635857693850994
5120x_2025-05-16_00-59-00_002,5120,attention_resunet,0.0717855291441083
5120x_2025-05-16_00-59-00_002,5120,attention_resunet,0.0895711244083941
5120x_2025-05-16_00-59-00_002,5120,attention_resunet,0.0949192733969539
5120x_2025-05-16_00-59-00_002,5120,attention_resunet,0.0562517903745174
5120x_2025-05-16_00-59-00_002,5120,attention_resunet,0.0532498175743967
5120x_2025-05-16_00-59-00_002,5120,attention_resunet,0.5038139410316944
5120x_2025-05-16_00-59-00_002,5120,attention_resunet,15.77170193195343
5120x_2025-05-16_00-59-00_002,5120,attention_resunet,48.104798793792725
5120x_2025-05-16_00-59-00_002,5120,attention_resunet,86.9440495967865
5120x_2025-05-16_00-59-00_002,5120,attention_resunet,94.09016370773315
5120x_2025-05-16_00-59-00_002,5120,attention_resunet,95.49610614776611
5120x_2025-05-16_00-59-00_002,5120,attention_resunet,95.46865224838255
5120x_2025-05-16_00-59-00_002,5120,attention_resunet,99.44316744804382
5120x_2025-05-16_00-59-00_002,5120,attention_resunet,53.47188711166382
5120x_2025-05-16_00-59-00_002,5120,attention_resunet,0.0589812989346683
5120x_2025-05-16_00-59-00_002,5120,attention_resunet,0.0620839360635727
5120x_2025-05-16_00-59-00_002,5120,attention_resunet,0.0681018398609012
5120x_2025-05-16_00-59-00_002,5120,attention_resunet,0.081150874029845
5120x_2025-05-16_00-59-00_002,5120,attention_resunet,0.1085654133930802
5120x_2025-05-16_00-59-00_002,5120,attention_resunet,0.0549914082512259
5120x_2025-05-16_00-59-00_002,5120,attention_resunet,0.0528255186509341
5120x_2025-05-16_00-59-00_002,5120,attention_resunet,2.0345713943243027
5120x_2025-05-16_00-59-00_002,5120,attention_resunet,21.99690341949463
5120x_2025-05-16_00-59-00_002,5120,attention_resunet,56.855374574661255
5120x_2025-05-16_00-59-00_002,5120,attention_resunet,84.26249623298645
5120x_2025-05-16_00-59-00_002,5120,attention_resunet,94.14612650871275
5120x_2025-05-16_00-59-00_002,5120,attention_resunet,95.60176730155943
5120x_2025-05-16_00-59-00_002,5120,attention_resunet,97.69378304481506
5120x_2025-05-16_00-59-00_002,5120,attention_resunet,81.66176080703735
5120x_2025-05-16_00-59-00_002,5120,attention_resunet,0.0569849740713834
5120x_2025-05-16_00-59-00_002,5120,attention_resunet,0.0575929298065602
5120x_2025-05-16_00-59-00_002,5120,attention_resunet,0.0596981379203498
5120x_2025-05-16_00-59-00_002,5120,attention_resunet,0.0688768050167709
5120x_2025-05-16_00-59-00_002,5120,attention_resunet,0.086321251001209
5120x_2025-05-16_00-59-00_002,5120,attention_resunet,0.0708011677488684
5120x_2025-05-16_00-59-00_002,5120,attention_resunet,0.0541095563676208
5120x_2025-05-16_00-59-00_002,5120,attention_resunet,0.0513144419528543
5120x_2025-05-16_00-59-00_002,5120,attention_resunet,1.5407473780214789
5120x_2025-05-16_00-59-00_002,5120,attention_resunet,12.63674795627594
5120x_2025-05-16_00-59-00_002,5120,attention_resunet,13.68437260389328
5120x_2025-05-16_00-59-00_002,5120,attention_resunet,69.80404257774353
5120x_2025-05-16_00-59-00_002,5120,attention_resunet,83.07828903198242
5120x_2025-05-16_00-59-00_002,5120,attention_resunet,99.08055067062378
5120x_2025-05-16_00-59-00_002,5120,attention_resunet,89.6487832069397
5120x_2025-05-16_00-59-00_002,5120,attention_resunet,0.0562941888347268
5120x_2025-05-16_00-59-00_002,5120,attention_resunet,0.0568155082874
5120x_2025-05-16_00-59-00_002,5120,attention_resunet,0.0571620417758822
5120x_2025-05-16_00-59-00_002,5120,attention_resunet,0.0603869324550032
5120x_2025-05-16_00-59-00_002,5120,attention_resunet,0.0688106112647801
5120x_2025-05-16_00-59-00_002,5120,attention_resunet,0.0870224204845726
5120x_2025-05-16_00-59-00_002,5120,attention_resunet,0.0673312111757695
5120x_2025-05-16_00-59-00_002,5120,attention_resunet,0.0556791084818542
5120x_2025-05-16_00-59-00_002,5120,attention_resunet,0.0523599155712872
5120x_2025-05-16_00-59-00_002,5120,attention_resunet,0.049469101941213
5120x_2025-05-16_00-59-00_002,5120,attention_resunet,1.96547769010067
5120x_2025-05-16_00-59-00_002,5120,attention_resunet,9.382680058479307
5120x_2025-05-16_00-59-00_002,5120,attention_resunet,21.782603859901428
5120x_2025-05-16_00-59-00_002,5120,attention_resunet,84.58514213562012
5120x_2025-05-16_00-59-00_002,5120,attention_resunet,93.57556104660034
5120x_2025-05-16_00-59-00_002,5120,attention_resunet,0.055702868849039
5120x_2025-05-16_00-59-00_002,5120,attention_resunet,0.0559307751245796
5120x_2025-05-16_00-59-00_002,5120,attention_resunet,0.0566691218409687
5120x_2025-05-16_00-59-00_002,5120,attention_resunet,0.0573125085793435
5120x_2025-05-16_00-59-00_002,5120,attention_resunet,0.0605072127655148
5120x_2025-05-16_00-59-00_002,5120,attention_resunet,0.071055005537346
5120x_2025-05-16_00-59-00_002,5120,attention_resunet,0.0850497221108526
5120x_2025-05-16_00-59-00_002,5120,attention_resunet,0.0646686588879674
5120x_2025-05-16_00-59-00_002,5120,attention_resunet,0.0549156684428453
5120x_2025-05-16_00-59-00_002,5120,attention_resunet,0.053616426885128
5120x_2025-05-16_00-59-00_002,5120,attention_resunet,0.0512671889737248
5120x_2025-05-16_00-59-00_002,5120,attention_resunet,0.0527545693330466
5120x_2025-05-16_00-59-00_002,5120,attention_resunet,2.5912512093782425
5120x_2025-05-16_00-59-00_002,5120,attention_resunet,23.256444931030273
5120x_2025-05-16_00-59-00_002,5120,attention_resunet,80.40930032730103
5120x_2025-05-16_00-59-00_002,5120,clahe_otsu,27.9998779296875
5120x_2025-05-16_00-59-00_002,5120,clahe_otsu,29.1595458984375
5120x_2025-05-16_00-59-00_002,5120,clahe_otsu,39.31884765625
5120x_2025-05-16_00-59-00_002,5120,clahe_otsu,31.66961669921875
5120x_2025-05-16_00-59-00_002,5120,clahe_otsu,45.49407958984375
5120x_2025-05-16_00-59-00_002,5120,clahe_otsu,34.65728759765625
5120x_2025-05-16_00-59-00_002,5120,clahe_otsu,32.073974609375
5120x_2025-05-16_00-59-00_002,5120,clahe_otsu,1.7120361328125
5120x_2025-05-16_00-59-00_002,5120,clahe_otsu,29.54559326171875
5120x_2025-05-16_00-59-00_002,5120,clahe_otsu,35.87646484375
5120x_2025-05-16_00-59-00_002,5120,clahe_otsu,45.9747314453125
5120x_2025-05-16_00-59-00_002,5120,clahe_otsu,48.7579345703125
5120x_2025-05-16_00-59-00_002,5120,clahe_otsu,44.256591796875
5120x_2025-05-16_00-59-00_002,5120,clahe_otsu,40.97442626953125
5120x_2025-05-16_00-59-00_002,5120,clahe_otsu,46.21124267578125
5120x_2025-05-16_00-59-00_002,5120,clahe_otsu,3.3416748046875
5120x_2025-05-16_00-59-00_002,5120,clahe_otsu,1.75323486328125
5120x_2025-05-16_00-59-00_002,5120,clahe_otsu,1.8402099609375
5120x_2025-05-16_00-59-00_002,5120,clahe_otsu,31.43157958984375
5120x_2025-05-16_00-59-00_002,5120,clahe_otsu,45.867919921875
5120x_2025-05-16_00-59-00_002,5120,clahe_otsu,32.26470947265625
5120x_2025-05-16_00-59-00_002,5120,clahe_otsu,42.97332763671875
5120x_2025-05-16_00-59-00_002,5120,clahe_otsu,36.89727783203125
5120x_2025-05-16_00-59-00_002,5120,clahe_otsu,36.58599853515625
5120x_2025-05-16_00-59-00_002,5120,clahe_otsu,38.78936767578125
5120x_2025-05-16_00-59-00_002,5120,clahe_otsu,38.01727294921875
5120x_2025-05-16_00-59-00_002,5120,clahe_otsu,38.90533447265625
5120x_2025-05-16_00-59-00_002,5120,clahe_otsu,45.61614990234375
5120x_2025-05-16_00-59-00_002,5120,clahe_otsu,46.22955322265625
5120x_2025-05-16_00-59-00_002,5120,clahe_otsu,48.35357666015625
5120x_2025-05-16_00-59-00_002,5120,clahe_otsu,3.91693115234375
5120x_2025-05-16_00-59-00_002,5120,clahe_otsu,2.05078125
5120x_2025-05-16_00-59-00_002,5120,clahe_otsu,2.044677734375
5120x_2025-05-16_00-59-00_002,5120,clahe_otsu,29.7515869140625
5120x_2025-05-16_00-59-00_002,5120,clahe_otsu,28.72772216796875
5120x_2025-05-16_00-59-00_002,5120,clahe_otsu,41.64276123046875
5120x_2025-05-16_00-59-00_002,5120,clahe_otsu,1.202392578125
5120x_2025-05-16_00-59-00_002,5120,clahe_otsu,41.51611328125
5120x_2025-05-16_00-59-00_002,5120,clahe_otsu,42.5048828125
5120x_2025-05-16_00-59-00_002,5120,clahe_otsu,1.483154296875
5120x_2025-05-16_00-59-00_002,5120,clahe_otsu,1.9439697265625
5120x_2025-05-16_00-59-00_002,5120,clahe_otsu,33.7554931640625
5120x_2025-05-16_00-59-00_002,5120,clahe_otsu,39.62860107421875
5120x_2025-05-16_00-59-00_002,5120,clahe_otsu,39.898681640625
5120x_2025-05-16_00-59-00_002,5120,clahe_otsu,44.29779052734375
5120x_2025-05-16_00-59-00_002,5120,clahe_otsu,3.5186767578125
5120x_2025-05-16_00-59-00_002,5120,clahe_otsu,2.11181640625
5120x_2025-05-16_00-59-00_002,5120,clahe_otsu,31.38427734375
5120x_2025-05-16_00-59-00_002,5120,clahe_otsu,1.1016845703125
5120x_2025-05-16_00-59-00_002,5120,clahe_otsu,1.361083984375
5120x_2025-05-16_00-59-00_002,5120,clahe_otsu,1.4434814453125
5120x_2025-05-16_00-59-00_002,5120,clahe_otsu,1.52435302734375
5120x_2025-05-16_00-59-00_002,5120,clahe_otsu,1.46484375
5120x_2025-05-16_00-59-00_002,5120,clahe_otsu,1.2939453125
5120x_2025-05-16_00-59-00_002,5120,clahe_otsu,2.09197998046875
5120x_2025-05-16_00-59-00_002,5120,clahe_otsu,41.3177490234375
5120x_2025-05-16_00-59-00_002,5120,clahe_otsu,31.35833740234375
5120x_2025-05-16_00-59-00_002,5120,clahe_otsu,29.82330322265625
5120x_2025-05-16_00-59-00_002,5120,clahe_otsu,42.3828125
5120x_2025-05-16_00-59-00_002,5120,clahe_otsu,42.2088623046875
5120x_2025-05-16_00-59-00_002,5120,clahe_otsu,3.1524658203125
5120x_2025-05-16_00-59-00_002,5120,clahe_otsu,2.47344970703125
5120x_2025-05-16_00-59-00_002,5120,clahe_otsu,1.70135498046875
5120x_2025-05-16_00-59-00_002,5120,clahe_otsu,1.50909423828125
5120x_2025-05-16_00-59-00_002,5120,clahe_otsu,1.20391845703125
5120x_2025-05-16_00-59-00_002,5120,clahe_otsu,2.301025390625
5120x_2025-05-16_00-59-00_002,5120,clahe_otsu,1.98822021484375
5120x_2025-05-16_00-59-00_002,5120,clahe_otsu,47.43804931640625
5120x_2025-05-16_00-59-00_002,5120,clahe_otsu,43.93310546875
5120x_2025-05-16_00-59-00_002,5120,clahe_otsu,27.25830078125
5120x_2025-05-16_00-59-00_002,5120,clahe_otsu,28.22265625
5120x_2025-05-16_00-59-00_002,5120,clahe_otsu,32.16400146484375
5120x_2025-05-16_00-59-00_002,5120,clahe_otsu,33.2183837890625
5120x_2025-05-16_00-59-00_002,5120,clahe_otsu,34.31549072265625
5120x_2025-05-16_00-59-00_002,5120,clahe_otsu,43.1396484375
5120x_2025-05-16_00-59-00_002,5120,clahe_otsu,22.67608642578125
5120x_2025-05-16_00-59-00_002,5120,clahe_otsu,2.50244140625
5120x_2025-05-16_00-59-00_002,5120,clahe_otsu,2.34527587890625
5120x_2025-05-16_00-59-00_002,5120,clahe_otsu,1.43280029296875
5120x_2025-05-16_00-59-00_002,5120,clahe_otsu,1.10931396484375
5120x_2025-05-16_00-59-00_002,5120,clahe_otsu,1.8768310546875
5120x_2025-05-16_00-59-00_002,5120,clahe_otsu,1.95465087890625
5120x_2025-05-16_00-59-00_002,5120,clahe_otsu,2.398681640625
5120x_2025-05-16_00-59-00_002,5120,clahe_otsu,34.87701416015625
5120x_2025-05-16_00-59-00_002,5120,clahe_otsu,8.9935302734375
5120x_2025-05-16_00-59-00_002,5120,clahe_otsu,1.6082763671875
5120x_2025-05-16_00-59-00_002,5120,clahe_otsu,44.32373046875
5120x_2025-05-16_00-59-00_002,5120,clahe_otsu,41.90216064453125
5120x_2025-05-16_00-59-00_002,5120,clahe_otsu,40.19317626953125
5120x_2025-05-16_00-59-00_002,5120,clahe_otsu,38.5711669921875
5120x_2025-05-16_00-59-00_002,5120,clahe_otsu,4.34722900390625
5120x_2025-05-16_00-59-00_002,5120,clahe_otsu,11.8438720703125
5120x_2025-05-16_00-59-00_002,5120,clahe_otsu,2.1087646484375
5120x_2025-05-16_00-59-00_002,5120,clahe_otsu,2.0721435546875
5120x_2025-05-16_00-59-00_002,5120,clahe_otsu,1.55792236328125
5120x_2025-05-16_00-59-00_002,5120,clahe_otsu,1.25274658203125
5120x_2025-05-16_00-59-00_002,5120,clahe_otsu,1.422119140625
5120x_2025-05-16_00-59-00_002,5120,clahe_otsu,1.46484375
5120x_2025-05-16_00-59-00_002,5120,clahe_otsu,1.9989013671875
5120x_2025-05-16_00-59-00_002,5120,clahe_otsu,46.026611328125
5120x_2025-05-16_00-59-00_002,5120,clahe_otsu,45.4864501953125
5120x_2025-05-16_00-59-00_002,5120,clahe_otsu,34.173583984375
5120x_2025-05-16_00-59-00_002,5120,clahe_otsu,35.67962646484375
5120x_2025-05-16_00-59-00_002,5120,clahe_otsu,32.9986572265625
5120x_2025-05-16_00-59-00_002,5120,clahe_otsu,43.19305419921875
5120x_2025-05-16_00-59-00_002,5120,clahe_otsu,2.5970458984375
5120x_2025-05-16_00-59-00_002,5120,clahe_otsu,2.58331298828125
5120x_2025-05-16_00-59-00_002,5120,clahe_otsu,1.531982421875
5120x_2025-05-16_00-59-00_002,5120,clahe_otsu,1.934814453125
5120x_2025-05-16_00-59-00_002,5120,clahe_otsu,1.43585205078125
5120x_2025-05-16_00-59-00_002,5120,clahe_otsu,2.25830078125
5120x_2025-05-16_00-59-00_002,5120,clahe_otsu,4.2388916015625
5120x_2025-05-16_00-59-00_002,5120,clahe_otsu,2.9388427734375
5120x_2025-05-16_00-59-00_002,5120,clahe_otsu,2.78167724609375
5120x_2025-05-16_00-59-00_002,5120,clahe_otsu,34.20867919921875
5120x_2025-05-16_00-59-00_002,5120,clahe_otsu,27.276611328125
5120x_2025-05-16_00-59-00_002,5120,clahe_otsu,31.304931640625
5120x_2025-05-16_00-59-00_002,5120,clahe_otsu,31.12945556640625
5120x_2025-05-16_00-59-00_002,5120,clahe_otsu,31.64520263671875
5120x_2025-05-16_00-59-00_002,5120,clahe_otsu,44.75860595703125
640x_2025-05-16_00-59-00_002,640,unet,0.2565587172284722
640x_2025-05-16_00-59-00_002,640,unet,0.2571874996647239
640x_2025-05-16_00-59-00_002,640,unet,0.2556805498898029
640x_2025-05-16_00-59-00_002,640,unet,0.2504738513380289
640x_2025-05-16_00-59-00_002,640,unet,3.920199722051621
640x_2025-05-16_00-59-00_002,640,unet,34.28930044174194
640x_2025-05-16_00-59-00_002,640,unet,81.63334131240845
640x_2025-05-16_00-59-00_002,640,unet,92.53675937652588
640x_2025-05-16_00-59-00_002,640,unet,95.65869569778442
640x_2025-05-16_00-59-00_002,640,unet,94.14273500442503
640x_2025-05-16_00-59-00_002,640,unet,95.6943929195404
640x_2025-05-16_00-59-00_002,640,unet,92.784184217453
640x_2025-05-16_00-59-00_002,640,unet,93.68143677711488
640x_2025-05-16_00-59-00_002,640,unet,48.94255101680755
640x_2025-05-16_00-59-00_002,640,unet,0.2505460055544972
640x_2025-05-16_00-59-00_002,640,unet,0.2635373966768384
640x_2025-05-16_00-59-00_002,640,unet,0.2596865873783827
640x_2025-05-16_00-59-00_002,640,unet,0.2589595271274447
640x_2025-05-16_00-59-00_002,640,unet,0.2554815495386719
640x_2025-05-16_00-59-00_002,640,unet,0.2730722539126873
640x_2025-05-16_00-59-00_002,640,unet,3.462376818060875
640x_2025-05-16_00-59-00_002,640,unet,60.37200093269348
640x_2025-05-16_00-59-00_002,640,unet,93.98742914199828
640x_2025-05-16_00-59-00_002,640,unet,97.8633999824524
640x_2025-05-16_00-59-00_002,640,unet,94.6130394935608
640x_2025-05-16_00-59-00_002,640,unet,95.43308615684508
640x_2025-05-16_00-59-00_002,640,unet,96.16577625274658
640x_2025-05-16_00-59-00_002,640,unet,95.44448852539062
640x_2025-05-16_00-59-00_002,640,unet,90.36144018173218
640x_2025-05-16_00-59-00_002,640,unet,16.737228631973267
640x_2025-05-16_00-59-00_002,640,unet,0.2695586532354355
640x_2025-05-16_00-59-00_002,640,unet,0.2653975272551179
640x_2025-05-16_00-59-00_002,640,unet,0.2593826036900282
640x_2025-05-16_00-59-00_002,640,unet,0.2703952835872769
640x_2025-05-16_00-59-00_002,640,unet,0.2604318782687187
640x_2025-05-16_00-59-00_002,640,unet,0.2479399321600794
640x_2025-05-16_00-59-00_002,640,unet,9.657660871744156
640x_2025-05-16_00-59-00_002,640,unet,85.12673377990723
640x_2025-05-16_00-59-00_002,640,unet,97.52539992332458
640x_2025-05-16_00-59-00_002,640,unet,94.9370265007019
640x_2025-05-16_00-59-00_002,640,unet,98.95442128181458
640x_2025-05-16_00-59-00_002,640,unet,95.27653455734252
640x_2025-05-16_00-59-00_002,640,unet,95.23977637290956
640x_2025-05-16_00-59-00_002,640,unet,96.34803533554076
640x_2025-05-16_00-59-00_002,640,unet,61.25708222389221
640x_2025-05-16_00-59-00_002,640,unet,0.2706093247979879
640x_2025-05-16_00-59-00_002,640,unet,0.2692271256819367
640x_2025-05-16_00-59-00_002,640,unet,0.2652142895385623
640x_2025-05-16_00-59-00_002,640,unet,0.2598502673208713
640x_2025-05-16_00-59-00_002,640,unet,0.254955468699336
640x_2025-05-16_00-59-00_002,640,unet,0.2813794882968068
640x_2025-05-16_00-59-00_002,640,unet,0.4188011866062879
640x_2025-05-16_00-59-00_002,640,unet,24.998360872268677
640x_2025-05-16_00-59-00_002,640,unet,92.99829006195068
640x_2025-05-16_00-59-00_002,640,unet,96.345192193985
640x_2025-05-16_00-59-00_002,640,unet,97.11302518844604
640x_2025-05-16_00-59-00_002,640,unet,93.77468824386597
640x_2025-05-16_00-59-00_002,640,unet,96.85766100883484
640x_2025-05-16_00-59-00_002,640,unet,94.61032748222352
640x_2025-05-16_00-59-00_002,640,unet,85.0942611694336
640x_2025-05-16_00-59-00_002,640,unet,0.2715569688007235
640x_2025-05-16_00-59-00_002,640,unet,0.2704841084778309
640x_2025-05-16_00-59-00_002,640,unet,0.2698550466448068
640x_2025-05-16_00-59-00_002,640,unet,0.265148258768022
640x_2025-05-16_00-59-00_002,640,unet,0.2568376483395695
640x_2025-05-16_00-59-00_002,640,unet,0.2661610255017876
640x_2025-05-16_00-59-00_002,640,unet,0.2508649369701743
640x_2025-05-16_00-59-00_002,640,unet,1.0256263427436352
640x_2025-05-16_00-59-00_002,640,unet,45.08397877216339
640x_2025-05-16_00-59-00_002,640,unet,97.01837301254272
640x_2025-05-16_00-59-00_002,640,unet,95.91200351715088
640x_2025-05-16_00-59-00_002,640,unet,96.20922207832336
640x_2025-05-16_00-59-00_002,640,unet,96.9508707523346
640x_2025-05-16_00-59-00_002,640,unet,95.9135353565216
640x_2025-05-16_00-59-00_002,640,unet,95.98931670188904
640x_2025-05-16_00-59-00_002,640,unet,0.2747344318777323
640x_2025-05-16_00-59-00_002,640,unet,0.2734026173129678
640x_2025-05-16_00-59-00_002,640,unet,0.2715619513764977
640x_2025-05-16_00-59-00_002,640,unet,0.2696340903639793
640x_2025-05-16_00-59-00_002,640,unet,0.2634764648973942
640x_2025-05-16_00-59-00_002,640,unet,0.2776071894913912
640x_2025-05-16_00-59-00_002,640,unet,0.3224579850211739
640x_2025-05-16_00-59-00_002,640,unet,0.2361492253839969
640x_2025-05-16_00-59-00_002,640,unet,1.0457751341164112
640x_2025-05-16_00-59-00_002,640,unet,24.747547507286072
640x_2025-05-16_00-59-00_002,640,unet,61.01294159889221
640x_2025-05-16_00-59-00_002,640,unet,93.01798939704896
640x_2025-05-16_00-59-00_002,640,unet,94.61167454719543
640x_2025-05-16_00-59-00_002,640,unet,92.70116090774536
640x_2025-05-16_00-59-00_002,640,unet,95.03982663154602
640x_2025-05-16_00-59-00_002,640,unet,0.2770882099866867
640x_2025-05-16_00-59-00_002,640,unet,0.2764698816463351
640x_2025-05-16_00-59-00_002,640,unet,0.2740565920248627
640x_2025-05-16_00-59-00_002,640,unet,0.2713331719860434
640x_2025-05-16_00-59-00_002,640,unet,0.2689946442842483
640x_2025-05-16_00-59-00_002,640,unet,0.2612370299175381
640x_2025-05-16_00-59-00_002,640,unet,0.2848692238330841
640x_2025-05-16_00-59-00_002,640,unet,0.265599088743329
640x_2025-05-16_00-59-00_002,640,unet,0.371866743080318
640x_2025-05-16_00-59-00_002,640,unet,0.2669907873496413
640x_2025-05-16_00-59-00_002,640,unet,1.468668319284916
640x_2025-05-16_00-59-00_002,640,unet,35.66752076148987
640x_2025-05-16_00-59-00_002,640,unet,55.29443025588989
640x_2025-05-16_00-59-00_002,640,unet,92.53185987472534
640x_2025-05-16_00-59-00_002,640,unet,92.03873872756958
640x_2025-05-16_00-59-00_002,640,unet,0.2774350112304091
640x_2025-05-16_00-59-00_002,640,unet,0.2772410865873098
640x_2025-05-16_00-59-00_002,640,unet,0.2765194280073046
640x_2025-05-16_00-59-00_002,640,unet,0.2739942166954279
640x_2025-05-16_00-59-00_002,640,unet,0.2714427886530757
640x_2025-05-16_00-59-00_002,640,unet,0.2682057209312916
640x_2025-05-16_00-59-00_002,640,unet,0.2620802260935306
640x_2025-05-16_00-59-00_002,640,unet,0.2881504595279693
640x_2025-05-16_00-59-00_002,640,unet,0.2803943585604429
640x_2025-05-16_00-59-00_002,640,unet,0.3054242813959718
640x_2025-05-16_00-59-00_002,640,unet,0.2520113717764616
640x_2025-05-16_00-59-00_002,640,unet,0.305091543123126
640x_2025-05-16_00-59-00_002,640,unet,0.7516632787883282
640x_2025-05-16_00-59-00_002,640,unet,60.09162664413452
640x_2025-05-16_00-59-00_002,640,unet,93.79196166992188
640x_2025-05-16_00-59-00_002,640,resunet,0.0706883845850825
640x_2025-05-16_00-59-00_002,640,resunet,0.0697421026416122
640x_2025-05-16_00-59-00_002,640,resunet,0.0525235023815184
640x_2025-05-16_00-59-00_002,640,resunet,0.0487705750856548
640x_2025-05-16_00-59-00_002,640,resunet,0.9950723499059676
640x_2025-05-16_00-59-00_002,640,resunet,16.52834266424179
640x_2025-05-16_00-59-00_002,640,resunet,63.63482475280762
640x_2025-05-16_00-59-00_002,640,resunet,82.51268863677979
640x_2025-05-16_00-59-00_002,640,resunet,96.72200083732604
640x_2025-05-16_00-59-00_002,640,resunet,86.66743636131287
640x_2025-05-16_00-59-00_002,640,resunet,95.01792788505554
640x_2025-05-16_00-59-00_002,640,resunet,90.13094305992126
640x_2025-05-16_00-59-00_002,640,resunet,83.71988534927368
640x_2025-05-16_00-59-00_002,640,resunet,31.247633695602417
640x_2025-05-16_00-59-00_002,640,resunet,0.061782676493749
640x_2025-05-16_00-59-00_002,640,resunet,0.0966578139923513
640x_2025-05-16_00-59-00_002,640,resunet,0.0979128992184996
640x_2025-05-16_00-59-00_002,640,resunet,0.0627678702585399
640x_2025-05-16_00-59-00_002,640,resunet,0.0540987646672874
640x_2025-05-16_00-59-00_002,640,resunet,0.050974340410903
640x_2025-05-16_00-59-00_002,640,resunet,1.56701672822237
640x_2025-05-16_00-59-00_002,640,resunet,24.524658918380737
640x_2025-05-16_00-59-00_002,640,resunet,78.7055492401123
640x_2025-05-16_00-59-00_002,640,resunet,92.32534170150755
640x_2025-05-16_00-59-00_002,640,resunet,93.45021843910216
640x_2025-05-16_00-59-00_002,640,resunet,96.43104672431946
640x_2025-05-16_00-59-00_002,640,resunet,93.79591941833496
640x_2025-05-16_00-59-00_002,640,resunet,90.33531546592712
640x_2025-05-16_00-59-00_002,640,resunet,85.48940420150757
640x_2025-05-16_00-59-00_002,640,resunet,9.53575223684311
640x_2025-05-16_00-59-00_002,640,resunet,0.0797902699559927
640x_2025-05-16_00-59-00_002,640,resunet,0.3849725937470794
640x_2025-05-16_00-59-00_002,640,resunet,0.0896463287062943
640x_2025-05-16_00-59-00_002,640,resunet,0.0718690862413495
640x_2025-05-16_00-59-00_002,640,resunet,0.0620686914771795
640x_2025-05-16_00-59-00_002,640,resunet,0.0611950294114649
640x_2025-05-16_00-59-00_002,640,resunet,4.4929388910532
640x_2025-05-16_00-59-00_002,640,resunet,42.08388328552246
640x_2025-05-16_00-59-00_002,640,resunet,87.34341263771057
640x_2025-05-16_00-59-00_002,640,resunet,89.62876796722412
640x_2025-05-16_00-59-00_002,640,resunet,98.02577495574953
640x_2025-05-16_00-59-00_002,640,resunet,93.9583659172058
640x_2025-05-16_00-59-00_002,640,resunet,93.15505623817444
640x_2025-05-16_00-59-00_002,640,resunet,92.30625629425047
640x_2025-05-16_00-59-00_002,640,resunet,51.488107442855835
640x_2025-05-16_00-59-00_002,640,resunet,0.0859013758599758
640x_2025-05-16_00-59-00_002,640,resunet,0.2331792376935482
640x_2025-05-16_00-59-00_002,640,resunet,0.1627827179618179
640x_2025-05-16_00-59-00_002,640,resunet,0.159120128955692
640x_2025-05-16_00-59-00_002,640,resunet,0.0824887305498123
640x_2025-05-16_00-59-00_002,640,resunet,0.0648677349090576
640x_2025-05-16_00-59-00_002,640,resunet,0.0539214699529111
640x_2025-05-16_00-59-00_002,640,resunet,3.707276284694672
640x_2025-05-16_00-59-00_002,640,resunet,52.92764902114868
640x_2025-05-16_00-59-00_002,640,resunet,81.66965842247009
640x_2025-05-16_00-59-00_002,640,resunet,91.48571491241456
640x_2025-05-16_00-59-00_002,640,resunet,91.426283121109
640x_2025-05-16_00-59-00_002,640,resunet,97.92563319206238
640x_2025-05-16_00-59-00_002,640,resunet,95.09593844413756
640x_2025-05-16_00-59-00_002,640,resunet,71.27214670181274
640x_2025-05-16_00-59-00_002,640,resunet,0.0568734598346054
640x_2025-05-16_00-59-00_002,640,resunet,0.0847507268190383
640x_2025-05-16_00-59-00_002,640,resunet,0.1490553375333547
640x_2025-05-16_00-59-00_002,640,resunet,0.2176583278924226
640x_2025-05-16_00-59-00_002,640,resunet,0.1500599551945924
640x_2025-05-16_00-59-00_002,640,resunet,0.1271921442821622
640x_2025-05-16_00-59-00_002,640,resunet,0.0534705410245806
640x_2025-05-16_00-59-00_002,640,resunet,0.0622232793830335
640x_2025-05-16_00-59-00_002,640,resunet,9.200310707092283
640x_2025-05-16_00-59-00_002,640,resunet,60.36677956581116
640x_2025-05-16_00-59-00_002,640,resunet,81.67793154716492
640x_2025-05-16_00-59-00_002,640,resunet,86.2760603427887
640x_2025-05-16_00-59-00_002,640,resunet,93.8839316368103
640x_2025-05-16_00-59-00_002,640,resunet,94.93291974067688
640x_2025-05-16_00-59-00_002,640,resunet,97.34075665473938
640x_2025-05-16_00-59-00_002,640,resunet,0.0469329010229557
640x_2025-05-16_00-59-00_002,640,resunet,0.053200323600322
640x_2025-05-16_00-59-00_002,640,resunet,0.0781155307777226
640x_2025-05-16_00-59-00_002,640,resunet,0.1729532377794385
640x_2025-05-16_00-59-00_002,640,resunet,0.3726077731698751
640x_2025-05-16_00-59-00_002,640,resunet,0.1644566189497709
640x_2025-05-16_00-59-00_002,640,resunet,0.0916699063964188
640x_2025-05-16_00-59-00_002,640,resunet,0.0531975587364286
640x_2025-05-16_00-59-00_002,640,resunet,0.0721821037586778
640x_2025-05-16_00-59-00_002,640,resunet,6.3635870814323425
640x_2025-05-16_00-59-00_002,640,resunet,14.216801524162292
640x_2025-05-16_00-59-00_002,640,resunet,58.11203718185425
640x_2025-05-16_00-59-00_002,640,resunet,77.83175110816956
640x_2025-05-16_00-59-00_002,640,resunet,89.13042545318604
640x_2025-05-16_00-59-00_002,640,resunet,93.71745586395264
640x_2025-05-16_00-59-00_002,640,resunet,0.0429277046350762
640x_2025-05-16_00-59-00_002,640,resunet,0.0446365214884281
640x_2025-05-16_00-59-00_002,640,resunet,0.0506394659169018
640x_2025-05-16_00-59-00_002,640,resunet,0.0912040355615317
640x_2025-05-16_00-59-00_002,640,resunet,0.2100451383739709
640x_2025-05-16_00-59-00_002,640,resunet,0.2933304756879806
640x_2025-05-16_00-59-00_002,640,resunet,0.1334429020062089
640x_2025-05-16_00-59-00_002,640,resunet,0.0890946772415191
640x_2025-05-16_00-59-00_002,640,resunet,0.0685546430759131
640x_2025-05-16_00-59-00_002,640,resunet,0.0530650024302303
640x_2025-05-16_00-59-00_002,640,resunet,0.2761699492111802
640x_2025-05-16_00-59-00_002,640,resunet,7.064788788557053
640x_2025-05-16_00-59-00_002,640,resunet,15.458923578262327
640x_2025-05-16_00-59-00_002,640,resunet,69.6433424949646
640x_2025-05-16_00-59-00_002,640,resunet,86.20218634605408
640x_2025-05-16_00-59-00_002,640,resunet,0.0421803793869912
640x_2025-05-16_00-59-00_002,640,resunet,0.042446146835573
640x_2025-05-16_00-59-00_002,640,resunet,0.0448018952738493
640x_2025-05-16_00-59-00_002,640,resunet,0.0498601526487618
640x_2025-05-16_00-59-00_002,640,resunet,0.1075366628356278
640x_2025-05-16_00-59-00_002,640,resunet,0.2934162504971027
640x_2025-05-16_00-59-00_002,640,resunet,0.2788202837109566
640x_2025-05-16_00-59-00_002,640,resunet,0.1755544799380004
640x_2025-05-16_00-59-00_002,640,resunet,0.1261883648112416
640x_2025-05-16_00-59-00_002,640,resunet,0.0673005648422986
640x_2025-05-16_00-59-00_002,640,resunet,0.0549250922631472
640x_2025-05-16_00-59-00_002,640,resunet,0.052948627853766
640x_2025-05-16_00-59-00_002,640,resunet,0.1001890515908598
640x_2025-05-16_00-59-00_002,640,resunet,24.28126633167267
640x_2025-05-16_00-59-00_002,640,resunet,91.35359525680542
640x_2025-05-16_00-59-00_002,640,attention_resunet,0.1010415842756629
640x_2025-05-16_00-59-00_002,640,attention_resunet,0.0623060623183846
640x_2025-05-16_00-59-00_002,640,attention_resunet,0.0633221643511205
640x_2025-05-16_00-59-00_002,640,attention_resunet,0.049923564074561
640x_2025-05-16_00-59-00_002,640,attention_resunet,0.8195469155907631
640x_2025-05-16_00-59-00_002,640,attention_resunet,1.2577271088957789
640x_2025-05-16_00-59-00_002,640,attention_resunet,10.99635511636734
640x_2025-05-16_00-59-00_002,640,attention_resunet,27.43396759033203
640x_2025-05-16_00-59-00_002,640,attention_resunet,48.82100224494934
640x_2025-05-16_00-59-00_002,640,attention_resunet,43.20477247238159
640x_2025-05-16_00-59-00_002,640,attention_resunet,54.56230044364929
640x_2025-05-16_00-59-00_002,640,attention_resunet,36.93675994873047
640x_2025-05-16_00-59-00_002,640,attention_resunet,31.103217601776123
640x_2025-05-16_00-59-00_002,640,attention_resunet,7.748185098171234
640x_2025-05-16_00-59-00_002,640,attention_resunet,0.055062846513465
640x_2025-05-16_00-59-00_002,640,attention_resunet,0.0633644172921776
640x_2025-05-16_00-59-00_002,640,attention_resunet,0.0815233332104981
640x_2025-05-16_00-59-00_002,640,attention_resunet,0.0893537129741162
640x_2025-05-16_00-59-00_002,640,attention_resunet,0.0545821443665772
640x_2025-05-16_00-59-00_002,640,attention_resunet,0.0486254808492958
640x_2025-05-16_00-59-00_002,640,attention_resunet,0.8981209248304367
640x_2025-05-16_00-59-00_002,640,attention_resunet,3.6585036665201183
640x_2025-05-16_00-59-00_002,640,attention_resunet,20.88281363248825
640x_2025-05-16_00-59-00_002,640,attention_resunet,31.053388118743896
640x_2025-05-16_00-59-00_002,640,attention_resunet,48.14136624336243
640x_2025-05-16_00-59-00_002,640,attention_resunet,46.88318967819214
640x_2025-05-16_00-59-00_002,640,attention_resunet,40.81450700759888
640x_2025-05-16_00-59-00_002,640,attention_resunet,38.77732753753662
640x_2025-05-16_00-59-00_002,640,attention_resunet,24.5014488697052
640x_2025-05-16_00-59-00_002,640,attention_resunet,2.8573470190167427
640x_2025-05-16_00-59-00_002,640,attention_resunet,0.0606877438258379
640x_2025-05-16_00-59-00_002,640,attention_resunet,0.0950319052208215
640x_2025-05-16_00-59-00_002,640,attention_resunet,0.1352670602500438
640x_2025-05-16_00-59-00_002,640,attention_resunet,0.0650198198854923
640x_2025-05-16_00-59-00_002,640,attention_resunet,0.0649759080260992
640x_2025-05-16_00-59-00_002,640,attention_resunet,0.0483444047858938
640x_2025-05-16_00-59-00_002,640,attention_resunet,1.9490338861942291
640x_2025-05-16_00-59-00_002,640,attention_resunet,4.738868027925491
640x_2025-05-16_00-59-00_002,640,attention_resunet,16.29456877708435
640x_2025-05-16_00-59-00_002,640,attention_resunet,36.35970950126648
640x_2025-05-16_00-59-00_002,640,attention_resunet,49.51425790786743
640x_2025-05-16_00-59-00_002,640,attention_resunet,39.09454345703125
640x_2025-05-16_00-59-00_002,640,attention_resunet,46.998924016952515
640x_2025-05-16_00-59-00_002,640,attention_resunet,45.49691081047058
640x_2025-05-16_00-59-00_002,640,attention_resunet,12.319934368133543
640x_2025-05-16_00-59-00_002,640,attention_resunet,0.0598957063630223
640x_2025-05-16_00-59-00_002,640,attention_resunet,0.0640558544546365
640x_2025-05-16_00-59-00_002,640,attention_resunet,0.0640219019260257
640x_2025-05-16_00-59-00_002,640,attention_resunet,0.076017016544938
640x_2025-05-16_00-59-00_002,640,attention_resunet,0.0656530377455055
640x_2025-05-16_00-59-00_002,640,attention_resunet,0.0538042921107262
640x_2025-05-16_00-59-00_002,640,attention_resunet,0.0501062953844666
640x_2025-05-16_00-59-00_002,640,attention_resunet,0.5820225924253464
640x_2025-05-16_00-59-00_002,640,attention_resunet,6.572329998016357
640x_2025-05-16_00-59-00_002,640,attention_resunet,19.709163904190063
640x_2025-05-16_00-59-00_002,640,attention_resunet,23.216933012008667
640x_2025-05-16_00-59-00_002,640,attention_resunet,41.25037789344787
640x_2025-05-16_00-59-00_002,640,attention_resunet,57.370370626449585
640x_2025-05-16_00-59-00_002,640,attention_resunet,54.090338945388794
640x_2025-05-16_00-59-00_002,640,attention_resunet,23.792386054992676
640x_2025-05-16_00-59-00_002,640,attention_resunet,0.0576878548599779
640x_2025-05-16_00-59-00_002,640,attention_resunet,0.0588344642892479
640x_2025-05-16_00-59-00_002,640,attention_resunet,0.0617214653175324
640x_2025-05-16_00-59-00_002,640,attention_resunet,0.0677844509482383
640x_2025-05-16_00-59-00_002,640,attention_resunet,0.0983382225967943
640x_2025-05-16_00-59-00_002,640,attention_resunet,0.0613193202298134
640x_2025-05-16_00-59-00_002,640,attention_resunet,0.0529999320860952
640x_2025-05-16_00-59-00_002,640,attention_resunet,0.0492421851959079
640x_2025-05-16_00-59-00_002,640,attention_resunet,1.2510167434811592
640x_2025-05-16_00-59-00_002,640,attention_resunet,9.152692556381226
640x_2025-05-16_00-59-00_002,640,attention_resunet,12.058791518211365
640x_2025-05-16_00-59-00_002,640,attention_resunet,25.20168125629425
640x_2025-05-16_00-59-00_002,640,attention_resunet,31.05091452598572
640x_2025-05-16_00-59-00_002,640,attention_resunet,52.04888582229614
640x_2025-05-16_00-59-00_002,640,attention_resunet,55.837827920913696
640x_2025-05-16_00-59-00_002,640,attention_resunet,0.0566588016226887
640x_2025-05-16_00-59-00_002,640,attention_resunet,0.0569064170122146
640x_2025-05-16_00-59-00_002,640,attention_resunet,0.0582037318963557
640x_2025-05-16_00-59-00_002,640,attention_resunet,0.0623437168542295
640x_2025-05-16_00-59-00_002,640,attention_resunet,0.072992144851014
640x_2025-05-16_00-59-00_002,640,attention_resunet,0.0646097469143569
640x_2025-05-16_00-59-00_002,640,attention_resunet,0.0558566593099385
640x_2025-05-16_00-59-00_002,640,attention_resunet,0.053238112013787
640x_2025-05-16_00-59-00_002,640,attention_resunet,0.0495565822347998
640x_2025-05-16_00-59-00_002,640,attention_resunet,0.1604064484126866
640x_2025-05-16_00-59-00_002,640,attention_resunet,2.1081605926156044
640x_2025-05-16_00-59-00_002,640,attention_resunet,9.386460483074188
640x_2025-05-16_00-59-00_002,640,attention_resunet,12.146493047475817
640x_2025-05-16_00-59-00_002,640,attention_resunet,25.76876580715179
640x_2025-05-16_00-59-00_002,640,attention_resunet,57.30682015419006
640x_2025-05-16_00-59-00_002,640,attention_resunet,0.0560971500817686
640x_2025-05-16_00-59-00_002,640,attention_resunet,0.0563391600735485
640x_2025-05-16_00-59-00_002,640,attention_resunet,0.057165086036548
640x_2025-05-16_00-59-00_002,640,attention_resunet,0.0584539433475583
640x_2025-05-16_00-59-00_002,640,attention_resunet,0.0642037251964211
640x_2025-05-16_00-59-00_002,640,attention_resunet,0.0725481775589287
640x_2025-05-16_00-59-00_002,640,attention_resunet,0.0661102822050452
640x_2025-05-16_00-59-00_002,640,attention_resunet,0.1029000035487115
640x_2025-05-16_00-59-00_002,640,attention_resunet,0.0533124199137091
640x_2025-05-16_00-59-00_002,640,attention_resunet,0.0524242816027253
640x_2025-05-16_00-59-00_002,640,attention_resunet,0.0581169850192964
640x_2025-05-16_00-59-00_002,640,attention_resunet,1.3624509796500206
640x_2025-05-16_00-59-00_002,640,attention_resunet,3.3340759575366974
640x_2025-05-16_00-59-00_002,640,attention_resunet,11.005300283432009
640x_2025-05-16_00-59-00_002,640,attention_resunet,41.13145172595978
640x_2025-05-16_00-59-00_002,640,attention_resunet,0.055805779993534
640x_2025-05-16_00-59-00_002,640,attention_resunet,0.0557246676180511
640x_2025-05-16_00-59-00_002,640,attention_resunet,0.0563919311389327
640x_2025-05-16_00-59-00_002,640,attention_resunet,0.0569907599128782
640x_2025-05-16_00-59-00_002,640,attention_resunet,0.0588934577535837
640x_2025-05-16_00-59-00_002,640,attention_resunet,0.0651092210318893
640x_2025-05-16_00-59-00_002,640,attention_resunet,0.1697911415249109
640x_2025-05-16_00-59-00_002,640,attention_resunet,0.0863830267917364
640x_2025-05-16_00-59-00_002,640,attention_resunet,0.0567721552215516
640x_2025-05-16_00-59-00_002,640,attention_resunet,0.0536813284270465
640x_2025-05-16_00-59-00_002,640,attention_resunet,0.0522364629432559
640x_2025-05-16_00-59-00_002,640,attention_resunet,0.1497691147960722
640x_2025-05-16_00-59-00_002,640,attention_resunet,0.3344011260196566
640x_2025-05-16_00-59-00_002,640,attention_resunet,6.0700953006744385
640x_2025-05-16_00-59-00_002,640,attention_resunet,40.01217484474182
640x_2025-05-16_00-59-00_002,640,clahe_otsu,16.05682373046875
640x_2025-05-16_00-59-00_002,640,clahe_otsu,14.12353515625
640x_2025-05-16_00-59-00_002,640,clahe_otsu,12.70294189453125
640x_2025-05-16_00-59-00_002,640,clahe_otsu,11.3555908203125
640x_2025-05-16_00-59-00_002,640,clahe_otsu,10.02655029296875
640x_2025-05-16_00-59-00_002,640,clahe_otsu,10.90087890625
640x_2025-05-16_00-59-00_002,640,clahe_otsu,9.12322998046875
640x_2025-05-16_00-59-00_002,640,clahe_otsu,9.76104736328125
640x_2025-05-16_00-59-00_002,640,clahe_otsu,9.1552734375
640x_2025-05-16_00-59-00_002,640,clahe_otsu,12.127685546875
640x_2025-05-16_00-59-00_002,640,clahe_otsu,10.17608642578125
640x_2025-05-16_00-59-00_002,640,clahe_otsu,12.45269775390625
640x_2025-05-16_00-59-00_002,640,clahe_otsu,13.3941650390625
640x_2025-05-16_00-59-00_002,640,clahe_otsu,28.79638671875
640x_2025-05-16_00-59-00_002,640,clahe_otsu,47.99957275390625
640x_2025-05-16_00-59-00_002,640,clahe_otsu,14.60723876953125
640x_2025-05-16_00-59-00_002,640,clahe_otsu,13.01422119140625
640x_2025-05-16_00-59-00_002,640,clahe_otsu,12.7532958984375
640x_2025-05-16_00-59-00_002,640,clahe_otsu,11.23809814453125
640x_2025-05-16_00-59-00_002,640,clahe_otsu,9.31854248046875
640x_2025-05-16_00-59-00_002,640,clahe_otsu,8.9630126953125
640x_2025-05-16_00-59-00_002,640,clahe_otsu,8.7677001953125
640x_2025-05-16_00-59-00_002,640,clahe_otsu,8.0078125
640x_2025-05-16_00-59-00_002,640,clahe_otsu,9.29412841796875
640x_2025-05-16_00-59-00_002,640,clahe_otsu,9.912109375
640x_2025-05-16_00-59-00_002,640,clahe_otsu,10.69488525390625
640x_2025-05-16_00-59-00_002,640,clahe_otsu,12.40386962890625
640x_2025-05-16_00-59-00_002,640,clahe_otsu,14.30816650390625
640x_2025-05-16_00-59-00_002,640,clahe_otsu,15.0360107421875
640x_2025-05-16_00-59-00_002,640,clahe_otsu,40.19012451171875
640x_2025-05-16_00-59-00_002,640,clahe_otsu,14.55230712890625
640x_2025-05-16_00-59-00_002,640,clahe_otsu,10.64300537109375
640x_2025-05-16_00-59-00_002,640,clahe_otsu,12.17193603515625
640x_2025-05-16_00-59-00_002,640,clahe_otsu,10.55908203125
640x_2025-05-16_00-59-00_002,640,clahe_otsu,8.9599609375
640x_2025-05-16_00-59-00_002,640,clahe_otsu,10.05096435546875
640x_2025-05-16_00-59-00_002,640,clahe_otsu,8.6639404296875
640x_2025-05-16_00-59-00_002,640,clahe_otsu,7.244873046875
640x_2025-05-16_00-59-00_002,640,clahe_otsu,7.58819580078125
640x_2025-05-16_00-59-00_002,640,clahe_otsu,9.686279296875
640x_2025-05-16_00-59-00_002,640,clahe_otsu,7.77130126953125
640x_2025-05-16_00-59-00_002,640,clahe_otsu,11.3525390625
640x_2025-05-16_00-59-00_002,640,clahe_otsu,12.23907470703125
640x_2025-05-16_00-59-00_002,640,clahe_otsu,14.04266357421875
640x_2025-05-16_00-59-00_002,640,clahe_otsu,33.79669189453125
640x_2025-05-16_00-59-00_002,640,clahe_otsu,12.69683837890625
640x_2025-05-16_00-59-00_002,640,clahe_otsu,9.78851318359375
640x_2025-05-16_00-59-00_002,640,clahe_otsu,10.76812744140625
640x_2025-05-16_00-59-00_002,640,clahe_otsu,9.04693603515625
640x_2025-05-16_00-59-00_002,640,clahe_otsu,8.97216796875
640x_2025-05-16_00-59-00_002,640,clahe_otsu,8.05816650390625
640x_2025-05-16_00-59-00_002,640,clahe_otsu,8.7127685546875
640x_2025-05-16_00-59-00_002,640,clahe_otsu,7.03582763671875
640x_2025-05-16_00-59-00_002,640,clahe_otsu,5.93719482421875
640x_2025-05-16_00-59-00_002,640,clahe_otsu,7.501220703125
640x_2025-05-16_00-59-00_002,640,clahe_otsu,9.13543701171875
640x_2025-05-16_00-59-00_002,640,clahe_otsu,9.90142822265625
640x_2025-05-16_00-59-00_002,640,clahe_otsu,12.62969970703125
640x_2025-05-16_00-59-00_002,640,clahe_otsu,14.349365234375
640x_2025-05-16_00-59-00_002,640,clahe_otsu,22.7386474609375
640x_2025-05-16_00-59-00_002,640,clahe_otsu,12.88909912109375
640x_2025-05-16_00-59-00_002,640,clahe_otsu,11.3433837890625
640x_2025-05-16_00-59-00_002,640,clahe_otsu,9.72442626953125
640x_2025-05-16_00-59-00_002,640,clahe_otsu,7.91015625
640x_2025-05-16_00-59-00_002,640,clahe_otsu,8.5540771484375
640x_2025-05-16_00-59-00_002,640,clahe_otsu,9.063720703125
640x_2025-05-16_00-59-00_002,640,clahe_otsu,8.1298828125
640x_2025-05-16_00-59-00_002,640,clahe_otsu,6.25152587890625
640x_2025-05-16_00-59-00_002,640,clahe_otsu,6.3690185546875
640x_2025-05-16_00-59-00_002,640,clahe_otsu,6.00128173828125
640x_2025-05-16_00-59-00_002,640,clahe_otsu,6.7352294921875
640x_2025-05-16_00-59-00_002,640,clahe_otsu,8.24737548828125
640x_2025-05-16_00-59-00_002,640,clahe_otsu,10.20050048828125
640x_2025-05-16_00-59-00_002,640,clahe_otsu,13.3087158203125
640x_2025-05-16_00-59-00_002,640,clahe_otsu,24.4384765625
640x_2025-05-16_00-59-00_002,640,clahe_otsu,13.26904296875
640x_2025-05-16_00-59-00_002,640,clahe_otsu,9.83123779296875
640x_2025-05-16_00-59-00_002,640,clahe_otsu,8.16650390625
640x_2025-05-16_00-59-00_002,640,clahe_otsu,8.7615966796875
640x_2025-05-16_00-59-00_002,640,clahe_otsu,6.6253662109375
640x_2025-05-16_00-59-00_002,640,clahe_otsu,8.99200439453125
640x_2025-05-16_00-59-00_002,640,clahe_otsu,6.61773681640625
640x_2025-05-16_00-59-00_002,640,clahe_otsu,5.50994873046875
640x_2025-05-16_00-59-00_002,640,clahe_otsu,6.256103515625
640x_2025-05-16_00-59-00_002,640,clahe_otsu,12.1612548828125
640x_2025-05-16_00-59-00_002,640,clahe_otsu,6.62689208984375
640x_2025-05-16_00-59-00_002,640,clahe_otsu,7.78961181640625
640x_2025-05-16_00-59-00_002,640,clahe_otsu,9.70458984375
640x_2025-05-16_00-59-00_002,640,clahe_otsu,13.40789794921875
640x_2025-05-16_00-59-00_002,640,clahe_otsu,20.98846435546875
640x_2025-05-16_00-59-00_002,640,clahe_otsu,13.2598876953125
640x_2025-05-16_00-59-00_002,640,clahe_otsu,9.75494384765625
640x_2025-05-16_00-59-00_002,640,clahe_otsu,8.3251953125
640x_2025-05-16_00-59-00_002,640,clahe_otsu,8.84246826171875
640x_2025-05-16_00-59-00_002,640,clahe_otsu,9.2071533203125
640x_2025-05-16_00-59-00_002,640,clahe_otsu,7.52105712890625
640x_2025-05-16_00-59-00_002,640,clahe_otsu,7.75299072265625
640x_2025-05-16_00-59-00_002,640,clahe_otsu,7.098388671875
640x_2025-05-16_00-59-00_002,640,clahe_otsu,7.257080078125
640x_2025-05-16_00-59-00_002,640,clahe_otsu,5.74493408203125
640x_2025-05-16_00-59-00_002,640,clahe_otsu,8.9752197265625
640x_2025-05-16_00-59-00_002,640,clahe_otsu,8.04290771484375
640x_2025-05-16_00-59-00_002,640,clahe_otsu,10.85357666015625
640x_2025-05-16_00-59-00_002,640,clahe_otsu,12.82196044921875
640x_2025-05-16_00-59-00_002,640,clahe_otsu,20.82366943359375
640x_2025-05-16_00-59-00_002,640,clahe_otsu,12.42218017578125
640x_2025-05-16_00-59-00_002,640,clahe_otsu,11.91253662109375
640x_2025-05-16_00-59-00_002,640,clahe_otsu,8.80126953125
640x_2025-05-16_00-59-00_002,640,clahe_otsu,10.7391357421875
640x_2025-05-16_00-59-00_002,640,clahe_otsu,8.2763671875
640x_2025-05-16_00-59-00_002,640,clahe_otsu,7.3089599609375
640x_2025-05-16_00-59-00_002,640,clahe_otsu,6.7352294921875
640x_2025-05-16_00-59-00_002,640,clahe_otsu,6.41021728515625
640x_2025-05-16_00-59-00_002,640,clahe_otsu,7.36083984375
640x_2025-05-16_00-59-00_002,640,clahe_otsu,8.148193359375
640x_2025-05-16_00-59-00_002,640,clahe_otsu,9.2376708984375
640x_2025-05-16_00-59-00_002,640,clahe_otsu,10.321044921875
640x_2025-05-16_00-59-00_002,640,clahe_otsu,11.31591796875
640x_2025-05-16_00-59-00_002,640,clahe_otsu,11.91558837890625
640x_2025-05-16_00-59-00_002,640,clahe_otsu,38.41705322265625
80x_1_2025-05-22_14-48-00_003,80,unet,0.2552536549046635
80x_1_2025-05-22_14-48-00_003,80,unet,0.3808407578617334
80x_1_2025-05-22_14-48-00_003,80,unet,0.2533478429540992
80x_1_2025-05-22_14-48-00_003,80,unet,0.2538139466196298
80x_1_2025-05-22_14-48-00_003,80,unet,0.2548028016462922
80x_1_2025-05-22_14-48-00_003,80,unet,0.2528657671064138
80x_1_2025-05-22_14-48-00_003,80,unet,0.2750483341515064
80x_1_2025-05-22_14-48-00_003,80,unet,0.2540351124480366
80x_1_2025-05-22_14-48-00_003,80,unet,0.2537540392950177
80x_1_2025-05-22_14-48-00_003,80,unet,0.2535016043111682
80x_1_2025-05-22_14-48-00_003,80,unet,0.2529217628762126
80x_1_2025-05-22_14-48-00_003,80,unet,0.3350266255438328
80x_1_2025-05-22_14-48-00_003,80,unet,0.2643750282004475
80x_1_2025-05-22_14-48-00_003,80,unet,0.2534495899453759
80x_1_2025-05-22_14-48-00_003,80,unet,0.6111070048063993
80x_1_2025-05-22_14-48-00_003,80,unet,0.2617140533402562
80x_1_2025-05-22_14-48-00_003,80,unet,0.2629215363413095
80x_1_2025-05-22_14-48-00_003,80,unet,0.2831830643117428
80x_1_2025-05-22_14-48-00_003,80,unet,0.253043882548809
80x_1_2025-05-22_14-48-00_003,80,unet,0.254632905125618
80x_1_2025-05-22_14-48-00_003,80,unet,0.2532851416617632
80x_1_2025-05-22_14-48-00_003,80,unet,0.2535752253606915
80x_1_2025-05-22_14-48-00_003,80,unet,0.3166739828884601
80x_1_2025-05-22_14-48-00_003,80,unet,0.2542303875088691
80x_1_2025-05-22_14-48-00_003,80,unet,0.2539862878620624
80x_1_2025-05-22_14-48-00_003,80,unet,0.254336348734796
80x_1_2025-05-22_14-48-00_003,80,unet,0.254565360955894
80x_1_2025-05-22_14-48-00_003,80,unet,0.2547178184613585
80x_1_2025-05-22_14-48-00_003,80,unet,0.254245544783771
80x_1_2025-05-22_14-48-00_003,80,unet,0.2539562061429024
80x_1_2025-05-22_14-48-00_003,80,unet,0.253332732245326
80x_1_2025-05-22_14-48-00_003,80,unet,0.2595739439129829
80x_1_2025-05-22_14-48-00_003,80,unet,0.2521440852433443
80x_1_2025-05-22_14-48-00_003,80,unet,0.2531155711039901
80x_1_2025-05-22_14-48-00_003,80,unet,0.2589343348518014
80x_1_2025-05-22_14-48-00_003,80,unet,0.2535684965550899
80x_1_2025-05-22_14-48-00_003,80,unet,0.2563334302976727
80x_1_2025-05-22_14-48-00_003,80,unet,0.2582672517746687
80x_1_2025-05-22_14-48-00_003,80,unet,0.2531729638576507
80x_1_2025-05-22_14-48-00_003,80,unet,0.2532696351408958
80x_1_2025-05-22_14-48-00_003,80,unet,0.253534154035151
80x_1_2025-05-22_14-48-00_003,80,unet,0.2542461268603802
80x_1_2025-05-22_14-48-00_003,80,unet,0.3318868111819029
80x_1_2025-05-22_14-48-00_003,80,unet,0.2541132969781756
80x_1_2025-05-22_14-48-00_003,80,unet,0.2922880696132779
80x_1_2025-05-22_14-48-00_003,80,unet,0.2986192936077714
80x_1_2025-05-22_14-48-00_003,80,unet,0.316077028401196
80x_1_2025-05-22_14-48-00_003,80,unet,0.2524009207263589
80x_1_2025-05-22_14-48-00_003,80,unet,0.3479332197457552
80x_1_2025-05-22_14-48-00_003,80,unet,0.2529133111238479
80x_1_2025-05-22_14-48-00_003,80,unet,0.2531702164560556
80x_1_2025-05-22_14-48-00_003,80,unet,0.2654550829902291
80x_1_2025-05-22_14-48-00_003,80,unet,0.2537209307774901
80x_1_2025-05-22_14-48-00_003,80,unet,0.2545032650232315
80x_1_2025-05-22_14-48-00_003,80,unet,0.2542616799473762
80x_1_2025-05-22_14-48-00_003,80,unet,0.2531635109335184
80x_1_2025-05-22_14-48-00_003,80,unet,0.262455316260457
80x_1_2025-05-22_14-48-00_003,80,unet,0.4745999351143837
80x_1_2025-05-22_14-48-00_003,80,unet,0.2548992168158293
80x_1_2025-05-22_14-48-00_003,80,unet,0.2551681594923138
80x_1_2025-05-22_14-48-00_003,80,unet,0.2553310245275497
80x_1_2025-05-22_14-48-00_003,80,unet,0.2540257992222905
80x_1_2025-05-22_14-48-00_003,80,unet,0.2523295115679502
80x_1_2025-05-22_14-48-00_003,80,unet,0.3518947632983327
80x_1_2025-05-22_14-48-00_003,80,unet,0.2558193169534206
80x_1_2025-05-22_14-48-00_003,80,unet,0.2523604314774275
80x_1_2025-05-22_14-48-00_003,80,unet,0.2557371044531464
80x_1_2025-05-22_14-48-00_003,80,unet,0.2538902452215552
80x_1_2025-05-22_14-48-00_003,80,unet,0.2533190185204148
80x_1_2025-05-22_14-48-00_003,80,unet,0.2774248830974102
80x_1_2025-05-22_14-48-00_003,80,unet,0.278272945433855
80x_1_2025-05-22_14-48-00_003,80,unet,0.2530845813453197
80x_1_2025-05-22_14-48-00_003,80,unet,0.2545699011534452
80x_1_2025-05-22_14-48-00_003,80,unet,0.3030018415302038
80x_1_2025-05-22_14-48-00_003,80,unet,0.255212071351707
80x_1_2025-05-22_14-48-00_003,80,unet,0.3254966111853719
80x_1_2025-05-22_14-48-00_003,80,unet,0.2546831732615828
80x_1_2025-05-22_14-48-00_003,80,unet,0.2818475244566798
80x_1_2025-05-22_14-48-00_003,80,unet,0.3316899761557579
80x_1_2025-05-22_14-48-00_003,80,unet,0.2656959695741534
80x_1_2025-05-22_14-48-00_003,80,unet,0.6113154347985983
80x_1_2025-05-22_14-48-00_003,80,unet,0.2524864627048373
80x_1_2025-05-22_14-48-00_003,80,unet,0.2543704584240913
80x_1_2025-05-22_14-48-00_003,80,unet,0.2543382812291384
80x_1_2025-05-22_14-48-00_003,80,unet,0.263758166693151
80x_1_2025-05-22_14-48-00_003,80,unet,0.2896651159971952
80x_1_2025-05-22_14-48-00_003,80,unet,0.3745417110621929
80x_1_2025-05-22_14-48-00_003,80,unet,0.2640311140567064
80x_1_2025-05-22_14-48-00_003,80,unet,0.2633513184264302
80x_1_2025-05-22_14-48-00_003,80,unet,0.2591763157397508
80x_1_2025-05-22_14-48-00_003,80,unet,0.2576027065515518
80x_1_2025-05-22_14-48-00_003,80,unet,0.2613825025036931
80x_1_2025-05-22_14-48-00_003,80,unet,0.2619124948978424
80x_1_2025-05-22_14-48-00_003,80,unet,0.2625369001179933
80x_1_2025-05-22_14-48-00_003,80,unet,0.3092261264100671
80x_1_2025-05-22_14-48-00_003,80,unet,0.2538099652156234
80x_1_2025-05-22_14-48-00_003,80,unet,0.3935052547603845
80x_1_2025-05-22_14-48-00_003,80,unet,0.2557550556957721
80x_1_2025-05-22_14-48-00_003,80,unet,0.2551882294937968
80x_1_2025-05-22_14-48-00_003,80,unet,0.2779856789857149
80x_1_2025-05-22_14-48-00_003,80,unet,0.2709110267460346
80x_1_2025-05-22_14-48-00_003,80,unet,0.2757046138867736
80x_1_2025-05-22_14-48-00_003,80,unet,0.2795714884996414
80x_1_2025-05-22_14-48-00_003,80,unet,0.2715193433687091
80x_1_2025-05-22_14-48-00_003,80,unet,0.2603599801659584
80x_1_2025-05-22_14-48-00_003,80,unet,0.3074886742979288
80x_1_2025-05-22_14-48-00_003,80,unet,0.280294707044959
80x_1_2025-05-22_14-48-00_003,80,unet,0.2700351178646087
80x_1_2025-05-22_14-48-00_003,80,unet,0.276665692217648
80x_1_2025-05-22_14-48-00_003,80,unet,0.4799726884812116
80x_1_2025-05-22_14-48-00_003,80,unet,0.3175124758854508
80x_1_2025-05-22_14-48-00_003,80,unet,0.3070453181862831
80x_1_2025-05-22_14-48-00_003,80,unet,0.2968135755509138
80x_1_2025-05-22_14-48-00_003,80,unet,0.2733239205554127
80x_1_2025-05-22_14-48-00_003,80,unet,0.3389641642570495
80x_1_2025-05-22_14-48-00_003,80,unet,0.2750717103481293
80x_1_2025-05-22_14-48-00_003,80,unet,0.3202287945896387
80x_1_2025-05-22_14-48-00_003,80,unet,0.4226775374263525
80x_1_2025-05-22_14-48-00_003,80,unet,0.9977350942790508
80x_1_2025-05-22_14-48-00_003,80,unet,0.2743228105828166
80x_1_2025-05-22_14-48-00_003,80,resunet,1.307121105492115
80x_1_2025-05-22_14-48-00_003,80,resunet,1.934843324124813
80x_1_2025-05-22_14-48-00_003,80,resunet,0.0456975598353892
80x_1_2025-05-22_14-48-00_003,80,resunet,0.0513664912432432
80x_1_2025-05-22_14-48-00_003,80,resunet,0.0468329351861029
80x_1_2025-05-22_14-48-00_003,80,resunet,0.0456836831290274
80x_1_2025-05-22_14-48-00_003,80,resunet,0.4463945049792528
80x_1_2025-05-22_14-48-00_003,80,resunet,0.0653393915854394
80x_1_2025-05-22_14-48-00_003,80,resunet,0.9799191728234292
80x_1_2025-05-22_14-48-00_003,80,resunet,0.059744861209765
80x_1_2025-05-22_14-48-00_003,80,resunet,0.0476993387565016
80x_1_2025-05-22_14-48-00_003,80,resunet,1.6642866656184196
80x_1_2025-05-22_14-48-00_003,80,resunet,0.827352236956358
80x_1_2025-05-22_14-48-00_003,80,resunet,0.1646863878704607
80x_1_2025-05-22_14-48-00_003,80,resunet,4.455339163541794
80x_1_2025-05-22_14-48-00_003,80,resunet,0.4799011629074812
80x_1_2025-05-22_14-48-00_003,80,resunet,0.0547636183910071
80x_1_2025-05-22_14-48-00_003,80,resunet,0.0472506275400519
80x_1_2025-05-22_14-48-00_003,80,resunet,0.0477994326502084
80x_1_2025-05-22_14-48-00_003,80,resunet,0.1761003164574504
80x_1_2025-05-22_14-48-00_003,80,resunet,0.0470243394374847
80x_1_2025-05-22_14-48-00_003,80,resunet,0.3925764467567205
80x_1_2025-05-22_14-48-00_003,80,resunet,0.0765809672884643
80x_1_2025-05-22_14-48-00_003,80,resunet,0.0511368736624717
80x_1_2025-05-22_14-48-00_003,80,resunet,0.2592165721580386
80x_1_2025-05-22_14-48-00_003,80,resunet,0.0777786248363554
80x_1_2025-05-22_14-48-00_003,80,resunet,0.1222695922479033
80x_1_2025-05-22_14-48-00_003,80,resunet,0.8669898845255375
80x_1_2025-05-22_14-48-00_003,80,resunet,1.1995372362434864
80x_1_2025-05-22_14-48-00_003,80,resunet,4.730440303683281
80x_1_2025-05-22_14-48-00_003,80,resunet,1.339146215468645
80x_1_2025-05-22_14-48-00_003,80,resunet,0.0490573933348059
80x_1_2025-05-22_14-48-00_003,80,resunet,0.0580974505282938
80x_1_2025-05-22_14-48-00_003,80,resunet,0.1039941329509019
80x_1_2025-05-22_14-48-00_003,80,resunet,0.0463110365672037
80x_1_2025-05-22_14-48-00_003,80,resunet,0.3291015746071934
80x_1_2025-05-22_14-48-00_003,80,resunet,0.0484520103782415
80x_1_2025-05-22_14-48-00_003,80,resunet,0.1669987686909735
80x_1_2025-05-22_14-48-00_003,80,resunet,0.0473604013677686
80x_1_2025-05-22_14-48-00_003,80,resunet,0.0516946020070463
80x_1_2025-05-22_14-48-00_003,80,resunet,0.231447466649115
80x_1_2025-05-22_14-48-00_003,80,resunet,0.058955221902579
80x_1_2025-05-22_14-48-00_003,80,resunet,0.939763616770506
80x_1_2025-05-22_14-48-00_003,80,resunet,0.3259347518905997
80x_1_2025-05-22_14-48-00_003,80,resunet,1.785542070865631
80x_1_2025-05-22_14-48-00_003,80,resunet,0.5997983273118734
80x_1_2025-05-22_14-48-00_003,80,resunet,0.433615455403924
80x_1_2025-05-22_14-48-00_003,80,resunet,0.1504790736362338
80x_1_2025-05-22_14-48-00_003,80,resunet,0.224804226309061
80x_1_2025-05-22_14-48-00_003,80,resunet,0.0483285577502101
80x_1_2025-05-22_14-48-00_003,80,resunet,0.8492225781083107
80x_1_2025-05-22_14-48-00_003,80,resunet,0.0503625778947025
80x_1_2025-05-22_14-48-00_003,80,resunet,0.0476568704470992
80x_1_2025-05-22_14-48-00_003,80,resunet,0.7624633144587278
80x_1_2025-05-22_14-48-00_003,80,resunet,0.0571924319956451
80x_1_2025-05-22_14-48-00_003,80,resunet,0.2868873067200184
80x_1_2025-05-22_14-48-00_003,80,resunet,0.6510772742331028
80x_1_2025-05-22_14-48-00_003,80,resunet,1.587255857884884
80x_1_2025-05-22_14-48-00_003,80,resunet,0.611207028850913
80x_1_2025-05-22_14-48-00_003,80,resunet,1.430915854871273
80x_1_2025-05-22_14-48-00_003,80,resunet,0.99934134632349
80x_1_2025-05-22_14-48-00_003,80,resunet,0.4846088122576475
80x_1_2025-05-22_14-48-00_003,80,resunet,0.1332483370788395
80x_1_2025-05-22_14-48-00_003,80,resunet,0.7472798228263855
80x_1_2025-05-22_14-48-00_003,80,resunet,0.113114109262824
80x_1_2025-05-22_14-48-00_003,80,resunet,0.0611368392128497
80x_1_2025-05-22_14-48-00_003,80,resunet,0.0494677398819476
80x_1_2025-05-22_14-48-00_003,80,resunet,0.050055788597092
80x_1_2025-05-22_14-48-00_003,80,resunet,0.4629686940461397
80x_1_2025-05-22_14-48-00_003,80,resunet,0.5826168693602085
80x_1_2025-05-22_14-48-00_003,80,resunet,0.4263570066541433
80x_1_2025-05-22_14-48-00_003,80,resunet,0.2035477664321661
80x_1_2025-05-22_14-48-00_003,80,resunet,0.2654631854966283
80x_1_2025-05-22_14-48-00_003,80,resunet,0.4606200382113457
80x_1_2025-05-22_14-48-00_003,80,resunet,1.560396794229746
80x_1_2025-05-22_14-48-00_003,80,resunet,1.1368246749043465
80x_1_2025-05-22_14-48-00_003,80,resunet,0.5466846283525229
80x_1_2025-05-22_14-48-00_003,80,resunet,0.4800563212484121
80x_1_2025-05-22_14-48-00_003,80,resunet,0.2281895605847239
80x_1_2025-05-22_14-48-00_003,80,resunet,0.126366107724607
80x_1_2025-05-22_14-48-00_003,80,resunet,0.4206258803606033
80x_1_2025-05-22_14-48-00_003,80,resunet,0.3742221742868423
80x_1_2025-05-22_14-48-00_003,80,resunet,0.2013338729739189
80x_1_2025-05-22_14-48-00_003,80,resunet,0.27053018566221
80x_1_2025-05-22_14-48-00_003,80,resunet,0.784576591104269
80x_1_2025-05-22_14-48-00_003,80,resunet,0.3458625869825482
80x_1_2025-05-22_14-48-00_003,80,resunet,0.730421207845211
80x_1_2025-05-22_14-48-00_003,80,resunet,0.3424756461754441
80x_1_2025-05-22_14-48-00_003,80,resunet,0.3167124930769205
80x_1_2025-05-22_14-48-00_003,80,resunet,0.8364495821297169
80x_1_2025-05-22_14-48-00_003,80,resunet,0.5818905774503946
80x_1_2025-05-22_14-48-00_003,80,resunet,0.4653535783290863
80x_1_2025-05-22_14-48-00_003,80,resunet,0.3419574350118637
80x_1_2025-05-22_14-48-00_003,80,resunet,0.2138711744919419
80x_1_2025-05-22_14-48-00_003,80,resunet,0.2425283659249544
80x_1_2025-05-22_14-48-00_003,80,resunet,0.2183650620281696
80x_1_2025-05-22_14-48-00_003,80,resunet,0.090604939032346
80x_1_2025-05-22_14-48-00_003,80,resunet,0.4779679700732231
80x_1_2025-05-22_14-48-00_003,80,resunet,0.0616196892224252
80x_1_2025-05-22_14-48-00_003,80,resunet,0.5290878470987082
80x_1_2025-05-22_14-48-00_003,80,resunet,0.2477771835401654
80x_1_2025-05-22_14-48-00_003,80,resunet,0.2562562469393015
80x_1_2025-05-22_14-48-00_003,80,resunet,0.517311180010438
80x_1_2025-05-22_14-48-00_003,80,resunet,0.3167228074744344
80x_1_2025-05-22_14-48-00_003,80,resunet,1.0868881829082966
80x_1_2025-05-22_14-48-00_003,80,resunet,1.276696566492319
80x_1_2025-05-22_14-48-00_003,80,resunet,0.4905011504888534
80x_1_2025-05-22_14-48-00_003,80,resunet,0.1988728530704975
80x_1_2025-05-22_14-48-00_003,80,resunet,0.0715473084710538
80x_1_2025-05-22_14-48-00_003,80,resunet,1.407095696777105
80x_1_2025-05-22_14-48-00_003,80,resunet,0.143220042809844
80x_1_2025-05-22_14-48-00_003,80,resunet,0.0744322722312063
80x_1_2025-05-22_14-48-00_003,80,resunet,0.4206857178360224
80x_1_2025-05-22_14-48-00_003,80,resunet,0.0726340687833726
80x_1_2025-05-22_14-48-00_003,80,resunet,0.3926038742065429
80x_1_2025-05-22_14-48-00_003,80,resunet,0.232577696442604
80x_1_2025-05-22_14-48-00_003,80,resunet,0.1306041143834591
80x_1_2025-05-22_14-48-00_003,80,resunet,0.1644231029786169
80x_1_2025-05-22_14-48-00_003,80,resunet,1.1532441712915895
80x_1_2025-05-22_14-48-00_003,80,resunet,0.6952888797968626
80x_1_2025-05-22_14-48-00_003,80,attention_resunet,0.0549448770470917
80x_1_2025-05-22_14-48-00_003,80,attention_resunet,0.0551306351553648
80x_1_2025-05-22_14-48-00_003,80,attention_resunet,0.0547960749827325
80x_1_2025-05-22_14-48-00_003,80,attention_resunet,0.0551569974049925
80x_1_2025-05-22_14-48-00_003,80,attention_resunet,0.0548108015209436
80x_1_2025-05-22_14-48-00_003,80,attention_resunet,0.054711359553039
80x_1_2025-05-22_14-48-00_003,80,attention_resunet,0.0563229667022824
80x_1_2025-05-22_14-48-00_003,80,attention_resunet,0.0554660102352499
80x_1_2025-05-22_14-48-00_003,80,attention_resunet,0.056861771736294
80x_1_2025-05-22_14-48-00_003,80,attention_resunet,0.0552054494619369
80x_1_2025-05-22_14-48-00_003,80,attention_resunet,0.0551292614545673
80x_1_2025-05-22_14-48-00_003,80,attention_resunet,0.0550390745047479
80x_1_2025-05-22_14-48-00_003,80,attention_resunet,0.1535806339234113
80x_1_2025-05-22_14-48-00_003,80,attention_resunet,0.0542422116268426
80x_1_2025-05-22_14-48-00_003,80,attention_resunet,0.8802046068012714
80x_1_2025-05-22_14-48-00_003,80,attention_resunet,0.0556101847905665
80x_1_2025-05-22_14-48-00_003,80,attention_resunet,0.0555304926820099
80x_1_2025-05-22_14-48-00_003,80,attention_resunet,0.0554166326764971
80x_1_2025-05-22_14-48-00_003,80,attention_resunet,0.0549635733477771
80x_1_2025-05-22_14-48-00_003,80,attention_resunet,0.0552313635125756
80x_1_2025-05-22_14-48-00_003,80,attention_resunet,0.0552404671907424
80x_1_2025-05-22_14-48-00_003,80,attention_resunet,0.0550477299839258
80x_1_2025-05-22_14-48-00_003,80,attention_resunet,0.2484895521774888
80x_1_2025-05-22_14-48-00_003,80,attention_resunet,0.0564025598578155
80x_1_2025-05-22_14-48-00_003,80,attention_resunet,0.0554054626263678
80x_1_2025-05-22_14-48-00_003,80,attention_resunet,0.0555022328626364
80x_1_2025-05-22_14-48-00_003,80,attention_resunet,0.0561240303795784
80x_1_2025-05-22_14-48-00_003,80,attention_resunet,0.1325795077718794
80x_1_2025-05-22_14-48-00_003,80,attention_resunet,0.0552089186385273
80x_1_2025-05-22_14-48-00_003,80,attention_resunet,0.0546850147657096
80x_1_2025-05-22_14-48-00_003,80,attention_resunet,0.195876439101994
80x_1_2025-05-22_14-48-00_003,80,attention_resunet,0.1039727474562823
80x_1_2025-05-22_14-48-00_003,80,attention_resunet,0.0551110482774674
80x_1_2025-05-22_14-48-00_003,80,attention_resunet,0.0554985483177006
80x_1_2025-05-22_14-48-00_003,80,attention_resunet,0.0550046213902533
80x_1_2025-05-22_14-48-00_003,80,attention_resunet,0.0555658712983131
80x_1_2025-05-22_14-48-00_003,80,attention_resunet,0.10900559136644
80x_1_2025-05-22_14-48-00_003,80,attention_resunet,0.0546644092537462
80x_1_2025-05-22_14-48-00_003,80,attention_resunet,0.0550887314602732
80x_1_2025-05-22_14-48-00_003,80,attention_resunet,0.0549563963431865
80x_1_2025-05-22_14-48-00_003,80,attention_resunet,0.054878753144294
80x_1_2025-05-22_14-48-00_003,80,attention_resunet,0.054355280008167
80x_1_2025-05-22_14-48-00_003,80,attention_resunet,0.35091417375952
80x_1_2025-05-22_14-48-00_003,80,attention_resunet,0.0547325471416115
80x_1_2025-05-22_14-48-00_003,80,attention_resunet,0.2010433701798319
80x_1_2025-05-22_14-48-00_003,80,attention_resunet,0.0902987318113446
80x_1_2025-05-22_14-48-00_003,80,attention_resunet,0.0999249401502311
80x_1_2025-05-22_14-48-00_003,80,attention_resunet,0.0545804563444107
80x_1_2025-05-22_14-48-00_003,80,attention_resunet,0.0544156064279377
80x_1_2025-05-22_14-48-00_003,80,attention_resunet,0.054531916975975
80x_1_2025-05-22_14-48-00_003,80,attention_resunet,0.05398741341196
80x_1_2025-05-22_14-48-00_003,80,attention_resunet,0.0780623347964137
80x_1_2025-05-22_14-48-00_003,80,attention_resunet,0.0544593320228159
80x_1_2025-05-22_14-48-00_003,80,attention_resunet,0.1374502666294574
80x_1_2025-05-22_14-48-00_003,80,attention_resunet,0.0539277214556932
80x_1_2025-05-22_14-48-00_003,80,attention_resunet,0.058520259335637
80x_1_2025-05-22_14-48-00_003,80,attention_resunet,0.0547401257790625
80x_1_2025-05-22_14-48-00_003,80,attention_resunet,0.4936064127832651
80x_1_2025-05-22_14-48-00_003,80,attention_resunet,0.0553582271095365
80x_1_2025-05-22_14-48-00_003,80,attention_resunet,0.0547746429219841
80x_1_2025-05-22_14-48-00_003,80,attention_resunet,0.0858514511492103
80x_1_2025-05-22_14-48-00_003,80,attention_resunet,0.1593417138792574
80x_1_2025-05-22_14-48-00_003,80,attention_resunet,0.0528339820448309
80x_1_2025-05-22_14-48-00_003,80,attention_resunet,0.3635147120803594
80x_1_2025-05-22_14-48-00_003,80,attention_resunet,0.0531585770659148
80x_1_2025-05-22_14-48-00_003,80,attention_resunet,0.0537580519448965
80x_1_2025-05-22_14-48-00_003,80,attention_resunet,0.0525333976838737
80x_1_2025-05-22_14-48-00_003,80,attention_resunet,0.0542432419024407
80x_1_2025-05-22_14-48-00_003,80,attention_resunet,0.0541467452421784
80x_1_2025-05-22_14-48-00_003,80,attention_resunet,0.0536080857273191
80x_1_2025-05-22_14-48-00_003,80,attention_resunet,0.0510698999278247
80x_1_2025-05-22_14-48-00_003,80,attention_resunet,0.050973636098206
80x_1_2025-05-22_14-48-00_003,80,attention_resunet,0.0518974207807332
80x_1_2025-05-22_14-48-00_003,80,attention_resunet,0.084493652684614
80x_1_2025-05-22_14-48-00_003,80,attention_resunet,0.2298961393535137
80x_1_2025-05-22_14-48-00_003,80,attention_resunet,0.3806815249845385
80x_1_2025-05-22_14-48-00_003,80,attention_resunet,0.0540261156857013
80x_1_2025-05-22_14-48-00_003,80,attention_resunet,0.289456220343709
80x_1_2025-05-22_14-48-00_003,80,attention_resunet,0.0595729914493858
80x_1_2025-05-22_14-48-00_003,80,attention_resunet,0.051005434943363
80x_1_2025-05-22_14-48-00_003,80,attention_resunet,0.0534290447831153
80x_1_2025-05-22_14-48-00_003,80,attention_resunet,0.0550755066797137
80x_1_2025-05-22_14-48-00_003,80,attention_resunet,0.0517394742928445
80x_1_2025-05-22_14-48-00_003,80,attention_resunet,0.0988874002359807
80x_1_2025-05-22_14-48-00_003,80,attention_resunet,0.0519189226906746
80x_1_2025-05-22_14-48-00_003,80,attention_resunet,0.0501901959069073
80x_1_2025-05-22_14-48-00_003,80,attention_resunet,0.368363200686872
80x_1_2025-05-22_14-48-00_003,80,attention_resunet,0.1566354418173432
80x_1_2025-05-22_14-48-00_003,80,attention_resunet,0.1366617856547236
80x_1_2025-05-22_14-48-00_003,80,attention_resunet,0.056972581660375
80x_1_2025-05-22_14-48-00_003,80,attention_resunet,0.1334728440269827
80x_1_2025-05-22_14-48-00_003,80,attention_resunet,0.0510062149260193
80x_1_2025-05-22_14-48-00_003,80,attention_resunet,0.0508667784743011
80x_1_2025-05-22_14-48-00_003,80,attention_resunet,0.0612426607403904
80x_1_2025-05-22_14-48-00_003,80,attention_resunet,0.0503800634760409
80x_1_2025-05-22_14-48-00_003,80,attention_resunet,0.0504655123222619
80x_1_2025-05-22_14-48-00_003,80,attention_resunet,0.0510256504639983
80x_1_2025-05-22_14-48-00_003,80,attention_resunet,0.0549350748769938
80x_1_2025-05-22_14-48-00_003,80,attention_resunet,0.0503767456393688
80x_1_2025-05-22_14-48-00_003,80,attention_resunet,0.0501959060784429
80x_1_2025-05-22_14-48-00_003,80,attention_resunet,0.0505756121128797
80x_1_2025-05-22_14-48-00_003,80,attention_resunet,0.134791899472475
80x_1_2025-05-22_14-48-00_003,80,attention_resunet,0.0975777569692581
80x_1_2025-05-22_14-48-00_003,80,attention_resunet,0.0503287534229457
80x_1_2025-05-22_14-48-00_003,80,attention_resunet,0.0492823950480669
80x_1_2025-05-22_14-48-00_003,80,attention_resunet,0.515527930110693
80x_1_2025-05-22_14-48-00_003,80,attention_resunet,0.070961657911539
80x_1_2025-05-22_14-48-00_003,80,attention_resunet,0.0506312237121164
80x_1_2025-05-22_14-48-00_003,80,attention_resunet,0.0518427637871354
80x_1_2025-05-22_14-48-00_003,80,attention_resunet,1.5936411917209623
80x_1_2025-05-22_14-48-00_003,80,attention_resunet,0.0661307771224528
80x_1_2025-05-22_14-48-00_003,80,attention_resunet,0.0512770260684192
80x_1_2025-05-22_14-48-00_003,80,attention_resunet,0.0895283184945583
80x_1_2025-05-22_14-48-00_003,80,attention_resunet,0.0552061013877391
80x_1_2025-05-22_14-48-00_003,80,attention_resunet,0.129535945598036
80x_1_2025-05-22_14-48-00_003,80,attention_resunet,0.05164475296624
80x_1_2025-05-22_14-48-00_003,80,attention_resunet,0.129888579249382
80x_1_2025-05-22_14-48-00_003,80,attention_resunet,0.1260902034118771
80x_1_2025-05-22_14-48-00_003,80,attention_resunet,1.3643111102283
80x_1_2025-05-22_14-48-00_003,80,attention_resunet,0.3298740601167083
80x_1_2025-05-22_14-48-00_003,80,clahe_otsu,53.1341552734375
80x_1_2025-05-22_14-48-00_003,80,clahe_otsu,53.7841796875
80x_1_2025-05-22_14-48-00_003,80,clahe_otsu,55.92498779296875
80x_1_2025-05-22_14-48-00_003,80,clahe_otsu,55.5267333984375
80x_1_2025-05-22_14-48-00_003,80,clahe_otsu,53.84368896484375
80x_1_2025-05-22_14-48-00_003,80,clahe_otsu,54.5135498046875
80x_1_2025-05-22_14-48-00_003,80,clahe_otsu,54.6875
80x_1_2025-05-22_14-48-00_003,80,clahe_otsu,54.11376953125
80x_1_2025-05-22_14-48-00_003,80,clahe_otsu,52.86407470703125
80x_1_2025-05-22_14-48-00_003,80,clahe_otsu,54.2327880859375
80x_1_2025-05-22_14-48-00_003,80,clahe_otsu,53.27301025390625
80x_1_2025-05-22_14-48-00_003,80,clahe_otsu,53.28826904296875
80x_1_2025-05-22_14-48-00_003,80,clahe_otsu,52.21405029296875
80x_1_2025-05-22_14-48-00_003,80,clahe_otsu,53.350830078125
80x_1_2025-05-22_14-48-00_003,80,clahe_otsu,53.62548828125
80x_1_2025-05-22_14-48-00_003,80,clahe_otsu,54.8980712890625
80x_1_2025-05-22_14-48-00_003,80,clahe_otsu,54.669189453125
80x_1_2025-05-22_14-48-00_003,80,clahe_otsu,55.17578125
80x_1_2025-05-22_14-48-00_003,80,clahe_otsu,53.83758544921875
80x_1_2025-05-22_14-48-00_003,80,clahe_otsu,54.60968017578125
80x_1_2025-05-22_14-48-00_003,80,clahe_otsu,53.87115478515625
80x_1_2025-05-22_14-48-00_003,80,clahe_otsu,54.2694091796875
80x_1_2025-05-22_14-48-00_003,80,clahe_otsu,52.105712890625
80x_1_2025-05-22_14-48-00_003,80,clahe_otsu,53.4423828125
80x_1_2025-05-22_14-48-00_003,80,clahe_otsu,53.0975341796875
80x_1_2025-05-22_14-48-00_003,80,clahe_otsu,54.5867919921875
80x_1_2025-05-22_14-48-00_003,80,clahe_otsu,52.73590087890625
80x_1_2025-05-22_14-48-00_003,80,clahe_otsu,52.82745361328125
80x_1_2025-05-22_14-48-00_003,80,clahe_otsu,53.99169921875
80x_1_2025-05-22_14-48-00_003,80,clahe_otsu,50.80718994140625
80x_1_2025-05-22_14-48-00_003,80,clahe_otsu,54.82940673828125
80x_1_2025-05-22_14-48-00_003,80,clahe_otsu,52.9541015625
80x_1_2025-05-22_14-48-00_003,80,clahe_otsu,55.145263671875
80x_1_2025-05-22_14-48-00_003,80,clahe_otsu,51.9256591796875
80x_1_2025-05-22_14-48-00_003,80,clahe_otsu,54.193115234375
80x_1_2025-05-22_14-48-00_003,80,clahe_otsu,52.37884521484375
80x_1_2025-05-22_14-48-00_003,80,clahe_otsu,53.17535400390625
80x_1_2025-05-22_14-48-00_003,80,clahe_otsu,53.5247802734375
80x_1_2025-05-22_14-48-00_003,80,clahe_otsu,53.03192138671875
80x_1_2025-05-22_14-48-00_003,80,clahe_otsu,53.240966796875
80x_1_2025-05-22_14-48-00_003,80,clahe_otsu,53.3294677734375
80x_1_2025-05-22_14-48-00_003,80,clahe_otsu,54.18243408203125
80x_1_2025-05-22_14-48-00_003,80,clahe_otsu,52.0660400390625
80x_1_2025-05-22_14-48-00_003,80,clahe_otsu,50.811767578125
80x_1_2025-05-22_14-48-00_003,80,clahe_otsu,49.9786376953125
80x_1_2025-05-22_14-48-00_003,80,clahe_otsu,52.90679931640625
80x_1_2025-05-22_14-48-00_003,80,clahe_otsu,54.4036865234375
80x_1_2025-05-22_14-48-00_003,80,clahe_otsu,53.48968505859375
80x_1_2025-05-22_14-48-00_003,80,clahe_otsu,52.65960693359375
80x_1_2025-05-22_14-48-00_003,80,clahe_otsu,52.252197265625
80x_1_2025-05-22_14-48-00_003,80,clahe_otsu,52.490234375
80x_1_2025-05-22_14-48-00_003,80,clahe_otsu,53.72772216796875
80x_1_2025-05-22_14-48-00_003,80,clahe_otsu,53.9031982421875
80x_1_2025-05-22_14-48-00_003,80,clahe_otsu,52.3468017578125
80x_1_2025-05-22_14-48-00_003,80,clahe_otsu,52.23846435546875
80x_1_2025-05-22_14-48-00_003,80,clahe_otsu,52.2796630859375
80x_1_2025-05-22_14-48-00_003,80,clahe_otsu,50.775146484375
80x_1_2025-05-22_14-48-00_003,80,clahe_otsu,52.00653076171875
80x_1_2025-05-22_14-48-00_003,80,clahe_otsu,52.886962890625
80x_1_2025-05-22_14-48-00_003,80,clahe_otsu,51.01318359375
80x_1_2025-05-22_14-48-00_003,80,clahe_otsu,53.5614013671875
80x_1_2025-05-22_14-48-00_003,80,clahe_otsu,52.86102294921875
80x_1_2025-05-22_14-48-00_003,80,clahe_otsu,53.65142822265625
80x_1_2025-05-22_14-48-00_003,80,clahe_otsu,52.8656005859375
80x_1_2025-05-22_14-48-00_003,80,clahe_otsu,52.34222412109375
80x_1_2025-05-22_14-48-00_003,80,clahe_otsu,52.4566650390625
80x_1_2025-05-22_14-48-00_003,80,clahe_otsu,52.10113525390625
80x_1_2025-05-22_14-48-00_003,80,clahe_otsu,53.6529541015625
80x_1_2025-05-22_14-48-00_003,80,clahe_otsu,52.1942138671875
80x_1_2025-05-22_14-48-00_003,80,clahe_otsu,53.436279296875
80x_1_2025-05-22_14-48-00_003,80,clahe_otsu,50.8941650390625
80x_1_2025-05-22_14-48-00_003,80,clahe_otsu,51.0345458984375
80x_1_2025-05-22_14-48-00_003,80,clahe_otsu,53.082275390625
80x_1_2025-05-22_14-48-00_003,80,clahe_otsu,51.30462646484375
80x_1_2025-05-22_14-48-00_003,80,clahe_otsu,50.87127685546875
80x_1_2025-05-22_14-48-00_003,80,clahe_otsu,51.57928466796875
80x_1_2025-05-22_14-48-00_003,80,clahe_otsu,54.0985107421875
80x_1_2025-05-22_14-48-00_003,80,clahe_otsu,51.56707763671875
80x_1_2025-05-22_14-48-00_003,80,clahe_otsu,52.850341796875
80x_1_2025-05-22_14-48-00_003,80,clahe_otsu,50.78887939453125
80x_1_2025-05-22_14-48-00_003,80,clahe_otsu,52.2735595703125
80x_1_2025-05-22_14-48-00_003,80,clahe_otsu,51.6937255859375
80x_1_2025-05-22_14-48-00_003,80,clahe_otsu,52.1148681640625
80x_1_2025-05-22_14-48-00_003,80,clahe_otsu,53.0670166015625
80x_1_2025-05-22_14-48-00_003,80,clahe_otsu,52.264404296875
80x_1_2025-05-22_14-48-00_003,80,clahe_otsu,50.56915283203125
80x_1_2025-05-22_14-48-00_003,80,clahe_otsu,51.53961181640625
80x_1_2025-05-22_14-48-00_003,80,clahe_otsu,50.51422119140625
80x_1_2025-05-22_14-48-00_003,80,clahe_otsu,50.82244873046875
80x_1_2025-05-22_14-48-00_003,80,clahe_otsu,50.49896240234375
80x_1_2025-05-22_14-48-00_003,80,clahe_otsu,53.11279296875
80x_1_2025-05-22_14-48-00_003,80,clahe_otsu,52.95257568359375
80x_1_2025-05-22_14-48-00_003,80,clahe_otsu,51.0498046875
80x_1_2025-05-22_14-48-00_003,80,clahe_otsu,51.8463134765625
80x_1_2025-05-22_14-48-00_003,80,clahe_otsu,51.38397216796875
80x_1_2025-05-22_14-48-00_003,80,clahe_otsu,51.65252685546875
80x_1_2025-05-22_14-48-00_003,80,clahe_otsu,51.18408203125
80x_1_2025-05-22_14-48-00_003,80,clahe_otsu,51.15966796875
80x_1_2025-05-22_14-48-00_003,80,clahe_otsu,51.77459716796875
80x_1_2025-05-22_14-48-00_003,80,clahe_otsu,50.45166015625
80x_1_2025-05-22_14-48-00_003,80,clahe_otsu,50.86822509765625
80x_1_2025-05-22_14-48-00_003,80,clahe_otsu,50.59661865234375
80x_1_2025-05-22_14-48-00_003,80,clahe_otsu,50.63934326171875
80x_1_2025-05-22_14-48-00_003,80,clahe_otsu,50.244140625
80x_1_2025-05-22_14-48-00_003,80,clahe_otsu,51.04217529296875
80x_1_2025-05-22_14-48-00_003,80,clahe_otsu,53.32183837890625
80x_1_2025-05-22_14-48-00_003,80,clahe_otsu,51.48468017578125
80x_1_2025-05-22_14-48-00_003,80,clahe_otsu,51.5716552734375
80x_1_2025-05-22_14-48-00_003,80,clahe_otsu,51.64947509765625
80x_1_2025-05-22_14-48-00_003,80,clahe_otsu,51.0589599609375
80x_1_2025-05-22_14-48-00_003,80,clahe_otsu,50.48370361328125
80x_1_2025-05-22_14-48-00_003,80,clahe_otsu,50.775146484375
80x_1_2025-05-22_14-48-00_003,80,clahe_otsu,49.8291015625
80x_1_2025-05-22_14-48-00_003,80,clahe_otsu,50.66986083984375
80x_1_2025-05-22_14-48-00_003,80,clahe_otsu,51.0589599609375
80x_1_2025-05-22_14-48-00_003,80,clahe_otsu,50.11749267578125
80x_1_2025-05-22_14-48-00_003,80,clahe_otsu,50.299072265625
80x_1_2025-05-22_14-48-00_003,80,clahe_otsu,49.810791015625
80x_1_2025-05-22_14-48-00_003,80,clahe_otsu,49.4232177734375
80x_1_2025-05-22_14-48-00_003,80,clahe_otsu,50.74920654296875
80x_2_2025-05-22_14-48-00,80,unet,0.668959179893136
80x_2_2025-05-22_14-48-00,80,unet,0.254441425204277
80x_2_2025-05-22_14-48-00,80,unet,0.2546637551859021
80x_2_2025-05-22_14-48-00,80,unet,0.3082522191107273
80x_2_2025-05-22_14-48-00,80,unet,0.253216247074306
80x_2_2025-05-22_14-48-00,80,unet,0.2600428881123662
80x_2_2025-05-22_14-48-00,80,unet,0.253756227903068
80x_2_2025-05-22_14-48-00,80,unet,0.2548237796872854
80x_2_2025-05-22_14-48-00,80,unet,0.2540695015341043
80x_2_2025-05-22_14-48-00,80,unet,0.2575567224994302
80x_2_2025-05-22_14-48-00,80,unet,0.2539137378334999
80x_2_2025-05-22_14-48-00,80,unet,0.2541034948080778
80x_2_2025-05-22_14-48-00,80,unet,0.3752311691641807
80x_2_2025-05-22_14-48-00,80,unet,0.7472995202988386
80x_2_2025-05-22_14-48-00,80,unet,0.4547616466879844
80x_2_2025-05-22_14-48-00,80,unet,0.3777413396164775
80x_2_2025-05-22_14-48-00,80,unet,0.3538805292919278
80x_2_2025-05-22_14-48-00,80,unet,0.2545581432059407
80x_2_2025-05-22_14-48-00,80,unet,0.2545346971601248
80x_2_2025-05-22_14-48-00,80,unet,0.254682102240622
80x_2_2025-05-22_14-48-00,80,unet,0.2554137725383043
80x_2_2025-05-22_14-48-00,80,unet,0.2542929956689477
80x_2_2025-05-22_14-48-00,80,unet,0.2602997934445739
80x_2_2025-05-22_14-48-00,80,unet,0.2539228880777955
80x_2_2025-05-22_14-48-00,80,unet,0.2552811522036791
80x_2_2025-05-22_14-48-00,80,unet,0.2547894837334752
80x_2_2025-05-22_14-48-00,80,unet,0.2552682999521494
80x_2_2025-05-22_14-48-00,80,unet,1.1586245149374008
80x_2_2025-05-22_14-48-00,80,unet,0.2546109957620501
80x_2_2025-05-22_14-48-00,80,unet,0.415970291942358
80x_2_2025-05-22_14-48-00,80,unet,0.2982263918966055
80x_2_2025-05-22_14-48-00,80,unet,0.2545907394960522
80x_2_2025-05-22_14-48-00,80,unet,0.2549508353695273
80x_2_2025-05-22_14-48-00,80,unet,0.2557598054409027
80x_2_2025-05-22_14-48-00,80,unet,0.2538713160902262
80x_2_2025-05-22_14-48-00,80,unet,0.2575320191681385
80x_2_2025-05-22_14-48-00,80,unet,0.2569891279563308
80x_2_2025-05-22_14-48-00,80,unet,0.2552807331085205
80x_2_2025-05-22_14-48-00,80,unet,0.2544886898249388
80x_2_2025-05-22_14-48-00,80,unet,0.2594024641439318
80x_2_2025-05-22_14-48-00,80,unet,0.2540216781198978
80x_2_2025-05-22_14-48-00,80,unet,0.2553739119321108
80x_2_2025-05-22_14-48-00,80,unet,0.2575454767793417
80x_2_2025-05-22_14-48-00,80,unet,0.4653331357985735
80x_2_2025-05-22_14-48-00,80,unet,0.4844067618250847
80x_2_2025-05-22_14-48-00,80,unet,0.3907570149749517
80x_2_2025-05-22_14-48-00,80,unet,0.2541037276387214
80x_2_2025-05-22_14-48-00,80,unet,0.2545149996876716
80x_2_2025-05-22_14-48-00,80,unet,0.2524658106267452
80x_2_2025-05-22_14-48-00,80,unet,0.2599633065983653
80x_2_2025-05-22_14-48-00,80,unet,0.2952368929982185
80x_2_2025-05-22_14-48-00,80,unet,0.2533899620175361
80x_2_2025-05-22_14-48-00,80,unet,0.2532806945964694
80x_2_2025-05-22_14-48-00,80,unet,0.254569761455059
80x_2_2025-05-22_14-48-00,80,unet,0.2944347681477666
80x_2_2025-05-22_14-48-00,80,unet,0.2535780891776085
80x_2_2025-05-22_14-48-00,80,unet,0.2777563408017158
80x_2_2025-05-22_14-48-00,80,unet,0.3375817090272903
80x_2_2025-05-22_14-48-00,80,unet,0.2550091128796339
80x_2_2025-05-22_14-48-00,80,unet,0.2837121253833174
80x_2_2025-05-22_14-48-00,80,unet,0.2745850011706352
80x_2_2025-05-22_14-48-00,80,unet,0.2724172780290246
80x_2_2025-05-22_14-48-00,80,unet,0.2741520293056965
80x_2_2025-05-22_14-48-00,80,unet,0.3287067171186209
80x_2_2025-05-22_14-48-00,80,unet,0.2646594308316707
80x_2_2025-05-22_14-48-00,80,unet,0.2555603394284844
80x_2_2025-05-22_14-48-00,80,unet,0.2593880286440253
80x_2_2025-05-22_14-48-00,80,unet,0.2571691293269396
80x_2_2025-05-22_14-48-00,80,unet,0.2547284821048379
80x_2_2025-05-22_14-48-00,80,unet,0.264862785115838
80x_2_2025-05-22_14-48-00,80,unet,0.2593653509393334
80x_2_2025-05-22_14-48-00,80,unet,0.268008979037404
80x_2_2025-05-22_14-48-00,80,unet,0.263034226372838
80x_2_2025-05-22_14-48-00,80,unet,0.2761183772236109
80x_2_2025-05-22_14-48-00,80,unet,0.2557068597525358
80x_2_2025-05-22_14-48-00,80,unet,0.2847284078598022
80x_2_2025-05-22_14-48-00,80,unet,0.2782611642032861
80x_2_2025-05-22_14-48-00,80,unet,0.3177369246259331
80x_2_2025-05-22_14-48-00,80,unet,0.276579987257719
80x_2_2025-05-22_14-48-00,80,unet,0.2835268853232264
80x_2_2025-05-22_14-48-00,80,unet,0.2724757883697748
80x_2_2025-05-22_14-48-00,80,unet,0.2680647419765591
80x_2_2025-05-22_14-48-00,80,unet,0.2685159910470247
80x_2_2025-05-22_14-48-00,80,unet,0.2687963889911771
80x_2_2025-05-22_14-48-00,80,unet,0.3885941579937935
80x_2_2025-05-22_14-48-00,80,unet,0.2708213869482279
80x_2_2025-05-22_14-48-00,80,unet,0.2757116919383406
80x_2_2025-05-22_14-48-00,80,unet,0.2863111672922969
80x_2_2025-05-22_14-48-00,80,unet,0.3726890776306391
80x_2_2025-05-22_14-48-00,80,unet,0.3380438778549433
80x_2_2025-05-22_14-48-00,80,unet,0.3030098509043455
80x_2_2025-05-22_14-48-00,80,unet,0.2892449963837862
80x_2_2025-05-22_14-48-00,80,unet,0.2864944282919168
80x_2_2025-05-22_14-48-00,80,unet,0.2850673161447048
80x_2_2025-05-22_14-48-00,80,unet,0.2824208233505487
80x_2_2025-05-22_14-48-00,80,unet,0.2773186424747109
80x_2_2025-05-22_14-48-00,80,unet,0.2923967782407999
80x_2_2025-05-22_14-48-00,80,unet,0.3385858610272407
80x_2_2025-05-22_14-48-00,80,unet,0.2741290256381035
80x_2_2025-05-22_14-48-00,80,unet,0.3387548262253403
80x_2_2025-05-22_14-48-00,80,unet,0.3351712133735418
80x_2_2025-05-22_14-48-00,80,unet,0.3922788426280021
80x_2_2025-05-22_14-48-00,80,unet,0.2814939012750983
80x_2_2025-05-22_14-48-00,80,unet,0.2772497944533825
80x_2_2025-05-22_14-48-00,80,unet,0.2893965924158692
80x_2_2025-05-22_14-48-00,80,unet,0.2775584813207388
80x_2_2025-05-22_14-48-00,80,unet,0.287768105044961
80x_2_2025-05-22_14-48-00,80,unet,0.2877389313653111
80x_2_2025-05-22_14-48-00,80,unet,0.3261589212343097
80x_2_2025-05-22_14-48-00,80,unet,0.3005737205967307
80x_2_2025-05-22_14-48-00,80,unet,0.2807161305099726
80x_2_2025-05-22_14-48-00,80,unet,0.2832853002473712
80x_2_2025-05-22_14-48-00,80,unet,0.2759329974651336
80x_2_2025-05-22_14-48-00,80,unet,0.3319230861961841
80x_2_2025-05-22_14-48-00,80,unet,0.2818645210936665
80x_2_2025-05-22_14-48-00,80,unet,0.2747267019003629
80x_2_2025-05-22_14-48-00,80,unet,0.2858781721442938
80x_2_2025-05-22_14-48-00,80,unet,0.276516075246036
80x_2_2025-05-22_14-48-00,80,unet,0.2920622937381267
80x_2_2025-05-22_14-48-00,80,unet,0.2781433053314686
80x_2_2025-05-22_14-48-00,80,resunet,4.322362318634987
80x_2_2025-05-22_14-48-00,80,resunet,0.572415255010128
80x_2_2025-05-22_14-48-00,80,resunet,0.304097356274724
80x_2_2025-05-22_14-48-00,80,resunet,0.1747119473293423
80x_2_2025-05-22_14-48-00,80,resunet,0.2714099362492561
80x_2_2025-05-22_14-48-00,80,resunet,0.2245627343654632
80x_2_2025-05-22_14-48-00,80,resunet,0.0500923779327422
80x_2_2025-05-22_14-48-00,80,resunet,0.0512864615302532
80x_2_2025-05-22_14-48-00,80,resunet,0.6136318203061819
80x_2_2025-05-22_14-48-00,80,resunet,0.509315449744463
80x_2_2025-05-22_14-48-00,80,resunet,0.5738733801990747
80x_2_2025-05-22_14-48-00,80,resunet,0.3214071737602353
80x_2_2025-05-22_14-48-00,80,resunet,1.7829187214374542
80x_2_2025-05-22_14-48-00,80,resunet,9.389455616474152
80x_2_2025-05-22_14-48-00,80,resunet,1.7139336094260216
80x_2_2025-05-22_14-48-00,80,resunet,0.547365378588438
80x_2_2025-05-22_14-48-00,80,resunet,0.8543234318494797
80x_2_2025-05-22_14-48-00,80,resunet,0.121399771887809
80x_2_2025-05-22_14-48-00,80,resunet,0.4581103101372719
80x_2_2025-05-22_14-48-00,80,resunet,0.2522981725633144
80x_2_2025-05-22_14-48-00,80,resunet,0.1169973751530051
80x_2_2025-05-22_14-48-00,80,resunet,0.0478691654279828
80x_2_2025-05-22_14-48-00,80,resunet,0.0658520148135721
80x_2_2025-05-22_14-48-00,80,resunet,0.0555154401808977
80x_2_2025-05-22_14-48-00,80,resunet,0.0989221967756748
80x_2_2025-05-22_14-48-00,80,resunet,2.0795831456780434
80x_2_2025-05-22_14-48-00,80,resunet,0.1142015447840094
80x_2_2025-05-22_14-48-00,80,resunet,0.5957162939012051
80x_2_2025-05-22_14-48-00,80,resunet,1.9739637151360512
80x_2_2025-05-22_14-48-00,80,resunet,8.324739336967468
80x_2_2025-05-22_14-48-00,80,resunet,0.262246374040842
80x_2_2025-05-22_14-48-00,80,resunet,0.0982889905571937
80x_2_2025-05-22_14-48-00,80,resunet,0.0919377838727086
80x_2_2025-05-22_14-48-00,80,resunet,0.0768709927797317
80x_2_2025-05-22_14-48-00,80,resunet,0.3876369912177324
80x_2_2025-05-22_14-48-00,80,resunet,0.0536249775905162
80x_2_2025-05-22_14-48-00,80,resunet,0.2109656576067209
80x_2_2025-05-22_14-48-00,80,resunet,0.1140870852395892
80x_2_2025-05-22_14-48-00,80,resunet,0.238962285220623
80x_2_2025-05-22_14-48-00,80,resunet,0.4721495788544416
80x_2_2025-05-22_14-48-00,80,resunet,0.1298940158449113
80x_2_2025-05-22_14-48-00,80,resunet,0.3621360985562205
80x_2_2025-05-22_14-48-00,80,resunet,0.2589909359812736
80x_2_2025-05-22_14-48-00,80,resunet,0.7862141355872154
80x_2_2025-05-22_14-48-00,80,resunet,6.357719004154205
80x_2_2025-05-22_14-48-00,80,resunet,0.1567736151628196
80x_2_2025-05-22_14-48-00,80,resunet,0.1795963384211063
80x_2_2025-05-22_14-48-00,80,resunet,0.132614211179316
80x_2_2025-05-22_14-48-00,80,resunet,0.0692227855324745
80x_2_2025-05-22_14-48-00,80,resunet,0.1279568416066467
80x_2_2025-05-22_14-48-00,80,resunet,0.1462000305764377
80x_2_2025-05-22_14-48-00,80,resunet,0.231822277419269
80x_2_2025-05-22_14-48-00,80,resunet,0.1361335860565304
80x_2_2025-05-22_14-48-00,80,resunet,0.1287803519517183
80x_2_2025-05-22_14-48-00,80,resunet,0.3237036988139152
80x_2_2025-05-22_14-48-00,80,resunet,0.1809871639125049
80x_2_2025-05-22_14-48-00,80,resunet,0.5304625257849693
80x_2_2025-05-22_14-48-00,80,resunet,0.5640414077788591
80x_2_2025-05-22_14-48-00,80,resunet,0.2783982548862695
80x_2_2025-05-22_14-48-00,80,resunet,2.4459252133965492
80x_2_2025-05-22_14-48-00,80,resunet,0.2046094741672277
80x_2_2025-05-22_14-48-00,80,resunet,0.2363251056522131
80x_2_2025-05-22_14-48-00,80,resunet,0.4884489811956882
80x_2_2025-05-22_14-48-00,80,resunet,0.2457874361425638
80x_2_2025-05-22_14-48-00,80,resunet,0.209299148991704
80x_2_2025-05-22_14-48-00,80,resunet,0.0950630113948136
80x_2_2025-05-22_14-48-00,80,resunet,0.303107313811779
80x_2_2025-05-22_14-48-00,80,resunet,0.0630383205134421
80x_2_2025-05-22_14-48-00,80,resunet,0.1426060451194644
80x_2_2025-05-22_14-48-00,80,resunet,0.2879284787923097
80x_2_2025-05-22_14-48-00,80,resunet,0.3576118033379316
80x_2_2025-05-22_14-48-00,80,resunet,0.1560018863528967
80x_2_2025-05-22_14-48-00,80,resunet,0.383031228557229
80x_2_2025-05-22_14-48-00,80,resunet,0.1341945840977132
80x_2_2025-05-22_14-48-00,80,resunet,0.7285263389348984
80x_2_2025-05-22_14-48-00,80,resunet,0.3983536269515753
80x_2_2025-05-22_14-48-00,80,resunet,0.2819192828610539
80x_2_2025-05-22_14-48-00,80,resunet,0.2174723660573363
80x_2_2025-05-22_14-48-00,80,resunet,0.1358110457658767
80x_2_2025-05-22_14-48-00,80,resunet,0.1647079945541918
80x_2_2025-05-22_14-48-00,80,resunet,0.1308375620283186
80x_2_2025-05-22_14-48-00,80,resunet,0.1730946823954582
80x_2_2025-05-22_14-48-00,80,resunet,0.0850516720674932
80x_2_2025-05-22_14-48-00,80,resunet,0.1464309869334101
80x_2_2025-05-22_14-48-00,80,resunet,0.5670551210641861
80x_2_2025-05-22_14-48-00,80,resunet,0.0625548826064914
80x_2_2025-05-22_14-48-00,80,resunet,0.1392602920532226
80x_2_2025-05-22_14-48-00,80,resunet,0.2810135018080473
80x_2_2025-05-22_14-48-00,80,resunet,0.376782682724297
80x_2_2025-05-22_14-48-00,80,resunet,0.3049236489459872
80x_2_2025-05-22_14-48-00,80,resunet,0.2520668087527156
80x_2_2025-05-22_14-48-00,80,resunet,0.2573245437815785
80x_2_2025-05-22_14-48-00,80,resunet,0.3295833012089133
80x_2_2025-05-22_14-48-00,80,resunet,0.0793856685049831
80x_2_2025-05-22_14-48-00,80,resunet,0.0901888473890721
80x_2_2025-05-22_14-48-00,80,resunet,0.0934394833166152
80x_2_2025-05-22_14-48-00,80,resunet,0.0724979501683265
80x_2_2025-05-22_14-48-00,80,resunet,0.1629997976124286
80x_2_2025-05-22_14-48-00,80,resunet,0.2144676866009831
80x_2_2025-05-22_14-48-00,80,resunet,0.1946310745552182
80x_2_2025-05-22_14-48-00,80,resunet,0.1059846836142242
80x_2_2025-05-22_14-48-00,80,resunet,0.1147974980995059
80x_2_2025-05-22_14-48-00,80,resunet,0.234516616910696
80x_2_2025-05-22_14-48-00,80,resunet,0.2118615433573722
80x_2_2025-05-22_14-48-00,80,resunet,0.6404672283679247
80x_2_2025-05-22_14-48-00,80,resunet,0.0687022227793932
80x_2_2025-05-22_14-48-00,80,resunet,0.2437115181237459
80x_2_2025-05-22_14-48-00,80,resunet,0.0631381932180374
80x_2_2025-05-22_14-48-00,80,resunet,0.1545592560432851
80x_2_2025-05-22_14-48-00,80,resunet,0.0829417665954679
80x_2_2025-05-22_14-48-00,80,resunet,0.2189571503549814
80x_2_2025-05-22_14-48-00,80,resunet,0.0588904018513858
80x_2_2025-05-22_14-48-00,80,resunet,0.0578372157178819
80x_2_2025-05-22_14-48-00,80,resunet,0.1486263703554868
80x_2_2025-05-22_14-48-00,80,resunet,0.1110229175537824
80x_2_2025-05-22_14-48-00,80,resunet,0.0804233481176197
80x_2_2025-05-22_14-48-00,80,resunet,0.0608689559157937
80x_2_2025-05-22_14-48-00,80,resunet,0.0606715911999344
80x_2_2025-05-22_14-48-00,80,resunet,0.2406776882708072
80x_2_2025-05-22_14-48-00,80,resunet,0.5014696158468723
80x_2_2025-05-22_14-48-00,80,attention_resunet,0.6238948553800583
80x_2_2025-05-22_14-48-00,80,attention_resunet,1.0528923012316227
80x_2_2025-05-22_14-48-00,80,attention_resunet,0.0561690598260611
80x_2_2025-05-22_14-48-00,80,attention_resunet,0.0562424829695373
80x_2_2025-05-22_14-48-00,80,attention_resunet,0.0550360244233161
80x_2_2025-05-22_14-48-00,80,attention_resunet,0.0555904174689203
80x_2_2025-05-22_14-48-00,80,attention_resunet,0.055448681814596
80x_2_2025-05-22_14-48-00,80,attention_resunet,0.0553775229491293
80x_2_2025-05-22_14-48-00,80,attention_resunet,0.2134563634172082
80x_2_2025-05-22_14-48-00,80,attention_resunet,0.0546256371308118
80x_2_2025-05-22_14-48-00,80,attention_resunet,0.0555187230929732
80x_2_2025-05-22_14-48-00,80,attention_resunet,0.0728611485101282
80x_2_2025-05-22_14-48-00,80,attention_resunet,1.5132163651287556
80x_2_2025-05-22_14-48-00,80,attention_resunet,0.0550690805539488
80x_2_2025-05-22_14-48-00,80,attention_resunet,0.054038903908804
80x_2_2025-05-22_14-48-00,80,attention_resunet,0.0603586609940975
80x_2_2025-05-22_14-48-00,80,attention_resunet,0.135089224204421
80x_2_2025-05-22_14-48-00,80,attention_resunet,0.0832512567285448
80x_2_2025-05-22_14-48-00,80,attention_resunet,0.055744033306837
80x_2_2025-05-22_14-48-00,80,attention_resunet,0.0560993852559477
80x_2_2025-05-22_14-48-00,80,attention_resunet,0.0557849765755236
80x_2_2025-05-22_14-48-00,80,attention_resunet,0.0555987877305597
80x_2_2025-05-22_14-48-00,80,attention_resunet,0.0557053368538618
80x_2_2025-05-22_14-48-00,80,attention_resunet,0.3055517561733722
80x_2_2025-05-22_14-48-00,80,attention_resunet,0.054112949874252
80x_2_2025-05-22_14-48-00,80,attention_resunet,1.0206665843725204
80x_2_2025-05-22_14-48-00,80,attention_resunet,0.129098177421838
80x_2_2025-05-22_14-48-00,80,attention_resunet,0.7077179849147797
80x_2_2025-05-22_14-48-00,80,attention_resunet,0.0553041230887174
80x_2_2025-05-22_14-48-00,80,attention_resunet,0.0547784380614757
80x_2_2025-05-22_14-48-00,80,attention_resunet,0.9834546595811844
80x_2_2025-05-22_14-48-00,80,attention_resunet,0.2727105747908354
80x_2_2025-05-22_14-48-00,80,attention_resunet,0.0532178033608943
80x_2_2025-05-22_14-48-00,80,attention_resunet,0.1455135294236242
80x_2_2025-05-22_14-48-00,80,attention_resunet,0.0559191161300987
80x_2_2025-05-22_14-48-00,80,attention_resunet,0.0541487126611173
80x_2_2025-05-22_14-48-00,80,attention_resunet,0.2241787035018205
80x_2_2025-05-22_14-48-00,80,attention_resunet,0.054467364680022
80x_2_2025-05-22_14-48-00,80,attention_resunet,0.0551106117200106
80x_2_2025-05-22_14-48-00,80,attention_resunet,0.0887138245161622
80x_2_2025-05-22_14-48-00,80,attention_resunet,0.0533904996700584
80x_2_2025-05-22_14-48-00,80,attention_resunet,0.3895898116752505
80x_2_2025-05-22_14-48-00,80,attention_resunet,0.2797175664454698
80x_2_2025-05-22_14-48-00,80,attention_resunet,0.4770167171955108
80x_2_2025-05-22_14-48-00,80,attention_resunet,0.0550936325453221
80x_2_2025-05-22_14-48-00,80,attention_resunet,0.0508778088260442
80x_2_2025-05-22_14-48-00,80,attention_resunet,0.050893222214654
80x_2_2025-05-22_14-48-00,80,attention_resunet,0.1277106930501759
80x_2_2025-05-22_14-48-00,80,attention_resunet,0.0495994114316999
80x_2_2025-05-22_14-48-00,80,attention_resunet,0.2712778747081756
80x_2_2025-05-22_14-48-00,80,attention_resunet,0.0520152738317847
80x_2_2025-05-22_14-48-00,80,attention_resunet,0.0504033523611724
80x_2_2025-05-22_14-48-00,80,attention_resunet,0.0530178600456565
80x_2_2025-05-22_14-48-00,80,attention_resunet,0.0704613863490521
80x_2_2025-05-22_14-48-00,80,attention_resunet,0.0584010849706828
80x_2_2025-05-22_14-48-00,80,attention_resunet,0.0986243830993771
80x_2_2025-05-22_14-48-00,80,attention_resunet,0.1808548346161842
80x_2_2025-05-22_14-48-00,80,attention_resunet,0.3366797929629683
80x_2_2025-05-22_14-48-00,80,attention_resunet,0.0763761694543063
80x_2_2025-05-22_14-48-00,80,attention_resunet,0.0695086782798171
80x_2_2025-05-22_14-48-00,80,attention_resunet,0.2407750347629189
80x_2_2025-05-22_14-48-00,80,attention_resunet,0.0518695276696234
80x_2_2025-05-22_14-48-00,80,attention_resunet,0.3252446185797453
80x_2_2025-05-22_14-48-00,80,attention_resunet,0.0798794964794069
80x_2_2025-05-22_14-48-00,80,attention_resunet,0.135705410502851
80x_2_2025-05-22_14-48-00,80,attention_resunet,0.0493961619213223
80x_2_2025-05-22_14-48-00,80,attention_resunet,0.2900931984186172
80x_2_2025-05-22_14-48-00,80,attention_resunet,0.0534697261173278
80x_2_2025-05-22_14-48-00,80,attention_resunet,0.0488842604681849
80x_2_2025-05-22_14-48-00,80,attention_resunet,0.0508470693603158
80x_2_2025-05-22_14-48-00,80,attention_resunet,0.254115299321711
80x_2_2025-05-22_14-48-00,80,attention_resunet,0.0552567653357982
80x_2_2025-05-22_14-48-00,80,attention_resunet,0.0729658873751759
80x_2_2025-05-22_14-48-00,80,attention_resunet,0.1073707127943635
80x_2_2025-05-22_14-48-00,80,attention_resunet,0.5577953532338142
80x_2_2025-05-22_14-48-00,80,attention_resunet,0.2086085965856909
80x_2_2025-05-22_14-48-00,80,attention_resunet,0.1617485424503684
80x_2_2025-05-22_14-48-00,80,attention_resunet,0.1574150403030216
80x_2_2025-05-22_14-48-00,80,attention_resunet,0.1229288754984736
80x_2_2025-05-22_14-48-00,80,attention_resunet,0.0863060937263071
80x_2_2025-05-22_14-48-00,80,attention_resunet,0.0516275351401418
80x_2_2025-05-22_14-48-00,80,attention_resunet,0.0502691778820008
80x_2_2025-05-22_14-48-00,80,attention_resunet,0.0521239999216049
80x_2_2025-05-22_14-48-00,80,attention_resunet,0.0718264491297304
80x_2_2025-05-22_14-48-00,80,attention_resunet,0.05084122531116
80x_2_2025-05-22_14-48-00,80,attention_resunet,0.050993962213397
80x_2_2025-05-22_14-48-00,80,attention_resunet,0.0530889024958014
80x_2_2025-05-22_14-48-00,80,attention_resunet,0.1080550602637231
80x_2_2025-05-22_14-48-00,80,attention_resunet,0.1542186248116195
80x_2_2025-05-22_14-48-00,80,attention_resunet,0.0942865444812923
80x_2_2025-05-22_14-48-00,80,attention_resunet,0.0542447087354958
80x_2_2025-05-22_14-48-00,80,attention_resunet,0.1790615264326334
80x_2_2025-05-22_14-48-00,80,attention_resunet,0.2383248880505561
80x_2_2025-05-22_14-48-00,80,attention_resunet,0.0546839379239827
80x_2_2025-05-22_14-48-00,80,attention_resunet,0.0537631858605891
80x_2_2025-05-22_14-48-00,80,attention_resunet,0.0731519132386893
80x_2_2025-05-22_14-48-00,80,attention_resunet,0.0526577583514153
80x_2_2025-05-22_14-48-00,80,attention_resunet,0.0623163941781967
80x_2_2025-05-22_14-48-00,80,attention_resunet,0.1331141800619661
80x_2_2025-05-22_14-48-00,80,attention_resunet,0.3146762726828456
80x_2_2025-05-22_14-48-00,80,attention_resunet,0.0538652762770652
80x_2_2025-05-22_14-48-00,80,attention_resunet,0.1129888813011348
80x_2_2025-05-22_14-48-00,80,attention_resunet,0.3016226459294557
80x_2_2025-05-22_14-48-00,80,attention_resunet,0.0777905515860766
80x_2_2025-05-22_14-48-00,80,attention_resunet,0.1707091811113059
80x_2_2025-05-22_14-48-00,80,attention_resunet,0.0567383773159235
80x_2_2025-05-22_14-48-00,80,attention_resunet,0.0815869774669408
80x_2_2025-05-22_14-48-00,80,attention_resunet,0.0551582081243395
80x_2_2025-05-22_14-48-00,80,attention_resunet,0.1937097520567476
80x_2_2025-05-22_14-48-00,80,attention_resunet,0.0741084513720125
80x_2_2025-05-22_14-48-00,80,attention_resunet,0.1191411982290446
80x_2_2025-05-22_14-48-00,80,attention_resunet,0.0573643774259835
80x_2_2025-05-22_14-48-00,80,attention_resunet,0.0595162622630596
80x_2_2025-05-22_14-48-00,80,attention_resunet,0.056077679619193
80x_2_2025-05-22_14-48-00,80,attention_resunet,0.0585763831622898
80x_2_2025-05-22_14-48-00,80,attention_resunet,0.0546859169844538
80x_2_2025-05-22_14-48-00,80,attention_resunet,0.388566916808486
80x_2_2025-05-22_14-48-00,80,attention_resunet,0.0549013668205589
80x_2_2025-05-22_14-48-00,80,attention_resunet,0.1573666930198669
80x_2_2025-05-22_14-48-00,80,attention_resunet,1.017424464225769
80x_2_2025-05-22_14-48-00,80,clahe_otsu,47.894287109375
80x_2_2025-05-22_14-48-00,80,clahe_otsu,45.42083740234375
80x_2_2025-05-22_14-48-00,80,clahe_otsu,45.4742431640625
80x_2_2025-05-22_14-48-00,80,clahe_otsu,44.75250244140625
80x_2_2025-05-22_14-48-00,80,clahe_otsu,46.875
80x_2_2025-05-22_14-48-00,80,clahe_otsu,45.361328125
80x_2_2025-05-22_14-48-00,80,clahe_otsu,45.27435302734375
80x_2_2025-05-22_14-48-00,80,clahe_otsu,46.7742919921875
80x_2_2025-05-22_14-48-00,80,clahe_otsu,45.0286865234375
80x_2_2025-05-22_14-48-00,80,clahe_otsu,46.49200439453125
80x_2_2025-05-22_14-48-00,80,clahe_otsu,45.30181884765625
80x_2_2025-05-22_14-48-00,80,clahe_otsu,46.03118896484375
80x_2_2025-05-22_14-48-00,80,clahe_otsu,46.11358642578125
80x_2_2025-05-22_14-48-00,80,clahe_otsu,46.32110595703125
80x_2_2025-05-22_14-48-00,80,clahe_otsu,50.78582763671875
80x_2_2025-05-22_14-48-00,80,clahe_otsu,44.90966796875
80x_2_2025-05-22_14-48-00,80,clahe_otsu,45.69549560546875
80x_2_2025-05-22_14-48-00,80,clahe_otsu,45.367431640625
80x_2_2025-05-22_14-48-00,80,clahe_otsu,45.2178955078125
80x_2_2025-05-22_14-48-00,80,clahe_otsu,44.49615478515625
80x_2_2025-05-22_14-48-00,80,clahe_otsu,45.45135498046875
80x_2_2025-05-22_14-48-00,80,clahe_otsu,46.2127685546875
80x_2_2025-05-22_14-48-00,80,clahe_otsu,45.4986572265625
80x_2_2025-05-22_14-48-00,80,clahe_otsu,45.21484375
80x_2_2025-05-22_14-48-00,80,clahe_otsu,43.46160888671875
80x_2_2025-05-22_14-48-00,80,clahe_otsu,45.41473388671875
80x_2_2025-05-22_14-48-00,80,clahe_otsu,43.804931640625
80x_2_2025-05-22_14-48-00,80,clahe_otsu,43.84765625
80x_2_2025-05-22_14-48-00,80,clahe_otsu,45.68939208984375
80x_2_2025-05-22_14-48-00,80,clahe_otsu,47.49755859375
80x_2_2025-05-22_14-48-00,80,clahe_otsu,45.92742919921875
80x_2_2025-05-22_14-48-00,80,clahe_otsu,47.137451171875
80x_2_2025-05-22_14-48-00,80,clahe_otsu,45.95947265625
80x_2_2025-05-22_14-48-00,80,clahe_otsu,43.02825927734375
80x_2_2025-05-22_14-48-00,80,clahe_otsu,44.54803466796875
80x_2_2025-05-22_14-48-00,80,clahe_otsu,44.964599609375
80x_2_2025-05-22_14-48-00,80,clahe_otsu,43.9544677734375
80x_2_2025-05-22_14-48-00,80,clahe_otsu,44.68994140625
80x_2_2025-05-22_14-48-00,80,clahe_otsu,46.58203125
80x_2_2025-05-22_14-48-00,80,clahe_otsu,44.4000244140625
80x_2_2025-05-22_14-48-00,80,clahe_otsu,43.377685546875
80x_2_2025-05-22_14-48-00,80,clahe_otsu,45.36285400390625
80x_2_2025-05-22_14-48-00,80,clahe_otsu,44.04754638671875
80x_2_2025-05-22_14-48-00,80,clahe_otsu,43.426513671875
80x_2_2025-05-22_14-48-00,80,clahe_otsu,46.88568115234375
80x_2_2025-05-22_14-48-00,80,clahe_otsu,46.075439453125
80x_2_2025-05-22_14-48-00,80,clahe_otsu,43.743896484375
80x_2_2025-05-22_14-48-00,80,clahe_otsu,43.36395263671875
80x_2_2025-05-22_14-48-00,80,clahe_otsu,43.0908203125
80x_2_2025-05-22_14-48-00,80,clahe_otsu,44.3817138671875
80x_2_2025-05-22_14-48-00,80,clahe_otsu,45.2728271484375
80x_2_2025-05-22_14-48-00,80,clahe_otsu,45.8740234375
80x_2_2025-05-22_14-48-00,80,clahe_otsu,44.091796875
80x_2_2025-05-22_14-48-00,80,clahe_otsu,45.7122802734375
80x_2_2025-05-22_14-48-00,80,clahe_otsu,45.343017578125
80x_2_2025-05-22_14-48-00,80,clahe_otsu,44.036865234375
80x_2_2025-05-22_14-48-00,80,clahe_otsu,45.208740234375
80x_2_2025-05-22_14-48-00,80,clahe_otsu,43.9056396484375
80x_2_2025-05-22_14-48-00,80,clahe_otsu,43.5943603515625
80x_2_2025-05-22_14-48-00,80,clahe_otsu,44.38629150390625
80x_2_2025-05-22_14-48-00,80,clahe_otsu,45.36285400390625
80x_2_2025-05-22_14-48-00,80,clahe_otsu,44.2352294921875
80x_2_2025-05-22_14-48-00,80,clahe_otsu,43.6767578125
80x_2_2025-05-22_14-48-00,80,clahe_otsu,44.842529296875
80x_2_2025-05-22_14-48-00,80,clahe_otsu,43.61114501953125
80x_2_2025-05-22_14-48-00,80,clahe_otsu,44.38629150390625
80x_2_2025-05-22_14-48-00,80,clahe_otsu,44.60296630859375
80x_2_2025-05-22_14-48-00,80,clahe_otsu,44.671630859375
80x_2_2025-05-22_14-48-00,80,clahe_otsu,44.00634765625
80x_2_2025-05-22_14-48-00,80,clahe_otsu,44.36492919921875
80x_2_2025-05-22_14-48-00,80,clahe_otsu,46.0357666015625
80x_2_2025-05-22_14-48-00,80,clahe_otsu,46.2005615234375
80x_2_2025-05-22_14-48-00,80,clahe_otsu,43.7164306640625
80x_2_2025-05-22_14-48-00,80,clahe_otsu,44.46563720703125
80x_2_2025-05-22_14-48-00,80,clahe_otsu,44.3939208984375
80x_2_2025-05-22_14-48-00,80,clahe_otsu,43.8568115234375
80x_2_2025-05-22_14-48-00,80,clahe_otsu,43.73016357421875
80x_2_2025-05-22_14-48-00,80,clahe_otsu,44.5037841796875
80x_2_2025-05-22_14-48-00,80,clahe_otsu,44.2901611328125
80x_2_2025-05-22_14-48-00,80,clahe_otsu,41.693115234375
80x_2_2025-05-22_14-48-00,80,clahe_otsu,43.32733154296875
80x_2_2025-05-22_14-48-00,80,clahe_otsu,43.59588623046875
80x_2_2025-05-22_14-48-00,80,clahe_otsu,43.62945556640625
80x_2_2025-05-22_14-48-00,80,clahe_otsu,44.26116943359375
80x_2_2025-05-22_14-48-00,80,clahe_otsu,44.33441162109375
80x_2_2025-05-22_14-48-00,80,clahe_otsu,45.28045654296875
80x_2_2025-05-22_14-48-00,80,clahe_otsu,44.62890625
80x_2_2025-05-22_14-48-00,80,clahe_otsu,44.0216064453125
80x_2_2025-05-22_14-48-00,80,clahe_otsu,44.05975341796875
80x_2_2025-05-22_14-48-00,80,clahe_otsu,43.49822998046875
80x_2_2025-05-22_14-48-00,80,clahe_otsu,44.06280517578125
80x_2_2025-05-22_14-48-00,80,clahe_otsu,43.19305419921875
80x_2_2025-05-22_14-48-00,80,clahe_otsu,43.5699462890625
80x_2_2025-05-22_14-48-00,80,clahe_otsu,43.54400634765625
80x_2_2025-05-22_14-48-00,80,clahe_otsu,44.35577392578125
80x_2_2025-05-22_14-48-00,80,clahe_otsu,44.37255859375
80x_2_2025-05-22_14-48-00,80,clahe_otsu,44.09942626953125
80x_2_2025-05-22_14-48-00,80,clahe_otsu,43.46923828125
80x_2_2025-05-22_14-48-00,80,clahe_otsu,44.3756103515625
80x_2_2025-05-22_14-48-00,80,clahe_otsu,44.76470947265625
80x_2_2025-05-22_14-48-00,80,clahe_otsu,43.47381591796875
80x_2_2025-05-22_14-48-00,80,clahe_otsu,45.05615234375
80x_2_2025-05-22_14-48-00,80,clahe_otsu,45.880126953125
80x_2_2025-05-22_14-48-00,80,clahe_otsu,43.8629150390625
80x_2_2025-05-22_14-48-00,80,clahe_otsu,46.2799072265625
80x_2_2025-05-22_14-48-00,80,clahe_otsu,45.2178955078125
80x_2_2025-05-22_14-48-00,80,clahe_otsu,46.01593017578125
80x_2_2025-05-22_14-48-00,80,clahe_otsu,45.04241943359375
80x_2_2025-05-22_14-48-00,80,clahe_otsu,44.268798828125
80x_2_2025-05-22_14-48-00,80,clahe_otsu,42.72613525390625
80x_2_2025-05-22_14-48-00,80,clahe_otsu,42.919921875
80x_2_2025-05-22_14-48-00,80,clahe_otsu,43.48297119140625
80x_2_2025-05-22_14-48-00,80,clahe_otsu,42.33856201171875
80x_2_2025-05-22_14-48-00,80,clahe_otsu,43.8995361328125
80x_2_2025-05-22_14-48-00,80,clahe_otsu,43.95904541015625
80x_2_2025-05-22_14-48-00,80,clahe_otsu,43.24188232421875
80x_2_2025-05-22_14-48-00,80,clahe_otsu,43.46160888671875
80x_2_2025-05-22_14-48-00,80,clahe_otsu,44.4305419921875
80x_2_2025-05-22_14-48-00,80,clahe_otsu,44.66552734375
80x_2_2025-05-22_14-48-00,80,clahe_otsu,44.04754638671875
