image,dilution_factor,method,foreground_pct
10240x_2560x_2025-05-16_00-59-00_002,40,unet,0.25729613844305277
10240x_2560x_2025-05-16_00-59-00_002,40,unet,0.28524831868708134
10240x_2560x_2025-05-16_00-59-00_002,40,unet,0.25419348385185003
10240x_2560x_2025-05-16_00-59-00_002,40,unet,0.5956935696303844
10240x_2560x_2025-05-16_00-59-00_002,40,unet,25.71895718574524
10240x_2560x_2025-05-16_00-59-00_002,40,unet,89.87587094306946
10240x_2560x_2025-05-16_00-59-00_002,40,unet,97.87089228630066
10240x_2560x_2025-05-16_00-59-00_002,40,unet,98.2506513595581
10240x_2560x_2025-05-16_00-59-00_002,40,unet,98.52955341339111
10240x_2560x_2025-05-16_00-59-00_002,40,unet,99.3076741695404
10240x_2560x_2025-05-16_00-59-00_002,40,unet,96.68852686882019
10240x_2560x_2025-05-16_00-59-00_002,40,unet,97.26150631904602
10240x_2560x_2025-05-16_00-59-00_002,40,unet,92.99954175949097
10240x_2560x_2025-05-16_00-59-00_002,40,unet,41.38071537017822
10240x_2560x_2025-05-16_00-59-00_002,40,unet,0.2484841039404273
10240x_2560x_2025-05-16_00-59-00_002,40,unet,0.25899093598127365
10240x_2560x_2025-05-16_00-59-00_002,40,unet,0.2627097303047776
10240x_2560x_2025-05-16_00-59-00_002,40,unet,0.28118970803916454
10240x_2560x_2025-05-16_00-59-00_002,40,unet,0.3773907897993922
10240x_2560x_2025-05-16_00-59-00_002,40,unet,0.31160886865109205
10240x_2560x_2025-05-16_00-59-00_002,40,unet,31.295371055603027
10240x_2560x_2025-05-16_00-59-00_002,40,unet,91.96987748146057
10240x_2560x_2025-05-16_00-59-00_002,40,unet,98.00173044204712
10240x_2560x_2025-05-16_00-59-00_002,40,unet,96.23502492904663
10240x_2560x_2025-05-16_00-59-00_002,40,unet,98.97014498710632
10240x_2560x_2025-05-16_00-59-00_002,40,unet,98.72949719429016
10240x_2560x_2025-05-16_00-59-00_002,40,unet,99.08438324928284
10240x_2560x_2025-05-16_00-59-00_002,40,unet,98.7262487411499
10240x_2560x_2025-05-16_00-59-00_002,40,unet,95.74339389801025
10240x_2560x_2025-05-16_00-59-00_002,40,unet,21.68091982603073
10240x_2560x_2025-05-16_00-59-00_002,40,unet,0.26920237578451633
10240x_2560x_2025-05-16_00-59-00_002,40,unet,0.2622181549668312
10240x_2560x_2025-05-16_00-59-00_002,40,unet,0.2846469637006521
10240x_2560x_2025-05-16_00-59-00_002,40,unet,0.4497936926782131
10240x_2560x_2025-05-16_00-59-00_002,40,unet,0.48691662959754467
10240x_2560x_2025-05-16_00-59-00_002,40,unet,0.2582014771178365
10240x_2560x_2025-05-16_00-59-00_002,40,unet,41.084301471710205
10240x_2560x_2025-05-16_00-59-00_002,40,unet,92.85544157028198
10240x_2560x_2025-05-16_00-59-00_002,40,unet,97.86087274551392
10240x_2560x_2025-05-16_00-59-00_002,40,unet,99.13720488548279
10240x_2560x_2025-05-16_00-59-00_002,40,unet,98.43587875366211
10240x_2560x_2025-05-16_00-59-00_002,40,unet,99.5347797870636
10240x_2560x_2025-05-16_00-59-00_002,40,unet,98.20984601974487
10240x_2560x_2025-05-16_00-59-00_002,40,unet,96.48605585098267
10240x_2560x_2025-05-16_00-59-00_002,40,unet,61.17239594459534
10240x_2560x_2025-05-16_00-59-00_002,40,unet,0.27085626497864723
10240x_2560x_2025-05-16_00-59-00_002,40,unet,0.26815528981387615
10240x_2560x_2025-05-16_00-59-00_002,40,unet,0.2619122387841344
10240x_2560x_2025-05-16_00-59-00_002,40,unet,0.28037168085575104
10240x_2560x_2025-05-16_00-59-00_002,40,unet,0.338682159781456
10240x_2560x_2025-05-16_00-59-00_002,40,unet,0.3819094505161047
10240x_2560x_2025-05-16_00-59-00_002,40,unet,16.746225953102112
10240x_2560x_2025-05-16_00-59-00_002,40,unet,94.78434920310974
10240x_2560x_2025-05-16_00-59-00_002,40,unet,98.25159907341003
10240x_2560x_2025-05-16_00-59-00_002,40,unet,97.37806916236877
10240x_2560x_2025-05-16_00-59-00_002,40,unet,98.27439188957214
10240x_2560x_2025-05-16_00-59-00_002,40,unet,99.5229721069336
10240x_2560x_2025-05-16_00-59-00_002,40,unet,98.66743683815002
10240x_2560x_2025-05-16_00-59-00_002,40,unet,97.43034839630127
10240x_2560x_2025-05-16_00-59-00_002,40,unet,90.00272750854492
10240x_2560x_2025-05-16_00-59-00_002,40,unet,0.27241818606853485
10240x_2560x_2025-05-16_00-59-00_002,40,unet,0.2708936110138893
10240x_2560x_2025-05-16_00-59-00_002,40,unet,0.2695145783945918
10240x_2560x_2025-05-16_00-59-00_002,40,unet,0.26353211142122746
10240x_2560x_2025-05-16_00-59-00_002,40,unet,0.32173183280974627
10240x_2560x_2025-05-16_00-59-00_002,40,unet,0.4068878013640642
10240x_2560x_2025-05-16_00-59-00_002,40,unet,1.1985378339886665
10240x_2560x_2025-05-16_00-59-00_002,40,unet,53.0056357383728
10240x_2560x_2025-05-16_00-59-00_002,40,unet,89.10341262817383
10240x_2560x_2025-05-16_00-59-00_002,40,unet,94.91724967956543
10240x_2560x_2025-05-16_00-59-00_002,40,unet,97.54247665405273
10240x_2560x_2025-05-16_00-59-00_002,40,unet,98.81094098091125
10240x_2560x_2025-05-16_00-59-00_002,40,unet,99.53492283821106
10240x_2560x_2025-05-16_00-59-00_002,40,unet,98.65081310272217
10240x_2560x_2025-05-16_00-59-00_002,40,unet,98.47139120101929
10240x_2560x_2025-05-16_00-59-00_002,40,unet,0.27567159850150347
10240x_2560x_2025-05-16_00-59-00_002,40,unet,0.2737932372838259
10240x_2560x_2025-05-16_00-59-00_002,40,unet,0.2721636090427637
10240x_2560x_2025-05-16_00-59-00_002,40,unet,0.26932619512081146
10240x_2560x_2025-05-16_00-59-00_002,40,unet,0.26056787464767694
10240x_2560x_2025-05-16_00-59-00_002,40,unet,0.32587279565632343
10240x_2560x_2025-05-16_00-59-00_002,40,unet,0.28737899847328663
10240x_2560x_2025-05-16_00-59-00_002,40,unet,0.3384798998013139
10240x_2560x_2025-05-16_00-59-00_002,40,unet,2.054261416196823
10240x_2560x_2025-05-16_00-59-00_002,40,unet,42.83072352409363
10240x_2560x_2025-05-16_00-59-00_002,40,unet,92.92598366737366
10240x_2560x_2025-05-16_00-59-00_002,40,unet,95.33252716064453
10240x_2560x_2025-05-16_00-59-00_002,40,unet,98.41908812522888
10240x_2560x_2025-05-16_00-59-00_002,40,unet,96.90896272659302
10240x_2560x_2025-05-16_00-59-00_002,40,unet,99.35804009437561
10240x_2560x_2025-05-16_00-59-00_002,40,unet,0.27807755395770073
10240x_2560x_2025-05-16_00-59-00_002,40,unet,0.27739061042666435
10240x_2560x_2025-05-16_00-59-00_002,40,unet,0.2742716111242771
10240x_2560x_2025-05-16_00-59-00_002,40,unet,0.27161575853824615
10240x_2560x_2025-05-16_00-59-00_002,40,unet,0.2691259142011404
10240x_2560x_2025-05-16_00-59-00_002,40,unet,0.2695093862712383
10240x_2560x_2025-05-16_00-59-00_002,40,unet,0.3295020665973425
10240x_2560x_2025-05-16_00-59-00_002,40,unet,0.4127462860196829
10240x_2560x_2025-05-16_00-59-00_002,40,unet,0.3175237216055393
10240x_2560x_2025-05-16_00-59-00_002,40,unet,0.3215772798284888
10240x_2560x_2025-05-16_00-59-00_002,40,unet,36.52072250843048
10240x_2560x_2025-05-16_00-59-00_002,40,unet,35.26119291782379
10240x_2560x_2025-05-16_00-59-00_002,40,unet,89.87261056900024
10240x_2560x_2025-05-16_00-59-00_002,40,unet,95.26889324188232
10240x_2560x_2025-05-16_00-59-00_002,40,unet,98.70320558547974
10240x_2560x_2025-05-16_00-59-00_002,40,unet,0.2777964109554887
10240x_2560x_2025-05-16_00-59-00_002,40,unet,0.2781826537102461
10240x_2560x_2025-05-16_00-59-00_002,40,unet,0.2773293759673834
10240x_2560x_2025-05-16_00-59-00_002,40,unet,0.2750111510977149
10240x_2560x_2025-05-16_00-59-00_002,40,unet,0.2723749494180083
10240x_2560x_2025-05-16_00-59-00_002,40,unet,0.2687233965843916
10240x_2560x_2025-05-16_00-59-00_002,40,unet,0.2729223342612386
10240x_2560x_2025-05-16_00-59-00_002,40,unet,0.27650517877191305
10240x_2560x_2025-05-16_00-59-00_002,40,unet,0.35527758300304413
10240x_2560x_2025-05-16_00-59-00_002,40,unet,0.28519188053905964
10240x_2560x_2025-05-16_00-59-00_002,40,unet,11.372976005077362
10240x_2560x_2025-05-16_00-59-00_002,40,unet,0.38031437434256077
10240x_2560x_2025-05-16_00-59-00_002,40,unet,14.943936467170715
10240x_2560x_2025-05-16_00-59-00_002,40,unet,87.0684564113617
10240x_2560x_2025-05-16_00-59-00_002,40,unet,97.6902961730957
10240x_2560x_2025-05-16_00-59-00_002,40,resunet,0.12933044927194715
10240x_2560x_2025-05-16_00-59-00_002,40,resunet,0.1362076378427446
10240x_2560x_2025-05-16_00-59-00_002,40,resunet,0.0633477175142616
10240x_2560x_2025-05-16_00-59-00_002,40,resunet,0.06392232608050108
10240x_2560x_2025-05-16_00-59-00_002,40,resunet,6.299919635057449
10240x_2560x_2025-05-16_00-59-00_002,40,resunet,57.4307382106781
10240x_2560x_2025-05-16_00-59-00_002,40,resunet,93.14291477203369
10240x_2560x_2025-05-16_00-59-00_002,40,resunet,97.85904884338379
10240x_2560x_2025-05-16_00-59-00_002,40,resunet,99.46908950805664
10240x_2560x_2025-05-16_00-59-00_002,40,resunet,99.8601496219635
10240x_2560x_2025-05-16_00-59-00_002,40,resunet,98.11735153198242
10240x_2560x_2025-05-16_00-59-00_002,40,resunet,98.15943241119385
10240x_2560x_2025-05-16_00-59-00_002,40,resunet,91.45109057426453
10240x_2560x_2025-05-16_00-59-00_002,40,resunet,32.4234664440155
10240x_2560x_2025-05-16_00-59-00_002,40,resunet,0.6536189932376146
10240x_2560x_2025-05-16_00-59-00_002,40,resunet,0.4675842821598053
10240x_2560x_2025-05-16_00-59-00_002,40,resunet,0.2684070495888591
10240x_2560x_2025-05-16_00-59-00_002,40,resunet,0.16884657088667154
10240x_2560x_2025-05-16_00-59-00_002,40,resunet,0.06804007571190596
10240x_2560x_2025-05-16_00-59-00_002,40,resunet,0.0677255738992244
10240x_2560x_2025-05-16_00-59-00_002,40,resunet,12.650993466377258
10240x_2560x_2025-05-16_00-59-00_002,40,resunet,63.24787139892578
10240x_2560x_2025-05-16_00-59-00_002,40,resunet,95.30807137489319
10240x_2560x_2025-05-16_00-59-00_002,40,resunet,96.31514549255371
10240x_2560x_2025-05-16_00-59-00_002,40,resunet,99.17612671852112
10240x_2560x_2025-05-16_00-59-00_002,40,resunet,99.45666790008545
10240x_2560x_2025-05-16_00-59-00_002,40,resunet,99.57330226898193
10240x_2560x_2025-05-16_00-59-00_002,40,resunet,99.28854703903198
10240x_2560x_2025-05-16_00-59-00_002,40,resunet,95.3128457069397
10240x_2560x_2025-05-16_00-59-00_002,40,resunet,17.148135602474213
10240x_2560x_2025-05-16_00-59-00_002,40,resunet,0.4351609852164984
10240x_2560x_2025-05-16_00-59-00_002,40,resunet,0.620380649343133
10240x_2560x_2025-05-16_00-59-00_002,40,resunet,0.38292575627565384
10240x_2560x_2025-05-16_00-59-00_002,40,resunet,0.2327742287889123
10240x_2560x_2025-05-16_00-59-00_002,40,resunet,0.06010426441207528
10240x_2560x_2025-05-16_00-59-00_002,40,resunet,0.05205021589063108
10240x_2560x_2025-05-16_00-59-00_002,40,resunet,13.797976076602936
10240x_2560x_2025-05-16_00-59-00_002,40,resunet,75.59453845024109
10240x_2560x_2025-05-16_00-59-00_002,40,resunet,94.23868060112
10240x_2560x_2025-05-16_00-59-00_002,40,resunet,98.19085001945496
10240x_2560x_2025-05-16_00-59-00_002,40,resunet,98.71774911880493
10240x_2560x_2025-05-16_00-59-00_002,40,resunet,99.65758919715881
10240x_2560x_2025-05-16_00-59-00_002,40,resunet,98.63370060920715
10240x_2560x_2025-05-16_00-59-00_002,40,resunet,98.79904985427856
10240x_2560x_2025-05-16_00-59-00_002,40,resunet,56.72789216041565
10240x_2560x_2025-05-16_00-59-00_002,40,resunet,0.19227260490879416
10240x_2560x_2025-05-16_00-59-00_002,40,resunet,0.5887964274734259
10240x_2560x_2025-05-16_00-59-00_002,40,resunet,0.7113483268767595
10240x_2560x_2025-05-16_00-59-00_002,40,resunet,0.37660254165530205
10240x_2560x_2025-05-16_00-59-00_002,40,resunet,0.17021882813423872
10240x_2560x_2025-05-16_00-59-00_002,40,resunet,0.05491236806847155
10240x_2560x_2025-05-16_00-59-00_002,40,resunet,4.855000972747803
10240x_2560x_2025-05-16_00-59-00_002,40,resunet,75.14500021934509
10240x_2560x_2025-05-16_00-59-00_002,40,resunet,87.51710653305054
10240x_2560x_2025-05-16_00-59-00_002,40,resunet,94.48204636573792
10240x_2560x_2025-05-16_00-59-00_002,40,resunet,96.63662314414978
10240x_2560x_2025-05-16_00-59-00_002,40,resunet,99.11872148513794
10240x_2560x_2025-05-16_00-59-00_002,40,resunet,99.46169853210449
10240x_2560x_2025-05-16_00-59-00_002,40,resunet,98.76255989074707
10240x_2560x_2025-05-16_00-59-00_002,40,resunet,89.86417055130005
10240x_2560x_2025-05-16_00-59-00_002,40,resunet,0.10073104640468955
10240x_2560x_2025-05-16_00-59-00_002,40,resunet,0.22931282874196768
10240x_2560x_2025-05-16_00-59-00_002,40,resunet,0.3606645856052637
10240x_2560x_2025-05-16_00-59-00_002,40,resunet,0.7957596331834793
10240x_2560x_2025-05-16_00-59-00_002,40,resunet,0.2696919720619917
10240x_2560x_2025-05-16_00-59-00_002,40,resunet,0.10444815270602703
10240x_2560x_2025-05-16_00-59-00_002,40,resunet,0.16238362295553088
10240x_2560x_2025-05-16_00-59-00_002,40,resunet,16.283124685287476
10240x_2560x_2025-05-16_00-59-00_002,40,resunet,40.54269790649414
10240x_2560x_2025-05-16_00-59-00_002,40,resunet,81.24256730079651
10240x_2560x_2025-05-16_00-59-00_002,40,resunet,92.36257672309875
10240x_2560x_2025-05-16_00-59-00_002,40,resunet,95.85662484169006
10240x_2560x_2025-05-16_00-59-00_002,40,resunet,99.2624282836914
10240x_2560x_2025-05-16_00-59-00_002,40,resunet,98.9553689956665
10240x_2560x_2025-05-16_00-59-00_002,40,resunet,99.41598176956177
10240x_2560x_2025-05-16_00-59-00_002,40,resunet,0.04812999104615301
10240x_2560x_2025-05-16_00-59-00_002,40,resunet,0.06014536484144628
10240x_2560x_2025-05-16_00-59-00_002,40,resunet,0.11963988654315472
10240x_2560x_2025-05-16_00-59-00_002,40,resunet,0.3332864260300994
10240x_2560x_2025-05-16_00-59-00_002,40,resunet,0.53785708732903
10240x_2560x_2025-05-16_00-59-00_002,40,resunet,0.5002494901418686
10240x_2560x_2025-05-16_00-59-00_002,40,resunet,0.08581625297665596
10240x_2560x_2025-05-16_00-59-00_002,40,resunet,0.057747255777940154
10240x_2560x_2025-05-16_00-59-00_002,40,resunet,0.18495204858481884
10240x_2560x_2025-05-16_00-59-00_002,40,resunet,12.39946112036705
10240x_2560x_2025-05-16_00-59-00_002,40,resunet,40.2484267950058
10240x_2560x_2025-05-16_00-59-00_002,40,resunet,82.99957513809204
10240x_2560x_2025-05-16_00-59-00_002,40,resunet,92.140793800354
10240x_2560x_2025-05-16_00-59-00_002,40,resunet,95.70561051368713
10240x_2560x_2025-05-16_00-59-00_002,40,resunet,99.6350347995758
10240x_2560x_2025-05-16_00-59-00_002,40,resunet,0.04256313550285995
10240x_2560x_2025-05-16_00-59-00_002,40,resunet,0.04531505110207945
10240x_2560x_2025-05-16_00-59-00_002,40,resunet,0.05616400740109384
10240x_2560x_2025-05-16_00-59-00_002,40,resunet,0.1172076677903533
10240x_2560x_2025-05-16_00-59-00_002,40,resunet,0.40026456117630005
10240x_2560x_2025-05-16_00-59-00_002,40,resunet,0.7667576894164085
10240x_2560x_2025-05-16_00-59-00_002,40,resunet,0.26591275818645954
10240x_2560x_2025-05-16_00-59-00_002,40,resunet,0.08982997387647629
10240x_2560x_2025-05-16_00-59-00_002,40,resunet,0.0674604088999331
10240x_2560x_2025-05-16_00-59-00_002,40,resunet,0.05447271978482604
10240x_2560x_2025-05-16_00-59-00_002,40,resunet,9.343072772026062
10240x_2560x_2025-05-16_00-59-00_002,40,resunet,12.790460884571075
10240x_2560x_2025-05-16_00-59-00_002,40,resunet,42.1381413936615
10240x_2560x_2025-05-16_00-59-00_002,40,resunet,87.16307282447815
10240x_2560x_2025-05-16_00-59-00_002,40,resunet,98.1674313545227
10240x_2560x_2025-05-16_00-59-00_002,40,resunet,0.04166220314800739
10240x_2560x_2025-05-16_00-59-00_002,40,resunet,0.04226222517900169
10240x_2560x_2025-05-16_00-59-00_002,40,resunet,0.045109965139999986
10240x_2560x_2025-05-16_00-59-00_002,40,resunet,0.05140717257745564
10240x_2560x_2025-05-16_00-59-00_002,40,resunet,0.16603568801656365
10240x_2560x_2025-05-16_00-59-00_002,40,resunet,0.5736777558922768
10240x_2560x_2025-05-16_00-59-00_002,40,resunet,0.4358065314590931
10240x_2560x_2025-05-16_00-59-00_002,40,resunet,0.23687644861638546
10240x_2560x_2025-05-16_00-59-00_002,40,resunet,0.14781388454139233
10240x_2560x_2025-05-16_00-59-00_002,40,resunet,0.06598202744498849
10240x_2560x_2025-05-16_00-59-00_002,40,resunet,2.226000465452671
10240x_2560x_2025-05-16_00-59-00_002,40,resunet,0.056513689924031496
10240x_2560x_2025-05-16_00-59-00_002,40,resunet,2.1827002987265587
10240x_2560x_2025-05-16_00-59-00_002,40,resunet,39.30550217628479
10240x_2560x_2025-05-16_00-59-00_002,40,resunet,97.10546135902405
10240x_2560x_2025-05-16_00-59-00_002,40,attention_resunet,0.06768450257368386
10240x_2560x_2025-05-16_00-59-00_002,40,attention_resunet,0.06132378475740552
10240x_2560x_2025-05-16_00-59-00_002,40,attention_resunet,0.05440880777314305
10240x_2560x_2025-05-16_00-59-00_002,40,attention_resunet,0.05046686856076121
10240x_2560x_2025-05-16_00-59-00_002,40,attention_resunet,2.2823993116617203
10240x_2560x_2025-05-16_00-59-00_002,40,attention_resunet,9.651701152324677
10240x_2560x_2025-05-16_00-59-00_002,40,attention_resunet,41.108474135398865
10240x_2560x_2025-05-16_00-59-00_002,40,attention_resunet,76.95156335830688
10240x_2560x_2025-05-16_00-59-00_002,40,attention_resunet,93.17107796669006
10240x_2560x_2025-05-16_00-59-00_002,40,attention_resunet,90.02172350883484
10240x_2560x_2025-05-16_00-59-00_002,40,attention_resunet,72.77811765670776
10240x_2560x_2025-05-16_00-59-00_002,40,attention_resunet,77.09012627601624
10240x_2560x_2025-05-16_00-59-00_002,40,attention_resunet,39.498814940452576
10240x_2560x_2025-05-16_00-59-00_002,40,attention_resunet,4.931948333978653
10240x_2560x_2025-05-16_00-59-00_002,40,attention_resunet,0.05462352419272065
10240x_2560x_2025-05-16_00-59-00_002,40,attention_resunet,0.08314556325785816
10240x_2560x_2025-05-16_00-59-00_002,40,attention_resunet,0.07002149359323084
10240x_2560x_2025-05-16_00-59-00_002,40,attention_resunet,0.06490768864750862
10240x_2560x_2025-05-16_00-59-00_002,40,attention_resunet,0.05436644423753023
10240x_2560x_2025-05-16_00-59-00_002,40,attention_resunet,0.0492973776999861
10240x_2560x_2025-05-16_00-59-00_002,40,attention_resunet,2.023705840110779
10240x_2560x_2025-05-16_00-59-00_002,40,attention_resunet,13.772782683372498
10240x_2560x_2025-05-16_00-59-00_002,40,attention_resunet,56.64069652557373
10240x_2560x_2025-05-16_00-59-00_002,40,attention_resunet,61.04777455329895
10240x_2560x_2025-05-16_00-59-00_002,40,attention_resunet,88.42384815216064
10240x_2560x_2025-05-16_00-59-00_002,40,attention_resunet,86.7611289024353
10240x_2560x_2025-05-16_00-59-00_002,40,attention_resunet,88.18661570549011
10240x_2560x_2025-05-16_00-59-00_002,40,attention_resunet,76.90674662590027
10240x_2560x_2025-05-16_00-59-00_002,40,attention_resunet,42.24555492401123
10240x_2560x_2025-05-16_00-59-00_002,40,attention_resunet,3.5026047378778458
10240x_2560x_2025-05-16_00-59-00_002,40,attention_resunet,0.06629411363974214
10240x_2560x_2025-05-16_00-59-00_002,40,attention_resunet,0.08257182780653238
10240x_2560x_2025-05-16_00-59-00_002,40,attention_resunet,0.08567740442231297
10240x_2560x_2025-05-16_00-59-00_002,40,attention_resunet,0.06269717123359442
10240x_2560x_2025-05-16_00-59-00_002,40,attention_resunet,0.05483898567035794
10240x_2560x_2025-05-16_00-59-00_002,40,attention_resunet,0.050425605149939656
10240x_2560x_2025-05-16_00-59-00_002,40,attention_resunet,2.226385474205017
10240x_2560x_2025-05-16_00-59-00_002,40,attention_resunet,12.411555647850037
10240x_2560x_2025-05-16_00-59-00_002,40,attention_resunet,44.939613342285156
10240x_2560x_2025-05-16_00-59-00_002,40,attention_resunet,67.04487204551697
10240x_2560x_2025-05-16_00-59-00_002,40,attention_resunet,90.94034433364868
10240x_2560x_2025-05-16_00-59-00_002,40,attention_resunet,82.0749580860138
10240x_2560x_2025-05-16_00-59-00_002,40,attention_resunet,84.42297577857971
10240x_2560x_2025-05-16_00-59-00_002,40,attention_resunet,85.21725535392761
10240x_2560x_2025-05-16_00-59-00_002,40,attention_resunet,24.60583746433258
10240x_2560x_2025-05-16_00-59-00_002,40,attention_resunet,0.061302114045247436
10240x_2560x_2025-05-16_00-59-00_002,40,attention_resunet,0.06899127620272338
10240x_2560x_2025-05-16_00-59-00_002,40,attention_resunet,0.08118054829537868
10240x_2560x_2025-05-16_00-59-00_002,40,attention_resunet,0.08113155490718782
10240x_2560x_2025-05-16_00-59-00_002,40,attention_resunet,0.059832900296896696
10240x_2560x_2025-05-16_00-59-00_002,40,attention_resunet,0.05345647223293781
10240x_2560x_2025-05-16_00-59-00_002,40,attention_resunet,1.2482245452702045
10240x_2560x_2025-05-16_00-59-00_002,40,attention_resunet,20.54220736026764
10240x_2560x_2025-05-16_00-59-00_002,40,attention_resunet,27.260643243789673
10240x_2560x_2025-05-16_00-59-00_002,40,attention_resunet,48.7771213054657
10240x_2560x_2025-05-16_00-59-00_002,40,attention_resunet,67.90704727172852
10240x_2560x_2025-05-16_00-59-00_002,40,attention_resunet,78.22721004486084
10240x_2560x_2025-05-16_00-59-00_002,40,attention_resunet,96.33702039718628
10240x_2560x_2025-05-16_00-59-00_002,40,attention_resunet,92.31082201004028
10240x_2560x_2025-05-16_00-59-00_002,40,attention_resunet,52.44263410568237
10240x_2560x_2025-05-16_00-59-00_002,40,attention_resunet,0.05794274038635194
10240x_2560x_2025-05-16_00-59-00_002,40,attention_resunet,0.06050016381777823
10240x_2560x_2025-05-16_00-59-00_002,40,attention_resunet,0.06545513169839978
10240x_2560x_2025-05-16_00-59-00_002,40,attention_resunet,0.07751922239549458
10240x_2560x_2025-05-16_00-59-00_002,40,attention_resunet,0.08026197319850326
10240x_2560x_2025-05-16_00-59-00_002,40,attention_resunet,0.054626434575766325
10240x_2560x_2025-05-16_00-59-00_002,40,attention_resunet,1.081795897334814
10240x_2560x_2025-05-16_00-59-00_002,40,attention_resunet,2.94500719755888
10240x_2560x_2025-05-16_00-59-00_002,40,attention_resunet,4.849747568368912
10240x_2560x_2025-05-16_00-59-00_002,40,attention_resunet,20.207245647907257
10240x_2560x_2025-05-16_00-59-00_002,40,attention_resunet,41.83169603347778
10240x_2560x_2025-05-16_00-59-00_002,40,attention_resunet,53.534770011901855
10240x_2560x_2025-05-16_00-59-00_002,40,attention_resunet,92.88961291313171
10240x_2560x_2025-05-16_00-59-00_002,40,attention_resunet,90.0479257106781
10240x_2560x_2025-05-16_00-59-00_002,40,attention_resunet,91.79437160491943
10240x_2560x_2025-05-16_00-59-00_002,40,attention_resunet,0.056874018628150225
10240x_2560x_2025-05-16_00-59-00_002,40,attention_resunet,0.05733628058806062
10240x_2560x_2025-05-16_00-59-00_002,40,attention_resunet,0.05871150642633438
10240x_2560x_2025-05-16_00-59-00_002,40,attention_resunet,0.0646511500235647
10240x_2560x_2025-05-16_00-59-00_002,40,attention_resunet,0.07556864875368774
10240x_2560x_2025-05-16_00-59-00_002,40,attention_resunet,0.08520918199792504
10240x_2560x_2025-05-16_00-59-00_002,40,attention_resunet,0.05536913522519171
10240x_2560x_2025-05-16_00-59-00_002,40,attention_resunet,0.05228182999417186
10240x_2560x_2025-05-16_00-59-00_002,40,attention_resunet,0.047285869368351996
10240x_2560x_2025-05-16_00-59-00_002,40,attention_resunet,4.6837810426950455
10240x_2560x_2025-05-16_00-59-00_002,40,attention_resunet,6.173570826649666
10240x_2560x_2025-05-16_00-59-00_002,40,attention_resunet,14.215824007987976
10240x_2560x_2025-05-16_00-59-00_002,40,attention_resunet,37.90903091430664
10240x_2560x_2025-05-16_00-59-00_002,40,attention_resunet,61.25215291976929
10240x_2560x_2025-05-16_00-59-00_002,40,attention_resunet,86.7107093334198
10240x_2560x_2025-05-16_00-59-00_002,40,attention_resunet,0.056141545064747334
10240x_2560x_2025-05-16_00-59-00_002,40,attention_resunet,0.05646690260618925
10240x_2560x_2025-05-16_00-59-00_002,40,attention_resunet,0.057079573161900043
10240x_2560x_2025-05-16_00-59-00_002,40,attention_resunet,0.0587109534535557
10240x_2560x_2025-05-16_00-59-00_002,40,attention_resunet,0.06588678224943578
10240x_2560x_2025-05-16_00-59-00_002,40,attention_resunet,0.08464969578199089
10240x_2560x_2025-05-16_00-59-00_002,40,attention_resunet,0.09413474472239614
10240x_2560x_2025-05-16_00-59-00_002,40,attention_resunet,0.09803554276004434
10240x_2560x_2025-05-16_00-59-00_002,40,attention_resunet,0.05296551389619708
10240x_2560x_2025-05-16_00-59-00_002,40,attention_resunet,0.05134111852385104
10240x_2560x_2025-05-16_00-59-00_002,40,attention_resunet,2.697768062353134
10240x_2560x_2025-05-16_00-59-00_002,40,attention_resunet,1.782350055873394
10240x_2560x_2025-05-16_00-59-00_002,40,attention_resunet,3.9540033787488937
10240x_2560x_2025-05-16_00-59-00_002,40,attention_resunet,26.943203806877136
10240x_2560x_2025-05-16_00-59-00_002,40,attention_resunet,84.2603325843811
10240x_2560x_2025-05-16_00-59-00_002,40,attention_resunet,0.05559489945881069
10240x_2560x_2025-05-16_00-59-00_002,40,attention_resunet,0.05584007012657821
10240x_2560x_2025-05-16_00-59-00_002,40,attention_resunet,0.05651045357808471
10240x_2560x_2025-05-16_00-59-00_002,40,attention_resunet,0.05708652315661311
10240x_2560x_2025-05-16_00-59-00_002,40,attention_resunet,0.058883451856672764
10240x_2560x_2025-05-16_00-59-00_002,40,attention_resunet,0.06760825053788722
10240x_2560x_2025-05-16_00-59-00_002,40,attention_resunet,0.07794457487761974
10240x_2560x_2025-05-16_00-59-00_002,40,attention_resunet,0.07041912176646292
10240x_2560x_2025-05-16_00-59-00_002,40,attention_resunet,0.059403147315606475
10240x_2560x_2025-05-16_00-59-00_002,40,attention_resunet,0.05383447278290987
10240x_2560x_2025-05-16_00-59-00_002,40,attention_resunet,0.05083087016828358
10240x_2560x_2025-05-16_00-59-00_002,40,attention_resunet,0.05072308122180402
10240x_2560x_2025-05-16_00-59-00_002,40,attention_resunet,0.5352834239602089
10240x_2560x_2025-05-16_00-59-00_002,40,attention_resunet,10.382311791181564
10240x_2560x_2025-05-16_00-59-00_002,40,attention_resunet,76.59225463867188
10240x_2560x_2025-05-16_00-59-00_002,40,clahe_otsu,29.67376708984375
10240x_2560x_2025-05-16_00-59-00_002,40,clahe_otsu,3.9764404296875
10240x_2560x_2025-05-16_00-59-00_002,40,clahe_otsu,3.53240966796875
10240x_2560x_2025-05-16_00-59-00_002,40,clahe_otsu,2.7496337890625
10240x_2560x_2025-05-16_00-59-00_002,40,clahe_otsu,2.24761962890625
10240x_2560x_2025-05-16_00-59-00_002,40,clahe_otsu,3.3416748046875
10240x_2560x_2025-05-16_00-59-00_002,40,clahe_otsu,2.8533935546875
10240x_2560x_2025-05-16_00-59-00_002,40,clahe_otsu,3.076171875
10240x_2560x_2025-05-16_00-59-00_002,40,clahe_otsu,3.1097412109375
10240x_2560x_2025-05-16_00-59-00_002,40,clahe_otsu,35.81390380859375
10240x_2560x_2025-05-16_00-59-00_002,40,clahe_otsu,8.4808349609375
10240x_2560x_2025-05-16_00-59-00_002,40,clahe_otsu,36.69586181640625
10240x_2560x_2025-05-16_00-59-00_002,40,clahe_otsu,35.9222412109375
10240x_2560x_2025-05-16_00-59-00_002,40,clahe_otsu,40.71197509765625
10240x_2560x_2025-05-16_00-59-00_002,40,clahe_otsu,45.31707763671875
10240x_2560x_2025-05-16_00-59-00_002,40,clahe_otsu,3.009033203125
10240x_2560x_2025-05-16_00-59-00_002,40,clahe_otsu,3.49578857421875
10240x_2560x_2025-05-16_00-59-00_002,40,clahe_otsu,2.80914306640625
10240x_2560x_2025-05-16_00-59-00_002,40,clahe_otsu,3.21502685546875
10240x_2560x_2025-05-16_00-59-00_002,40,clahe_otsu,2.99224853515625
10240x_2560x_2025-05-16_00-59-00_002,40,clahe_otsu,2.130126953125
10240x_2560x_2025-05-16_00-59-00_002,40,clahe_otsu,2.557373046875
10240x_2560x_2025-05-16_00-59-00_002,40,clahe_otsu,1.64031982421875
10240x_2560x_2025-05-16_00-59-00_002,40,clahe_otsu,3.18756103515625
10240x_2560x_2025-05-16_00-59-00_002,40,clahe_otsu,1.99432373046875
10240x_2560x_2025-05-16_00-59-00_002,40,clahe_otsu,4.3426513671875
10240x_2560x_2025-05-16_00-59-00_002,40,clahe_otsu,34.0606689453125
10240x_2560x_2025-05-16_00-59-00_002,40,clahe_otsu,39.9169921875
10240x_2560x_2025-05-16_00-59-00_002,40,clahe_otsu,36.72332763671875
10240x_2560x_2025-05-16_00-59-00_002,40,clahe_otsu,44.4091796875
10240x_2560x_2025-05-16_00-59-00_002,40,clahe_otsu,3.1646728515625
10240x_2560x_2025-05-16_00-59-00_002,40,clahe_otsu,2.18353271484375
10240x_2560x_2025-05-16_00-59-00_002,40,clahe_otsu,2.03857421875
10240x_2560x_2025-05-16_00-59-00_002,40,clahe_otsu,1.38702392578125
10240x_2560x_2025-05-16_00-59-00_002,40,clahe_otsu,2.14996337890625
10240x_2560x_2025-05-16_00-59-00_002,40,clahe_otsu,3.0029296875
10240x_2560x_2025-05-16_00-59-00_002,40,clahe_otsu,2.93731689453125
10240x_2560x_2025-05-16_00-59-00_002,40,clahe_otsu,2.83355712890625
10240x_2560x_2025-05-16_00-59-00_002,40,clahe_otsu,2.57568359375
10240x_2560x_2025-05-16_00-59-00_002,40,clahe_otsu,3.23638916015625
10240x_2560x_2025-05-16_00-59-00_002,40,clahe_otsu,2.84423828125
10240x_2560x_2025-05-16_00-59-00_002,40,clahe_otsu,4.21600341796875
10240x_2560x_2025-05-16_00-59-00_002,40,clahe_otsu,27.17132568359375
10240x_2560x_2025-05-16_00-59-00_002,40,clahe_otsu,33.3831787109375
10240x_2560x_2025-05-16_00-59-00_002,40,clahe_otsu,36.97662353515625
10240x_2560x_2025-05-16_00-59-00_002,40,clahe_otsu,3.62396240234375
10240x_2560x_2025-05-16_00-59-00_002,40,clahe_otsu,2.4444580078125
10240x_2560x_2025-05-16_00-59-00_002,40,clahe_otsu,2.55126953125
10240x_2560x_2025-05-16_00-59-00_002,40,clahe_otsu,2.4444580078125
10240x_2560x_2025-05-16_00-59-00_002,40,clahe_otsu,2.39105224609375
10240x_2560x_2025-05-16_00-59-00_002,40,clahe_otsu,2.9205322265625
10240x_2560x_2025-05-16_00-59-00_002,40,clahe_otsu,2.26593017578125
10240x_2560x_2025-05-16_00-59-00_002,40,clahe_otsu,2.77099609375
10240x_2560x_2025-05-16_00-59-00_002,40,clahe_otsu,1.3946533203125
10240x_2560x_2025-05-16_00-59-00_002,40,clahe_otsu,2.6123046875
10240x_2560x_2025-05-16_00-59-00_002,40,clahe_otsu,2.36053466796875
10240x_2560x_2025-05-16_00-59-00_002,40,clahe_otsu,3.95355224609375
10240x_2560x_2025-05-16_00-59-00_002,40,clahe_otsu,23.81591796875
10240x_2560x_2025-05-16_00-59-00_002,40,clahe_otsu,38.41400146484375
10240x_2560x_2025-05-16_00-59-00_002,40,clahe_otsu,37.30926513671875
10240x_2560x_2025-05-16_00-59-00_002,40,clahe_otsu,3.729248046875
10240x_2560x_2025-05-16_00-59-00_002,40,clahe_otsu,3.070068359375
10240x_2560x_2025-05-16_00-59-00_002,40,clahe_otsu,3.10516357421875
10240x_2560x_2025-05-16_00-59-00_002,40,clahe_otsu,1.52130126953125
10240x_2560x_2025-05-16_00-59-00_002,40,clahe_otsu,2.83203125
10240x_2560x_2025-05-16_00-59-00_002,40,clahe_otsu,2.60162353515625
10240x_2560x_2025-05-16_00-59-00_002,40,clahe_otsu,3.51715087890625
10240x_2560x_2025-05-16_00-59-00_002,40,clahe_otsu,1.96685791015625
10240x_2560x_2025-05-16_00-59-00_002,40,clahe_otsu,1.97906494140625
10240x_2560x_2025-05-16_00-59-00_002,40,clahe_otsu,3.07159423828125
10240x_2560x_2025-05-16_00-59-00_002,40,clahe_otsu,2.61688232421875
10240x_2560x_2025-05-16_00-59-00_002,40,clahe_otsu,2.81524658203125
10240x_2560x_2025-05-16_00-59-00_002,40,clahe_otsu,23.15826416015625
10240x_2560x_2025-05-16_00-59-00_002,40,clahe_otsu,21.8292236328125
10240x_2560x_2025-05-16_00-59-00_002,40,clahe_otsu,40.68603515625
10240x_2560x_2025-05-16_00-59-00_002,40,clahe_otsu,3.55224609375
10240x_2560x_2025-05-16_00-59-00_002,40,clahe_otsu,2.62908935546875
10240x_2560x_2025-05-16_00-59-00_002,40,clahe_otsu,2.13775634765625
10240x_2560x_2025-05-16_00-59-00_002,40,clahe_otsu,3.60260009765625
10240x_2560x_2025-05-16_00-59-00_002,40,clahe_otsu,2.39410400390625
10240x_2560x_2025-05-16_00-59-00_002,40,clahe_otsu,0.97503662109375
10240x_2560x_2025-05-16_00-59-00_002,40,clahe_otsu,3.1494140625
10240x_2560x_2025-05-16_00-59-00_002,40,clahe_otsu,3.45611572265625
10240x_2560x_2025-05-16_00-59-00_002,40,clahe_otsu,3.49884033203125
10240x_2560x_2025-05-16_00-59-00_002,40,clahe_otsu,6.768798828125
10240x_2560x_2025-05-16_00-59-00_002,40,clahe_otsu,1.63116455078125
10240x_2560x_2025-05-16_00-59-00_002,40,clahe_otsu,3.399658203125
10240x_2560x_2025-05-16_00-59-00_002,40,clahe_otsu,3.8482666015625
10240x_2560x_2025-05-16_00-59-00_002,40,clahe_otsu,5.18646240234375
10240x_2560x_2025-05-16_00-59-00_002,40,clahe_otsu,36.3006591796875
10240x_2560x_2025-05-16_00-59-00_002,40,clahe_otsu,2.61688232421875
10240x_2560x_2025-05-16_00-59-00_002,40,clahe_otsu,2.5115966796875
10240x_2560x_2025-05-16_00-59-00_002,40,clahe_otsu,2.5177001953125
10240x_2560x_2025-05-16_00-59-00_002,40,clahe_otsu,2.8839111328125
10240x_2560x_2025-05-16_00-59-00_002,40,clahe_otsu,2.6336669921875
10240x_2560x_2025-05-16_00-59-00_002,40,clahe_otsu,2.27508544921875
10240x_2560x_2025-05-16_00-59-00_002,40,clahe_otsu,2.7374267578125
10240x_2560x_2025-05-16_00-59-00_002,40,clahe_otsu,3.01055908203125
10240x_2560x_2025-05-16_00-59-00_002,40,clahe_otsu,2.6763916015625
10240x_2560x_2025-05-16_00-59-00_002,40,clahe_otsu,2.87322998046875
10240x_2560x_2025-05-16_00-59-00_002,40,clahe_otsu,2.1881103515625
10240x_2560x_2025-05-16_00-59-00_002,40,clahe_otsu,3.387451171875
10240x_2560x_2025-05-16_00-59-00_002,40,clahe_otsu,2.99835205078125
10240x_2560x_2025-05-16_00-59-00_002,40,clahe_otsu,4.168701171875
10240x_2560x_2025-05-16_00-59-00_002,40,clahe_otsu,43.45703125
10240x_2560x_2025-05-16_00-59-00_002,40,clahe_otsu,3.216552734375
10240x_2560x_2025-05-16_00-59-00_002,40,clahe_otsu,2.64739990234375
10240x_2560x_2025-05-16_00-59-00_002,40,clahe_otsu,2.2125244140625
10240x_2560x_2025-05-16_00-59-00_002,40,clahe_otsu,2.30255126953125
10240x_2560x_2025-05-16_00-59-00_002,40,clahe_otsu,2.03704833984375
10240x_2560x_2025-05-16_00-59-00_002,40,clahe_otsu,2.09197998046875
10240x_2560x_2025-05-16_00-59-00_002,40,clahe_otsu,2.90985107421875
10240x_2560x_2025-05-16_00-59-00_002,40,clahe_otsu,2.75726318359375
10240x_2560x_2025-05-16_00-59-00_002,40,clahe_otsu,1.8951416015625
10240x_2560x_2025-05-16_00-59-00_002,40,clahe_otsu,2.30712890625
10240x_2560x_2025-05-16_00-59-00_002,40,clahe_otsu,2.79998779296875
10240x_2560x_2025-05-16_00-59-00_002,40,clahe_otsu,3.46527099609375
10240x_2560x_2025-05-16_00-59-00_002,40,clahe_otsu,2.79998779296875
10240x_2560x_2025-05-16_00-59-00_002,40,clahe_otsu,24.21112060546875
10240x_2560x_2025-05-16_00-59-00_002,40,clahe_otsu,38.24920654296875
10x_2025-05-15_02-05-00,10,unet,0.25293794460594654
10x_2025-05-15_02-05-00,10,unet,0.2515217289328575
10x_2025-05-15_02-05-00,10,unet,0.25171898305416107
10x_2025-05-15_02-05-00,10,unet,0.25116652250289917
10x_2025-05-15_02-05-00,10,unet,0.25166452396661043
10x_2025-05-15_02-05-00,10,unet,0.25076824240386486
10x_2025-05-15_02-05-00,10,unet,0.25093797594308853
10x_2025-05-15_02-05-00,10,unet,0.25090763811022043
10x_2025-05-15_02-05-00,10,unet,0.2510190708562732
10x_2025-05-15_02-05-00,10,unet,0.2516604261472821
10x_2025-05-15_02-05-00,10,unet,0.25144675746560097
10x_2025-05-15_02-05-00,10,unet,0.2511664992198348
10x_2025-05-15_02-05-00,10,unet,0.2502688206732273
10x_2025-05-15_02-05-00,10,unet,0.25093310978263617
10x_2025-05-15_02-05-00,10,unet,0.2504274249076843
10x_2025-05-15_02-05-00,10,unet,0.2532821614295244
10x_2025-05-15_02-05-00,10,unet,0.252291071228683
10x_2025-05-15_02-05-00,10,unet,0.25145127438008785
10x_2025-05-15_02-05-00,10,unet,0.25166631676256657
10x_2025-05-15_02-05-00,10,unet,0.2507126657292247
10x_2025-05-15_02-05-00,10,unet,0.2514147898182273
10x_2025-05-15_02-05-00,10,unet,0.25095229502767324
10x_2025-05-15_02-05-00,10,unet,0.2507152035832405
10x_2025-05-15_02-05-00,10,unet,0.2507900120690465
10x_2025-05-15_02-05-00,10,unet,0.2508221659809351
10x_2025-05-15_02-05-00,10,unet,0.25093925651162863
10x_2025-05-15_02-05-00,10,unet,0.2509115729480982
10x_2025-05-15_02-05-00,10,unet,0.25024889037013054
10x_2025-05-15_02-05-00,10,unet,0.25070360861718655
10x_2025-05-15_02-05-00,10,unet,0.25056228041648865
10x_2025-05-15_02-05-00,10,unet,0.2513063373044133
10x_2025-05-15_02-05-00,10,unet,0.2513986313715577
10x_2025-05-15_02-05-00,10,unet,0.2516116015613079
10x_2025-05-15_02-05-00,10,unet,0.2512128558009863
10x_2025-05-15_02-05-00,10,unet,0.2523401752114296
10x_2025-05-15_02-05-00,10,unet,0.25217582006007433
10x_2025-05-15_02-05-00,10,unet,0.25135837495326996
10x_2025-05-15_02-05-00,10,unet,0.25092579890042543
10x_2025-05-15_02-05-00,10,unet,0.2506658434867859
10x_2025-05-15_02-05-00,10,unet,0.2505652839317918
10x_2025-05-15_02-05-00,10,unet,0.25054404977709055
10x_2025-05-15_02-05-00,10,unet,0.251401262357831
10x_2025-05-15_02-05-00,10,unet,0.2509244717657566
10x_2025-05-15_02-05-00,10,unet,0.251286500133574
10x_2025-05-15_02-05-00,10,unet,0.25052325800061226
10x_2025-05-15_02-05-00,10,unet,0.25137439370155334
10x_2025-05-15_02-05-00,10,unet,0.2512619365006685
10x_2025-05-15_02-05-00,10,unet,0.2516829874366522
10x_2025-05-15_02-05-00,10,unet,0.25204073172062635
10x_2025-05-15_02-05-00,10,unet,0.251558655872941
10x_2025-05-15_02-05-00,10,unet,0.25172107852995396
10x_2025-05-15_02-05-00,10,unet,0.25115362368524075
10x_2025-05-15_02-05-00,10,unet,0.25104854721575975
10x_2025-05-15_02-05-00,10,unet,0.25093271397054195
10x_2025-05-15_02-05-00,10,unet,0.2509068697690964
10x_2025-05-15_02-05-00,10,unet,0.250582885928452
10x_2025-05-15_02-05-00,10,unet,0.2507725963369012
10x_2025-05-15_02-05-00,10,unet,0.25029703974723816
10x_2025-05-15_02-05-00,10,unet,0.2503410214558244
10x_2025-05-15_02-05-00,10,unet,0.2509258920326829
10x_2025-05-15_02-05-00,10,unet,0.25183651596307755
10x_2025-05-15_02-05-00,10,unet,0.2513473853468895
10x_2025-05-15_02-05-00,10,unet,0.25116975884884596
10x_2025-05-15_02-05-00,10,unet,0.2512362087145448
10x_2025-05-15_02-05-00,10,unet,0.2512967446818948
10x_2025-05-15_02-05-00,10,unet,0.2513187937438488
10x_2025-05-15_02-05-00,10,unet,0.25062866043299437
10x_2025-05-15_02-05-00,10,unet,0.2510640537366271
10x_2025-05-15_02-05-00,10,unet,0.2510769525542855
10x_2025-05-15_02-05-00,10,unet,0.25095276068896055
10x_2025-05-15_02-05-00,10,unet,0.2511330181732774
10x_2025-05-15_02-05-00,10,unet,0.25058863684535027
10x_2025-05-15_02-05-00,10,unet,0.2501610666513443
10x_2025-05-15_02-05-00,10,unet,0.25034998543560505
10x_2025-05-15_02-05-00,10,unet,0.2505786484107375
10x_2025-05-15_02-05-00,10,unet,0.2516400534659624
10x_2025-05-15_02-05-00,10,unet,0.251366407610476
10x_2025-05-15_02-05-00,10,unet,0.2516849432140589
10x_2025-05-15_02-05-00,10,unet,0.251787225715816
10x_2025-05-15_02-05-00,10,unet,0.2517236629500985
10x_2025-05-15_02-05-00,10,unet,0.2514638705179095
10x_2025-05-15_02-05-00,10,unet,0.2510224934667349
10x_2025-05-15_02-05-00,10,unet,0.2506626769900322
10x_2025-05-15_02-05-00,10,unet,0.2503594383597374
10x_2025-05-15_02-05-00,10,unet,0.2521444344893098
10x_2025-05-15_02-05-00,10,unet,0.2508887555450201
10x_2025-05-15_02-05-00,10,unet,0.2509566955268383
10x_2025-05-15_02-05-00,10,unet,0.25098288897424936
10x_2025-05-15_02-05-00,10,unet,0.25051673874258995
10x_2025-05-15_02-05-00,10,unet,0.25017757434397936
10x_2025-05-15_02-05-00,10,unet,0.2524490701034665
10x_2025-05-15_02-05-00,10,unet,0.251972209662199
10x_2025-05-15_02-05-00,10,unet,0.25151404552161694
10x_2025-05-15_02-05-00,10,unet,0.25201872922480106
10x_2025-05-15_02-05-00,10,unet,0.25123124942183495
10x_2025-05-15_02-05-00,10,unet,0.2518589608371258
10x_2025-05-15_02-05-00,10,unet,0.25189109146595
10x_2025-05-15_02-05-00,10,unet,0.25107432156801224
10x_2025-05-15_02-05-00,10,unet,0.25102715007960796
10x_2025-05-15_02-05-00,10,unet,0.25114575400948524
10x_2025-05-15_02-05-00,10,unet,0.25130994617938995
10x_2025-05-15_02-05-00,10,unet,0.2507804427295923
10x_2025-05-15_02-05-00,10,unet,0.2506914082914591
10x_2025-05-15_02-05-00,10,unet,0.2508344827219844
10x_2025-05-15_02-05-00,10,unet,0.250835670158267
10x_2025-05-15_02-05-00,10,unet,0.2522750059142709
10x_2025-05-15_02-05-00,10,unet,0.2514593303203583
10x_2025-05-15_02-05-00,10,unet,0.2521880669519305
10x_2025-05-15_02-05-00,10,unet,0.2515738131478429
10x_2025-05-15_02-05-00,10,unet,0.2514894586056471
10x_2025-05-15_02-05-00,10,unet,0.25107436813414097
10x_2025-05-15_02-05-00,10,unet,0.2516358392313123
10x_2025-05-15_02-05-00,10,unet,0.25149448774755
10x_2025-05-15_02-05-00,10,unet,0.250703701749444
10x_2025-05-15_02-05-00,10,unet,0.2514437073841691
10x_2025-05-15_02-05-00,10,unet,0.2513487357646227
10x_2025-05-15_02-05-00,10,unet,0.2506166696548462
10x_2025-05-15_02-05-00,10,unet,0.25107222609221935
10x_2025-05-15_02-05-00,10,unet,0.25117387995123863
10x_2025-05-15_02-05-00,10,unet,0.2507667522877455
10x_2025-05-15_02-05-00,10,resunet,0.07870958652347326
10x_2025-05-15_02-05-00,10,resunet,0.03845565370284021
10x_2025-05-15_02-05-00,10,resunet,0.03708994772750884
10x_2025-05-15_02-05-00,10,resunet,0.034705791040323675
10x_2025-05-15_02-05-00,10,resunet,0.033338365028612316
10x_2025-05-15_02-05-00,10,resunet,0.0323099025990814
10x_2025-05-15_02-05-00,10,resunet,0.03221721854060888
10x_2025-05-15_02-05-00,10,resunet,0.03244565159548074
10x_2025-05-15_02-05-00,10,resunet,0.2053840085864067
10x_2025-05-15_02-05-00,10,resunet,0.03282823308836669
10x_2025-05-15_02-05-00,10,resunet,0.03278636431787163
10x_2025-05-15_02-05-00,10,resunet,0.03126293304376304
10x_2025-05-15_02-05-00,10,resunet,0.030340332887135446
10x_2025-05-15_02-05-00,10,resunet,0.02800530637614429
10x_2025-05-15_02-05-00,10,resunet,0.0268481089733541
10x_2025-05-15_02-05-00,10,resunet,0.04156616632826626
10x_2025-05-15_02-05-00,10,resunet,0.04023663932457566
10x_2025-05-15_02-05-00,10,resunet,0.037841108860448
10x_2025-05-15_02-05-00,10,resunet,0.034813073580153286
10x_2025-05-15_02-05-00,10,resunet,0.03389068297110498
10x_2025-05-15_02-05-00,10,resunet,0.03425647155381739
10x_2025-05-15_02-05-00,10,resunet,0.0334394455421716
10x_2025-05-15_02-05-00,10,resunet,0.03110147372353822
10x_2025-05-15_02-05-00,10,resunet,0.030460566631518304
10x_2025-05-15_02-05-00,10,resunet,0.03158541803713888
10x_2025-05-15_02-05-00,10,resunet,0.03287080908194184
10x_2025-05-15_02-05-00,10,resunet,0.030139082809910178
10x_2025-05-15_02-05-00,10,resunet,0.02961370919365436
10x_2025-05-15_02-05-00,10,resunet,0.02877546939998865
10x_2025-05-15_02-05-00,10,resunet,0.026258407160639763
10x_2025-05-15_02-05-00,10,resunet,0.22981534712016582
10x_2025-05-15_02-05-00,10,resunet,0.03994070284534246
10x_2025-05-15_02-05-00,10,resunet,0.03887186467181891
10x_2025-05-15_02-05-00,10,resunet,0.03728338051587343
10x_2025-05-15_02-05-00,10,resunet,0.03627203113865107
10x_2025-05-15_02-05-00,10,resunet,0.036595467827282846
10x_2025-05-15_02-05-00,10,resunet,0.041118881199508905
10x_2025-05-15_02-05-00,10,resunet,0.03158253093715757
10x_2025-05-15_02-05-00,10,resunet,0.029251090018078685
10x_2025-05-15_02-05-00,10,resunet,0.02894856152124703
10x_2025-05-15_02-05-00,10,resunet,0.03051097155548632
10x_2025-05-15_02-05-00,10,resunet,0.030716467881575227
10x_2025-05-15_02-05-00,10,resunet,0.02904037246480584
10x_2025-05-15_02-05-00,10,resunet,0.02916415105573833
10x_2025-05-15_02-05-00,10,resunet,0.027636601589620113
10x_2025-05-15_02-05-00,10,resunet,0.03963315975852311
10x_2025-05-15_02-05-00,10,resunet,0.037504557985812426
10x_2025-05-15_02-05-00,10,resunet,0.03916613932233304
10x_2025-05-15_02-05-00,10,resunet,0.037224998231977224
10x_2025-05-15_02-05-00,10,resunet,0.03469762741588056
10x_2025-05-15_02-05-00,10,resunet,0.035449222195893526
10x_2025-05-15_02-05-00,10,resunet,0.03311561013106257
10x_2025-05-15_02-05-00,10,resunet,0.03090376267209649
10x_2025-05-15_02-05-00,10,resunet,0.02892384072765708
10x_2025-05-15_02-05-00,10,resunet,0.03054180124308914
10x_2025-05-15_02-05-00,10,resunet,0.029238392016850412
10x_2025-05-15_02-05-00,10,resunet,0.029117846861481667
10x_2025-05-15_02-05-00,10,resunet,0.0303910841466859
10x_2025-05-15_02-05-00,10,resunet,0.028730157646350563
10x_2025-05-15_02-05-00,10,resunet,0.027969502843916416
10x_2025-05-15_02-05-00,10,resunet,0.039653750718571246
10x_2025-05-15_02-05-00,10,resunet,0.03782069543376565
10x_2025-05-15_02-05-00,10,resunet,0.035871664294973016
10x_2025-05-15_02-05-00,10,resunet,0.033737189369276166
10x_2025-05-15_02-05-00,10,resunet,0.03546078223735094
10x_2025-05-15_02-05-00,10,resunet,0.034773649531416595
10x_2025-05-15_02-05-00,10,resunet,0.031850385130383074
10x_2025-05-15_02-05-00,10,resunet,0.029896272462792695
10x_2025-05-15_02-05-00,10,resunet,0.030042100115679204
10x_2025-05-15_02-05-00,10,resunet,0.031193348695524037
10x_2025-05-15_02-05-00,10,resunet,0.030562040046788752
10x_2025-05-15_02-05-00,10,resunet,0.030433142092078924
10x_2025-05-15_02-05-00,10,resunet,0.02858010702766478
10x_2025-05-15_02-05-00,10,resunet,0.02926993474829942
10x_2025-05-15_02-05-00,10,resunet,0.02527236647438258
10x_2025-05-15_02-05-00,10,resunet,0.041574559872969985
10x_2025-05-15_02-05-00,10,resunet,0.038717835559509695
10x_2025-05-15_02-05-00,10,resunet,0.03788324538618326
10x_2025-05-15_02-05-00,10,resunet,0.036120080039836466
10x_2025-05-15_02-05-00,10,resunet,0.03695412015076727
10x_2025-05-15_02-05-00,10,resunet,0.035814655711874366
10x_2025-05-15_02-05-00,10,resunet,0.03231064765714109
10x_2025-05-15_02-05-00,10,resunet,0.03159627376589924
10x_2025-05-15_02-05-00,10,resunet,0.03096779400948435
10x_2025-05-15_02-05-00,10,resunet,0.0463925302028656
10x_2025-05-15_02-05-00,10,resunet,0.03086244687438011
10x_2025-05-15_02-05-00,10,resunet,0.030495974351651967
10x_2025-05-15_02-05-00,10,resunet,0.031570097780786455
10x_2025-05-15_02-05-00,10,resunet,0.02923269639723003
10x_2025-05-15_02-05-00,10,resunet,0.02569435746408999
10x_2025-05-15_02-05-00,10,resunet,0.04286830953788012
10x_2025-05-15_02-05-00,10,resunet,0.04159639647696167
10x_2025-05-15_02-05-00,10,resunet,0.9774102829396725
10x_2025-05-15_02-05-00,10,resunet,0.04046583198942244
10x_2025-05-15_02-05-00,10,resunet,0.038692745147272944
10x_2025-05-15_02-05-00,10,resunet,0.036961090518161654
10x_2025-05-15_02-05-00,10,resunet,0.034828385105356574
10x_2025-05-15_02-05-00,10,resunet,0.031083912472240627
10x_2025-05-15_02-05-00,10,resunet,0.032147171441465616
10x_2025-05-15_02-05-00,10,resunet,0.030851137125864625
10x_2025-05-15_02-05-00,10,resunet,0.03309770836494863
10x_2025-05-15_02-05-00,10,resunet,0.03312688204459846
10x_2025-05-15_02-05-00,10,resunet,0.03236597403883934
10x_2025-05-15_02-05-00,10,resunet,0.03139617620036006
10x_2025-05-15_02-05-00,10,resunet,0.027873629005625844
10x_2025-05-15_02-05-00,10,resunet,0.06777786766178906
10x_2025-05-15_02-05-00,10,resunet,0.04037640755996108
10x_2025-05-15_02-05-00,10,resunet,0.04060666251461953
10x_2025-05-15_02-05-00,10,resunet,0.04153467889409512
10x_2025-05-15_02-05-00,10,resunet,0.0402340927394107
10x_2025-05-15_02-05-00,10,resunet,0.03843791491817683
10x_2025-05-15_02-05-00,10,resunet,0.037591575528495014
10x_2025-05-15_02-05-00,10,resunet,0.1077400054782629
10x_2025-05-15_02-05-00,10,resunet,0.032386460225097835
10x_2025-05-15_02-05-00,10,resunet,0.032686840859241784
10x_2025-05-15_02-05-00,10,resunet,0.03395179228391498
10x_2025-05-15_02-05-00,10,resunet,0.03260696539655328
10x_2025-05-15_02-05-00,10,resunet,0.034625158878043294
10x_2025-05-15_02-05-00,10,resunet,0.03190002462361008
10x_2025-05-15_02-05-00,10,resunet,0.029027089476585388
10x_2025-05-15_02-05-00,10,attention_resunet,0.05389442667365074
10x_2025-05-15_02-05-00,10,attention_resunet,0.05336375907063484
10x_2025-05-15_02-05-00,10,attention_resunet,0.05318841431289911
10x_2025-05-15_02-05-00,10,attention_resunet,0.052918901201337576
10x_2025-05-15_02-05-00,10,attention_resunet,0.05267338128760457
10x_2025-05-15_02-05-00,10,attention_resunet,0.05245882784947753
10x_2025-05-15_02-05-00,10,attention_resunet,0.052360043628141284
10x_2025-05-15_02-05-00,10,attention_resunet,0.05256775766611099
10x_2025-05-15_02-05-00,10,attention_resunet,0.05232519470155239
10x_2025-05-15_02-05-00,10,attention_resunet,0.052640167996287346
10x_2025-05-15_02-05-00,10,attention_resunet,0.05280637997202575
10x_2025-05-15_02-05-00,10,attention_resunet,0.05256537115201354
10x_2025-05-15_02-05-00,10,attention_resunet,0.05216026911512017
10x_2025-05-15_02-05-00,10,attention_resunet,0.05206348141655326
10x_2025-05-15_02-05-00,10,attention_resunet,0.05167245981283486
10x_2025-05-15_02-05-00,10,attention_resunet,0.05374060128815472
10x_2025-05-15_02-05-00,10,attention_resunet,0.05346256657503545
10x_2025-05-15_02-05-00,10,attention_resunet,0.05325491656549275
10x_2025-05-15_02-05-00,10,attention_resunet,0.052750855684280396
10x_2025-05-15_02-05-00,10,attention_resunet,0.05277805612422526
10x_2025-05-15_02-05-00,10,attention_resunet,0.05267920787446201
10x_2025-05-15_02-05-00,10,attention_resunet,0.05252354312688112
10x_2025-05-15_02-05-00,10,attention_resunet,0.05229780217632651
10x_2025-05-15_02-05-00,10,attention_resunet,0.052261637756600976
10x_2025-05-15_02-05-00,10,attention_resunet,0.05238264566287398
10x_2025-05-15_02-05-00,10,attention_resunet,0.052747305016964674
10x_2025-05-15_02-05-00,10,attention_resunet,0.05203907494433224
10x_2025-05-15_02-05-00,10,attention_resunet,0.051941099809482694
10x_2025-05-15_02-05-00,10,attention_resunet,0.05189699004404247
10x_2025-05-15_02-05-00,10,attention_resunet,0.05179166328161955
10x_2025-05-15_02-05-00,10,attention_resunet,0.053619290702044964
10x_2025-05-15_02-05-00,10,attention_resunet,0.05355093162506819
10x_2025-05-15_02-05-00,10,attention_resunet,0.05325764650478959
10x_2025-05-15_02-05-00,10,attention_resunet,0.053169019520282745
10x_2025-05-15_02-05-00,10,attention_resunet,0.052722718100994825
10x_2025-05-15_02-05-00,10,attention_resunet,0.05287656094878912
10x_2025-05-15_02-05-00,10,attention_resunet,0.05306798848323524
10x_2025-05-15_02-05-00,10,attention_resunet,0.052397261606529355
10x_2025-05-15_02-05-00,10,attention_resunet,0.05196491256356239
10x_2025-05-15_02-05-00,10,attention_resunet,0.052115239668637514
10x_2025-05-15_02-05-00,10,attention_resunet,0.05227521760389209
10x_2025-05-15_02-05-00,10,attention_resunet,0.05225580534897745
10x_2025-05-15_02-05-00,10,attention_resunet,0.05191233358345926
10x_2025-05-15_02-05-00,10,attention_resunet,0.05214742268435657
10x_2025-05-15_02-05-00,10,attention_resunet,0.05184561014175415
10x_2025-05-15_02-05-00,10,attention_resunet,0.05364266107790172
10x_2025-05-15_02-05-00,10,attention_resunet,0.053006736561656
10x_2025-05-15_02-05-00,10,attention_resunet,0.05342836957424879
10x_2025-05-15_02-05-00,10,attention_resunet,0.05330074345692992
10x_2025-05-15_02-05-00,10,attention_resunet,0.05267850938253105
10x_2025-05-15_02-05-00,10,attention_resunet,0.05304404767230153
10x_2025-05-15_02-05-00,10,attention_resunet,0.052543310448527336
10x_2025-05-15_02-05-00,10,attention_resunet,0.05224825581535697
10x_2025-05-15_02-05-00,10,attention_resunet,0.052137160673737526
10x_2025-05-15_02-05-00,10,attention_resunet,0.052617734763771296
10x_2025-05-15_02-05-00,10,attention_resunet,0.05224806955084205
10x_2025-05-15_02-05-00,10,attention_resunet,0.05212253890931606
10x_2025-05-15_02-05-00,10,attention_resunet,0.05222936742939055
10x_2025-05-15_02-05-00,10,attention_resunet,0.05186509806662798
10x_2025-05-15_02-05-00,10,attention_resunet,0.051742244977504015
10x_2025-05-15_02-05-00,10,attention_resunet,0.05318666808307171
10x_2025-05-15_02-05-00,10,attention_resunet,0.052794511429965496
10x_2025-05-15_02-05-00,10,attention_resunet,0.05308627150952816
10x_2025-05-15_02-05-00,10,attention_resunet,0.05317194736562669
10x_2025-05-15_02-05-00,10,attention_resunet,0.052996433805674314
10x_2025-05-15_02-05-00,10,attention_resunet,0.052713288459926844
10x_2025-05-15_02-05-00,10,attention_resunet,0.05237601581029594
10x_2025-05-15_02-05-00,10,attention_resunet,0.05225430359132588
10x_2025-05-15_02-05-00,10,attention_resunet,0.052115670405328274
10x_2025-05-15_02-05-00,10,attention_resunet,0.05239975289441645
10x_2025-05-15_02-05-00,10,attention_resunet,0.05245769280008972
10x_2025-05-15_02-05-00,10,attention_resunet,0.05222742329351604
10x_2025-05-15_02-05-00,10,attention_resunet,0.05195160047151148
10x_2025-05-15_02-05-00,10,attention_resunet,0.05196108249947429
10x_2025-05-15_02-05-00,10,attention_resunet,0.0513280916493386
10x_2025-05-15_02-05-00,10,attention_resunet,0.053308665519580245
10x_2025-05-15_02-05-00,10,attention_resunet,0.053344975458458066
10x_2025-05-15_02-05-00,10,attention_resunet,0.05363398231565952
10x_2025-05-15_02-05-00,10,attention_resunet,0.053517124615609646
10x_2025-05-15_02-05-00,10,attention_resunet,0.05296831368468702
10x_2025-05-15_02-05-00,10,attention_resunet,0.05263844504952431
10x_2025-05-15_02-05-00,10,attention_resunet,0.052486907225102186
10x_2025-05-15_02-05-00,10,attention_resunet,0.05249885725788772
10x_2025-05-15_02-05-00,10,attention_resunet,0.05229425150901079
10x_2025-05-15_02-05-00,10,attention_resunet,0.05246655200608075
10x_2025-05-15_02-05-00,10,attention_resunet,0.05213312106207013
10x_2025-05-15_02-05-00,10,attention_resunet,0.052253418834879994
10x_2025-05-15_02-05-00,10,attention_resunet,0.052287906873971224
10x_2025-05-15_02-05-00,10,attention_resunet,0.05201719468459487
10x_2025-05-15_02-05-00,10,attention_resunet,0.051457330118864775
10x_2025-05-15_02-05-00,10,attention_resunet,0.05369927966967225
10x_2025-05-15_02-05-00,10,attention_resunet,0.05345166428014636
10x_2025-05-15_02-05-00,10,attention_resunet,0.05408594151958823
10x_2025-05-15_02-05-00,10,attention_resunet,0.05391589365899563
10x_2025-05-15_02-05-00,10,attention_resunet,0.05327441031113267
10x_2025-05-15_02-05-00,10,attention_resunet,0.05299805197864771
10x_2025-05-15_02-05-00,10,attention_resunet,0.052789453184232116
10x_2025-05-15_02-05-00,10,attention_resunet,0.05238651065155864
10x_2025-05-15_02-05-00,10,attention_resunet,0.0525935844052583
10x_2025-05-15_02-05-00,10,attention_resunet,0.05243193591013551
10x_2025-05-15_02-05-00,10,attention_resunet,0.05263323546387255
10x_2025-05-15_02-05-00,10,attention_resunet,0.05262402119114995
10x_2025-05-15_02-05-00,10,attention_resunet,0.05240883328951895
10x_2025-05-15_02-05-00,10,attention_resunet,0.05234834388829768
10x_2025-05-15_02-05-00,10,attention_resunet,0.05183177418075502
10x_2025-05-15_02-05-00,10,attention_resunet,0.053830514661967754
10x_2025-05-15_02-05-00,10,attention_resunet,0.053499534260481596
10x_2025-05-15_02-05-00,10,attention_resunet,0.053461495554074645
10x_2025-05-15_02-05-00,10,attention_resunet,0.0534252030774951
10x_2025-05-15_02-05-00,10,attention_resunet,0.05359873175621033
10x_2025-05-15_02-05-00,10,attention_resunet,0.05280195036903024
10x_2025-05-15_02-05-00,10,attention_resunet,0.053306284826248884
10x_2025-05-15_02-05-00,10,attention_resunet,0.05274461582303047
10x_2025-05-15_02-05-00,10,attention_resunet,0.05247538792900741
10x_2025-05-15_02-05-00,10,attention_resunet,0.052492384565994143
10x_2025-05-15_02-05-00,10,attention_resunet,0.05274135619401932
10x_2025-05-15_02-05-00,10,attention_resunet,0.05249397363513708
10x_2025-05-15_02-05-00,10,attention_resunet,0.05291169509291649
10x_2025-05-15_02-05-00,10,attention_resunet,0.05242461338639259
10x_2025-05-15_02-05-00,10,attention_resunet,0.05194135592319071
10x_2025-05-15_02-05-00,10,clahe_otsu,58.9599609375
10x_2025-05-15_02-05-00,10,clahe_otsu,61.79656982421875
10x_2025-05-15_02-05-00,10,clahe_otsu,61.34033203125
10x_2025-05-15_02-05-00,10,clahe_otsu,63.64898681640625
10x_2025-05-15_02-05-00,10,clahe_otsu,63.9801025390625
10x_2025-05-15_02-05-00,10,clahe_otsu,64.07318115234375
10x_2025-05-15_02-05-00,10,clahe_otsu,66.57257080078125
10x_2025-05-15_02-05-00,10,clahe_otsu,64.05792236328125
10x_2025-05-15_02-05-00,10,clahe_otsu,68.072509765625
10x_2025-05-15_02-05-00,10,clahe_otsu,63.47198486328125
10x_2025-05-15_02-05-00,10,clahe_otsu,64.94140625
10x_2025-05-15_02-05-00,10,clahe_otsu,63.68560791015625
10x_2025-05-15_02-05-00,10,clahe_otsu,67.0318603515625
10x_2025-05-15_02-05-00,10,clahe_otsu,64.16168212890625
10x_2025-05-15_02-05-00,10,clahe_otsu,64.532470703125
10x_2025-05-15_02-05-00,10,clahe_otsu,58.5235595703125
10x_2025-05-15_02-05-00,10,clahe_otsu,57.97271728515625
10x_2025-05-15_02-05-00,10,clahe_otsu,61.60430908203125
10x_2025-05-15_02-05-00,10,clahe_otsu,64.46380615234375
10x_2025-05-15_02-05-00,10,clahe_otsu,62.9547119140625
10x_2025-05-15_02-05-00,10,clahe_otsu,66.2628173828125
10x_2025-05-15_02-05-00,10,clahe_otsu,63.3758544921875
10x_2025-05-15_02-05-00,10,clahe_otsu,67.98248291015625
10x_2025-05-15_02-05-00,10,clahe_otsu,67.7947998046875
10x_2025-05-15_02-05-00,10,clahe_otsu,65.40985107421875
10x_2025-05-15_02-05-00,10,clahe_otsu,66.46575927734375
10x_2025-05-15_02-05-00,10,clahe_otsu,66.937255859375
10x_2025-05-15_02-05-00,10,clahe_otsu,68.41583251953125
10x_2025-05-15_02-05-00,10,clahe_otsu,66.40777587890625
10x_2025-05-15_02-05-00,10,clahe_otsu,66.73736572265625
10x_2025-05-15_02-05-00,10,clahe_otsu,58.831787109375
10x_2025-05-15_02-05-00,10,clahe_otsu,59.56268310546875
10x_2025-05-15_02-05-00,10,clahe_otsu,60.3790283203125
10x_2025-05-15_02-05-00,10,clahe_otsu,62.10174560546875
10x_2025-05-15_02-05-00,10,clahe_otsu,63.9495849609375
10x_2025-05-15_02-05-00,10,clahe_otsu,66.4215087890625
10x_2025-05-15_02-05-00,10,clahe_otsu,64.34783935546875
10x_2025-05-15_02-05-00,10,clahe_otsu,67.5689697265625
10x_2025-05-15_02-05-00,10,clahe_otsu,66.30401611328125
10x_2025-05-15_02-05-00,10,clahe_otsu,67.26226806640625
10x_2025-05-15_02-05-00,10,clahe_otsu,67.4896240234375
10x_2025-05-15_02-05-00,10,clahe_otsu,66.1712646484375
10x_2025-05-15_02-05-00,10,clahe_otsu,65.93780517578125
10x_2025-05-15_02-05-00,10,clahe_otsu,66.88690185546875
10x_2025-05-15_02-05-00,10,clahe_otsu,69.3634033203125
10x_2025-05-15_02-05-00,10,clahe_otsu,62.652587890625
10x_2025-05-15_02-05-00,10,clahe_otsu,61.07177734375
10x_2025-05-15_02-05-00,10,clahe_otsu,61.9598388671875
10x_2025-05-15_02-05-00,10,clahe_otsu,63.30718994140625
10x_2025-05-15_02-05-00,10,clahe_otsu,64.32647705078125
10x_2025-05-15_02-05-00,10,clahe_otsu,64.44244384765625
10x_2025-05-15_02-05-00,10,clahe_otsu,66.25213623046875
10x_2025-05-15_02-05-00,10,clahe_otsu,69.08721923828125
10x_2025-05-15_02-05-00,10,clahe_otsu,69.56024169921875
10x_2025-05-15_02-05-00,10,clahe_otsu,68.29681396484375
10x_2025-05-15_02-05-00,10,clahe_otsu,68.27850341796875
10x_2025-05-15_02-05-00,10,clahe_otsu,68.50433349609375
10x_2025-05-15_02-05-00,10,clahe_otsu,66.961669921875
10x_2025-05-15_02-05-00,10,clahe_otsu,68.4417724609375
10x_2025-05-15_02-05-00,10,clahe_otsu,65.4388427734375
10x_2025-05-15_02-05-00,10,clahe_otsu,59.7259521484375
10x_2025-05-15_02-05-00,10,clahe_otsu,61.077880859375
10x_2025-05-15_02-05-00,10,clahe_otsu,64.8406982421875
10x_2025-05-15_02-05-00,10,clahe_otsu,67.6361083984375
10x_2025-05-15_02-05-00,10,clahe_otsu,63.78021240234375
10x_2025-05-15_02-05-00,10,clahe_otsu,64.6453857421875
10x_2025-05-15_02-05-00,10,clahe_otsu,64.83306884765625
10x_2025-05-15_02-05-00,10,clahe_otsu,68.27392578125
10x_2025-05-15_02-05-00,10,clahe_otsu,68.72711181640625
10x_2025-05-15_02-05-00,10,clahe_otsu,68.31207275390625
10x_2025-05-15_02-05-00,10,clahe_otsu,68.939208984375
10x_2025-05-15_02-05-00,10,clahe_otsu,69.93255615234375
10x_2025-05-15_02-05-00,10,clahe_otsu,68.76068115234375
10x_2025-05-15_02-05-00,10,clahe_otsu,66.5618896484375
10x_2025-05-15_02-05-00,10,clahe_otsu,71.99249267578125
10x_2025-05-15_02-05-00,10,clahe_otsu,59.22088623046875
10x_2025-05-15_02-05-00,10,clahe_otsu,62.0361328125
10x_2025-05-15_02-05-00,10,clahe_otsu,66.4306640625
10x_2025-05-15_02-05-00,10,clahe_otsu,66.0247802734375
10x_2025-05-15_02-05-00,10,clahe_otsu,62.1307373046875
10x_2025-05-15_02-05-00,10,clahe_otsu,65.12298583984375
10x_2025-05-15_02-05-00,10,clahe_otsu,66.24298095703125
10x_2025-05-15_02-05-00,10,clahe_otsu,66.30706787109375
10x_2025-05-15_02-05-00,10,clahe_otsu,67.8466796875
10x_2025-05-15_02-05-00,10,clahe_otsu,65.9332275390625
10x_2025-05-15_02-05-00,10,clahe_otsu,70.52154541015625
10x_2025-05-15_02-05-00,10,clahe_otsu,65.9698486328125
10x_2025-05-15_02-05-00,10,clahe_otsu,66.2078857421875
10x_2025-05-15_02-05-00,10,clahe_otsu,67.2027587890625
10x_2025-05-15_02-05-00,10,clahe_otsu,69.63653564453125
10x_2025-05-15_02-05-00,10,clahe_otsu,59.5550537109375
10x_2025-05-15_02-05-00,10,clahe_otsu,59.832763671875
10x_2025-05-15_02-05-00,10,clahe_otsu,65.01007080078125
10x_2025-05-15_02-05-00,10,clahe_otsu,61.80267333984375
10x_2025-05-15_02-05-00,10,clahe_otsu,61.91864013671875
10x_2025-05-15_02-05-00,10,clahe_otsu,63.90533447265625
10x_2025-05-15_02-05-00,10,clahe_otsu,65.14892578125
10x_2025-05-15_02-05-00,10,clahe_otsu,66.107177734375
10x_2025-05-15_02-05-00,10,clahe_otsu,67.03643798828125
10x_2025-05-15_02-05-00,10,clahe_otsu,67.5445556640625
10x_2025-05-15_02-05-00,10,clahe_otsu,63.7542724609375
10x_2025-05-15_02-05-00,10,clahe_otsu,63.30413818359375
10x_2025-05-15_02-05-00,10,clahe_otsu,65.10772705078125
10x_2025-05-15_02-05-00,10,clahe_otsu,66.08734130859375
10x_2025-05-15_02-05-00,10,clahe_otsu,68.91021728515625
10x_2025-05-15_02-05-00,10,clahe_otsu,59.36279296875
10x_2025-05-15_02-05-00,10,clahe_otsu,61.2396240234375
10x_2025-05-15_02-05-00,10,clahe_otsu,59.295654296875
10x_2025-05-15_02-05-00,10,clahe_otsu,60.32257080078125
10x_2025-05-15_02-05-00,10,clahe_otsu,58.868408203125
10x_2025-05-15_02-05-00,10,clahe_otsu,61.24267578125
10x_2025-05-15_02-05-00,10,clahe_otsu,61.8896484375
10x_2025-05-15_02-05-00,10,clahe_otsu,65.570068359375
10x_2025-05-15_02-05-00,10,clahe_otsu,66.70684814453125
10x_2025-05-15_02-05-00,10,clahe_otsu,63.96636962890625
10x_2025-05-15_02-05-00,10,clahe_otsu,64.82696533203125
10x_2025-05-15_02-05-00,10,clahe_otsu,65.79437255859375
10x_2025-05-15_02-05-00,10,clahe_otsu,63.20343017578125
10x_2025-05-15_02-05-00,10,clahe_otsu,64.898681640625
10x_2025-05-15_02-05-00,10,clahe_otsu,68.39447021484375
1280x_2025-05-16_00-59-00_002,80,unet,0.2545817755162716
1280x_2025-05-16_00-59-00_002,80,unet,0.25896490551531315
1280x_2025-05-16_00-59-00_002,80,unet,0.29759439639747143
1280x_2025-05-16_00-59-00_002,80,unet,0.37476150318980217
1280x_2025-05-16_00-59-00_002,80,unet,30.808818340301514
1280x_2025-05-16_00-59-00_002,80,unet,94.90165710449219
1280x_2025-05-16_00-59-00_002,80,unet,98.80136251449585
1280x_2025-05-16_00-59-00_002,80,unet,93.52617859840393
1280x_2025-05-16_00-59-00_002,80,unet,98.42199683189392
1280x_2025-05-16_00-59-00_002,80,unet,97.09786772727966
1280x_2025-05-16_00-59-00_002,80,unet,94.56123113632202
1280x_2025-05-16_00-59-00_002,80,unet,95.69854736328125
1280x_2025-05-16_00-59-00_002,80,unet,89.0434741973877
1280x_2025-05-16_00-59-00_002,80,unet,26.03086531162262
1280x_2025-05-16_00-59-00_002,80,unet,0.2499859081581235
1280x_2025-05-16_00-59-00_002,80,unet,0.25862359907478094
1280x_2025-05-16_00-59-00_002,80,unet,0.2787690609693527
1280x_2025-05-16_00-59-00_002,80,unet,0.26898798532783985
1280x_2025-05-16_00-59-00_002,80,unet,0.3283643629401922
1280x_2025-05-16_00-59-00_002,80,unet,1.409109402447939
1280x_2025-05-16_00-59-00_002,80,unet,50.39277672767639
1280x_2025-05-16_00-59-00_002,80,unet,94.36619281768799
1280x_2025-05-16_00-59-00_002,80,unet,97.07782864570618
1280x_2025-05-16_00-59-00_002,80,unet,97.09076881408691
1280x_2025-05-16_00-59-00_002,80,unet,98.17087650299072
1280x_2025-05-16_00-59-00_002,80,unet,98.36615920066833
1280x_2025-05-16_00-59-00_002,80,unet,96.82639241218567
1280x_2025-05-16_00-59-00_002,80,unet,94.6989357471466
1280x_2025-05-16_00-59-00_002,80,unet,77.85236239433289
1280x_2025-05-16_00-59-00_002,80,unet,5.703520774841309
1280x_2025-05-16_00-59-00_002,80,unet,0.2692010486498475
1280x_2025-05-16_00-59-00_002,80,unet,0.2633895492181182
1280x_2025-05-16_00-59-00_002,80,unet,0.2591955941170454
1280x_2025-05-16_00-59-00_002,80,unet,0.3793824464082718
1280x_2025-05-16_00-59-00_002,80,unet,0.32720169983804226
1280x_2025-05-16_00-59-00_002,80,unet,0.24584410712122917
1280x_2025-05-16_00-59-00_002,80,unet,47.33244180679321
1280x_2025-05-16_00-59-00_002,80,unet,95.53791284561157
1280x_2025-05-16_00-59-00_002,80,unet,97.64543175697327
1280x_2025-05-16_00-59-00_002,80,unet,98.31818342208862
1280x_2025-05-16_00-59-00_002,80,unet,98.69046211242676
1280x_2025-05-16_00-59-00_002,80,unet,98.68817329406738
1280x_2025-05-16_00-59-00_002,80,unet,96.72712683677673
1280x_2025-05-16_00-59-00_002,80,unet,96.79558873176575
1280x_2025-05-16_00-59-00_002,80,unet,44.54617202281952
1280x_2025-05-16_00-59-00_002,80,unet,0.2704673446714878
1280x_2025-05-16_00-59-00_002,80,unet,0.2682476304471493
1280x_2025-05-16_00-59-00_002,80,unet,0.2629300579428673
1280x_2025-05-16_00-59-00_002,80,unet,0.2666816348209977
1280x_2025-05-16_00-59-00_002,80,unet,0.4001826047897339
1280x_2025-05-16_00-59-00_002,80,unet,0.4545326344668865
1280x_2025-05-16_00-59-00_002,80,unet,2.5991540402173996
1280x_2025-05-16_00-59-00_002,80,unet,67.23026037216187
1280x_2025-05-16_00-59-00_002,80,unet,93.93845796585083
1280x_2025-05-16_00-59-00_002,80,unet,98.26197624206543
1280x_2025-05-16_00-59-00_002,80,unet,96.85550928115845
1280x_2025-05-16_00-59-00_002,80,unet,98.89368414878845
1280x_2025-05-16_00-59-00_002,80,unet,98.84724617004395
1280x_2025-05-16_00-59-00_002,80,unet,93.76368522644043
1280x_2025-05-16_00-59-00_002,80,unet,82.86898136138916
1280x_2025-05-16_00-59-00_002,80,unet,0.2721772762015462
1280x_2025-05-16_00-59-00_002,80,unet,0.2708723768591881
1280x_2025-05-16_00-59-00_002,80,unet,0.2694613067433238
1280x_2025-05-16_00-59-00_002,80,unet,0.26452846359461546
1280x_2025-05-16_00-59-00_002,80,unet,0.30217261519283056
1280x_2025-05-16_00-59-00_002,80,unet,0.8066856302320957
1280x_2025-05-16_00-59-00_002,80,unet,0.3011271823197603
1280x_2025-05-16_00-59-00_002,80,unet,11.97926178574562
1280x_2025-05-16_00-59-00_002,80,unet,87.29100227355957
1280x_2025-05-16_00-59-00_002,80,unet,97.28026390075684
1280x_2025-05-16_00-59-00_002,80,unet,98.6075758934021
1280x_2025-05-16_00-59-00_002,80,unet,97.09112644195557
1280x_2025-05-16_00-59-00_002,80,unet,96.94499969482422
1280x_2025-05-16_00-59-00_002,80,unet,98.37268590927124
1280x_2025-05-16_00-59-00_002,80,unet,96.44905924797058
1280x_2025-05-16_00-59-00_002,80,unet,0.27534435503184795
1280x_2025-05-16_00-59-00_002,80,unet,0.27366126887500286
1280x_2025-05-16_00-59-00_002,80,unet,0.27208798564970493
1280x_2025-05-16_00-59-00_002,80,unet,0.26978282257914543
1280x_2025-05-16_00-59-00_002,80,unet,0.2626574132591486
1280x_2025-05-16_00-59-00_002,80,unet,0.338956480845809
1280x_2025-05-16_00-59-00_002,80,unet,0.32103778794407845
1280x_2025-05-16_00-59-00_002,80,unet,0.24785627610981464
1280x_2025-05-16_00-59-00_002,80,unet,10.955369472503662
1280x_2025-05-16_00-59-00_002,80,unet,75.10722875595093
1280x_2025-05-16_00-59-00_002,80,unet,95.5726683139801
1280x_2025-05-16_00-59-00_002,80,unet,98.08332324028015
1280x_2025-05-16_00-59-00_002,80,unet,96.65935039520264
1280x_2025-05-16_00-59-00_002,80,unet,98.04010391235352
1280x_2025-05-16_00-59-00_002,80,unet,98.03985357284546
1280x_2025-05-16_00-59-00_002,80,unet,0.2778182737529278
1280x_2025-05-16_00-59-00_002,80,unet,0.2772093750536442
1280x_2025-05-16_00-59-00_002,80,unet,0.27487101033329964
1280x_2025-05-16_00-59-00_002,80,unet,0.2720312448218465
1280x_2025-05-16_00-59-00_002,80,unet,0.26940207462757826
1280x_2025-05-16_00-59-00_002,80,unet,0.2665901090949774
1280x_2025-05-16_00-59-00_002,80,unet,0.4089098423719406
1280x_2025-05-16_00-59-00_002,80,unet,0.5578783806413412
1280x_2025-05-16_00-59-00_002,80,unet,0.5325703416019678
1280x_2025-05-16_00-59-00_002,80,unet,0.8114919997751713
1280x_2025-05-16_00-59-00_002,80,unet,8.93089771270752
1280x_2025-05-16_00-59-00_002,80,unet,71.10406160354614
1280x_2025-05-16_00-59-00_002,80,unet,94.39492225646973
1280x_2025-05-16_00-59-00_002,80,unet,95.9018886089325
1280x_2025-05-16_00-59-00_002,80,unet,96.54168486595154
1280x_2025-05-16_00-59-00_002,80,unet,0.2776556881144643
1280x_2025-05-16_00-59-00_002,80,unet,0.27784984558820724
1280x_2025-05-16_00-59-00_002,80,unet,0.27743265964090824
1280x_2025-05-16_00-59-00_002,80,unet,0.2748242113739252
1280x_2025-05-16_00-59-00_002,80,unet,0.27207713574171066
1280x_2025-05-16_00-59-00_002,80,unet,0.26855762116611004
1280x_2025-05-16_00-59-00_002,80,unet,0.25970288552343845
1280x_2025-05-16_00-59-00_002,80,unet,0.3055874025449157
1280x_2025-05-16_00-59-00_002,80,unet,0.30005688313394785
1280x_2025-05-16_00-59-00_002,80,unet,0.31050448305904865
1280x_2025-05-16_00-59-00_002,80,unet,0.25209791492670774
1280x_2025-05-16_00-59-00_002,80,unet,0.8716659620404243
1280x_2025-05-16_00-59-00_002,80,unet,38.815146684646606
1280x_2025-05-16_00-59-00_002,80,unet,87.30499744415283
1280x_2025-05-16_00-59-00_002,80,unet,90.66498875617981
1280x_2025-05-16_00-59-00_002,80,resunet,0.11035110801458359
1280x_2025-05-16_00-59-00_002,80,resunet,0.0989904161542654
1280x_2025-05-16_00-59-00_002,80,resunet,0.07299110293388367
1280x_2025-05-16_00-59-00_002,80,resunet,0.05727902753278613
1280x_2025-05-16_00-59-00_002,80,resunet,11.48032397031784
1280x_2025-05-16_00-59-00_002,80,resunet,76.89033150672913
1280x_2025-05-16_00-59-00_002,80,resunet,96.77584767341614
1280x_2025-05-16_00-59-00_002,80,resunet,94.10319924354553
1280x_2025-05-16_00-59-00_002,80,resunet,98.93882870674133
1280x_2025-05-16_00-59-00_002,80,resunet,98.3950138092041
1280x_2025-05-16_00-59-00_002,80,resunet,95.35880088806152
1280x_2025-05-16_00-59-00_002,80,resunet,95.35111784934998
1280x_2025-05-16_00-59-00_002,80,resunet,76.00635886192322
1280x_2025-05-16_00-59-00_002,80,resunet,17.49153733253479
1280x_2025-05-16_00-59-00_002,80,resunet,0.032663013553246856
1280x_2025-05-16_00-59-00_002,80,resunet,0.3321543335914612
1280x_2025-05-16_00-59-00_002,80,resunet,0.23475149646401405
1280x_2025-05-16_00-59-00_002,80,resunet,0.10702599538490176
1280x_2025-05-16_00-59-00_002,80,resunet,0.06368563044816256
1280x_2025-05-16_00-59-00_002,80,resunet,0.10503795929253101
1280x_2025-05-16_00-59-00_002,80,resunet,16.390573978424072
1280x_2025-05-16_00-59-00_002,80,resunet,72.48255014419556
1280x_2025-05-16_00-59-00_002,80,resunet,94.47711706161499
1280x_2025-05-16_00-59-00_002,80,resunet,97.05265760421753
1280x_2025-05-16_00-59-00_002,80,resunet,97.97794818878174
1280x_2025-05-16_00-59-00_002,80,resunet,98.82919192314148
1280x_2025-05-16_00-59-00_002,80,resunet,96.31320238113403
1280x_2025-05-16_00-59-00_002,80,resunet,88.67131471633911
1280x_2025-05-16_00-59-00_002,80,resunet,63.37469220161438
1280x_2025-05-16_00-59-00_002,80,resunet,3.8708359003067017
1280x_2025-05-16_00-59-00_002,80,resunet,0.31583947129547596
1280x_2025-05-16_00-59-00_002,80,resunet,0.4625738598406315
1280x_2025-05-16_00-59-00_002,80,resunet,0.28198566287755966
1280x_2025-05-16_00-59-00_002,80,resunet,0.13994495384395123
1280x_2025-05-16_00-59-00_002,80,resunet,0.0771048420574516
1280x_2025-05-16_00-59-00_002,80,resunet,0.05148325581103563
1280x_2025-05-16_00-59-00_002,80,resunet,21.701745688915253
1280x_2025-05-16_00-59-00_002,80,resunet,84.76568460464478
1280x_2025-05-16_00-59-00_002,80,resunet,95.81353068351746
1280x_2025-05-16_00-59-00_002,80,resunet,98.23469519615173
1280x_2025-05-16_00-59-00_002,80,resunet,98.6492395401001
1280x_2025-05-16_00-59-00_002,80,resunet,99.14699792861938
1280x_2025-05-16_00-59-00_002,80,resunet,97.57749438285828
1280x_2025-05-16_00-59-00_002,80,resunet,95.95382809638977
1280x_2025-05-16_00-59-00_002,80,resunet,35.673779249191284
1280x_2025-05-16_00-59-00_002,80,resunet,0.15447016339749098
1280x_2025-05-16_00-59-00_002,80,resunet,0.3923764917999506
1280x_2025-05-16_00-59-00_002,80,resunet,0.39972024969756603
1280x_2025-05-16_00-59-00_002,80,resunet,0.21865114104002714
1280x_2025-05-16_00-59-00_002,80,resunet,0.14005161356180906
1280x_2025-05-16_00-59-00_002,80,resunet,0.061718287179246545
1280x_2025-05-16_00-59-00_002,80,resunet,0.4091139417141676
1280x_2025-05-16_00-59-00_002,80,resunet,31.178751587867737
1280x_2025-05-16_00-59-00_002,80,resunet,80.82422614097595
1280x_2025-05-16_00-59-00_002,80,resunet,94.9131429195404
1280x_2025-05-16_00-59-00_002,80,resunet,95.13317942619324
1280x_2025-05-16_00-59-00_002,80,resunet,98.43581914901733
1280x_2025-05-16_00-59-00_002,80,resunet,99.19700622558594
1280x_2025-05-16_00-59-00_002,80,resunet,95.17903327941895
1280x_2025-05-16_00-59-00_002,80,resunet,77.78531312942505
1280x_2025-05-16_00-59-00_002,80,resunet,0.09872021619230509
1280x_2025-05-16_00-59-00_002,80,resunet,0.17975876107811928
1280x_2025-05-16_00-59-00_002,80,resunet,0.383544759824872
1280x_2025-05-16_00-59-00_002,80,resunet,0.44468375854194164
1280x_2025-05-16_00-59-00_002,80,resunet,0.30259781051427126
1280x_2025-05-16_00-59-00_002,80,resunet,0.0972531212028116
1280x_2025-05-16_00-59-00_002,80,resunet,0.05587243940681219
1280x_2025-05-16_00-59-00_002,80,resunet,2.301071397960186
1280x_2025-05-16_00-59-00_002,80,resunet,44.35858726501465
1280x_2025-05-16_00-59-00_002,80,resunet,84.52262282371521
1280x_2025-05-16_00-59-00_002,80,resunet,96.1596667766571
1280x_2025-05-16_00-59-00_002,80,resunet,96.89581990242004
1280x_2025-05-16_00-59-00_002,80,resunet,96.13586068153381
1280x_2025-05-16_00-59-00_002,80,resunet,99.14785027503967
1280x_2025-05-16_00-59-00_002,80,resunet,94.24951076507568
1280x_2025-05-16_00-59-00_002,80,resunet,0.04849733377341181
1280x_2025-05-16_00-59-00_002,80,resunet,0.05524010048247874
1280x_2025-05-16_00-59-00_002,80,resunet,0.09232801385223866
1280x_2025-05-16_00-59-00_002,80,resunet,0.38574261125177145
1280x_2025-05-16_00-59-00_002,80,resunet,0.518352584913373
1280x_2025-05-16_00-59-00_002,80,resunet,0.23299395106732845
1280x_2025-05-16_00-59-00_002,80,resunet,0.0911390408873558
1280x_2025-05-16_00-59-00_002,80,resunet,0.051132129738107324
1280x_2025-05-16_00-59-00_002,80,resunet,2.692139148712158
1280x_2025-05-16_00-59-00_002,80,resunet,21.242213249206543
1280x_2025-05-16_00-59-00_002,80,resunet,65.11698365211487
1280x_2025-05-16_00-59-00_002,80,resunet,95.35636901855469
1280x_2025-05-16_00-59-00_002,80,resunet,95.43699026107788
1280x_2025-05-16_00-59-00_002,80,resunet,98.7149715423584
1280x_2025-05-16_00-59-00_002,80,resunet,99.31254386901855
1280x_2025-05-16_00-59-00_002,80,resunet,0.04273860540706664
1280x_2025-05-16_00-59-00_002,80,resunet,0.04466364625841379
1280x_2025-05-16_00-59-00_002,80,resunet,0.049989455146715045
1280x_2025-05-16_00-59-00_002,80,resunet,0.1296064001508057
1280x_2025-05-16_00-59-00_002,80,resunet,0.47385883517563343
1280x_2025-05-16_00-59-00_002,80,resunet,0.508388876914978
1280x_2025-05-16_00-59-00_002,80,resunet,0.24067074991762638
1280x_2025-05-16_00-59-00_002,80,resunet,0.10084169916808605
1280x_2025-05-16_00-59-00_002,80,resunet,0.06109043606556952
1280x_2025-05-16_00-59-00_002,80,resunet,0.05593591486103833
1280x_2025-05-16_00-59-00_002,80,resunet,2.280432917177677
1280x_2025-05-16_00-59-00_002,80,resunet,34.003424644470215
1280x_2025-05-16_00-59-00_002,80,resunet,60.96104979515076
1280x_2025-05-16_00-59-00_002,80,resunet,92.52343773841858
1280x_2025-05-16_00-59-00_002,80,resunet,94.62701678276062
1280x_2025-05-16_00-59-00_002,80,resunet,0.04177004739176482
1280x_2025-05-16_00-59-00_002,80,resunet,0.04201550327707082
1280x_2025-05-16_00-59-00_002,80,resunet,0.04423532518558204
1280x_2025-05-16_00-59-00_002,80,resunet,0.052424665773287416
1280x_2025-05-16_00-59-00_002,80,resunet,0.1913272077217698
1280x_2025-05-16_00-59-00_002,80,resunet,0.4460456781089306
1280x_2025-05-16_00-59-00_002,80,resunet,0.40409560315310955
1280x_2025-05-16_00-59-00_002,80,resunet,0.21477853879332542
1280x_2025-05-16_00-59-00_002,80,resunet,0.08098182734102011
1280x_2025-05-16_00-59-00_002,80,resunet,0.0642525206785649
1280x_2025-05-16_00-59-00_002,80,resunet,0.053720525465905666
1280x_2025-05-16_00-59-00_002,80,resunet,0.15298378420993686
1280x_2025-05-16_00-59-00_002,80,resunet,10.217135399580002
1280x_2025-05-16_00-59-00_002,80,resunet,61.239731311798096
1280x_2025-05-16_00-59-00_002,80,resunet,89.72594738006592
1280x_2025-05-16_00-59-00_002,80,attention_resunet,0.10186530416831374
1280x_2025-05-16_00-59-00_002,80,attention_resunet,0.08989762281998992
1280x_2025-05-16_00-59-00_002,80,attention_resunet,0.05470887408591807
1280x_2025-05-16_00-59-00_002,80,attention_resunet,0.04957663477398455
1280x_2025-05-16_00-59-00_002,80,attention_resunet,2.5157470256090164
1280x_2025-05-16_00-59-00_002,80,attention_resunet,16.728898882865906
1280x_2025-05-16_00-59-00_002,80,attention_resunet,46.27167582511902
1280x_2025-05-16_00-59-00_002,80,attention_resunet,62.32543587684631
1280x_2025-05-16_00-59-00_002,80,attention_resunet,81.46423697471619
1280x_2025-05-16_00-59-00_002,80,attention_resunet,77.78759002685547
1280x_2025-05-16_00-59-00_002,80,attention_resunet,57.310229539871216
1280x_2025-05-16_00-59-00_002,80,attention_resunet,42.70781874656677
1280x_2025-05-16_00-59-00_002,80,attention_resunet,16.961365938186646
1280x_2025-05-16_00-59-00_002,80,attention_resunet,5.326222628355026
1280x_2025-05-16_00-59-00_002,80,attention_resunet,0.053867383394390345
1280x_2025-05-16_00-59-00_002,80,attention_resunet,0.0750776962377131
1280x_2025-05-16_00-59-00_002,80,attention_resunet,0.08553104125894606
1280x_2025-05-16_00-59-00_002,80,attention_resunet,0.05889484891667962
1280x_2025-05-16_00-59-00_002,80,attention_resunet,0.055899121798574924
1280x_2025-05-16_00-59-00_002,80,attention_resunet,0.048608274664729834
1280x_2025-05-16_00-59-00_002,80,attention_resunet,2.6480937376618385
1280x_2025-05-16_00-59-00_002,80,attention_resunet,20.07177323102951
1280x_2025-05-16_00-59-00_002,80,attention_resunet,48.64033758640289
1280x_2025-05-16_00-59-00_002,80,attention_resunet,76.03391408920288
1280x_2025-05-16_00-59-00_002,80,attention_resunet,81.60123825073242
1280x_2025-05-16_00-59-00_002,80,attention_resunet,82.63747692108154
1280x_2025-05-16_00-59-00_002,80,attention_resunet,73.5872745513916
1280x_2025-05-16_00-59-00_002,80,attention_resunet,42.09951162338257
1280x_2025-05-16_00-59-00_002,80,attention_resunet,17.345482110977173
1280x_2025-05-16_00-59-00_002,80,attention_resunet,1.3545307330787182
1280x_2025-05-16_00-59-00_002,80,attention_resunet,0.0661289959680289
1280x_2025-05-16_00-59-00_002,80,attention_resunet,0.07572125177830458
1280x_2025-05-16_00-59-00_002,80,attention_resunet,0.08231123792938888
1280x_2025-05-16_00-59-00_002,80,attention_resunet,0.06575596053153276
1280x_2025-05-16_00-59-00_002,80,attention_resunet,0.05380256334319711
1280x_2025-05-16_00-59-00_002,80,attention_resunet,0.048512700595892966
1280x_2025-05-16_00-59-00_002,80,attention_resunet,2.1683333441615105
1280x_2025-05-16_00-59-00_002,80,attention_resunet,25.690844655036926
1280x_2025-05-16_00-59-00_002,80,attention_resunet,57.55396485328674
1280x_2025-05-16_00-59-00_002,80,attention_resunet,71.33179903030396
1280x_2025-05-16_00-59-00_002,80,attention_resunet,83.42260718345642
1280x_2025-05-16_00-59-00_002,80,attention_resunet,88.53474259376526
1280x_2025-05-16_00-59-00_002,80,attention_resunet,75.19341707229614
1280x_2025-05-16_00-59-00_002,80,attention_resunet,69.1022515296936
1280x_2025-05-16_00-59-00_002,80,attention_resunet,15.29693752527237
1280x_2025-05-16_00-59-00_002,80,attention_resunet,0.061290914891287684
1280x_2025-05-16_00-59-00_002,80,attention_resunet,0.06702583050355315
1280x_2025-05-16_00-59-00_002,80,attention_resunet,0.07298777927644551
1280x_2025-05-16_00-59-00_002,80,attention_resunet,0.07974262116476893
1280x_2025-05-16_00-59-00_002,80,attention_resunet,0.06026673363521695
1280x_2025-05-16_00-59-00_002,80,attention_resunet,0.05284757353365421
1280x_2025-05-16_00-59-00_002,80,attention_resunet,0.16850578831508756
1280x_2025-05-16_00-59-00_002,80,attention_resunet,3.731144964694977
1280x_2025-05-16_00-59-00_002,80,attention_resunet,21.048954129219055
1280x_2025-05-16_00-59-00_002,80,attention_resunet,46.58581018447876
1280x_2025-05-16_00-59-00_002,80,attention_resunet,69.70776915550232
1280x_2025-05-16_00-59-00_002,80,attention_resunet,84.05075669288635
1280x_2025-05-16_00-59-00_002,80,attention_resunet,82.07162618637085
1280x_2025-05-16_00-59-00_002,80,attention_resunet,67.21747517585754
1280x_2025-05-16_00-59-00_002,80,attention_resunet,41.81412756443024
1280x_2025-05-16_00-59-00_002,80,attention_resunet,0.057861453387886286
1280x_2025-05-16_00-59-00_002,80,attention_resunet,0.06009055068716407
1280x_2025-05-16_00-59-00_002,80,attention_resunet,0.06493879482150078
1280x_2025-05-16_00-59-00_002,80,attention_resunet,0.07455055019818246
1280x_2025-05-16_00-59-00_002,80,attention_resunet,0.07097710040397942
1280x_2025-05-16_00-59-00_002,80,attention_resunet,0.05589054198935628
1280x_2025-05-16_00-59-00_002,80,attention_resunet,0.05318009061738849
1280x_2025-05-16_00-59-00_002,80,attention_resunet,0.8418980054557323
1280x_2025-05-16_00-59-00_002,80,attention_resunet,4.758754372596741
1280x_2025-05-16_00-59-00_002,80,attention_resunet,29.70530390739441
1280x_2025-05-16_00-59-00_002,80,attention_resunet,62.89511322975159
1280x_2025-05-16_00-59-00_002,80,attention_resunet,63.82871866226196
1280x_2025-05-16_00-59-00_002,80,attention_resunet,68.50792169570923
1280x_2025-05-16_00-59-00_002,80,attention_resunet,89.95612263679504
1280x_2025-05-16_00-59-00_002,80,attention_resunet,49.685338139534
1280x_2025-05-16_00-59-00_002,80,attention_resunet,0.05701436894014478
1280x_2025-05-16_00-59-00_002,80,attention_resunet,0.057160231517627835
1280x_2025-05-16_00-59-00_002,80,attention_resunet,0.05819889483973384
1280x_2025-05-16_00-59-00_002,80,attention_resunet,0.06478335126303136
1280x_2025-05-16_00-59-00_002,80,attention_resunet,0.07661844720132649
1280x_2025-05-16_00-59-00_002,80,attention_resunet,0.073727045673877
1280x_2025-05-16_00-59-00_002,80,attention_resunet,0.05552471848204732
1280x_2025-05-16_00-59-00_002,80,attention_resunet,0.05177623825147748
1280x_2025-05-16_00-59-00_002,80,attention_resunet,1.3196452520787716
1280x_2025-05-16_00-59-00_002,80,attention_resunet,3.5888683050870895
1280x_2025-05-16_00-59-00_002,80,attention_resunet,12.17842847108841
1280x_2025-05-16_00-59-00_002,80,attention_resunet,41.70035719871521
1280x_2025-05-16_00-59-00_002,80,attention_resunet,48.145273327827454
1280x_2025-05-16_00-59-00_002,80,attention_resunet,77.81805396080017
1280x_2025-05-16_00-59-00_002,80,attention_resunet,77.15362310409546
1280x_2025-05-16_00-59-00_002,80,attention_resunet,0.056012498680502176
1280x_2025-05-16_00-59-00_002,80,attention_resunet,0.056581886019557714
1280x_2025-05-16_00-59-00_002,80,attention_resunet,0.05712135462090373
1280x_2025-05-16_00-59-00_002,80,attention_resunet,0.05864237900823355
1280x_2025-05-16_00-59-00_002,80,attention_resunet,0.06490556988865137
1280x_2025-05-16_00-59-00_002,80,attention_resunet,0.08643916225992143
1280x_2025-05-16_00-59-00_002,80,attention_resunet,0.06987784872762859
1280x_2025-05-16_00-59-00_002,80,attention_resunet,0.05518409889191389
1280x_2025-05-16_00-59-00_002,80,attention_resunet,0.05240424652583897
1280x_2025-05-16_00-59-00_002,80,attention_resunet,0.04941717488691211
1280x_2025-05-16_00-59-00_002,80,attention_resunet,0.9797167964279652
1280x_2025-05-16_00-59-00_002,80,attention_resunet,3.229646757245064
1280x_2025-05-16_00-59-00_002,80,attention_resunet,8.442183583974838
1280x_2025-05-16_00-59-00_002,80,attention_resunet,35.256266593933105
1280x_2025-05-16_00-59-00_002,80,attention_resunet,57.299238443374634
1280x_2025-05-16_00-59-00_002,80,attention_resunet,0.0556339742615819
1280x_2025-05-16_00-59-00_002,80,attention_resunet,0.055769423488527536
1280x_2025-05-16_00-59-00_002,80,attention_resunet,0.056419032625854015
1280x_2025-05-16_00-59-00_002,80,attention_resunet,0.057000911328941584
1280x_2025-05-16_00-59-00_002,80,attention_resunet,0.059292634250596166
1280x_2025-05-16_00-59-00_002,80,attention_resunet,0.06744302227161825
1280x_2025-05-16_00-59-00_002,80,attention_resunet,0.08861742680892348
1280x_2025-05-16_00-59-00_002,80,attention_resunet,0.0698955322150141
1280x_2025-05-16_00-59-00_002,80,attention_resunet,0.056303583551198244
1280x_2025-05-16_00-59-00_002,80,attention_resunet,0.053589383605867624
1280x_2025-05-16_00-59-00_002,80,attention_resunet,0.050530233420431614
1280x_2025-05-16_00-59-00_002,80,attention_resunet,0.048092109500430524
1280x_2025-05-16_00-59-00_002,80,attention_resunet,1.347208395600319
1280x_2025-05-16_00-59-00_002,80,attention_resunet,16.285623610019684
1280x_2025-05-16_00-59-00_002,80,attention_resunet,45.09193301200867
1280x_2025-05-16_00-59-00_002,80,clahe_otsu,14.57977294921875
1280x_2025-05-16_00-59-00_002,80,clahe_otsu,5.9295654296875
1280x_2025-05-16_00-59-00_002,80,clahe_otsu,6.0760498046875
1280x_2025-05-16_00-59-00_002,80,clahe_otsu,5.10101318359375
1280x_2025-05-16_00-59-00_002,80,clahe_otsu,4.96978759765625
1280x_2025-05-16_00-59-00_002,80,clahe_otsu,3.399658203125
1280x_2025-05-16_00-59-00_002,80,clahe_otsu,3.7017822265625
1280x_2025-05-16_00-59-00_002,80,clahe_otsu,5.42144775390625
1280x_2025-05-16_00-59-00_002,80,clahe_otsu,4.3731689453125
1280x_2025-05-16_00-59-00_002,80,clahe_otsu,15.10009765625
1280x_2025-05-16_00-59-00_002,80,clahe_otsu,19.81964111328125
1280x_2025-05-16_00-59-00_002,80,clahe_otsu,26.6845703125
1280x_2025-05-16_00-59-00_002,80,clahe_otsu,33.3587646484375
1280x_2025-05-16_00-59-00_002,80,clahe_otsu,37.8082275390625
1280x_2025-05-16_00-59-00_002,80,clahe_otsu,47.869873046875
1280x_2025-05-16_00-59-00_002,80,clahe_otsu,5.14373779296875
1280x_2025-05-16_00-59-00_002,80,clahe_otsu,4.25872802734375
1280x_2025-05-16_00-59-00_002,80,clahe_otsu,4.5562744140625
1280x_2025-05-16_00-59-00_002,80,clahe_otsu,2.39410400390625
1280x_2025-05-16_00-59-00_002,80,clahe_otsu,4.04205322265625
1280x_2025-05-16_00-59-00_002,80,clahe_otsu,2.89459228515625
1280x_2025-05-16_00-59-00_002,80,clahe_otsu,2.783203125
1280x_2025-05-16_00-59-00_002,80,clahe_otsu,3.29132080078125
1280x_2025-05-16_00-59-00_002,80,clahe_otsu,3.50341796875
1280x_2025-05-16_00-59-00_002,80,clahe_otsu,3.41644287109375
1280x_2025-05-16_00-59-00_002,80,clahe_otsu,5.47027587890625
1280x_2025-05-16_00-59-00_002,80,clahe_otsu,8.43658447265625
1280x_2025-05-16_00-59-00_002,80,clahe_otsu,22.8271484375
1280x_2025-05-16_00-59-00_002,80,clahe_otsu,27.9266357421875
1280x_2025-05-16_00-59-00_002,80,clahe_otsu,43.4783935546875
1280x_2025-05-16_00-59-00_002,80,clahe_otsu,5.17425537109375
1280x_2025-05-16_00-59-00_002,80,clahe_otsu,4.217529296875
1280x_2025-05-16_00-59-00_002,80,clahe_otsu,3.92913818359375
1280x_2025-05-16_00-59-00_002,80,clahe_otsu,2.8564453125
1280x_2025-05-16_00-59-00_002,80,clahe_otsu,3.82232666015625
1280x_2025-05-16_00-59-00_002,80,clahe_otsu,3.814697265625
1280x_2025-05-16_00-59-00_002,80,clahe_otsu,2.294921875
1280x_2025-05-16_00-59-00_002,80,clahe_otsu,2.33001708984375
1280x_2025-05-16_00-59-00_002,80,clahe_otsu,2.52838134765625
1280x_2025-05-16_00-59-00_002,80,clahe_otsu,3.1890869140625
1280x_2025-05-16_00-59-00_002,80,clahe_otsu,2.996826171875
1280x_2025-05-16_00-59-00_002,80,clahe_otsu,5.316162109375
1280x_2025-05-16_00-59-00_002,80,clahe_otsu,7.45086669921875
1280x_2025-05-16_00-59-00_002,80,clahe_otsu,30.00030517578125
1280x_2025-05-16_00-59-00_002,80,clahe_otsu,36.724853515625
1280x_2025-05-16_00-59-00_002,80,clahe_otsu,5.3009033203125
1280x_2025-05-16_00-59-00_002,80,clahe_otsu,4.693603515625
1280x_2025-05-16_00-59-00_002,80,clahe_otsu,5.0140380859375
1280x_2025-05-16_00-59-00_002,80,clahe_otsu,3.33709716796875
1280x_2025-05-16_00-59-00_002,80,clahe_otsu,2.716064453125
1280x_2025-05-16_00-59-00_002,80,clahe_otsu,2.6763916015625
1280x_2025-05-16_00-59-00_002,80,clahe_otsu,2.703857421875
1280x_2025-05-16_00-59-00_002,80,clahe_otsu,2.4139404296875
1280x_2025-05-16_00-59-00_002,80,clahe_otsu,3.1890869140625
1280x_2025-05-16_00-59-00_002,80,clahe_otsu,3.460693359375
1280x_2025-05-16_00-59-00_002,80,clahe_otsu,4.1259765625
1280x_2025-05-16_00-59-00_002,80,clahe_otsu,4.40521240234375
1280x_2025-05-16_00-59-00_002,80,clahe_otsu,5.352783203125
1280x_2025-05-16_00-59-00_002,80,clahe_otsu,9.37957763671875
1280x_2025-05-16_00-59-00_002,80,clahe_otsu,33.001708984375
1280x_2025-05-16_00-59-00_002,80,clahe_otsu,4.8858642578125
1280x_2025-05-16_00-59-00_002,80,clahe_otsu,3.89556884765625
1280x_2025-05-16_00-59-00_002,80,clahe_otsu,3.0853271484375
1280x_2025-05-16_00-59-00_002,80,clahe_otsu,3.30810546875
1280x_2025-05-16_00-59-00_002,80,clahe_otsu,2.30560302734375
1280x_2025-05-16_00-59-00_002,80,clahe_otsu,2.78778076171875
1280x_2025-05-16_00-59-00_002,80,clahe_otsu,2.7008056640625
1280x_2025-05-16_00-59-00_002,80,clahe_otsu,2.23846435546875
1280x_2025-05-16_00-59-00_002,80,clahe_otsu,2.5390625
1280x_2025-05-16_00-59-00_002,80,clahe_otsu,3.70941162109375
1280x_2025-05-16_00-59-00_002,80,clahe_otsu,3.13262939453125
1280x_2025-05-16_00-59-00_002,80,clahe_otsu,3.9093017578125
1280x_2025-05-16_00-59-00_002,80,clahe_otsu,5.4779052734375
1280x_2025-05-16_00-59-00_002,80,clahe_otsu,17.34161376953125
1280x_2025-05-16_00-59-00_002,80,clahe_otsu,29.84466552734375
1280x_2025-05-16_00-59-00_002,80,clahe_otsu,4.58984375
1280x_2025-05-16_00-59-00_002,80,clahe_otsu,3.7017822265625
1280x_2025-05-16_00-59-00_002,80,clahe_otsu,3.94439697265625
1280x_2025-05-16_00-59-00_002,80,clahe_otsu,3.47137451171875
1280x_2025-05-16_00-59-00_002,80,clahe_otsu,3.2440185546875
1280x_2025-05-16_00-59-00_002,80,clahe_otsu,2.74505615234375
1280x_2025-05-16_00-59-00_002,80,clahe_otsu,3.5736083984375
1280x_2025-05-16_00-59-00_002,80,clahe_otsu,3.08685302734375
1280x_2025-05-16_00-59-00_002,80,clahe_otsu,2.3590087890625
1280x_2025-05-16_00-59-00_002,80,clahe_otsu,6.14166259765625
1280x_2025-05-16_00-59-00_002,80,clahe_otsu,2.53143310546875
1280x_2025-05-16_00-59-00_002,80,clahe_otsu,3.7994384765625
1280x_2025-05-16_00-59-00_002,80,clahe_otsu,5.73883056640625
1280x_2025-05-16_00-59-00_002,80,clahe_otsu,5.059814453125
1280x_2025-05-16_00-59-00_002,80,clahe_otsu,34.48333740234375
1280x_2025-05-16_00-59-00_002,80,clahe_otsu,4.449462890625
1280x_2025-05-16_00-59-00_002,80,clahe_otsu,3.77349853515625
1280x_2025-05-16_00-59-00_002,80,clahe_otsu,4.25262451171875
1280x_2025-05-16_00-59-00_002,80,clahe_otsu,4.0130615234375
1280x_2025-05-16_00-59-00_002,80,clahe_otsu,2.67333984375
1280x_2025-05-16_00-59-00_002,80,clahe_otsu,2.96783447265625
1280x_2025-05-16_00-59-00_002,80,clahe_otsu,3.29132080078125
1280x_2025-05-16_00-59-00_002,80,clahe_otsu,2.3468017578125
1280x_2025-05-16_00-59-00_002,80,clahe_otsu,2.252197265625
1280x_2025-05-16_00-59-00_002,80,clahe_otsu,2.4383544921875
1280x_2025-05-16_00-59-00_002,80,clahe_otsu,3.4423828125
1280x_2025-05-16_00-59-00_002,80,clahe_otsu,4.1259765625
1280x_2025-05-16_00-59-00_002,80,clahe_otsu,4.17938232421875
1280x_2025-05-16_00-59-00_002,80,clahe_otsu,6.0821533203125
1280x_2025-05-16_00-59-00_002,80,clahe_otsu,31.207275390625
1280x_2025-05-16_00-59-00_002,80,clahe_otsu,5.69915771484375
1280x_2025-05-16_00-59-00_002,80,clahe_otsu,4.33502197265625
1280x_2025-05-16_00-59-00_002,80,clahe_otsu,3.1982421875
1280x_2025-05-16_00-59-00_002,80,clahe_otsu,4.39910888671875
1280x_2025-05-16_00-59-00_002,80,clahe_otsu,2.6397705078125
1280x_2025-05-16_00-59-00_002,80,clahe_otsu,3.51104736328125
1280x_2025-05-16_00-59-00_002,80,clahe_otsu,3.4149169921875
1280x_2025-05-16_00-59-00_002,80,clahe_otsu,2.6031494140625
1280x_2025-05-16_00-59-00_002,80,clahe_otsu,3.08074951171875
1280x_2025-05-16_00-59-00_002,80,clahe_otsu,3.25469970703125
1280x_2025-05-16_00-59-00_002,80,clahe_otsu,4.81109619140625
1280x_2025-05-16_00-59-00_002,80,clahe_otsu,3.369140625
1280x_2025-05-16_00-59-00_002,80,clahe_otsu,5.1025390625
1280x_2025-05-16_00-59-00_002,80,clahe_otsu,6.072998046875
1280x_2025-05-16_00-59-00_002,80,clahe_otsu,35.4217529296875
160x_2025-05-15_02-05-00,160,unet,0.2758670598268509
160x_2025-05-15_02-05-00,160,unet,0.3081378759816289
160x_2025-05-15_02-05-00,160,unet,0.26320144534111023
160x_2025-05-15_02-05-00,160,unet,0.2572735073044896
160x_2025-05-15_02-05-00,160,unet,0.27945835608989
160x_2025-05-15_02-05-00,160,unet,0.2553839236497879
160x_2025-05-15_02-05-00,160,unet,0.2823136979714036
160x_2025-05-15_02-05-00,160,unet,0.41610789485275745
160x_2025-05-15_02-05-00,160,unet,0.2918137703090906
160x_2025-05-15_02-05-00,160,unet,1.8789459019899368
160x_2025-05-15_02-05-00,160,unet,10.364113748073578
160x_2025-05-15_02-05-00,160,unet,10.11154130101204
160x_2025-05-15_02-05-00,160,unet,12.848716974258423
160x_2025-05-15_02-05-00,160,unet,1.549933385103941
160x_2025-05-15_02-05-00,160,unet,0.2501987386494875
160x_2025-05-15_02-05-00,160,unet,0.27211541309952736
160x_2025-05-15_02-05-00,160,unet,0.2703688805922866
160x_2025-05-15_02-05-00,160,unet,0.2730415668338537
160x_2025-05-15_02-05-00,160,unet,0.2691335044801235
160x_2025-05-15_02-05-00,160,unet,0.26464713737368584
160x_2025-05-15_02-05-00,160,unet,0.2745334757491946
160x_2025-05-15_02-05-00,160,unet,0.28698949608951807
160x_2025-05-15_02-05-00,160,unet,0.25775618851184845
160x_2025-05-15_02-05-00,160,unet,0.45547839254140854
160x_2025-05-15_02-05-00,160,unet,0.668021384626627
160x_2025-05-15_02-05-00,160,unet,2.1886656060814857
160x_2025-05-15_02-05-00,160,unet,9.370283782482147
160x_2025-05-15_02-05-00,160,unet,10.292424261569977
160x_2025-05-15_02-05-00,160,unet,12.051147222518921
160x_2025-05-15_02-05-00,160,unet,0.25159772485494614
160x_2025-05-15_02-05-00,160,unet,0.2715790644288063
160x_2025-05-15_02-05-00,160,unet,0.27038315311074257
160x_2025-05-15_02-05-00,160,unet,0.26883287355303764
160x_2025-05-15_02-05-00,160,unet,0.275047542527318
160x_2025-05-15_02-05-00,160,unet,0.27064322493970394
160x_2025-05-15_02-05-00,160,unet,0.26836805045604706
160x_2025-05-15_02-05-00,160,unet,0.2672207774594426
160x_2025-05-15_02-05-00,160,unet,0.30429125763475895
160x_2025-05-15_02-05-00,160,unet,0.259429682046175
160x_2025-05-15_02-05-00,160,unet,0.2518406370654702
160x_2025-05-15_02-05-00,160,unet,0.259580765850842
160x_2025-05-15_02-05-00,160,unet,0.3888209816068411
160x_2025-05-15_02-05-00,160,unet,0.42726052924990654
160x_2025-05-15_02-05-00,160,unet,3.826731815934181
160x_2025-05-15_02-05-00,160,unet,8.904168754816055
160x_2025-05-15_02-05-00,160,unet,0.27047095354646444
160x_2025-05-15_02-05-00,160,unet,0.2722108503803611
160x_2025-05-15_02-05-00,160,unet,0.2719026058912277
160x_2025-05-15_02-05-00,160,unet,0.2710854634642601
160x_2025-05-15_02-05-00,160,unet,0.2713155001401901
160x_2025-05-15_02-05-00,160,unet,0.28889470268040895
160x_2025-05-15_02-05-00,160,unet,0.2679175231605768
160x_2025-05-15_02-05-00,160,unet,0.2811478450894356
160x_2025-05-15_02-05-00,160,unet,0.26473337784409523
160x_2025-05-15_02-05-00,160,unet,0.26234860997647047
160x_2025-05-15_02-05-00,160,unet,0.26108191814273596
160x_2025-05-15_02-05-00,160,unet,0.25247777812182903
160x_2025-05-15_02-05-00,160,unet,0.3107118885964155
160x_2025-05-15_02-05-00,160,unet,0.44198730029165745
160x_2025-05-15_02-05-00,160,unet,2.9514987021684647
160x_2025-05-15_02-05-00,160,unet,0.2718244679272175
160x_2025-05-15_02-05-00,160,unet,0.2721530385315418
160x_2025-05-15_02-05-00,160,unet,0.2722203033044934
160x_2025-05-15_02-05-00,160,unet,0.2712662098929286
160x_2025-05-15_02-05-00,160,unet,0.2695552073419094
160x_2025-05-15_02-05-00,160,unet,0.27069016359746456
160x_2025-05-15_02-05-00,160,unet,0.2686481922864914
160x_2025-05-15_02-05-00,160,unet,0.2684870967641473
160x_2025-05-15_02-05-00,160,unet,0.268577435053885
160x_2025-05-15_02-05-00,160,unet,0.2925535896793008
160x_2025-05-15_02-05-00,160,unet,0.2658808371052146
160x_2025-05-15_02-05-00,160,unet,0.9700777009129524
160x_2025-05-15_02-05-00,160,unet,0.25438079610466957
160x_2025-05-15_02-05-00,160,unet,0.25534359738230705
160x_2025-05-15_02-05-00,160,unet,4.267249628901482
160x_2025-05-15_02-05-00,160,unet,0.2736190799623728
160x_2025-05-15_02-05-00,160,unet,0.27372357435524464
160x_2025-05-15_02-05-00,160,unet,0.27337667997926474
160x_2025-05-15_02-05-00,160,unet,0.27170791290700436
160x_2025-05-15_02-05-00,160,unet,0.2705102087929845
160x_2025-05-15_02-05-00,160,unet,0.273522874340415
160x_2025-05-15_02-05-00,160,unet,0.27029099874198437
160x_2025-05-15_02-05-00,160,unet,0.26890053413808346
160x_2025-05-15_02-05-00,160,unet,0.27161340694874525
160x_2025-05-15_02-05-00,160,unet,0.26599427219480276
160x_2025-05-15_02-05-00,160,unet,0.2834870480000973
160x_2025-05-15_02-05-00,160,unet,0.2713544061407447
160x_2025-05-15_02-05-00,160,unet,0.466634938493371
160x_2025-05-15_02-05-00,160,unet,0.31655230559408665
160x_2025-05-15_02-05-00,160,unet,4.481373727321625
160x_2025-05-15_02-05-00,160,unet,0.27522253803908825
160x_2025-05-15_02-05-00,160,unet,0.27522926684468985
160x_2025-05-15_02-05-00,160,unet,0.27402755804359913
160x_2025-05-15_02-05-00,160,unet,0.27289404533803463
160x_2025-05-15_02-05-00,160,unet,0.2718987874686718
160x_2025-05-15_02-05-00,160,unet,0.2705044811591506
160x_2025-05-15_02-05-00,160,unet,0.26973304338753223
160x_2025-05-15_02-05-00,160,unet,0.2702772384509444
160x_2025-05-15_02-05-00,160,unet,0.26968084275722504
160x_2025-05-15_02-05-00,160,unet,0.26815650053322315
160x_2025-05-15_02-05-00,160,unet,0.27059486601501703
160x_2025-05-15_02-05-00,160,unet,0.2724172081798315
160x_2025-05-15_02-05-00,160,unet,0.2852769335731864
160x_2025-05-15_02-05-00,160,unet,0.252987677231431
160x_2025-05-15_02-05-00,160,unet,6.368451565504074
160x_2025-05-15_02-05-00,160,unet,0.2758254297077656
160x_2025-05-15_02-05-00,160,unet,0.27573793195188046
160x_2025-05-15_02-05-00,160,unet,0.2749143401160836
160x_2025-05-15_02-05-00,160,unet,0.27436274103820324
160x_2025-05-15_02-05-00,160,unet,0.27339800726622343
160x_2025-05-15_02-05-00,160,unet,0.27230652049183846
160x_2025-05-15_02-05-00,160,unet,0.27163017075508833
160x_2025-05-15_02-05-00,160,unet,0.2719937823712826
160x_2025-05-15_02-05-00,160,unet,0.2709182910621166
160x_2025-05-15_02-05-00,160,unet,0.2710285596549511
160x_2025-05-15_02-05-00,160,unet,0.2731556072831154
160x_2025-05-15_02-05-00,160,unet,0.27119582518935204
160x_2025-05-15_02-05-00,160,unet,0.38242130540311337
160x_2025-05-15_02-05-00,160,unet,0.27689666021615267
160x_2025-05-15_02-05-00,160,unet,2.621682733297348
160x_2025-05-15_02-05-00,160,resunet,0.0659935234580189
160x_2025-05-15_02-05-00,160,resunet,0.07914921152405441
160x_2025-05-15_02-05-00,160,resunet,0.3051039297133684
160x_2025-05-15_02-05-00,160,resunet,0.05909378523938358
160x_2025-05-15_02-05-00,160,resunet,0.06713256007060409
160x_2025-05-15_02-05-00,160,resunet,0.05242986953817308
160x_2025-05-15_02-05-00,160,resunet,0.08877565269358456
160x_2025-05-15_02-05-00,160,resunet,0.0665915897116065
160x_2025-05-15_02-05-00,160,resunet,2.8191037476062775
160x_2025-05-15_02-05-00,160,resunet,8.772453665733337
160x_2025-05-15_02-05-00,160,resunet,21.258093416690826
160x_2025-05-15_02-05-00,160,resunet,25.477656722068787
160x_2025-05-15_02-05-00,160,resunet,26.026129722595215
160x_2025-05-15_02-05-00,160,resunet,4.494058340787888
160x_2025-05-15_02-05-00,160,resunet,0.028345175087451935
160x_2025-05-15_02-05-00,160,resunet,0.09295882191509008
160x_2025-05-15_02-05-00,160,resunet,0.07501711370423436
160x_2025-05-15_02-05-00,160,resunet,0.40717441588640213
160x_2025-05-15_02-05-00,160,resunet,0.07730674697086215
160x_2025-05-15_02-05-00,160,resunet,0.06168892723508179
160x_2025-05-15_02-05-00,160,resunet,0.07795618148520589
160x_2025-05-15_02-05-00,160,resunet,0.1643502153456211
160x_2025-05-15_02-05-00,160,resunet,0.051005068235099316
160x_2025-05-15_02-05-00,160,resunet,0.35638685803860426
160x_2025-05-15_02-05-00,160,resunet,0.341186486184597
160x_2025-05-15_02-05-00,160,resunet,1.8828339874744415
160x_2025-05-15_02-05-00,160,resunet,9.074360877275467
160x_2025-05-15_02-05-00,160,resunet,23.7101748585701
160x_2025-05-15_02-05-00,160,resunet,19.617271423339844
160x_2025-05-15_02-05-00,160,resunet,0.04009252297692001
160x_2025-05-15_02-05-00,160,resunet,0.07238960824906826
160x_2025-05-15_02-05-00,160,resunet,0.09490152588114142
160x_2025-05-15_02-05-00,160,resunet,0.09706027340143919
160x_2025-05-15_02-05-00,160,resunet,0.17832117155194283
160x_2025-05-15_02-05-00,160,resunet,0.13009237591177225
160x_2025-05-15_02-05-00,160,resunet,0.05921019474044442
160x_2025-05-15_02-05-00,160,resunet,0.0610983872320503
160x_2025-05-15_02-05-00,160,resunet,0.15197743196040392
160x_2025-05-15_02-05-00,160,resunet,0.05285109509713948
160x_2025-05-15_02-05-00,160,resunet,0.050406000809744
160x_2025-05-15_02-05-00,160,resunet,0.0659087672829628
160x_2025-05-15_02-05-00,160,resunet,2.6685157790780067
160x_2025-05-15_02-05-00,160,resunet,7.118332386016846
160x_2025-05-15_02-05-00,160,resunet,22.08801805973053
160x_2025-05-15_02-05-00,160,resunet,9.56091657280922
160x_2025-05-15_02-05-00,160,resunet,0.05705263465642929
160x_2025-05-15_02-05-00,160,resunet,0.10257539106532931
160x_2025-05-15_02-05-00,160,resunet,0.05820862716063857
160x_2025-05-15_02-05-00,160,resunet,0.08263047784566879
160x_2025-05-15_02-05-00,160,resunet,0.10774163529276848
160x_2025-05-15_02-05-00,160,resunet,0.06544770440086722
160x_2025-05-15_02-05-00,160,resunet,0.056048872647807
160x_2025-05-15_02-05-00,160,resunet,0.3745434805750847
160x_2025-05-15_02-05-00,160,resunet,0.18633746076375246
160x_2025-05-15_02-05-00,160,resunet,0.05274616414681077
160x_2025-05-15_02-05-00,160,resunet,0.09206307004205883
160x_2025-05-15_02-05-00,160,resunet,0.06287789437919855
160x_2025-05-15_02-05-00,160,resunet,0.3084236988797784
160x_2025-05-15_02-05-00,160,resunet,5.5919356644153595
160x_2025-05-15_02-05-00,160,resunet,18.017305433750153
160x_2025-05-15_02-05-00,160,resunet,0.05118428380228579
160x_2025-05-15_02-05-00,160,resunet,0.05152157391421497
160x_2025-05-15_02-05-00,160,resunet,0.05879942327737808
160x_2025-05-15_02-05-00,160,resunet,0.05543563165701926
160x_2025-05-15_02-05-00,160,resunet,0.058634107699617743
160x_2025-05-15_02-05-00,160,resunet,0.12751277536153793
160x_2025-05-15_02-05-00,160,resunet,0.08717524469830096
160x_2025-05-15_02-05-00,160,resunet,0.059798278380185366
160x_2025-05-15_02-05-00,160,resunet,0.06358888931572437
160x_2025-05-15_02-05-00,160,resunet,0.1658041262999177
160x_2025-05-15_02-05-00,160,resunet,0.06836233660578728
160x_2025-05-15_02-05-00,160,resunet,0.23096180520951748
160x_2025-05-15_02-05-00,160,resunet,0.09857810800895095
160x_2025-05-15_02-05-00,160,resunet,0.38439901545643806
160x_2025-05-15_02-05-00,160,resunet,11.817216873168945
160x_2025-05-15_02-05-00,160,resunet,0.047383722267113626
160x_2025-05-15_02-05-00,160,resunet,0.04820285248570144
160x_2025-05-15_02-05-00,160,resunet,0.050313828978687525
160x_2025-05-15_02-05-00,160,resunet,0.0529352982994169
160x_2025-05-15_02-05-00,160,resunet,0.056802923791110516
160x_2025-05-15_02-05-00,160,resunet,0.0958761665970087
160x_2025-05-15_02-05-00,160,resunet,0.17234812257811427
160x_2025-05-15_02-05-00,160,resunet,0.08468098239973187
160x_2025-05-15_02-05-00,160,resunet,0.11326962849125266
160x_2025-05-15_02-05-00,160,resunet,0.08847542922012508
160x_2025-05-15_02-05-00,160,resunet,0.12929486110806465
160x_2025-05-15_02-05-00,160,resunet,0.06149813998490572
160x_2025-05-15_02-05-00,160,resunet,0.36031100898981094
160x_2025-05-15_02-05-00,160,resunet,0.7712946273386478
160x_2025-05-15_02-05-00,160,resunet,17.853090167045593
160x_2025-05-15_02-05-00,160,resunet,0.045831716852262616
160x_2025-05-15_02-05-00,160,resunet,0.04671055939979851
160x_2025-05-15_02-05-00,160,resunet,0.04841570043936372
160x_2025-05-15_02-05-00,160,resunet,0.053355866111814976
160x_2025-05-15_02-05-00,160,resunet,0.05375213222578168
160x_2025-05-15_02-05-00,160,resunet,0.05707463715225458
160x_2025-05-15_02-05-00,160,resunet,0.05668113590218127
160x_2025-05-15_02-05-00,160,resunet,0.0592064403463155
160x_2025-05-15_02-05-00,160,resunet,0.0602687185164541
160x_2025-05-15_02-05-00,160,resunet,0.06198507035151124
160x_2025-05-15_02-05-00,160,resunet,0.0648828106932342
160x_2025-05-15_02-05-00,160,resunet,0.635764840990305
160x_2025-05-15_02-05-00,160,resunet,0.09746993891894817
160x_2025-05-15_02-05-00,160,resunet,0.20219078287482262
160x_2025-05-15_02-05-00,160,resunet,19.62594836950302
160x_2025-05-15_02-05-00,160,resunet,0.04454048175830394
160x_2025-05-15_02-05-00,160,resunet,0.04512829473242164
160x_2025-05-15_02-05-00,160,resunet,0.046168058179318905
160x_2025-05-15_02-05-00,160,resunet,0.047508394345641136
160x_2025-05-15_02-05-00,160,resunet,0.04923983942717314
160x_2025-05-15_02-05-00,160,resunet,0.051484693540260196
160x_2025-05-15_02-05-00,160,resunet,0.055323715787380934
160x_2025-05-15_02-05-00,160,resunet,0.07359546143561602
160x_2025-05-15_02-05-00,160,resunet,0.05471474723890424
160x_2025-05-15_02-05-00,160,resunet,0.05807423731312156
160x_2025-05-15_02-05-00,160,resunet,0.19653423223644495
160x_2025-05-15_02-05-00,160,resunet,0.16142874956130981
160x_2025-05-15_02-05-00,160,resunet,0.5242715589702129
160x_2025-05-15_02-05-00,160,resunet,0.4044742323458195
160x_2025-05-15_02-05-00,160,resunet,13.270038366317749
160x_2025-05-15_02-05-00,160,attention_resunet,0.20366718526929617
160x_2025-05-15_02-05-00,160,attention_resunet,0.09536246070638299
160x_2025-05-15_02-05-00,160,attention_resunet,0.29055834747850895
160x_2025-05-15_02-05-00,160,attention_resunet,0.04918212071061134
160x_2025-05-15_02-05-00,160,attention_resunet,0.10301668662577868
160x_2025-05-15_02-05-00,160,attention_resunet,0.6648123264312744
160x_2025-05-15_02-05-00,160,attention_resunet,0.051851943135261536
160x_2025-05-15_02-05-00,160,attention_resunet,0.23552258498966694
160x_2025-05-15_02-05-00,160,attention_resunet,1.4371180906891823
160x_2025-05-15_02-05-00,160,attention_resunet,4.189927130937576
160x_2025-05-15_02-05-00,160,attention_resunet,7.778040319681168
160x_2025-05-15_02-05-00,160,attention_resunet,5.814832448959351
160x_2025-05-15_02-05-00,160,attention_resunet,4.399695247411728
160x_2025-05-15_02-05-00,160,attention_resunet,0.055847869953140616
160x_2025-05-15_02-05-00,160,attention_resunet,0.052301830146461725
160x_2025-05-15_02-05-00,160,attention_resunet,0.5109605379402637
160x_2025-05-15_02-05-00,160,attention_resunet,0.1180917490273714
160x_2025-05-15_02-05-00,160,attention_resunet,0.33022165298461914
160x_2025-05-15_02-05-00,160,attention_resunet,0.06764527643099427
160x_2025-05-15_02-05-00,160,attention_resunet,0.7219747640192509
160x_2025-05-15_02-05-00,160,attention_resunet,0.1817110925912857
160x_2025-05-15_02-05-00,160,attention_resunet,0.2596813254058361
160x_2025-05-15_02-05-00,160,attention_resunet,0.0719721196219325
160x_2025-05-15_02-05-00,160,attention_resunet,0.049018493155017495
160x_2025-05-15_02-05-00,160,attention_resunet,1.8876297399401665
160x_2025-05-15_02-05-00,160,attention_resunet,0.5799210164695978
160x_2025-05-15_02-05-00,160,attention_resunet,5.674123018980026
160x_2025-05-15_02-05-00,160,attention_resunet,7.645554840564728
160x_2025-05-15_02-05-00,160,attention_resunet,3.757810592651367
160x_2025-05-15_02-05-00,160,attention_resunet,0.05460462998598814
160x_2025-05-15_02-05-00,160,attention_resunet,0.08151208749040961
160x_2025-05-15_02-05-00,160,attention_resunet,0.06402397411875427
160x_2025-05-15_02-05-00,160,attention_resunet,0.05886027938686311
160x_2025-05-15_02-05-00,160,attention_resunet,0.24987575598061085
160x_2025-05-15_02-05-00,160,attention_resunet,0.1742379041388631
160x_2025-05-15_02-05-00,160,attention_resunet,0.2052111318334937
160x_2025-05-15_02-05-00,160,attention_resunet,0.05286071100272238
160x_2025-05-15_02-05-00,160,attention_resunet,0.3257707227021456
160x_2025-05-15_02-05-00,160,attention_resunet,0.07238134858198464
160x_2025-05-15_02-05-00,160,attention_resunet,0.04728400963358581
160x_2025-05-15_02-05-00,160,attention_resunet,0.0503374554682523
160x_2025-05-15_02-05-00,160,attention_resunet,2.337447740137577
160x_2025-05-15_02-05-00,160,attention_resunet,3.0475424602627754
160x_2025-05-15_02-05-00,160,attention_resunet,3.0283330008387566
160x_2025-05-15_02-05-00,160,attention_resunet,0.4301783163100481
160x_2025-05-15_02-05-00,160,attention_resunet,0.10067946277558804
160x_2025-05-15_02-05-00,160,attention_resunet,0.05702997441403568
160x_2025-05-15_02-05-00,160,attention_resunet,0.06837693508714437
160x_2025-05-15_02-05-00,160,attention_resunet,0.06084993947297335
160x_2025-05-15_02-05-00,160,attention_resunet,0.06063113105483353
160x_2025-05-15_02-05-00,160,attention_resunet,0.06479575531557202
160x_2025-05-15_02-05-00,160,attention_resunet,0.24547867942601442
160x_2025-05-15_02-05-00,160,attention_resunet,0.2864798065274954
160x_2025-05-15_02-05-00,160,attention_resunet,0.14927586307749152
160x_2025-05-15_02-05-00,160,attention_resunet,0.17844816902652383
160x_2025-05-15_02-05-00,160,attention_resunet,0.17578457482159138
160x_2025-05-15_02-05-00,160,attention_resunet,0.08177750278264284
160x_2025-05-15_02-05-00,160,attention_resunet,0.05148822674527764
160x_2025-05-15_02-05-00,160,attention_resunet,0.7782955653965473
160x_2025-05-15_02-05-00,160,attention_resunet,0.6170343607664108
160x_2025-05-15_02-05-00,160,attention_resunet,0.05620319279842079
160x_2025-05-15_02-05-00,160,attention_resunet,0.05674989661201835
160x_2025-05-15_02-05-00,160,attention_resunet,0.05636311252601445
160x_2025-05-15_02-05-00,160,attention_resunet,0.057288515381515026
160x_2025-05-15_02-05-00,160,attention_resunet,0.08815245237201452
160x_2025-05-15_02-05-00,160,attention_resunet,0.07019409677013755
160x_2025-05-15_02-05-00,160,attention_resunet,0.07554086041636765
160x_2025-05-15_02-05-00,160,attention_resunet,0.09597019525244832
160x_2025-05-15_02-05-00,160,attention_resunet,0.1221519778482616
160x_2025-05-15_02-05-00,160,attention_resunet,0.1551524270325899
160x_2025-05-15_02-05-00,160,attention_resunet,0.08363266242668033
160x_2025-05-15_02-05-00,160,attention_resunet,0.5144101101905107
160x_2025-05-15_02-05-00,160,attention_resunet,0.2686420688405633
160x_2025-05-15_02-05-00,160,attention_resunet,0.05270509864203632
160x_2025-05-15_02-05-00,160,attention_resunet,2.881142497062683
160x_2025-05-15_02-05-00,160,attention_resunet,0.05624771001748741
160x_2025-05-15_02-05-00,160,attention_resunet,0.05606638151220977
160x_2025-05-15_02-05-00,160,attention_resunet,0.05667415680363774
160x_2025-05-15_02-05-00,160,attention_resunet,0.05716019659303129
160x_2025-05-15_02-05-00,160,attention_resunet,0.059588439762592316
160x_2025-05-15_02-05-00,160,attention_resunet,0.06037261919118464
160x_2025-05-15_02-05-00,160,attention_resunet,0.09201643406413496
160x_2025-05-15_02-05-00,160,attention_resunet,0.07468152907676995
160x_2025-05-15_02-05-00,160,attention_resunet,0.06124378414824605
160x_2025-05-15_02-05-00,160,attention_resunet,0.10666850721463561
160x_2025-05-15_02-05-00,160,attention_resunet,0.18731774762272835
160x_2025-05-15_02-05-00,160,attention_resunet,0.09245314286090434
160x_2025-05-15_02-05-00,160,attention_resunet,0.8384136483073235
160x_2025-05-15_02-05-00,160,attention_resunet,2.3757122457027435
160x_2025-05-15_02-05-00,160,attention_resunet,2.8752781450748444
160x_2025-05-15_02-05-00,160,attention_resunet,0.05624862387776375
160x_2025-05-15_02-05-00,160,attention_resunet,0.05593554815277457
160x_2025-05-15_02-05-00,160,attention_resunet,0.05638902075588703
160x_2025-05-15_02-05-00,160,attention_resunet,0.05655529676005244
160x_2025-05-15_02-05-00,160,attention_resunet,0.05709474207833409
160x_2025-05-15_02-05-00,160,attention_resunet,0.058451073709875345
160x_2025-05-15_02-05-00,160,attention_resunet,0.059153890470042825
160x_2025-05-15_02-05-00,160,attention_resunet,0.059310742653906345
160x_2025-05-15_02-05-00,160,attention_resunet,0.05989049095660448
160x_2025-05-15_02-05-00,160,attention_resunet,0.07100681541487575
160x_2025-05-15_02-05-00,160,attention_resunet,0.09370336192660034
160x_2025-05-15_02-05-00,160,attention_resunet,0.23097372613847256
160x_2025-05-15_02-05-00,160,attention_resunet,0.09189417469315231
160x_2025-05-15_02-05-00,160,attention_resunet,0.2884835470467806
160x_2025-05-15_02-05-00,160,attention_resunet,6.214088574051857
160x_2025-05-15_02-05-00,160,attention_resunet,0.05598516436293721
160x_2025-05-15_02-05-00,160,attention_resunet,0.056012626737356186
160x_2025-05-15_02-05-00,160,attention_resunet,0.05612264503724873
160x_2025-05-15_02-05-00,160,attention_resunet,0.056314043467864394
160x_2025-05-15_02-05-00,160,attention_resunet,0.05644887569360435
160x_2025-05-15_02-05-00,160,attention_resunet,0.05636000423692167
160x_2025-05-15_02-05-00,160,attention_resunet,0.05809076828882098
160x_2025-05-15_02-05-00,160,attention_resunet,0.05790289142169058
160x_2025-05-15_02-05-00,160,attention_resunet,0.0581874861381948
160x_2025-05-15_02-05-00,160,attention_resunet,0.056950957514345646
160x_2025-05-15_02-05-00,160,attention_resunet,0.16417682636529207
160x_2025-05-15_02-05-00,160,attention_resunet,0.2469590399414301
160x_2025-05-15_02-05-00,160,attention_resunet,1.2350795790553093
160x_2025-05-15_02-05-00,160,attention_resunet,0.3507857210934162
160x_2025-05-15_02-05-00,160,attention_resunet,0.629467936232686
160x_2025-05-15_02-05-00,160,clahe_otsu,35.27984619140625
160x_2025-05-15_02-05-00,160,clahe_otsu,33.111572265625
160x_2025-05-15_02-05-00,160,clahe_otsu,30.98297119140625
160x_2025-05-15_02-05-00,160,clahe_otsu,29.0924072265625
160x_2025-05-15_02-05-00,160,clahe_otsu,29.742431640625
160x_2025-05-15_02-05-00,160,clahe_otsu,29.96673583984375
160x_2025-05-15_02-05-00,160,clahe_otsu,30.54962158203125
160x_2025-05-15_02-05-00,160,clahe_otsu,30.38787841796875
160x_2025-05-15_02-05-00,160,clahe_otsu,30.81207275390625
160x_2025-05-15_02-05-00,160,clahe_otsu,33.2427978515625
160x_2025-05-15_02-05-00,160,clahe_otsu,31.8634033203125
160x_2025-05-15_02-05-00,160,clahe_otsu,35.48736572265625
160x_2025-05-15_02-05-00,160,clahe_otsu,36.69891357421875
160x_2025-05-15_02-05-00,160,clahe_otsu,41.3330078125
160x_2025-05-15_02-05-00,160,clahe_otsu,58.72344970703125
160x_2025-05-15_02-05-00,160,clahe_otsu,32.25860595703125
160x_2025-05-15_02-05-00,160,clahe_otsu,31.6497802734375
160x_2025-05-15_02-05-00,160,clahe_otsu,29.71649169921875
160x_2025-05-15_02-05-00,160,clahe_otsu,28.387451171875
160x_2025-05-15_02-05-00,160,clahe_otsu,26.91650390625
160x_2025-05-15_02-05-00,160,clahe_otsu,28.17840576171875
160x_2025-05-15_02-05-00,160,clahe_otsu,28.71856689453125
160x_2025-05-15_02-05-00,160,clahe_otsu,30.17578125
160x_2025-05-15_02-05-00,160,clahe_otsu,31.72760009765625
160x_2025-05-15_02-05-00,160,clahe_otsu,31.35528564453125
160x_2025-05-15_02-05-00,160,clahe_otsu,34.68017578125
160x_2025-05-15_02-05-00,160,clahe_otsu,32.93304443359375
160x_2025-05-15_02-05-00,160,clahe_otsu,38.58489990234375
160x_2025-05-15_02-05-00,160,clahe_otsu,38.7359619140625
160x_2025-05-15_02-05-00,160,clahe_otsu,49.6612548828125
160x_2025-05-15_02-05-00,160,clahe_otsu,32.22808837890625
160x_2025-05-15_02-05-00,160,clahe_otsu,30.816650390625
160x_2025-05-15_02-05-00,160,clahe_otsu,28.8665771484375
160x_2025-05-15_02-05-00,160,clahe_otsu,28.78265380859375
160x_2025-05-15_02-05-00,160,clahe_otsu,27.97393798828125
160x_2025-05-15_02-05-00,160,clahe_otsu,28.11431884765625
160x_2025-05-15_02-05-00,160,clahe_otsu,28.08685302734375
160x_2025-05-15_02-05-00,160,clahe_otsu,30.8868408203125
160x_2025-05-15_02-05-00,160,clahe_otsu,29.22515869140625
160x_2025-05-15_02-05-00,160,clahe_otsu,32.208251953125
160x_2025-05-15_02-05-00,160,clahe_otsu,32.79266357421875
160x_2025-05-15_02-05-00,160,clahe_otsu,33.50372314453125
160x_2025-05-15_02-05-00,160,clahe_otsu,38.446044921875
160x_2025-05-15_02-05-00,160,clahe_otsu,41.30096435546875
160x_2025-05-15_02-05-00,160,clahe_otsu,42.1112060546875
160x_2025-05-15_02-05-00,160,clahe_otsu,31.97479248046875
160x_2025-05-15_02-05-00,160,clahe_otsu,30.7342529296875
160x_2025-05-15_02-05-00,160,clahe_otsu,29.42047119140625
160x_2025-05-15_02-05-00,160,clahe_otsu,28.5400390625
160x_2025-05-15_02-05-00,160,clahe_otsu,27.72216796875
160x_2025-05-15_02-05-00,160,clahe_otsu,25.73089599609375
160x_2025-05-15_02-05-00,160,clahe_otsu,28.84063720703125
160x_2025-05-15_02-05-00,160,clahe_otsu,29.64630126953125
160x_2025-05-15_02-05-00,160,clahe_otsu,31.63299560546875
160x_2025-05-15_02-05-00,160,clahe_otsu,31.1370849609375
160x_2025-05-15_02-05-00,160,clahe_otsu,33.6639404296875
160x_2025-05-15_02-05-00,160,clahe_otsu,35.20660400390625
160x_2025-05-15_02-05-00,160,clahe_otsu,36.79656982421875
160x_2025-05-15_02-05-00,160,clahe_otsu,43.1549072265625
160x_2025-05-15_02-05-00,160,clahe_otsu,39.813232421875
160x_2025-05-15_02-05-00,160,clahe_otsu,30.94024658203125
160x_2025-05-15_02-05-00,160,clahe_otsu,29.21295166015625
160x_2025-05-15_02-05-00,160,clahe_otsu,31.591796875
160x_2025-05-15_02-05-00,160,clahe_otsu,27.55279541015625
160x_2025-05-15_02-05-00,160,clahe_otsu,27.90374755859375
160x_2025-05-15_02-05-00,160,clahe_otsu,28.41644287109375
160x_2025-05-15_02-05-00,160,clahe_otsu,27.9022216796875
160x_2025-05-15_02-05-00,160,clahe_otsu,28.6224365234375
160x_2025-05-15_02-05-00,160,clahe_otsu,31.072998046875
160x_2025-05-15_02-05-00,160,clahe_otsu,30.9478759765625
160x_2025-05-15_02-05-00,160,clahe_otsu,33.09173583984375
160x_2025-05-15_02-05-00,160,clahe_otsu,31.66351318359375
160x_2025-05-15_02-05-00,160,clahe_otsu,36.639404296875
160x_2025-05-15_02-05-00,160,clahe_otsu,41.71600341796875
160x_2025-05-15_02-05-00,160,clahe_otsu,39.2364501953125
160x_2025-05-15_02-05-00,160,clahe_otsu,31.50177001953125
160x_2025-05-15_02-05-00,160,clahe_otsu,30.8502197265625
160x_2025-05-15_02-05-00,160,clahe_otsu,28.778076171875
160x_2025-05-15_02-05-00,160,clahe_otsu,28.1585693359375
160x_2025-05-15_02-05-00,160,clahe_otsu,29.205322265625
160x_2025-05-15_02-05-00,160,clahe_otsu,29.46929931640625
160x_2025-05-15_02-05-00,160,clahe_otsu,28.52630615234375
160x_2025-05-15_02-05-00,160,clahe_otsu,30.24139404296875
160x_2025-05-15_02-05-00,160,clahe_otsu,31.298828125
160x_2025-05-15_02-05-00,160,clahe_otsu,30.633544921875
160x_2025-05-15_02-05-00,160,clahe_otsu,31.68487548828125
160x_2025-05-15_02-05-00,160,clahe_otsu,32.74078369140625
160x_2025-05-15_02-05-00,160,clahe_otsu,38.09051513671875
160x_2025-05-15_02-05-00,160,clahe_otsu,41.20941162109375
160x_2025-05-15_02-05-00,160,clahe_otsu,38.5467529296875
160x_2025-05-15_02-05-00,160,clahe_otsu,32.8338623046875
160x_2025-05-15_02-05-00,160,clahe_otsu,30.5206298828125
160x_2025-05-15_02-05-00,160,clahe_otsu,29.0924072265625
160x_2025-05-15_02-05-00,160,clahe_otsu,29.669189453125
160x_2025-05-15_02-05-00,160,clahe_otsu,28.38897705078125
160x_2025-05-15_02-05-00,160,clahe_otsu,28.69415283203125
160x_2025-05-15_02-05-00,160,clahe_otsu,27.85797119140625
160x_2025-05-15_02-05-00,160,clahe_otsu,29.00238037109375
160x_2025-05-15_02-05-00,160,clahe_otsu,31.57196044921875
160x_2025-05-15_02-05-00,160,clahe_otsu,29.72869873046875
160x_2025-05-15_02-05-00,160,clahe_otsu,30.5633544921875
160x_2025-05-15_02-05-00,160,clahe_otsu,33.89739990234375
160x_2025-05-15_02-05-00,160,clahe_otsu,37.0513916015625
160x_2025-05-15_02-05-00,160,clahe_otsu,41.66717529296875
160x_2025-05-15_02-05-00,160,clahe_otsu,39.7857666015625
160x_2025-05-15_02-05-00,160,clahe_otsu,32.55462646484375
160x_2025-05-15_02-05-00,160,clahe_otsu,31.20574951171875
160x_2025-05-15_02-05-00,160,clahe_otsu,29.89349365234375
160x_2025-05-15_02-05-00,160,clahe_otsu,28.0181884765625
160x_2025-05-15_02-05-00,160,clahe_otsu,27.62603759765625
160x_2025-05-15_02-05-00,160,clahe_otsu,29.9652099609375
160x_2025-05-15_02-05-00,160,clahe_otsu,30.83038330078125
160x_2025-05-15_02-05-00,160,clahe_otsu,29.046630859375
160x_2025-05-15_02-05-00,160,clahe_otsu,29.03289794921875
160x_2025-05-15_02-05-00,160,clahe_otsu,30.6488037109375
160x_2025-05-15_02-05-00,160,clahe_otsu,32.27691650390625
160x_2025-05-15_02-05-00,160,clahe_otsu,33.26568603515625
160x_2025-05-15_02-05-00,160,clahe_otsu,39.18304443359375
160x_2025-05-15_02-05-00,160,clahe_otsu,38.76190185546875
160x_2025-05-15_02-05-00,160,clahe_otsu,43.310546875
20x_2025-05-15_02-05-00,20,unet,0.25384044274687767
20x_2025-05-15_02-05-00,20,unet,0.25453532580286264
20x_2025-05-15_02-05-00,20,unet,0.25410763919353485
20x_2025-05-15_02-05-00,20,unet,0.25325161404907703
20x_2025-05-15_02-05-00,20,unet,0.2531105885282159
20x_2025-05-15_02-05-00,20,unet,0.25236736983060837
20x_2025-05-15_02-05-00,20,unet,0.2525832736864686
20x_2025-05-15_02-05-00,20,unet,0.2526362892240286
20x_2025-05-15_02-05-00,20,unet,0.2527620643377304
20x_2025-05-15_02-05-00,20,unet,0.25667815934866667
20x_2025-05-15_02-05-00,20,unet,0.2529286313802004
20x_2025-05-15_02-05-00,20,unet,0.2533129183575511
20x_2025-05-15_02-05-00,20,unet,0.2535582287237048
20x_2025-05-15_02-05-00,20,unet,0.252640713006258
20x_2025-05-15_02-05-00,20,unet,0.25050987023860216
20x_2025-05-15_02-05-00,20,unet,0.2834274433553219
20x_2025-05-15_02-05-00,20,unet,0.29925655107945204
20x_2025-05-15_02-05-00,20,unet,0.25346544571220875
20x_2025-05-15_02-05-00,20,unet,0.2748917555436492
20x_2025-05-15_02-05-00,20,unet,0.2532019279897213
20x_2025-05-15_02-05-00,20,unet,0.25358402635902166
20x_2025-05-15_02-05-00,20,unet,0.25641468819230795
20x_2025-05-15_02-05-00,20,unet,0.27593309059739113
20x_2025-05-15_02-05-00,20,unet,0.2534734085202217
20x_2025-05-15_02-05-00,20,unet,0.25398731231689453
20x_2025-05-15_02-05-00,20,unet,0.2532184589654207
20x_2025-05-15_02-05-00,20,unet,0.2996054943650961
20x_2025-05-15_02-05-00,20,unet,0.2541281748563051
20x_2025-05-15_02-05-00,20,unet,0.25395951233804226
20x_2025-05-15_02-05-00,20,unet,0.2513286890462041
20x_2025-05-15_02-05-00,20,unet,0.25929149705916643
20x_2025-05-15_02-05-00,20,unet,0.2995637711137533
20x_2025-05-15_02-05-00,20,unet,0.25406947825104
20x_2025-05-15_02-05-00,20,unet,0.2541186287999153
20x_2025-05-15_02-05-00,20,unet,0.25389378424733877
20x_2025-05-15_02-05-00,20,unet,0.2531682141125202
20x_2025-05-15_02-05-00,20,unet,0.2812785794958472
20x_2025-05-15_02-05-00,20,unet,0.2533070743083954
20x_2025-05-15_02-05-00,20,unet,0.256684934720397
20x_2025-05-15_02-05-00,20,unet,0.2530659781768918
20x_2025-05-15_02-05-00,20,unet,0.25280548725277185
20x_2025-05-15_02-05-00,20,unet,0.2536556916311383
20x_2025-05-15_02-05-00,20,unet,0.2533069346100092
20x_2025-05-15_02-05-00,20,unet,0.25373687967658043
20x_2025-05-15_02-05-00,20,unet,0.25390232913196087
20x_2025-05-15_02-05-00,20,unet,0.265431497246027
20x_2025-05-15_02-05-00,20,unet,0.2598782069981098
20x_2025-05-15_02-05-00,20,unet,0.25354602839797735
20x_2025-05-15_02-05-00,20,unet,0.7239249534904957
20x_2025-05-15_02-05-00,20,unet,0.2546257106587291
20x_2025-05-15_02-05-00,20,unet,0.25461053010076284
20x_2025-05-15_02-05-00,20,unet,0.3656084416434169
20x_2025-05-15_02-05-00,20,unet,0.25331065990030766
20x_2025-05-15_02-05-00,20,unet,0.2537235617637634
20x_2025-05-15_02-05-00,20,unet,0.2531428122892976
20x_2025-05-15_02-05-00,20,unet,0.2523635048419237
20x_2025-05-15_02-05-00,20,unet,0.2535652369260788
20x_2025-05-15_02-05-00,20,unet,0.25393536780029535
20x_2025-05-15_02-05-00,20,unet,0.9654181078076363
20x_2025-05-15_02-05-00,20,unet,0.25351240765303373
20x_2025-05-15_02-05-00,20,unet,0.2552962861955166
20x_2025-05-15_02-05-00,20,unet,0.25436568539589643
20x_2025-05-15_02-05-00,20,unet,0.2528514713048935
20x_2025-05-15_02-05-00,20,unet,0.25565801188349724
20x_2025-05-15_02-05-00,20,unet,0.2539764391258359
20x_2025-05-15_02-05-00,20,unet,0.2538150642067194
20x_2025-05-15_02-05-00,20,unet,0.2627117792144418
20x_2025-05-15_02-05-00,20,unet,0.25349988136440516
20x_2025-05-15_02-05-00,20,unet,0.25616756174713373
20x_2025-05-15_02-05-00,20,unet,0.2538213972002268
20x_2025-05-15_02-05-00,20,unet,0.37905378267169
20x_2025-05-15_02-05-00,20,unet,0.2607368631288409
20x_2025-05-15_02-05-00,20,unet,0.4038445185869932
20x_2025-05-15_02-05-00,20,unet,0.5026030354201794
20x_2025-05-15_02-05-00,20,unet,0.2869933843612671
20x_2025-05-15_02-05-00,20,unet,0.3240545280277729
20x_2025-05-15_02-05-00,20,unet,0.27375505305826664
20x_2025-05-15_02-05-00,20,unet,0.25390752125531435
20x_2025-05-15_02-05-00,20,unet,0.2529274905100465
20x_2025-05-15_02-05-00,20,unet,0.31621980015188456
20x_2025-05-15_02-05-00,20,unet,0.35537988878786564
20x_2025-05-15_02-05-00,20,unet,0.25541509967297316
20x_2025-05-15_02-05-00,20,unet,0.2549363300204277
20x_2025-05-15_02-05-00,20,unet,0.3753422759473324
20x_2025-05-15_02-05-00,20,unet,0.254112109541893
20x_2025-05-15_02-05-00,20,unet,0.3335000714287162
20x_2025-05-15_02-05-00,20,unet,0.8439534343779087
20x_2025-05-15_02-05-00,20,unet,0.34345064777880907
20x_2025-05-15_02-05-00,20,unet,0.3996557090431452
20x_2025-05-15_02-05-00,20,unet,2.046968601644039
20x_2025-05-15_02-05-00,20,unet,0.38748455699533224
20x_2025-05-15_02-05-00,20,unet,0.2661783481016755
20x_2025-05-15_02-05-00,20,unet,0.334960944019258
20x_2025-05-15_02-05-00,20,unet,0.6230620667338371
20x_2025-05-15_02-05-00,20,unet,0.25403653271496296
20x_2025-05-15_02-05-00,20,unet,0.45576803386211395
20x_2025-05-15_02-05-00,20,unet,0.2540938090533018
20x_2025-05-15_02-05-00,20,unet,0.2560687717050314
20x_2025-05-15_02-05-00,20,unet,0.2537352265790105
20x_2025-05-15_02-05-00,20,unet,0.2537751803174615
20x_2025-05-15_02-05-00,20,unet,0.895332545042038
20x_2025-05-15_02-05-00,20,unet,0.26306649670004845
20x_2025-05-15_02-05-00,20,unet,1.8733259290456772
20x_2025-05-15_02-05-00,20,unet,0.8506874553859234
20x_2025-05-15_02-05-00,20,unet,2.5337614119052887
20x_2025-05-15_02-05-00,20,unet,0.25403755716979504
20x_2025-05-15_02-05-00,20,unet,0.3239222336560488
20x_2025-05-15_02-05-00,20,unet,0.26093353517353535
20x_2025-05-15_02-05-00,20,unet,0.26354133151471615
20x_2025-05-15_02-05-00,20,unet,0.2685359213501215
20x_2025-05-15_02-05-00,20,unet,0.38469736464321613
20x_2025-05-15_02-05-00,20,unet,0.2537262160331011
20x_2025-05-15_02-05-00,20,unet,0.2600189298391342
20x_2025-05-15_02-05-00,20,unet,0.2552709309384227
20x_2025-05-15_02-05-00,20,unet,0.3766331123188138
20x_2025-05-15_02-05-00,20,unet,0.2656496362760663
20x_2025-05-15_02-05-00,20,unet,0.3989588003605604
20x_2025-05-15_02-05-00,20,unet,1.0173395276069641
20x_2025-05-15_02-05-00,20,unet,2.215365506708622
20x_2025-05-15_02-05-00,20,unet,0.2537864726036787
20x_2025-05-15_02-05-00,20,resunet,1.419392880052328
20x_2025-05-15_02-05-00,20,resunet,1.3213870115578175
20x_2025-05-15_02-05-00,20,resunet,0.06259773508645594
20x_2025-05-15_02-05-00,20,resunet,0.0465602584881708
20x_2025-05-15_02-05-00,20,resunet,0.04660993872676045
20x_2025-05-15_02-05-00,20,resunet,0.04475700843613595
20x_2025-05-15_02-05-00,20,resunet,0.25034460704773664
20x_2025-05-15_02-05-00,20,resunet,0.24053999222815037
20x_2025-05-15_02-05-00,20,resunet,0.04507659177761525
20x_2025-05-15_02-05-00,20,resunet,0.33699877094477415
20x_2025-05-15_02-05-00,20,resunet,0.15575505094602704
20x_2025-05-15_02-05-00,20,resunet,1.41503494232893
20x_2025-05-15_02-05-00,20,resunet,0.049233686877414584
20x_2025-05-15_02-05-00,20,resunet,1.4755367301404476
20x_2025-05-15_02-05-00,20,resunet,0.032821824424900115
20x_2025-05-15_02-05-00,20,resunet,0.331856613047421
20x_2025-05-15_02-05-00,20,resunet,1.38073256239295
20x_2025-05-15_02-05-00,20,resunet,0.04723162273876369
20x_2025-05-15_02-05-00,20,resunet,0.13018883764743805
20x_2025-05-15_02-05-00,20,resunet,0.04929479327984154
20x_2025-05-15_02-05-00,20,resunet,0.0513536564540118
20x_2025-05-15_02-05-00,20,resunet,0.6260023452341557
20x_2025-05-15_02-05-00,20,resunet,0.8178745396435261
20x_2025-05-15_02-05-00,20,resunet,1.8541840836405754
20x_2025-05-15_02-05-00,20,resunet,0.5805464927107096
20x_2025-05-15_02-05-00,20,resunet,0.8130586706101894
20x_2025-05-15_02-05-00,20,resunet,1.2711144983768463
20x_2025-05-15_02-05-00,20,resunet,0.19051755079999566
20x_2025-05-15_02-05-00,20,resunet,1.5417576767504215
20x_2025-05-15_02-05-00,20,resunet,0.03908135695382953
20x_2025-05-15_02-05-00,20,resunet,1.2169869616627693
20x_2025-05-15_02-05-00,20,resunet,0.19452946726232767
20x_2025-05-15_02-05-00,20,resunet,1.400004606693983
20x_2025-05-15_02-05-00,20,resunet,1.4816286973655224
20x_2025-05-15_02-05-00,20,resunet,0.07246121531352401
20x_2025-05-15_02-05-00,20,resunet,0.8771591819822788
20x_2025-05-15_02-05-00,20,resunet,0.1260147080756724
20x_2025-05-15_02-05-00,20,resunet,0.09434560779482126
20x_2025-05-15_02-05-00,20,resunet,0.050461769569665194
20x_2025-05-15_02-05-00,20,resunet,1.641550101339817
20x_2025-05-15_02-05-00,20,resunet,0.16410988755524158
20x_2025-05-15_02-05-00,20,resunet,1.1795914731919765
20x_2025-05-15_02-05-00,20,resunet,2.4021146818995476
20x_2025-05-15_02-05-00,20,resunet,2.2491127252578735
20x_2025-05-15_02-05-00,20,resunet,0.06539870519191027
20x_2025-05-15_02-05-00,20,resunet,0.9400232695043087
20x_2025-05-15_02-05-00,20,resunet,1.3985086232423782
20x_2025-05-15_02-05-00,20,resunet,1.2430807575583458
20x_2025-05-15_02-05-00,20,resunet,0.7517834194004536
20x_2025-05-15_02-05-00,20,resunet,0.23013667669147253
20x_2025-05-15_02-05-00,20,resunet,0.2121927449479699
20x_2025-05-15_02-05-00,20,resunet,0.5816580727696419
20x_2025-05-15_02-05-00,20,resunet,0.9405300952494144
20x_2025-05-15_02-05-00,20,resunet,0.4744790028780699
20x_2025-05-15_02-05-00,20,resunet,0.8546588011085987
20x_2025-05-15_02-05-00,20,resunet,1.0416381061077118
20x_2025-05-15_02-05-00,20,resunet,1.0711533948779106
20x_2025-05-15_02-05-00,20,resunet,0.8302003145217896
20x_2025-05-15_02-05-00,20,resunet,1.294269785284996
20x_2025-05-15_02-05-00,20,resunet,2.2559238597750664
20x_2025-05-15_02-05-00,20,resunet,1.4920827001333237
20x_2025-05-15_02-05-00,20,resunet,0.5248961038887501
20x_2025-05-15_02-05-00,20,resunet,0.38640196435153484
20x_2025-05-15_02-05-00,20,resunet,0.5983070470392704
20x_2025-05-15_02-05-00,20,resunet,0.9440243244171143
20x_2025-05-15_02-05-00,20,resunet,0.35195332020521164
20x_2025-05-15_02-05-00,20,resunet,0.17864645924419165
20x_2025-05-15_02-05-00,20,resunet,0.04877750179730356
20x_2025-05-15_02-05-00,20,resunet,0.7530853152275085
20x_2025-05-15_02-05-00,20,resunet,0.07119758520275354
20x_2025-05-15_02-05-00,20,resunet,3.965524584054947
20x_2025-05-15_02-05-00,20,resunet,1.682841219007969
20x_2025-05-15_02-05-00,20,resunet,3.3904731273651123
20x_2025-05-15_02-05-00,20,resunet,6.327566504478455
20x_2025-05-15_02-05-00,20,resunet,3.3654242753982544
20x_2025-05-15_02-05-00,20,resunet,0.5931326653808355
20x_2025-05-15_02-05-00,20,resunet,1.5435156412422657
20x_2025-05-15_02-05-00,20,resunet,0.9012744762003422
20x_2025-05-15_02-05-00,20,resunet,0.9758079424500465
20x_2025-05-15_02-05-00,20,resunet,2.048509195446968
20x_2025-05-15_02-05-00,20,resunet,0.7170259952545166
20x_2025-05-15_02-05-00,20,resunet,0.9652289561927319
20x_2025-05-15_02-05-00,20,resunet,0.369370193220675
20x_2025-05-15_02-05-00,20,resunet,0.4500780254602432
20x_2025-05-15_02-05-00,20,resunet,0.49464632757008076
20x_2025-05-15_02-05-00,20,resunet,0.7835495285689831
20x_2025-05-15_02-05-00,20,resunet,1.4510804787278175
20x_2025-05-15_02-05-00,20,resunet,2.1986540406942368
20x_2025-05-15_02-05-00,20,resunet,4.500802606344223
20x_2025-05-15_02-05-00,20,resunet,8.14056396484375
20x_2025-05-15_02-05-00,20,resunet,2.142711728811264
20x_2025-05-15_02-05-00,20,resunet,1.8940068781375885
20x_2025-05-15_02-05-00,20,resunet,1.2675493955612183
20x_2025-05-15_02-05-00,20,resunet,0.2058915328234434
20x_2025-05-15_02-05-00,20,resunet,1.842932403087616
20x_2025-05-15_02-05-00,20,resunet,4.574311524629593
20x_2025-05-15_02-05-00,20,resunet,2.03819926828146
20x_2025-05-15_02-05-00,20,resunet,0.6928580813109875
20x_2025-05-15_02-05-00,20,resunet,1.9212562590837479
20x_2025-05-15_02-05-00,20,resunet,1.9996464252471924
20x_2025-05-15_02-05-00,20,resunet,1.9839495420455933
20x_2025-05-15_02-05-00,20,resunet,1.757066696882248
20x_2025-05-15_02-05-00,20,resunet,5.771619826555252
20x_2025-05-15_02-05-00,20,resunet,8.149410784244537
20x_2025-05-15_02-05-00,20,resunet,9.322060644626617
20x_2025-05-15_02-05-00,20,resunet,1.6970081254839897
20x_2025-05-15_02-05-00,20,resunet,1.119882334023714
20x_2025-05-15_02-05-00,20,resunet,1.07163330540061
20x_2025-05-15_02-05-00,20,resunet,0.26960347313433886
20x_2025-05-15_02-05-00,20,resunet,0.29656486585736275
20x_2025-05-15_02-05-00,20,resunet,0.7537829224020243
20x_2025-05-15_02-05-00,20,resunet,0.24771150201559067
20x_2025-05-15_02-05-00,20,resunet,0.7056127768009901
20x_2025-05-15_02-05-00,20,resunet,0.5837231874465942
20x_2025-05-15_02-05-00,20,resunet,1.6338739544153214
20x_2025-05-15_02-05-00,20,resunet,0.7782273460179567
20x_2025-05-15_02-05-00,20,resunet,1.075934898108244
20x_2025-05-15_02-05-00,20,resunet,3.0218182131648064
20x_2025-05-15_02-05-00,20,resunet,13.539862632751465
20x_2025-05-15_02-05-00,20,resunet,6.3666462898254395
20x_2025-05-15_02-05-00,20,attention_resunet,0.054735486628487706
20x_2025-05-15_02-05-00,20,attention_resunet,0.055141584016382694
20x_2025-05-15_02-05-00,20,attention_resunet,0.0548302021343261
20x_2025-05-15_02-05-00,20,attention_resunet,0.05504777072928846
20x_2025-05-15_02-05-00,20,attention_resunet,0.05483489949256182
20x_2025-05-15_02-05-00,20,attention_resunet,0.05444834823720157
20x_2025-05-15_02-05-00,20,attention_resunet,0.054466380970552564
20x_2025-05-15_02-05-00,20,attention_resunet,0.054486439330503345
20x_2025-05-15_02-05-00,20,attention_resunet,0.05410343292169273
20x_2025-05-15_02-05-00,20,attention_resunet,0.054343335796147585
20x_2025-05-15_02-05-00,20,attention_resunet,0.053971610032022
20x_2025-05-15_02-05-00,20,attention_resunet,0.054281961638480425
20x_2025-05-15_02-05-00,20,attention_resunet,0.0542593072168529
20x_2025-05-15_02-05-00,20,attention_resunet,0.054102425929158926
20x_2025-05-15_02-05-00,20,attention_resunet,0.05315978778526187
20x_2025-05-15_02-05-00,20,attention_resunet,0.07269395864568651
20x_2025-05-15_02-05-00,20,attention_resunet,0.05565619794651866
20x_2025-05-15_02-05-00,20,attention_resunet,0.054933386854827404
20x_2025-05-15_02-05-00,20,attention_resunet,0.05514721269719303
20x_2025-05-15_02-05-00,20,attention_resunet,0.20076120272278786
20x_2025-05-15_02-05-00,20,attention_resunet,0.05459273816086352
20x_2025-05-15_02-05-00,20,attention_resunet,0.054643943440169096
20x_2025-05-15_02-05-00,20,attention_resunet,0.05481122643686831
20x_2025-05-15_02-05-00,20,attention_resunet,0.05473363562487066
20x_2025-05-15_02-05-00,20,attention_resunet,0.10620671091601253
20x_2025-05-15_02-05-00,20,attention_resunet,0.05425687995739281
20x_2025-05-15_02-05-00,20,attention_resunet,0.05424396367743611
20x_2025-05-15_02-05-00,20,attention_resunet,0.05494547076523304
20x_2025-05-15_02-05-00,20,attention_resunet,0.05465878639370203
20x_2025-05-15_02-05-00,20,attention_resunet,0.05382538074627519
20x_2025-05-15_02-05-00,20,attention_resunet,0.05534453084692359
20x_2025-05-15_02-05-00,20,attention_resunet,0.05510715418495238
20x_2025-05-15_02-05-00,20,attention_resunet,0.13548763236030936
20x_2025-05-15_02-05-00,20,attention_resunet,0.05583746824413538
20x_2025-05-15_02-05-00,20,attention_resunet,0.05566340405493975
20x_2025-05-15_02-05-00,20,attention_resunet,0.05511746276170015
20x_2025-05-15_02-05-00,20,attention_resunet,0.08389884606003761
20x_2025-05-15_02-05-00,20,attention_resunet,0.05448792944662273
20x_2025-05-15_02-05-00,20,attention_resunet,0.054650771198794246
20x_2025-05-15_02-05-00,20,attention_resunet,0.054481258848682046
20x_2025-05-15_02-05-00,20,attention_resunet,0.05462363478727639
20x_2025-05-15_02-05-00,20,attention_resunet,0.1730102114379406
20x_2025-05-15_02-05-00,20,attention_resunet,0.054609403014183044
20x_2025-05-15_02-05-00,20,attention_resunet,0.055164791410788894
20x_2025-05-15_02-05-00,20,attention_resunet,0.05467300652526319
20x_2025-05-15_02-05-00,20,attention_resunet,0.13924011727795005
20x_2025-05-15_02-05-00,20,attention_resunet,0.055326445726677775
20x_2025-05-15_02-05-00,20,attention_resunet,0.05479732062667608
20x_2025-05-15_02-05-00,20,attention_resunet,0.055115827126428485
20x_2025-05-15_02-05-00,20,attention_resunet,0.05495600635185838
20x_2025-05-15_02-05-00,20,attention_resunet,0.05517493700608611
20x_2025-05-15_02-05-00,20,attention_resunet,0.060573406517505646
20x_2025-05-15_02-05-00,20,attention_resunet,0.054716074373573065
20x_2025-05-15_02-05-00,20,attention_resunet,0.05501258419826627
20x_2025-05-15_02-05-00,20,attention_resunet,0.3176602302119136
20x_2025-05-15_02-05-00,20,attention_resunet,0.054529926273971796
20x_2025-05-15_02-05-00,20,attention_resunet,0.05464258720166981
20x_2025-05-15_02-05-00,20,attention_resunet,0.05540335550904274
20x_2025-05-15_02-05-00,20,attention_resunet,0.05556611577048898
20x_2025-05-15_02-05-00,20,attention_resunet,0.054922798881307244
20x_2025-05-15_02-05-00,20,attention_resunet,0.053642160492017865
20x_2025-05-15_02-05-00,20,attention_resunet,0.05446845316328108
20x_2025-05-15_02-05-00,20,attention_resunet,0.0548412324860692
20x_2025-05-15_02-05-00,20,attention_resunet,0.054964644368737936
20x_2025-05-15_02-05-00,20,attention_resunet,0.055346457520499825
20x_2025-05-15_02-05-00,20,attention_resunet,0.05614584079012275
20x_2025-05-15_02-05-00,20,attention_resunet,0.05557700642384589
20x_2025-05-15_02-05-00,20,attention_resunet,0.05531646893359721
20x_2025-05-15_02-05-00,20,attention_resunet,0.05527956527657807
20x_2025-05-15_02-05-00,20,attention_resunet,0.05482321139425039
20x_2025-05-15_02-05-00,20,attention_resunet,0.05526532186195254
20x_2025-05-15_02-05-00,20,attention_resunet,0.05466408911161125
20x_2025-05-15_02-05-00,20,attention_resunet,0.16395673155784607
20x_2025-05-15_02-05-00,20,attention_resunet,0.05594458198174834
20x_2025-05-15_02-05-00,20,attention_resunet,0.32177416142076254
20x_2025-05-15_02-05-00,20,attention_resunet,0.054658332373946905
20x_2025-05-15_02-05-00,20,attention_resunet,0.05340840434655547
20x_2025-05-15_02-05-00,20,attention_resunet,0.21672036964446306
20x_2025-05-15_02-05-00,20,attention_resunet,0.5688275210559368
20x_2025-05-15_02-05-00,20,attention_resunet,0.49834800884127617
20x_2025-05-15_02-05-00,20,attention_resunet,0.2544974675402045
20x_2025-05-15_02-05-00,20,attention_resunet,0.17224099719896913
20x_2025-05-15_02-05-00,20,attention_resunet,0.05574764800257981
20x_2025-05-15_02-05-00,20,attention_resunet,0.055730395251885056
20x_2025-05-15_02-05-00,20,attention_resunet,0.054980593267828226
20x_2025-05-15_02-05-00,20,attention_resunet,0.13946943217888474
20x_2025-05-15_02-05-00,20,attention_resunet,0.11405666591599584
20x_2025-05-15_02-05-00,20,attention_resunet,0.0555654289200902
20x_2025-05-15_02-05-00,20,attention_resunet,0.05825802800245583
20x_2025-05-15_02-05-00,20,attention_resunet,0.8360058069229126
20x_2025-05-15_02-05-00,20,attention_resunet,0.055915553821250796
20x_2025-05-15_02-05-00,20,attention_resunet,0.10694917291402817
20x_2025-05-15_02-05-00,20,attention_resunet,0.17815595492720604
20x_2025-05-15_02-05-00,20,attention_resunet,0.05336924223229289
20x_2025-05-15_02-05-00,20,attention_resunet,0.05385968252085149
20x_2025-05-15_02-05-00,20,attention_resunet,0.09464983595535159
20x_2025-05-15_02-05-00,20,attention_resunet,0.43878937140107155
20x_2025-05-15_02-05-00,20,attention_resunet,0.06241174996830523
20x_2025-05-15_02-05-00,20,attention_resunet,0.5654109176248312
20x_2025-05-15_02-05-00,20,attention_resunet,0.818258710205555
20x_2025-05-15_02-05-00,20,attention_resunet,1.3058120384812355
20x_2025-05-15_02-05-00,20,attention_resunet,2.0157940685749054
20x_2025-05-15_02-05-00,20,attention_resunet,1.0818211361765862
20x_2025-05-15_02-05-00,20,attention_resunet,0.17095443326979876
20x_2025-05-15_02-05-00,20,attention_resunet,1.3204547576606274
20x_2025-05-15_02-05-00,20,attention_resunet,0.05178193096071482
20x_2025-05-15_02-05-00,20,attention_resunet,0.05761856446042657
20x_2025-05-15_02-05-00,20,attention_resunet,0.30345553532242775
20x_2025-05-15_02-05-00,20,attention_resunet,0.050699879648163915
20x_2025-05-15_02-05-00,20,attention_resunet,0.06224650423973799
20x_2025-05-15_02-05-00,20,attention_resunet,0.08186473278328776
20x_2025-05-15_02-05-00,20,attention_resunet,0.05288457032293081
20x_2025-05-15_02-05-00,20,attention_resunet,0.053991039749234915
20x_2025-05-15_02-05-00,20,attention_resunet,0.27906675823032856
20x_2025-05-15_02-05-00,20,attention_resunet,0.11355816386640072
20x_2025-05-15_02-05-00,20,attention_resunet,0.30916323885321617
20x_2025-05-15_02-05-00,20,attention_resunet,0.49035479314625263
20x_2025-05-15_02-05-00,20,attention_resunet,0.2260622102767229
20x_2025-05-15_02-05-00,20,attention_resunet,2.9741819947957993
20x_2025-05-15_02-05-00,20,attention_resunet,0.05649921949952841
20x_2025-05-15_02-05-00,20,clahe_otsu,58.03375244140625
20x_2025-05-15_02-05-00,20,clahe_otsu,56.0211181640625
20x_2025-05-15_02-05-00,20,clahe_otsu,57.74993896484375
20x_2025-05-15_02-05-00,20,clahe_otsu,56.13861083984375
20x_2025-05-15_02-05-00,20,clahe_otsu,56.34918212890625
20x_2025-05-15_02-05-00,20,clahe_otsu,58.01239013671875
20x_2025-05-15_02-05-00,20,clahe_otsu,56.890869140625
20x_2025-05-15_02-05-00,20,clahe_otsu,56.66046142578125
20x_2025-05-15_02-05-00,20,clahe_otsu,57.16400146484375
20x_2025-05-15_02-05-00,20,clahe_otsu,57.7484130859375
20x_2025-05-15_02-05-00,20,clahe_otsu,59.33837890625
20x_2025-05-15_02-05-00,20,clahe_otsu,58.70819091796875
20x_2025-05-15_02-05-00,20,clahe_otsu,57.64617919921875
20x_2025-05-15_02-05-00,20,clahe_otsu,59.2926025390625
20x_2025-05-15_02-05-00,20,clahe_otsu,62.7960205078125
20x_2025-05-15_02-05-00,20,clahe_otsu,56.9793701171875
20x_2025-05-15_02-05-00,20,clahe_otsu,56.2652587890625
20x_2025-05-15_02-05-00,20,clahe_otsu,57.6904296875
20x_2025-05-15_02-05-00,20,clahe_otsu,56.2713623046875
20x_2025-05-15_02-05-00,20,clahe_otsu,56.39801025390625
20x_2025-05-15_02-05-00,20,clahe_otsu,56.77642822265625
20x_2025-05-15_02-05-00,20,clahe_otsu,56.2591552734375
20x_2025-05-15_02-05-00,20,clahe_otsu,57.01751708984375
20x_2025-05-15_02-05-00,20,clahe_otsu,57.244873046875
20x_2025-05-15_02-05-00,20,clahe_otsu,56.0516357421875
20x_2025-05-15_02-05-00,20,clahe_otsu,59.30023193359375
20x_2025-05-15_02-05-00,20,clahe_otsu,58.28399658203125
20x_2025-05-15_02-05-00,20,clahe_otsu,55.609130859375
20x_2025-05-15_02-05-00,20,clahe_otsu,57.01904296875
20x_2025-05-15_02-05-00,20,clahe_otsu,61.04736328125
20x_2025-05-15_02-05-00,20,clahe_otsu,56.75811767578125
20x_2025-05-15_02-05-00,20,clahe_otsu,54.779052734375
20x_2025-05-15_02-05-00,20,clahe_otsu,55.74493408203125
20x_2025-05-15_02-05-00,20,clahe_otsu,55.4718017578125
20x_2025-05-15_02-05-00,20,clahe_otsu,55.11627197265625
20x_2025-05-15_02-05-00,20,clahe_otsu,57.1319580078125
20x_2025-05-15_02-05-00,20,clahe_otsu,57.0892333984375
20x_2025-05-15_02-05-00,20,clahe_otsu,56.31561279296875
20x_2025-05-15_02-05-00,20,clahe_otsu,57.96966552734375
20x_2025-05-15_02-05-00,20,clahe_otsu,57.19757080078125
20x_2025-05-15_02-05-00,20,clahe_otsu,57.24945068359375
20x_2025-05-15_02-05-00,20,clahe_otsu,56.79473876953125
20x_2025-05-15_02-05-00,20,clahe_otsu,56.40411376953125
20x_2025-05-15_02-05-00,20,clahe_otsu,57.025146484375
20x_2025-05-15_02-05-00,20,clahe_otsu,57.03125
20x_2025-05-15_02-05-00,20,clahe_otsu,55.44586181640625
20x_2025-05-15_02-05-00,20,clahe_otsu,55.09796142578125
20x_2025-05-15_02-05-00,20,clahe_otsu,55.50537109375
20x_2025-05-15_02-05-00,20,clahe_otsu,56.10504150390625
20x_2025-05-15_02-05-00,20,clahe_otsu,55.65643310546875
20x_2025-05-15_02-05-00,20,clahe_otsu,55.81207275390625
20x_2025-05-15_02-05-00,20,clahe_otsu,55.2734375
20x_2025-05-15_02-05-00,20,clahe_otsu,57.51495361328125
20x_2025-05-15_02-05-00,20,clahe_otsu,55.94329833984375
20x_2025-05-15_02-05-00,20,clahe_otsu,56.43463134765625
20x_2025-05-15_02-05-00,20,clahe_otsu,56.78253173828125
20x_2025-05-15_02-05-00,20,clahe_otsu,57.47528076171875
20x_2025-05-15_02-05-00,20,clahe_otsu,54.1778564453125
20x_2025-05-15_02-05-00,20,clahe_otsu,56.0577392578125
20x_2025-05-15_02-05-00,20,clahe_otsu,57.07244873046875
20x_2025-05-15_02-05-00,20,clahe_otsu,54.5562744140625
20x_2025-05-15_02-05-00,20,clahe_otsu,54.93011474609375
20x_2025-05-15_02-05-00,20,clahe_otsu,54.998779296875
20x_2025-05-15_02-05-00,20,clahe_otsu,54.34112548828125
20x_2025-05-15_02-05-00,20,clahe_otsu,55.27496337890625
20x_2025-05-15_02-05-00,20,clahe_otsu,56.103515625
20x_2025-05-15_02-05-00,20,clahe_otsu,57.63092041015625
20x_2025-05-15_02-05-00,20,clahe_otsu,57.53021240234375
20x_2025-05-15_02-05-00,20,clahe_otsu,57.75909423828125
20x_2025-05-15_02-05-00,20,clahe_otsu,57.05108642578125
20x_2025-05-15_02-05-00,20,clahe_otsu,56.36444091796875
20x_2025-05-15_02-05-00,20,clahe_otsu,57.6751708984375
20x_2025-05-15_02-05-00,20,clahe_otsu,56.97021484375
20x_2025-05-15_02-05-00,20,clahe_otsu,53.52783203125
20x_2025-05-15_02-05-00,20,clahe_otsu,51.812744140625
20x_2025-05-15_02-05-00,20,clahe_otsu,55.0384521484375
20x_2025-05-15_02-05-00,20,clahe_otsu,54.31976318359375
20x_2025-05-15_02-05-00,20,clahe_otsu,54.7332763671875
20x_2025-05-15_02-05-00,20,clahe_otsu,53.69720458984375
20x_2025-05-15_02-05-00,20,clahe_otsu,54.58984375
20x_2025-05-15_02-05-00,20,clahe_otsu,55.17578125
20x_2025-05-15_02-05-00,20,clahe_otsu,57.666015625
20x_2025-05-15_02-05-00,20,clahe_otsu,56.707763671875
20x_2025-05-15_02-05-00,20,clahe_otsu,54.74853515625
20x_2025-05-15_02-05-00,20,clahe_otsu,55.99517822265625
20x_2025-05-15_02-05-00,20,clahe_otsu,55.55419921875
20x_2025-05-15_02-05-00,20,clahe_otsu,54.82940673828125
20x_2025-05-15_02-05-00,20,clahe_otsu,55.57098388671875
20x_2025-05-15_02-05-00,20,clahe_otsu,54.3426513671875
20x_2025-05-15_02-05-00,20,clahe_otsu,53.076171875
20x_2025-05-15_02-05-00,20,clahe_otsu,55.743408203125
20x_2025-05-15_02-05-00,20,clahe_otsu,55.60150146484375
20x_2025-05-15_02-05-00,20,clahe_otsu,54.290771484375
20x_2025-05-15_02-05-00,20,clahe_otsu,53.72314453125
20x_2025-05-15_02-05-00,20,clahe_otsu,54.72869873046875
20x_2025-05-15_02-05-00,20,clahe_otsu,55.12847900390625
20x_2025-05-15_02-05-00,20,clahe_otsu,55.58624267578125
20x_2025-05-15_02-05-00,20,clahe_otsu,55.5755615234375
20x_2025-05-15_02-05-00,20,clahe_otsu,54.34722900390625
20x_2025-05-15_02-05-00,20,clahe_otsu,54.6783447265625
20x_2025-05-15_02-05-00,20,clahe_otsu,54.51507568359375
20x_2025-05-15_02-05-00,20,clahe_otsu,54.55169677734375
20x_2025-05-15_02-05-00,20,clahe_otsu,52.19573974609375
20x_2025-05-15_02-05-00,20,clahe_otsu,54.486083984375
20x_2025-05-15_02-05-00,20,clahe_otsu,54.4677734375
20x_2025-05-15_02-05-00,20,clahe_otsu,56.04400634765625
20x_2025-05-15_02-05-00,20,clahe_otsu,53.92913818359375
20x_2025-05-15_02-05-00,20,clahe_otsu,53.77960205078125
20x_2025-05-15_02-05-00,20,clahe_otsu,53.54156494140625
20x_2025-05-15_02-05-00,20,clahe_otsu,53.71246337890625
20x_2025-05-15_02-05-00,20,clahe_otsu,54.473876953125
20x_2025-05-15_02-05-00,20,clahe_otsu,54.54864501953125
20x_2025-05-15_02-05-00,20,clahe_otsu,54.57000732421875
20x_2025-05-15_02-05-00,20,clahe_otsu,53.66058349609375
20x_2025-05-15_02-05-00,20,clahe_otsu,53.33099365234375
20x_2025-05-15_02-05-00,20,clahe_otsu,55.46417236328125
20x_2025-05-15_02-05-00,20,clahe_otsu,52.68707275390625
20x_2025-05-15_02-05-00,20,clahe_otsu,54.144287109375
20x_2025-05-15_02-05-00,20,clahe_otsu,53.19671630859375
20x_2025-05-15_02-05-00,20,clahe_otsu,55.413818359375
320x_2025-05-15_02-05-00,20,unet,25.940296053886414
320x_2025-05-15_02-05-00,20,unet,0.26107076555490494
320x_2025-05-15_02-05-00,20,unet,0.259317085146904
320x_2025-05-15_02-05-00,20,unet,0.259567191824317
320x_2025-05-15_02-05-00,20,unet,0.2626613946631551
320x_2025-05-15_02-05-00,20,unet,0.25709178298711777
320x_2025-05-15_02-05-00,20,unet,0.2558126812800765
320x_2025-05-15_02-05-00,20,unet,0.2512472216039896
320x_2025-05-15_02-05-00,20,unet,0.2507714554667473
320x_2025-05-15_02-05-00,20,unet,0.36254581063985825
320x_2025-05-15_02-05-00,20,unet,3.936135768890381
320x_2025-05-15_02-05-00,20,unet,46.596792340278625
320x_2025-05-15_02-05-00,20,unet,76.71210765838623
320x_2025-05-15_02-05-00,20,unet,45.465290546417236
320x_2025-05-15_02-05-00,20,unet,0.2509790938347578
320x_2025-05-15_02-05-00,20,unet,2.658338285982609
320x_2025-05-15_02-05-00,20,unet,0.26641315780580044
320x_2025-05-15_02-05-00,20,unet,0.26662026066333055
320x_2025-05-15_02-05-00,20,unet,0.2652845811098814
320x_2025-05-15_02-05-00,20,unet,0.2646175678819418
320x_2025-05-15_02-05-00,20,unet,0.26242320891469717
320x_2025-05-15_02-05-00,20,unet,0.2598273102194071
320x_2025-05-15_02-05-00,20,unet,0.2594578079879284
320x_2025-05-15_02-05-00,20,unet,0.25421285536140203
320x_2025-05-15_02-05-00,20,unet,0.2516146283596754
320x_2025-05-15_02-05-00,20,unet,0.2488767495378852
320x_2025-05-15_02-05-00,20,unet,0.24964676704257727
320x_2025-05-15_02-05-00,20,unet,29.036766290664673
320x_2025-05-15_02-05-00,20,unet,74.97209310531616
320x_2025-05-15_02-05-00,20,unet,31.077802181243896
320x_2025-05-15_02-05-00,20,unet,0.321751250885427
320x_2025-05-15_02-05-00,20,unet,0.27000303380191326
320x_2025-05-15_02-05-00,20,unet,0.2703435253351927
320x_2025-05-15_02-05-00,20,unet,0.2693433780223131
320x_2025-05-15_02-05-00,20,unet,0.26818246114999056
320x_2025-05-15_02-05-00,20,unet,0.26535196229815483
320x_2025-05-15_02-05-00,20,unet,0.2656020689755678
320x_2025-05-15_02-05-00,20,unet,0.2583402907475829
320x_2025-05-15_02-05-00,20,unet,0.2582239219918847
320x_2025-05-15_02-05-00,20,unet,0.2575179096311331
320x_2025-05-15_02-05-00,20,unet,0.2566724317148328
320x_2025-05-15_02-05-00,20,unet,0.2524240408092737
320x_2025-05-15_02-05-00,20,unet,0.24596184957772493
320x_2025-05-15_02-05-00,20,unet,24.27486479282379
320x_2025-05-15_02-05-00,20,unet,62.09369897842407
320x_2025-05-15_02-05-00,20,unet,0.2671466441825032
320x_2025-05-15_02-05-00,20,unet,0.272323121316731
320x_2025-05-15_02-05-00,20,unet,0.27239115443080664
320x_2025-05-15_02-05-00,20,unet,0.2712899586185813
320x_2025-05-15_02-05-00,20,unet,0.27001616545021534
320x_2025-05-15_02-05-00,20,unet,0.269339419901371
320x_2025-05-15_02-05-00,20,unet,0.26658307760953903
320x_2025-05-15_02-05-00,20,unet,0.26320810429751873
320x_2025-05-15_02-05-00,20,unet,0.26010407600551844
320x_2025-05-15_02-05-00,20,unet,0.25903095956891775
320x_2025-05-15_02-05-00,20,unet,0.259400624781847
320x_2025-05-15_02-05-00,20,unet,0.2574640326201916
320x_2025-05-15_02-05-00,20,unet,0.2539587439969182
320x_2025-05-15_02-05-00,20,unet,0.6265221629291773
320x_2025-05-15_02-05-00,20,unet,53.46517562866211
320x_2025-05-15_02-05-00,20,unet,0.26703067123889923
320x_2025-05-15_02-05-00,20,unet,0.2750638872385025
320x_2025-05-15_02-05-00,20,unet,0.27448555920273066
320x_2025-05-15_02-05-00,20,unet,0.2734519075602293
320x_2025-05-15_02-05-00,20,unet,0.27157566510140896
320x_2025-05-15_02-05-00,20,unet,0.27009984478354454
320x_2025-05-15_02-05-00,20,unet,0.26961760595440865
320x_2025-05-15_02-05-00,20,unet,0.2689966233447194
320x_2025-05-15_02-05-00,20,unet,0.26718517765402794
320x_2025-05-15_02-05-00,20,unet,0.2643284387886524
320x_2025-05-15_02-05-00,20,unet,0.25976954493671656
320x_2025-05-15_02-05-00,20,unet,0.268483255058527
320x_2025-05-15_02-05-00,20,unet,0.2563895657658577
320x_2025-05-15_02-05-00,20,unet,0.25593319442123175
320x_2025-05-15_02-05-00,20,unet,50.971412658691406
320x_2025-05-15_02-05-00,20,unet,0.2670424757525325
320x_2025-05-15_02-05-00,20,unet,0.2762302989140153
320x_2025-05-15_02-05-00,20,unet,0.2763143740594387
320x_2025-05-15_02-05-00,20,unet,0.27530703227967024
320x_2025-05-15_02-05-00,20,unet,0.2733356086537242
320x_2025-05-15_02-05-00,20,unet,0.27132746763527393
320x_2025-05-15_02-05-00,20,unet,0.27028657495975494
320x_2025-05-15_02-05-00,20,unet,0.27006487362086773
320x_2025-05-15_02-05-00,20,unet,0.26976128574460745
320x_2025-05-15_02-05-00,20,unet,0.26818960905075073
320x_2025-05-15_02-05-00,20,unet,0.2671519760042429
320x_2025-05-15_02-05-00,20,unet,0.260219513438642
320x_2025-05-15_02-05-00,20,unet,0.2579101361334324
320x_2025-05-15_02-05-00,20,unet,0.253429776057601
320x_2025-05-15_02-05-00,20,unet,36.988744139671326
320x_2025-05-15_02-05-00,20,unet,0.3640273120254278
320x_2025-05-15_02-05-00,20,unet,0.2759367926046252
320x_2025-05-15_02-05-00,20,unet,0.2767385682091117
320x_2025-05-15_02-05-00,20,unet,0.2763325348496437
320x_2025-05-15_02-05-00,20,unet,0.2750545972958207
320x_2025-05-15_02-05-00,20,unet,0.2734904643148184
320x_2025-05-15_02-05-00,20,unet,0.27227590326219797
320x_2025-05-15_02-05-00,20,unet,0.2717832801863551
320x_2025-05-15_02-05-00,20,unet,0.2713350811973214
320x_2025-05-15_02-05-00,20,unet,0.27062848675996065
320x_2025-05-15_02-05-00,20,unet,0.26964403223246336
320x_2025-05-15_02-05-00,20,unet,0.2652253024280071
320x_2025-05-15_02-05-00,20,unet,0.2612818032503128
320x_2025-05-15_02-05-00,20,unet,0.2638185862451792
320x_2025-05-15_02-05-00,20,unet,20.429518818855286
320x_2025-05-15_02-05-00,20,unet,13.771064579486847
320x_2025-05-15_02-05-00,20,unet,0.27442811988294125
320x_2025-05-15_02-05-00,20,unet,0.27685968670994043
320x_2025-05-15_02-05-00,20,unet,0.2769871614873409
320x_2025-05-15_02-05-00,20,unet,0.2766744699329138
320x_2025-05-15_02-05-00,20,unet,0.2758946269750595
320x_2025-05-15_02-05-00,20,unet,0.27503641322255135
320x_2025-05-15_02-05-00,20,unet,0.2743056509643793
320x_2025-05-15_02-05-00,20,unet,0.27378250379115343
320x_2025-05-15_02-05-00,20,unet,0.2724110381677747
320x_2025-05-15_02-05-00,20,unet,0.27144686318933964
320x_2025-05-15_02-05-00,20,unet,0.2695882460102439
320x_2025-05-15_02-05-00,20,unet,0.2653536153957248
320x_2025-05-15_02-05-00,20,unet,0.2604309469461441
320x_2025-05-15_02-05-00,20,unet,15.8975750207901
320x_2025-05-15_02-05-00,20,resunet,20.865365862846375
320x_2025-05-15_02-05-00,20,resunet,0.060432282043620944
320x_2025-05-15_02-05-00,20,resunet,0.05992105579935014
320x_2025-05-15_02-05-00,20,resunet,0.11194087564945221
320x_2025-05-15_02-05-00,20,resunet,0.0785039912443608
320x_2025-05-15_02-05-00,20,resunet,0.05279755569063127
320x_2025-05-15_02-05-00,20,resunet,0.05051445332355797
320x_2025-05-15_02-05-00,20,resunet,0.05004130653105676
320x_2025-05-15_02-05-00,20,resunet,0.048956903629004955
320x_2025-05-15_02-05-00,20,resunet,0.07948167622089386
320x_2025-05-15_02-05-00,20,resunet,3.085687570273876
320x_2025-05-15_02-05-00,20,resunet,24.841660261154175
320x_2025-05-15_02-05-00,20,resunet,66.46541357040405
320x_2025-05-15_02-05-00,20,resunet,36.40808463096619
320x_2025-05-15_02-05-00,20,resunet,0.11187461204826832
320x_2025-05-15_02-05-00,20,resunet,0.9976424276828766
320x_2025-05-15_02-05-00,20,resunet,0.1328968326561153
320x_2025-05-15_02-05-00,20,resunet,0.10148307774215937
320x_2025-05-15_02-05-00,20,resunet,0.0990377739071846
320x_2025-05-15_02-05-00,20,resunet,0.0827692449092865
320x_2025-05-15_02-05-00,20,resunet,0.07321923039853573
320x_2025-05-15_02-05-00,20,resunet,0.07403127383440733
320x_2025-05-15_02-05-00,20,resunet,0.0631401315331459
320x_2025-05-15_02-05-00,20,resunet,0.05170177901163697
320x_2025-05-15_02-05-00,20,resunet,0.04997505457140505
320x_2025-05-15_02-05-00,20,resunet,0.04862622590735555
320x_2025-05-15_02-05-00,20,resunet,0.8814078755676746
320x_2025-05-15_02-05-00,20,resunet,24.142175912857056
320x_2025-05-15_02-05-00,20,resunet,63.17751407623291
320x_2025-05-15_02-05-00,20,resunet,15.314120054244995
320x_2025-05-15_02-05-00,20,resunet,0.11229240335524082
320x_2025-05-15_02-05-00,20,resunet,0.06661838851869106
320x_2025-05-15_02-05-00,20,resunet,0.0667543790768832
320x_2025-05-15_02-05-00,20,resunet,0.06634063320234418
320x_2025-05-15_02-05-00,20,resunet,0.09152013808488846
320x_2025-05-15_02-05-00,20,resunet,0.1113923848606646
320x_2025-05-15_02-05-00,20,resunet,0.1309725921601057
320x_2025-05-15_02-05-00,20,resunet,0.07060440257191658
320x_2025-05-15_02-05-00,20,resunet,0.06266856216825545
320x_2025-05-15_02-05-00,20,resunet,0.057255529100075364
320x_2025-05-15_02-05-00,20,resunet,0.05348114063963294
320x_2025-05-15_02-05-00,20,resunet,0.06079684244468808
320x_2025-05-15_02-05-00,20,resunet,0.1912111765705049
320x_2025-05-15_02-05-00,20,resunet,16.515547037124634
320x_2025-05-15_02-05-00,20,resunet,48.61738383769989
320x_2025-05-15_02-05-00,20,resunet,0.056793622206896544
320x_2025-05-15_02-05-00,20,resunet,0.052969378884881735
320x_2025-05-15_02-05-00,20,resunet,0.05544665618799627
320x_2025-05-15_02-05-00,20,resunet,0.05163580644875765
320x_2025-05-15_02-05-00,20,resunet,0.060685770586133
320x_2025-05-15_02-05-00,20,resunet,0.10367193026468158
320x_2025-05-15_02-05-00,20,resunet,0.07361555472016335
320x_2025-05-15_02-05-00,20,resunet,0.10195765644311905
320x_2025-05-15_02-05-00,20,resunet,0.07815793505869806
320x_2025-05-15_02-05-00,20,resunet,0.10741460137069225
320x_2025-05-15_02-05-00,20,resunet,0.06020998698659241
320x_2025-05-15_02-05-00,20,resunet,0.059254164807498455
320x_2025-05-15_02-05-00,20,resunet,0.05349380080588162
320x_2025-05-15_02-05-00,20,resunet,0.2685230690985918
320x_2025-05-15_02-05-00,20,resunet,41.39717221260071
320x_2025-05-15_02-05-00,20,resunet,0.06474877009168267
320x_2025-05-15_02-05-00,20,resunet,0.045603245962411165
320x_2025-05-15_02-05-00,20,resunet,0.045905495062470436
320x_2025-05-15_02-05-00,20,resunet,0.047801368054933846
320x_2025-05-15_02-05-00,20,resunet,0.05514149088412523
320x_2025-05-15_02-05-00,20,resunet,0.07226367015391588
320x_2025-05-15_02-05-00,20,resunet,0.09973413543775678
320x_2025-05-15_02-05-00,20,resunet,0.1231861999258399
320x_2025-05-15_02-05-00,20,resunet,0.10496217291802168
320x_2025-05-15_02-05-00,20,resunet,0.08047812152653933
320x_2025-05-15_02-05-00,20,resunet,0.10898583568632603
320x_2025-05-15_02-05-00,20,resunet,0.0667801359668374
320x_2025-05-15_02-05-00,20,resunet,0.06870436482131481
320x_2025-05-15_02-05-00,20,resunet,0.05825876141898334
320x_2025-05-15_02-05-00,20,resunet,45.816683769226074
320x_2025-05-15_02-05-00,20,resunet,0.07001945632509887
320x_2025-05-15_02-05-00,20,resunet,0.043451282544992864
320x_2025-05-15_02-05-00,20,resunet,0.043595099123194814
320x_2025-05-15_02-05-00,20,resunet,0.04565482959151268
320x_2025-05-15_02-05-00,20,resunet,0.04864270449616015
320x_2025-05-15_02-05-00,20,resunet,0.05885879509150982
320x_2025-05-15_02-05-00,20,resunet,0.06085042841732502
320x_2025-05-15_02-05-00,20,resunet,0.07152424659579992
320x_2025-05-15_02-05-00,20,resunet,0.10481643257662654
320x_2025-05-15_02-05-00,20,resunet,0.10899764019995928
320x_2025-05-15_02-05-00,20,resunet,0.19088543485850096
320x_2025-05-15_02-05-00,20,resunet,0.10301052825525403
320x_2025-05-15_02-05-00,20,resunet,0.07816115394234657
320x_2025-05-15_02-05-00,20,resunet,0.07157502695918083
320x_2025-05-15_02-05-00,20,resunet,29.575160145759583
320x_2025-05-15_02-05-00,20,resunet,0.5129596684128046
320x_2025-05-15_02-05-00,20,resunet,0.04386690561659634
320x_2025-05-15_02-05-00,20,resunet,0.04259465495124459
320x_2025-05-15_02-05-00,20,resunet,0.04358565201982856
320x_2025-05-15_02-05-00,20,resunet,0.04528482968453318
320x_2025-05-15_02-05-00,20,resunet,0.04765223420690745
320x_2025-05-15_02-05-00,20,resunet,0.051481963600963354
320x_2025-05-15_02-05-00,20,resunet,0.05322350189089775
320x_2025-05-15_02-05-00,20,resunet,0.053879141341894865
320x_2025-05-15_02-05-00,20,resunet,0.05735292215831578
320x_2025-05-15_02-05-00,20,resunet,0.107177859172225
320x_2025-05-15_02-05-00,20,resunet,0.132300378754735
320x_2025-05-15_02-05-00,20,resunet,0.1176666235551238
320x_2025-05-15_02-05-00,20,resunet,0.08214247645810246
320x_2025-05-15_02-05-00,20,resunet,17.128539085388184
320x_2025-05-15_02-05-00,20,resunet,8.455318212509155
320x_2025-05-15_02-05-00,20,resunet,0.04662591381929815
320x_2025-05-15_02-05-00,20,resunet,0.042546598706394434
320x_2025-05-15_02-05-00,20,resunet,0.04249064950272441
320x_2025-05-15_02-05-00,20,resunet,0.043321854900568724
320x_2025-05-15_02-05-00,20,resunet,0.04449467814993113
320x_2025-05-15_02-05-00,20,resunet,0.045357970520853996
320x_2025-05-15_02-05-00,20,resunet,0.04692536313086748
320x_2025-05-15_02-05-00,20,resunet,0.04748939536511898
320x_2025-05-15_02-05-00,20,resunet,0.04923155065625906
320x_2025-05-15_02-05-00,20,resunet,0.054429518058896065
320x_2025-05-15_02-05-00,20,resunet,0.15324556734412909
320x_2025-05-15_02-05-00,20,resunet,0.08807695703580976
320x_2025-05-15_02-05-00,20,resunet,0.06799842230975628
320x_2025-05-15_02-05-00,20,resunet,17.08068549633026
320x_2025-05-15_02-05-00,20,attention_resunet,8.168645948171616
320x_2025-05-15_02-05-00,20,attention_resunet,0.06082759937271476
320x_2025-05-15_02-05-00,20,attention_resunet,0.08586414624005556
320x_2025-05-15_02-05-00,20,attention_resunet,0.09563588537275791
320x_2025-05-15_02-05-00,20,attention_resunet,0.06802887073718011
320x_2025-05-15_02-05-00,20,attention_resunet,0.15870357165113091
320x_2025-05-15_02-05-00,20,attention_resunet,0.051760522183030844
320x_2025-05-15_02-05-00,20,attention_resunet,0.05821215454488993
320x_2025-05-15_02-05-00,20,attention_resunet,0.048751317081041634
320x_2025-05-15_02-05-00,20,attention_resunet,0.5361353512853384
320x_2025-05-15_02-05-00,20,attention_resunet,1.762867160141468
320x_2025-05-15_02-05-00,20,attention_resunet,5.235159397125244
320x_2025-05-15_02-05-00,20,attention_resunet,18.98423731327057
320x_2025-05-15_02-05-00,20,attention_resunet,4.731879010796547
320x_2025-05-15_02-05-00,20,attention_resunet,0.054133840603753924
320x_2025-05-15_02-05-00,20,attention_resunet,0.10021260241046548
320x_2025-05-15_02-05-00,20,attention_resunet,0.06934554548934102
320x_2025-05-15_02-05-00,20,attention_resunet,0.06648506969213486
320x_2025-05-15_02-05-00,20,attention_resunet,0.0645077379886061
320x_2025-05-15_02-05-00,20,attention_resunet,0.08244647178798914
320x_2025-05-15_02-05-00,20,attention_resunet,0.1941924449056387
320x_2025-05-15_02-05-00,20,attention_resunet,0.08510296465829015
320x_2025-05-15_02-05-00,20,attention_resunet,0.05886727012693882
320x_2025-05-15_02-05-00,20,attention_resunet,0.05367688136175275
320x_2025-05-15_02-05-00,20,attention_resunet,0.05679776659235358
320x_2025-05-15_02-05-00,20,attention_resunet,0.04915789468213916
320x_2025-05-15_02-05-00,20,attention_resunet,0.15050496440380812
320x_2025-05-15_02-05-00,20,attention_resunet,7.73141086101532
320x_2025-05-15_02-05-00,20,attention_resunet,18.855535984039307
320x_2025-05-15_02-05-00,20,attention_resunet,3.981804847717285
320x_2025-05-15_02-05-00,20,attention_resunet,0.14437006320804358
320x_2025-05-15_02-05-00,20,attention_resunet,0.057804438984021544
320x_2025-05-15_02-05-00,20,attention_resunet,0.059018831234425306
320x_2025-05-15_02-05-00,20,attention_resunet,0.05911781336180866
320x_2025-05-15_02-05-00,20,attention_resunet,0.0639571575447917
320x_2025-05-15_02-05-00,20,attention_resunet,0.0635345175396651
320x_2025-05-15_02-05-00,20,attention_resunet,0.1647170865908265
320x_2025-05-15_02-05-00,20,attention_resunet,0.1190338283777237
320x_2025-05-15_02-05-00,20,attention_resunet,0.10112532181665301
320x_2025-05-15_02-05-00,20,attention_resunet,0.05505571607500315
320x_2025-05-15_02-05-00,20,attention_resunet,0.21699927747249603
320x_2025-05-15_02-05-00,20,attention_resunet,0.06515767890959978
320x_2025-05-15_02-05-00,20,attention_resunet,0.047512538731098175
320x_2025-05-15_02-05-00,20,attention_resunet,5.41837178170681
320x_2025-05-15_02-05-00,20,attention_resunet,15.155652165412903
320x_2025-05-15_02-05-00,20,attention_resunet,0.05956715904176235
320x_2025-05-15_02-05-00,20,attention_resunet,0.056983850663527846
320x_2025-05-15_02-05-00,20,attention_resunet,0.0570111267734319
320x_2025-05-15_02-05-00,20,attention_resunet,0.0572582648601383
320x_2025-05-15_02-05-00,20,attention_resunet,0.05944743752479553
320x_2025-05-15_02-05-00,20,attention_resunet,0.06639622733928263
320x_2025-05-15_02-05-00,20,attention_resunet,0.06259361398406327
320x_2025-05-15_02-05-00,20,attention_resunet,0.07368881488218904
320x_2025-05-15_02-05-00,20,attention_resunet,0.08693052805028856
320x_2025-05-15_02-05-00,20,attention_resunet,0.07511172443628311
320x_2025-05-15_02-05-00,20,attention_resunet,0.11353197041898966
320x_2025-05-15_02-05-00,20,attention_resunet,0.06055420381017029
320x_2025-05-15_02-05-00,20,attention_resunet,0.05451538017950952
320x_2025-05-15_02-05-00,20,attention_resunet,0.6948673631995916
320x_2025-05-15_02-05-00,20,attention_resunet,14.367440342903137
320x_2025-05-15_02-05-00,20,attention_resunet,0.05757691105827689
320x_2025-05-15_02-05-00,20,attention_resunet,0.05684085190296173
320x_2025-05-15_02-05-00,20,attention_resunet,0.05645279888994992
320x_2025-05-15_02-05-00,20,attention_resunet,0.05671291728504002
320x_2025-05-15_02-05-00,20,attention_resunet,0.0575594138354063
320x_2025-05-15_02-05-00,20,attention_resunet,0.060188345378264785
320x_2025-05-15_02-05-00,20,attention_resunet,0.05971852224320173
320x_2025-05-15_02-05-00,20,attention_resunet,0.061626924434676766
320x_2025-05-15_02-05-00,20,attention_resunet,0.06261732196435332
320x_2025-05-15_02-05-00,20,attention_resunet,0.08446180145256221
320x_2025-05-15_02-05-00,20,attention_resunet,0.07751360535621643
320x_2025-05-15_02-05-00,20,attention_resunet,0.0663819897454232
320x_2025-05-15_02-05-00,20,attention_resunet,0.0990803586319089
320x_2025-05-15_02-05-00,20,attention_resunet,0.05562996957451105
320x_2025-05-15_02-05-00,20,attention_resunet,17.11866408586502
320x_2025-05-15_02-05-00,20,attention_resunet,0.05692187696695328
320x_2025-05-15_02-05-00,20,attention_resunet,0.05636356072500348
320x_2025-05-15_02-05-00,20,attention_resunet,0.056223757565021515
320x_2025-05-15_02-05-00,20,attention_resunet,0.05666955257765949
320x_2025-05-15_02-05-00,20,attention_resunet,0.05698846071027219
320x_2025-05-15_02-05-00,20,attention_resunet,0.057661946630105376
320x_2025-05-15_02-05-00,20,attention_resunet,0.058249622816219926
320x_2025-05-15_02-05-00,20,attention_resunet,0.05925056175328791
320x_2025-05-15_02-05-00,20,attention_resunet,0.060213240794837475
320x_2025-05-15_02-05-00,20,attention_resunet,0.06375815137289464
320x_2025-05-15_02-05-00,20,attention_resunet,0.07397691952064633
320x_2025-05-15_02-05-00,20,attention_resunet,0.0944535422604531
320x_2025-05-15_02-05-00,20,attention_resunet,0.08316170424222946
320x_2025-05-15_02-05-00,20,attention_resunet,0.1643231837078929
320x_2025-05-15_02-05-00,20,attention_resunet,13.074521720409393
320x_2025-05-15_02-05-00,20,attention_resunet,0.05407400312833488
320x_2025-05-15_02-05-00,20,attention_resunet,0.05612894892692566
320x_2025-05-15_02-05-00,20,attention_resunet,0.055605522356927395
320x_2025-05-15_02-05-00,20,attention_resunet,0.05626380443572998
320x_2025-05-15_02-05-00,20,attention_resunet,0.056527816923335195
320x_2025-05-15_02-05-00,20,attention_resunet,0.05656937137246132
320x_2025-05-15_02-05-00,20,attention_resunet,0.057045428548008204
320x_2025-05-15_02-05-00,20,attention_resunet,0.05726099479943514
320x_2025-05-15_02-05-00,20,attention_resunet,0.05747422110289335
320x_2025-05-15_02-05-00,20,attention_resunet,0.0574515201151371
320x_2025-05-15_02-05-00,20,attention_resunet,0.0601294101215899
320x_2025-05-15_02-05-00,20,attention_resunet,0.0684720987919718
320x_2025-05-15_02-05-00,20,attention_resunet,0.09209021227434278
320x_2025-05-15_02-05-00,20,attention_resunet,0.17014960758388042
320x_2025-05-15_02-05-00,20,attention_resunet,9.104271233081818
320x_2025-05-15_02-05-00,20,attention_resunet,2.225964143872261
320x_2025-05-15_02-05-00,20,attention_resunet,0.05641636671498418
320x_2025-05-15_02-05-00,20,attention_resunet,0.05543669103644788
320x_2025-05-15_02-05-00,20,attention_resunet,0.055740075185894966
320x_2025-05-15_02-05-00,20,attention_resunet,0.05587749183177948
320x_2025-05-15_02-05-00,20,attention_resunet,0.05632977117784321
320x_2025-05-15_02-05-00,20,attention_resunet,0.05671943654306233
320x_2025-05-15_02-05-00,20,attention_resunet,0.056720327120274305
320x_2025-05-15_02-05-00,20,attention_resunet,0.05651703104376793
320x_2025-05-15_02-05-00,20,attention_resunet,0.05665714852511883
320x_2025-05-15_02-05-00,20,attention_resunet,0.05773764569312334
320x_2025-05-15_02-05-00,20,attention_resunet,0.061057129641994834
320x_2025-05-15_02-05-00,20,attention_resunet,0.06887477939017117
320x_2025-05-15_02-05-00,20,attention_resunet,0.10132411262020469
320x_2025-05-15_02-05-00,20,attention_resunet,7.430632412433624
320x_2025-05-15_02-05-00,20,clahe_otsu,30.30242919921875
320x_2025-05-15_02-05-00,20,clahe_otsu,19.17877197265625
320x_2025-05-15_02-05-00,20,clahe_otsu,17.29736328125
320x_2025-05-15_02-05-00,20,clahe_otsu,15.99884033203125
320x_2025-05-15_02-05-00,20,clahe_otsu,17.596435546875
320x_2025-05-15_02-05-00,20,clahe_otsu,14.95819091796875
320x_2025-05-15_02-05-00,20,clahe_otsu,17.83294677734375
320x_2025-05-15_02-05-00,20,clahe_otsu,14.43939208984375
320x_2025-05-15_02-05-00,20,clahe_otsu,15.24658203125
320x_2025-05-15_02-05-00,20,clahe_otsu,14.7369384765625
320x_2025-05-15_02-05-00,20,clahe_otsu,15.94390869140625
320x_2025-05-15_02-05-00,20,clahe_otsu,14.97955322265625
320x_2025-05-15_02-05-00,20,clahe_otsu,15.92254638671875
320x_2025-05-15_02-05-00,20,clahe_otsu,32.1502685546875
320x_2025-05-15_02-05-00,20,clahe_otsu,51.06964111328125
320x_2025-05-15_02-05-00,20,clahe_otsu,20.8251953125
320x_2025-05-15_02-05-00,20,clahe_otsu,18.646240234375
320x_2025-05-15_02-05-00,20,clahe_otsu,17.132568359375
320x_2025-05-15_02-05-00,20,clahe_otsu,16.56341552734375
320x_2025-05-15_02-05-00,20,clahe_otsu,16.34521484375
320x_2025-05-15_02-05-00,20,clahe_otsu,18.15338134765625
320x_2025-05-15_02-05-00,20,clahe_otsu,14.60418701171875
320x_2025-05-15_02-05-00,20,clahe_otsu,15.60821533203125
320x_2025-05-15_02-05-00,20,clahe_otsu,13.19122314453125
320x_2025-05-15_02-05-00,20,clahe_otsu,13.53759765625
320x_2025-05-15_02-05-00,20,clahe_otsu,13.36212158203125
320x_2025-05-15_02-05-00,20,clahe_otsu,14.27764892578125
320x_2025-05-15_02-05-00,20,clahe_otsu,16.7205810546875
320x_2025-05-15_02-05-00,20,clahe_otsu,17.7215576171875
320x_2025-05-15_02-05-00,20,clahe_otsu,47.75390625
320x_2025-05-15_02-05-00,20,clahe_otsu,21.32415771484375
320x_2025-05-15_02-05-00,20,clahe_otsu,16.88995361328125
320x_2025-05-15_02-05-00,20,clahe_otsu,18.121337890625
320x_2025-05-15_02-05-00,20,clahe_otsu,16.522216796875
320x_2025-05-15_02-05-00,20,clahe_otsu,16.90521240234375
320x_2025-05-15_02-05-00,20,clahe_otsu,15.4541015625
320x_2025-05-15_02-05-00,20,clahe_otsu,15.60211181640625
320x_2025-05-15_02-05-00,20,clahe_otsu,13.4857177734375
320x_2025-05-15_02-05-00,20,clahe_otsu,15.26336669921875
320x_2025-05-15_02-05-00,20,clahe_otsu,15.6585693359375
320x_2025-05-15_02-05-00,20,clahe_otsu,13.86260986328125
320x_2025-05-15_02-05-00,20,clahe_otsu,13.5986328125
320x_2025-05-15_02-05-00,20,clahe_otsu,14.56146240234375
320x_2025-05-15_02-05-00,20,clahe_otsu,16.143798828125
320x_2025-05-15_02-05-00,20,clahe_otsu,31.19659423828125
320x_2025-05-15_02-05-00,20,clahe_otsu,19.927978515625
320x_2025-05-15_02-05-00,20,clahe_otsu,14.6575927734375
320x_2025-05-15_02-05-00,20,clahe_otsu,16.81060791015625
320x_2025-05-15_02-05-00,20,clahe_otsu,14.82391357421875
320x_2025-05-15_02-05-00,20,clahe_otsu,15.78369140625
320x_2025-05-15_02-05-00,20,clahe_otsu,14.9444580078125
320x_2025-05-15_02-05-00,20,clahe_otsu,15.8050537109375
320x_2025-05-15_02-05-00,20,clahe_otsu,13.6749267578125
320x_2025-05-15_02-05-00,20,clahe_otsu,14.27764892578125
320x_2025-05-15_02-05-00,20,clahe_otsu,14.4256591796875
320x_2025-05-15_02-05-00,20,clahe_otsu,15.643310546875
320x_2025-05-15_02-05-00,20,clahe_otsu,13.95416259765625
320x_2025-05-15_02-05-00,20,clahe_otsu,14.37835693359375
320x_2025-05-15_02-05-00,20,clahe_otsu,14.64691162109375
320x_2025-05-15_02-05-00,20,clahe_otsu,20.42236328125
320x_2025-05-15_02-05-00,20,clahe_otsu,18.40057373046875
320x_2025-05-15_02-05-00,20,clahe_otsu,17.82989501953125
320x_2025-05-15_02-05-00,20,clahe_otsu,18.182373046875
320x_2025-05-15_02-05-00,20,clahe_otsu,14.63165283203125
320x_2025-05-15_02-05-00,20,clahe_otsu,15.185546875
320x_2025-05-15_02-05-00,20,clahe_otsu,14.630126953125
320x_2025-05-15_02-05-00,20,clahe_otsu,14.8101806640625
320x_2025-05-15_02-05-00,20,clahe_otsu,13.54217529296875
320x_2025-05-15_02-05-00,20,clahe_otsu,14.55230712890625
320x_2025-05-15_02-05-00,20,clahe_otsu,14.9993896484375
320x_2025-05-15_02-05-00,20,clahe_otsu,12.4267578125
320x_2025-05-15_02-05-00,20,clahe_otsu,14.2669677734375
320x_2025-05-15_02-05-00,20,clahe_otsu,13.82904052734375
320x_2025-05-15_02-05-00,20,clahe_otsu,15.07110595703125
320x_2025-05-15_02-05-00,20,clahe_otsu,19.6258544921875
320x_2025-05-15_02-05-00,20,clahe_otsu,20.79315185546875
320x_2025-05-15_02-05-00,20,clahe_otsu,15.5517578125
320x_2025-05-15_02-05-00,20,clahe_otsu,15.9332275390625
320x_2025-05-15_02-05-00,20,clahe_otsu,14.59808349609375
320x_2025-05-15_02-05-00,20,clahe_otsu,15.8355712890625
320x_2025-05-15_02-05-00,20,clahe_otsu,15.30303955078125
320x_2025-05-15_02-05-00,20,clahe_otsu,15.9088134765625
320x_2025-05-15_02-05-00,20,clahe_otsu,13.9495849609375
320x_2025-05-15_02-05-00,20,clahe_otsu,13.5498046875
320x_2025-05-15_02-05-00,20,clahe_otsu,14.21966552734375
320x_2025-05-15_02-05-00,20,clahe_otsu,12.548828125
320x_2025-05-15_02-05-00,20,clahe_otsu,13.96331787109375
320x_2025-05-15_02-05-00,20,clahe_otsu,16.39862060546875
320x_2025-05-15_02-05-00,20,clahe_otsu,15.25421142578125
320x_2025-05-15_02-05-00,20,clahe_otsu,19.91424560546875
320x_2025-05-15_02-05-00,20,clahe_otsu,22.84698486328125
320x_2025-05-15_02-05-00,20,clahe_otsu,19.19403076171875
320x_2025-05-15_02-05-00,20,clahe_otsu,17.413330078125
320x_2025-05-15_02-05-00,20,clahe_otsu,16.52069091796875
320x_2025-05-15_02-05-00,20,clahe_otsu,16.595458984375
320x_2025-05-15_02-05-00,20,clahe_otsu,15.66619873046875
320x_2025-05-15_02-05-00,20,clahe_otsu,14.4866943359375
320x_2025-05-15_02-05-00,20,clahe_otsu,14.34326171875
320x_2025-05-15_02-05-00,20,clahe_otsu,15.52276611328125
320x_2025-05-15_02-05-00,20,clahe_otsu,16.1041259765625
320x_2025-05-15_02-05-00,20,clahe_otsu,13.616943359375
320x_2025-05-15_02-05-00,20,clahe_otsu,13.909912109375
320x_2025-05-15_02-05-00,20,clahe_otsu,16.74957275390625
320x_2025-05-15_02-05-00,20,clahe_otsu,16.43524169921875
320x_2025-05-15_02-05-00,20,clahe_otsu,16.36199951171875
320x_2025-05-15_02-05-00,20,clahe_otsu,29.71954345703125
320x_2025-05-15_02-05-00,20,clahe_otsu,19.02618408203125
320x_2025-05-15_02-05-00,20,clahe_otsu,17.999267578125
320x_2025-05-15_02-05-00,20,clahe_otsu,16.79229736328125
320x_2025-05-15_02-05-00,20,clahe_otsu,17.46368408203125
320x_2025-05-15_02-05-00,20,clahe_otsu,16.40167236328125
320x_2025-05-15_02-05-00,20,clahe_otsu,15.80657958984375
320x_2025-05-15_02-05-00,20,clahe_otsu,15.96221923828125
320x_2025-05-15_02-05-00,20,clahe_otsu,16.058349609375
320x_2025-05-15_02-05-00,20,clahe_otsu,17.5048828125
320x_2025-05-15_02-05-00,20,clahe_otsu,15.704345703125
320x_2025-05-15_02-05-00,20,clahe_otsu,16.41845703125
320x_2025-05-15_02-05-00,20,clahe_otsu,17.0013427734375
320x_2025-05-15_02-05-00,20,clahe_otsu,17.3583984375
320x_2025-05-15_02-05-00,20,clahe_otsu,20.95794677734375
5120x_2025-05-16_00-59-00_002,20,unet,0.2729824045673013
5120x_2025-05-16_00-59-00_002,20,unet,0.3582272445783019
5120x_2025-05-16_00-59-00_002,20,unet,0.44382186606526375
5120x_2025-05-16_00-59-00_002,20,unet,1.7182858660817146
5120x_2025-05-16_00-59-00_002,20,unet,76.68455243110657
5120x_2025-05-16_00-59-00_002,20,unet,98.63210320472717
5120x_2025-05-16_00-59-00_002,20,unet,99.22634363174438
5120x_2025-05-16_00-59-00_002,20,unet,99.05829429626465
5120x_2025-05-16_00-59-00_002,20,unet,99.20709729194641
5120x_2025-05-16_00-59-00_002,20,unet,99.46469068527222
5120x_2025-05-16_00-59-00_002,20,unet,98.74159693717957
5120x_2025-05-16_00-59-00_002,20,unet,97.65841364860535
5120x_2025-05-16_00-59-00_002,20,unet,88.76609206199646
5120x_2025-05-16_00-59-00_002,20,unet,21.112050116062164
5120x_2025-05-16_00-59-00_002,20,unet,0.24955971166491508
5120x_2025-05-16_00-59-00_002,20,unet,0.2579262712970376
5120x_2025-05-16_00-59-00_002,20,unet,0.2725395141169429
5120x_2025-05-16_00-59-00_002,20,unet,0.3300983924418688
5120x_2025-05-16_00-59-00_002,20,unet,0.48991609364748
5120x_2025-05-16_00-59-00_002,20,unet,9.048914909362793
5120x_2025-05-16_00-59-00_002,20,unet,76.79425477981567
5120x_2025-05-16_00-59-00_002,20,unet,98.70409369468689
5120x_2025-05-16_00-59-00_002,20,unet,99.2393970489502
5120x_2025-05-16_00-59-00_002,20,unet,99.80709552764893
5120x_2025-05-16_00-59-00_002,20,unet,99.25114512443542
5120x_2025-05-16_00-59-00_002,20,unet,99.03331398963928
5120x_2025-05-16_00-59-00_002,20,unet,99.42077994346619
5120x_2025-05-16_00-59-00_002,20,unet,96.75357341766357
5120x_2025-05-16_00-59-00_002,20,unet,92.93055534362793
5120x_2025-05-16_00-59-00_002,20,unet,9.593569487333298
5120x_2025-05-16_00-59-00_002,20,unet,0.26784290093928576
5120x_2025-05-16_00-59-00_002,20,unet,0.2611831994727254
5120x_2025-05-16_00-59-00_002,20,unet,0.29489840380847454
5120x_2025-05-16_00-59-00_002,20,unet,0.5448202602565289
5120x_2025-05-16_00-59-00_002,20,unet,0.7860150188207626
5120x_2025-05-16_00-59-00_002,20,unet,5.30591756105423
5120x_2025-05-16_00-59-00_002,20,unet,88.85397911071777
5120x_2025-05-16_00-59-00_002,20,unet,98.15384149551392
5120x_2025-05-16_00-59-00_002,20,unet,99.2322564125061
5120x_2025-05-16_00-59-00_002,20,unet,99.26638007164001
5120x_2025-05-16_00-59-00_002,20,unet,99.2241621017456
5120x_2025-05-16_00-59-00_002,20,unet,99.78746175765991
5120x_2025-05-16_00-59-00_002,20,unet,99.63389039039612
5120x_2025-05-16_00-59-00_002,20,unet,97.62834310531616
5120x_2025-05-16_00-59-00_002,20,unet,52.34856605529785
5120x_2025-05-16_00-59-00_002,20,unet,0.27005786541849375
5120x_2025-05-16_00-59-00_002,20,unet,0.2663032617419958
5120x_2025-05-16_00-59-00_002,20,unet,0.26051716413348913
5120x_2025-05-16_00-59-00_002,20,unet,0.35190500784665346
5120x_2025-05-16_00-59-00_002,20,unet,0.4672026261687279
5120x_2025-05-16_00-59-00_002,20,unet,0.9068256244063377
5120x_2025-05-16_00-59-00_002,20,unet,10.356584936380386
5120x_2025-05-16_00-59-00_002,20,unet,92.11691617965698
5120x_2025-05-16_00-59-00_002,20,unet,98.8821268081665
5120x_2025-05-16_00-59-00_002,20,unet,98.27739000320435
5120x_2025-05-16_00-59-00_002,20,unet,97.76604175567627
5120x_2025-05-16_00-59-00_002,20,unet,99.52971935272217
5120x_2025-05-16_00-59-00_002,20,unet,99.74343776702881
5120x_2025-05-16_00-59-00_002,20,unet,99.60554838180542
5120x_2025-05-16_00-59-00_002,20,unet,86.97850704193115
5120x_2025-05-16_00-59-00_002,20,unet,0.2718593692407012
5120x_2025-05-16_00-59-00_002,20,unet,0.27020368725061417
5120x_2025-05-16_00-59-00_002,20,unet,0.2682334743440151
5120x_2025-05-16_00-59-00_002,20,unet,0.26890882290899754
5120x_2025-05-16_00-59-00_002,20,unet,0.36336900666356087
5120x_2025-05-16_00-59-00_002,20,unet,0.3557775169610977
5120x_2025-05-16_00-59-00_002,20,unet,0.7284282706677914
5120x_2025-05-16_00-59-00_002,20,unet,34.501904249191284
5120x_2025-05-16_00-59-00_002,20,unet,97.54746556282043
5120x_2025-05-16_00-59-00_002,20,unet,98.96317720413208
5120x_2025-05-16_00-59-00_002,20,unet,99.22664761543274
5120x_2025-05-16_00-59-00_002,20,unet,98.10170531272888
5120x_2025-05-16_00-59-00_002,20,unet,99.22385811805725
5120x_2025-05-16_00-59-00_002,20,unet,99.90042448043823
5120x_2025-05-16_00-59-00_002,20,unet,98.33334684371948
5120x_2025-05-16_00-59-00_002,20,unet,0.27489340864121914
5120x_2025-05-16_00-59-00_002,20,unet,0.2729262923821807
5120x_2025-05-16_00-59-00_002,20,unet,0.27163284830749035
5120x_2025-05-16_00-59-00_002,20,unet,0.2683582715690136
5120x_2025-05-16_00-59-00_002,20,unet,0.26259717997163534
5120x_2025-05-16_00-59-00_002,20,unet,0.35208689514547586
5120x_2025-05-16_00-59-00_002,20,unet,0.4991392605006695
5120x_2025-05-16_00-59-00_002,20,unet,0.7466721814125776
5120x_2025-05-16_00-59-00_002,20,unet,41.34177565574646
5120x_2025-05-16_00-59-00_002,20,unet,94.05122995376587
5120x_2025-05-16_00-59-00_002,20,unet,95.47643065452576
5120x_2025-05-16_00-59-00_002,20,unet,98.50281476974487
5120x_2025-05-16_00-59-00_002,20,unet,99.24673438072205
5120x_2025-05-16_00-59-00_002,20,unet,99.19294118881226
5120x_2025-05-16_00-59-00_002,20,unet,97.29884266853333
5120x_2025-05-16_00-59-00_002,20,unet,0.2778956666588783
5120x_2025-05-16_00-59-00_002,20,unet,0.27675419114530087
5120x_2025-05-16_00-59-00_002,20,unet,0.2738292794674635
5120x_2025-05-16_00-59-00_002,20,unet,0.2715431619435549
5120x_2025-05-16_00-59-00_002,20,unet,0.26787735987454653
5120x_2025-05-16_00-59-00_002,20,unet,0.27077433187514544
5120x_2025-05-16_00-59-00_002,20,unet,0.4951986949890852
5120x_2025-05-16_00-59-00_002,20,unet,0.6555041763931513
5120x_2025-05-16_00-59-00_002,20,unet,0.3823216771706939
5120x_2025-05-16_00-59-00_002,20,unet,1.3652358204126358
5120x_2025-05-16_00-59-00_002,20,unet,47.02407121658325
5120x_2025-05-16_00-59-00_002,20,unet,91.45964980125427
5120x_2025-05-16_00-59-00_002,20,unet,98.63479733467102
5120x_2025-05-16_00-59-00_002,20,unet,98.96687865257263
5120x_2025-05-16_00-59-00_002,20,unet,98.39417338371277
5120x_2025-05-16_00-59-00_002,20,unet,0.2779624192044139
5120x_2025-05-16_00-59-00_002,20,unet,0.278205843642354
5120x_2025-05-16_00-59-00_002,20,unet,0.27708131819963455
5120x_2025-05-16_00-59-00_002,20,unet,0.27427850291132927
5120x_2025-05-16_00-59-00_002,20,unet,0.2716084476560354
5120x_2025-05-16_00-59-00_002,20,unet,0.26717919390648603
5120x_2025-05-16_00-59-00_002,20,unet,0.2643358428031206
5120x_2025-05-16_00-59-00_002,20,unet,0.3409523982554674
5120x_2025-05-16_00-59-00_002,20,unet,0.5116659216582775
5120x_2025-05-16_00-59-00_002,20,unet,0.5991180427372456
5120x_2025-05-16_00-59-00_002,20,unet,0.35412164870649576
5120x_2025-05-16_00-59-00_002,20,unet,4.685832187533379
5120x_2025-05-16_00-59-00_002,20,unet,66.76920652389526
5120x_2025-05-16_00-59-00_002,20,unet,97.30032086372375
5120x_2025-05-16_00-59-00_002,20,unet,96.93228006362915
5120x_2025-05-16_00-59-00_002,20,resunet,0.13945698738098145
5120x_2025-05-16_00-59-00_002,20,resunet,0.1869594561867416
5120x_2025-05-16_00-59-00_002,20,resunet,0.07353444816544652
5120x_2025-05-16_00-59-00_002,20,resunet,0.3960005473345518
5120x_2025-05-16_00-59-00_002,20,resunet,33.631494641304016
5120x_2025-05-16_00-59-00_002,20,resunet,89.57725167274475
5120x_2025-05-16_00-59-00_002,20,resunet,99.17472004890442
5120x_2025-05-16_00-59-00_002,20,resunet,99.35464859008789
5120x_2025-05-16_00-59-00_002,20,resunet,99.72178936004639
5120x_2025-05-16_00-59-00_002,20,resunet,99.82924461364746
5120x_2025-05-16_00-59-00_002,20,resunet,99.85210299491882
5120x_2025-05-16_00-59-00_002,20,resunet,99.45857524871826
5120x_2025-05-16_00-59-00_002,20,resunet,85.91504096984863
5120x_2025-05-16_00-59-00_002,20,resunet,13.648903369903564
5120x_2025-05-16_00-59-00_002,20,resunet,0.03275512135587633
5120x_2025-05-16_00-59-00_002,20,resunet,0.38764846976846457
5120x_2025-05-16_00-59-00_002,20,resunet,0.3482841420918703
5120x_2025-05-16_00-59-00_002,20,resunet,0.15474420506507158
5120x_2025-05-16_00-59-00_002,20,resunet,0.07506527472287416
5120x_2025-05-16_00-59-00_002,20,resunet,0.8382591418921947
5120x_2025-05-16_00-59-00_002,20,resunet,31.6334068775177
5120x_2025-05-16_00-59-00_002,20,resunet,93.35368871688843
5120x_2025-05-16_00-59-00_002,20,resunet,98.41247200965881
5120x_2025-05-16_00-59-00_002,20,resunet,99.72651600837708
5120x_2025-05-16_00-59-00_002,20,resunet,99.50869083404541
5120x_2025-05-16_00-59-00_002,20,resunet,99.728924036026
5120x_2025-05-16_00-59-00_002,20,resunet,99.91591572761536
5120x_2025-05-16_00-59-00_002,20,resunet,99.21250939369202
5120x_2025-05-16_00-59-00_002,20,resunet,95.75340151786804
5120x_2025-05-16_00-59-00_002,20,resunet,7.056109607219696
5120x_2025-05-16_00-59-00_002,20,resunet,0.533306272700429
5120x_2025-05-16_00-59-00_002,20,resunet,0.5945570766925812
5120x_2025-05-16_00-59-00_002,20,resunet,0.3074156120419502
5120x_2025-05-16_00-59-00_002,20,resunet,0.2097897231578827
5120x_2025-05-16_00-59-00_002,20,resunet,0.06809214246459305
5120x_2025-05-16_00-59-00_002,20,resunet,0.4319828934967518
5120x_2025-05-16_00-59-00_002,20,resunet,35.699912905693054
5120x_2025-05-16_00-59-00_002,20,resunet,93.29942464828491
5120x_2025-05-16_00-59-00_002,20,resunet,98.5536277294159
5120x_2025-05-16_00-59-00_002,20,resunet,99.57647919654846
5120x_2025-05-16_00-59-00_002,20,resunet,99.11563396453857
5120x_2025-05-16_00-59-00_002,20,resunet,99.93394613265991
5120x_2025-05-16_00-59-00_002,20,resunet,99.97617602348328
5120x_2025-05-16_00-59-00_002,20,resunet,99.09008741378784
5120x_2025-05-16_00-59-00_002,20,resunet,47.756755352020264
5120x_2025-05-16_00-59-00_002,20,resunet,0.28872338589280844
5120x_2025-05-16_00-59-00_002,20,resunet,0.7478294428437948
5120x_2025-05-16_00-59-00_002,20,resunet,0.7661435287445784
5120x_2025-05-16_00-59-00_002,20,resunet,0.4442156292498112
5120x_2025-05-16_00-59-00_002,20,resunet,0.1428905175998807
5120x_2025-05-16_00-59-00_002,20,resunet,0.06584491347894073
5120x_2025-05-16_00-59-00_002,20,resunet,1.430900115519762
5120x_2025-05-16_00-59-00_002,20,resunet,56.12199306488037
5120x_2025-05-16_00-59-00_002,20,resunet,94.5976197719574
5120x_2025-05-16_00-59-00_002,20,resunet,97.19163775444031
5120x_2025-05-16_00-59-00_002,20,resunet,98.92635345458984
5120x_2025-05-16_00-59-00_002,20,resunet,99.75908994674683
5120x_2025-05-16_00-59-00_002,20,resunet,99.93853569030762
5120x_2025-05-16_00-59-00_002,20,resunet,99.97544884681702
5120x_2025-05-16_00-59-00_002,20,resunet,86.53404116630554
5120x_2025-05-16_00-59-00_002,20,resunet,0.1539311488159001
5120x_2025-05-16_00-59-00_002,20,resunet,0.35115117207169533
5120x_2025-05-16_00-59-00_002,20,resunet,0.7237309589982033
5120x_2025-05-16_00-59-00_002,20,resunet,0.7102715782821178
5120x_2025-05-16_00-59-00_002,20,resunet,0.3662350121885538
5120x_2025-05-16_00-59-00_002,20,resunet,0.07682499708607793
5120x_2025-05-16_00-59-00_002,20,resunet,0.058851257199421525
5120x_2025-05-16_00-59-00_002,20,resunet,8.156079798936844
5120x_2025-05-16_00-59-00_002,20,resunet,73.72681498527527
5120x_2025-05-16_00-59-00_002,20,resunet,94.99541521072388
5120x_2025-05-16_00-59-00_002,20,resunet,97.18325138092041
5120x_2025-05-16_00-59-00_002,20,resunet,97.85891771316528
5120x_2025-05-16_00-59-00_002,20,resunet,99.68624711036682
5120x_2025-05-16_00-59-00_002,20,resunet,99.97972846031189
5120x_2025-05-16_00-59-00_002,20,resunet,99.6808648109436
5120x_2025-05-16_00-59-00_002,20,resunet,0.05330029525794089
5120x_2025-05-16_00-59-00_002,20,resunet,0.07448371034115553
5120x_2025-05-16_00-59-00_002,20,resunet,0.20860687363892794
5120x_2025-05-16_00-59-00_002,20,resunet,0.7770654279738665
5120x_2025-05-16_00-59-00_002,20,resunet,0.7356793619692326
5120x_2025-05-16_00-59-00_002,20,resunet,0.3013485576957464
5120x_2025-05-16_00-59-00_002,20,resunet,0.08368733688257635
5120x_2025-05-16_00-59-00_002,20,resunet,0.05731026758439839
5120x_2025-05-16_00-59-00_002,20,resunet,7.996134459972382
5120x_2025-05-16_00-59-00_002,20,resunet,44.77302432060242
5120x_2025-05-16_00-59-00_002,20,resunet,79.97721433639526
5120x_2025-05-16_00-59-00_002,20,resunet,95.5792486667633
5120x_2025-05-16_00-59-00_002,20,resunet,97.62085676193237
5120x_2025-05-16_00-59-00_002,20,resunet,99.34585094451904
5120x_2025-05-16_00-59-00_002,20,resunet,98.31370115280151
5120x_2025-05-16_00-59-00_002,20,resunet,0.04355544224381447
5120x_2025-05-16_00-59-00_002,20,resunet,0.046539565664716065
5120x_2025-05-16_00-59-00_002,20,resunet,0.058539031306281686
5120x_2025-05-16_00-59-00_002,20,resunet,0.23725859355181456
5120x_2025-05-16_00-59-00_002,20,resunet,0.8315923623740673
5120x_2025-05-16_00-59-00_002,20,resunet,0.6538200192153454
5120x_2025-05-16_00-59-00_002,20,resunet,0.3213349264115095
5120x_2025-05-16_00-59-00_002,20,resunet,0.11459595989435911
5120x_2025-05-16_00-59-00_002,20,resunet,0.056606094585731626
5120x_2025-05-16_00-59-00_002,20,resunet,0.06151803536340594
5120x_2025-05-16_00-59-00_002,20,resunet,8.083526045084
5120x_2025-05-16_00-59-00_002,20,resunet,59.291261434555054
5120x_2025-05-16_00-59-00_002,20,resunet,87.79842257499695
5120x_2025-05-16_00-59-00_002,20,resunet,97.1190333366394
5120x_2025-05-16_00-59-00_002,20,resunet,99.08541440963745
5120x_2025-05-16_00-59-00_002,20,resunet,0.04171201144345105
5120x_2025-05-16_00-59-00_002,20,resunet,0.042621183092705905
5120x_2025-05-16_00-59-00_002,20,resunet,0.046111023402772844
5120x_2025-05-16_00-59-00_002,20,resunet,0.06036668783053756
5120x_2025-05-16_00-59-00_002,20,resunet,0.24203092325478792
5120x_2025-05-16_00-59-00_002,20,resunet,0.7407892495393753
5120x_2025-05-16_00-59-00_002,20,resunet,0.3500077873468399
5120x_2025-05-16_00-59-00_002,20,resunet,0.17814422026276588
5120x_2025-05-16_00-59-00_002,20,resunet,0.07715658284723759
5120x_2025-05-16_00-59-00_002,20,resunet,0.05927286692894995
5120x_2025-05-16_00-59-00_002,20,resunet,0.05491935880854726
5120x_2025-05-16_00-59-00_002,20,resunet,0.5135862622410059
5120x_2025-05-16_00-59-00_002,20,resunet,17.82360076904297
5120x_2025-05-16_00-59-00_002,20,resunet,79.1006326675415
5120x_2025-05-16_00-59-00_002,20,resunet,98.48920106887817
5120x_2025-05-16_00-59-00_002,20,attention_resunet,0.07666230667382479
5120x_2025-05-16_00-59-00_002,20,attention_resunet,0.06358691025525331
5120x_2025-05-16_00-59-00_002,20,attention_resunet,0.054154719691723585
5120x_2025-05-16_00-59-00_002,20,attention_resunet,0.04933839663863182
5120x_2025-05-16_00-59-00_002,20,attention_resunet,5.110586434602737
5120x_2025-05-16_00-59-00_002,20,attention_resunet,41.61387085914612
5120x_2025-05-16_00-59-00_002,20,attention_resunet,86.69222593307495
5120x_2025-05-16_00-59-00_002,20,attention_resunet,94.54089403152466
5120x_2025-05-16_00-59-00_002,20,attention_resunet,96.54943943023682
5120x_2025-05-16_00-59-00_002,20,attention_resunet,92.83604025840759
5120x_2025-05-16_00-59-00_002,20,attention_resunet,97.2996711730957
5120x_2025-05-16_00-59-00_002,20,attention_resunet,64.04002904891968
5120x_2025-05-16_00-59-00_002,20,attention_resunet,17.12300032377243
5120x_2025-05-16_00-59-00_002,20,attention_resunet,0.8111860603094101
5120x_2025-05-16_00-59-00_002,20,attention_resunet,0.05381852970458567
5120x_2025-05-16_00-59-00_002,20,attention_resunet,0.08919918909668922
5120x_2025-05-16_00-59-00_002,20,attention_resunet,0.08679156308062375
5120x_2025-05-16_00-59-00_002,20,attention_resunet,0.06056074635125697
5120x_2025-05-16_00-59-00_002,20,attention_resunet,0.05401132511906326
5120x_2025-05-16_00-59-00_002,20,attention_resunet,0.06028790376149118
5120x_2025-05-16_00-59-00_002,20,attention_resunet,6.548973917961121
5120x_2025-05-16_00-59-00_002,20,attention_resunet,43.24846267700195
5120x_2025-05-16_00-59-00_002,20,attention_resunet,92.15608239173889
5120x_2025-05-16_00-59-00_002,20,attention_resunet,93.92259120941162
5120x_2025-05-16_00-59-00_002,20,attention_resunet,98.94440174102783
5120x_2025-05-16_00-59-00_002,20,attention_resunet,98.85586500167847
5120x_2025-05-16_00-59-00_002,20,attention_resunet,96.61624431610107
5120x_2025-05-16_00-59-00_002,20,attention_resunet,71.28321528434753
5120x_2025-05-16_00-59-00_002,20,attention_resunet,25.09745955467224
5120x_2025-05-16_00-59-00_002,20,attention_resunet,2.4334097281098366
5120x_2025-05-16_00-59-00_002,20,attention_resunet,0.0682052515912801
5120x_2025-05-16_00-59-00_002,20,attention_resunet,0.08522593416273594
5120x_2025-05-16_00-59-00_002,20,attention_resunet,0.08358643390238285
5120x_2025-05-16_00-59-00_002,20,attention_resunet,0.06254290929064155
5120x_2025-05-16_00-59-00_002,20,attention_resunet,0.053833844140172005
5120x_2025-05-16_00-59-00_002,20,attention_resunet,0.25676582008600235
5120x_2025-05-16_00-59-00_002,20,attention_resunet,6.020434573292732
5120x_2025-05-16_00-59-00_002,20,attention_resunet,57.62094259262085
5120x_2025-05-16_00-59-00_002,20,attention_resunet,90.69681167602539
5120x_2025-05-16_00-59-00_002,20,attention_resunet,92.68442988395691
5120x_2025-05-16_00-59-00_002,20,attention_resunet,93.45141053199768
5120x_2025-05-16_00-59-00_002,20,attention_resunet,98.98017644882202
5120x_2025-05-16_00-59-00_002,20,attention_resunet,98.54270815849304
5120x_2025-05-16_00-59-00_002,20,attention_resunet,84.91307497024536
5120x_2025-05-16_00-59-00_002,20,attention_resunet,20.61658501625061
5120x_2025-05-16_00-59-00_002,20,attention_resunet,0.06358576938509941
5120x_2025-05-16_00-59-00_002,20,attention_resunet,0.0717855291441083
5120x_2025-05-16_00-59-00_002,20,attention_resunet,0.0895711244083941
5120x_2025-05-16_00-59-00_002,20,attention_resunet,0.09491927339695394
5120x_2025-05-16_00-59-00_002,20,attention_resunet,0.05625179037451744
5120x_2025-05-16_00-59-00_002,20,attention_resunet,0.05324981757439673
5120x_2025-05-16_00-59-00_002,20,attention_resunet,0.5038139410316944
5120x_2025-05-16_00-59-00_002,20,attention_resunet,15.77170193195343
5120x_2025-05-16_00-59-00_002,20,attention_resunet,48.104798793792725
5120x_2025-05-16_00-59-00_002,20,attention_resunet,86.9440495967865
5120x_2025-05-16_00-59-00_002,20,attention_resunet,94.09016370773315
5120x_2025-05-16_00-59-00_002,20,attention_resunet,95.49610614776611
5120x_2025-05-16_00-59-00_002,20,attention_resunet,95.46865224838257
5120x_2025-05-16_00-59-00_002,20,attention_resunet,99.44316744804382
5120x_2025-05-16_00-59-00_002,20,attention_resunet,53.47188711166382
5120x_2025-05-16_00-59-00_002,20,attention_resunet,0.0589812989346683
5120x_2025-05-16_00-59-00_002,20,attention_resunet,0.062083936063572764
5120x_2025-05-16_00-59-00_002,20,attention_resunet,0.06810183986090124
5120x_2025-05-16_00-59-00_002,20,attention_resunet,0.081150874029845
5120x_2025-05-16_00-59-00_002,20,attention_resunet,0.10856541339308023
5120x_2025-05-16_00-59-00_002,20,attention_resunet,0.05499140825122595
5120x_2025-05-16_00-59-00_002,20,attention_resunet,0.0528255186509341
5120x_2025-05-16_00-59-00_002,20,attention_resunet,2.0345713943243027
5120x_2025-05-16_00-59-00_002,20,attention_resunet,21.99690341949463
5120x_2025-05-16_00-59-00_002,20,attention_resunet,56.855374574661255
5120x_2025-05-16_00-59-00_002,20,attention_resunet,84.26249623298645
5120x_2025-05-16_00-59-00_002,20,attention_resunet,94.14612650871277
5120x_2025-05-16_00-59-00_002,20,attention_resunet,95.60176730155945
5120x_2025-05-16_00-59-00_002,20,attention_resunet,97.69378304481506
5120x_2025-05-16_00-59-00_002,20,attention_resunet,81.66176080703735
5120x_2025-05-16_00-59-00_002,20,attention_resunet,0.056984974071383476
5120x_2025-05-16_00-59-00_002,20,attention_resunet,0.05759292980656028
5120x_2025-05-16_00-59-00_002,20,attention_resunet,0.059698137920349836
5120x_2025-05-16_00-59-00_002,20,attention_resunet,0.06887680501677096
5120x_2025-05-16_00-59-00_002,20,attention_resunet,0.08632125100120902
5120x_2025-05-16_00-59-00_002,20,attention_resunet,0.07080116774886847
5120x_2025-05-16_00-59-00_002,20,attention_resunet,0.054109556367620826
5120x_2025-05-16_00-59-00_002,20,attention_resunet,0.051314441952854395
5120x_2025-05-16_00-59-00_002,20,attention_resunet,1.5407473780214787
5120x_2025-05-16_00-59-00_002,20,attention_resunet,12.63674795627594
5120x_2025-05-16_00-59-00_002,20,attention_resunet,13.68437260389328
5120x_2025-05-16_00-59-00_002,20,attention_resunet,69.80404257774353
5120x_2025-05-16_00-59-00_002,20,attention_resunet,83.07828903198242
5120x_2025-05-16_00-59-00_002,20,attention_resunet,99.08055067062378
5120x_2025-05-16_00-59-00_002,20,attention_resunet,89.6487832069397
5120x_2025-05-16_00-59-00_002,20,attention_resunet,0.05629418883472681
5120x_2025-05-16_00-59-00_002,20,attention_resunet,0.05681550828740001
5120x_2025-05-16_00-59-00_002,20,attention_resunet,0.057162041775882244
5120x_2025-05-16_00-59-00_002,20,attention_resunet,0.06038693245500326
5120x_2025-05-16_00-59-00_002,20,attention_resunet,0.06881061126478016
5120x_2025-05-16_00-59-00_002,20,attention_resunet,0.08702242048457265
5120x_2025-05-16_00-59-00_002,20,attention_resunet,0.06733121117576957
5120x_2025-05-16_00-59-00_002,20,attention_resunet,0.0556791084818542
5120x_2025-05-16_00-59-00_002,20,attention_resunet,0.052359915571287274
5120x_2025-05-16_00-59-00_002,20,attention_resunet,0.04946910194121301
5120x_2025-05-16_00-59-00_002,20,attention_resunet,1.9654776901006699
5120x_2025-05-16_00-59-00_002,20,attention_resunet,9.382680058479309
5120x_2025-05-16_00-59-00_002,20,attention_resunet,21.782603859901428
5120x_2025-05-16_00-59-00_002,20,attention_resunet,84.58514213562012
5120x_2025-05-16_00-59-00_002,20,attention_resunet,93.57556104660034
5120x_2025-05-16_00-59-00_002,20,attention_resunet,0.05570286884903908
5120x_2025-05-16_00-59-00_002,20,attention_resunet,0.05593077512457967
5120x_2025-05-16_00-59-00_002,20,attention_resunet,0.05666912184096873
5120x_2025-05-16_00-59-00_002,20,attention_resunet,0.05731250857934356
5120x_2025-05-16_00-59-00_002,20,attention_resunet,0.06050721276551485
5120x_2025-05-16_00-59-00_002,20,attention_resunet,0.071055005537346
5120x_2025-05-16_00-59-00_002,20,attention_resunet,0.0850497221108526
5120x_2025-05-16_00-59-00_002,20,attention_resunet,0.06466865888796747
5120x_2025-05-16_00-59-00_002,20,attention_resunet,0.054915668442845345
5120x_2025-05-16_00-59-00_002,20,attention_resunet,0.05361642688512802
5120x_2025-05-16_00-59-00_002,20,attention_resunet,0.05126718897372484
5120x_2025-05-16_00-59-00_002,20,attention_resunet,0.052754569333046675
5120x_2025-05-16_00-59-00_002,20,attention_resunet,2.5912512093782425
5120x_2025-05-16_00-59-00_002,20,attention_resunet,23.256444931030273
5120x_2025-05-16_00-59-00_002,20,attention_resunet,80.40930032730103
5120x_2025-05-16_00-59-00_002,20,clahe_otsu,27.9998779296875
5120x_2025-05-16_00-59-00_002,20,clahe_otsu,29.1595458984375
5120x_2025-05-16_00-59-00_002,20,clahe_otsu,39.31884765625
5120x_2025-05-16_00-59-00_002,20,clahe_otsu,31.66961669921875
5120x_2025-05-16_00-59-00_002,20,clahe_otsu,45.49407958984375
5120x_2025-05-16_00-59-00_002,20,clahe_otsu,34.65728759765625
5120x_2025-05-16_00-59-00_002,20,clahe_otsu,32.073974609375
5120x_2025-05-16_00-59-00_002,20,clahe_otsu,1.7120361328125
5120x_2025-05-16_00-59-00_002,20,clahe_otsu,29.54559326171875
5120x_2025-05-16_00-59-00_002,20,clahe_otsu,35.87646484375
5120x_2025-05-16_00-59-00_002,20,clahe_otsu,45.9747314453125
5120x_2025-05-16_00-59-00_002,20,clahe_otsu,48.7579345703125
5120x_2025-05-16_00-59-00_002,20,clahe_otsu,44.256591796875
5120x_2025-05-16_00-59-00_002,20,clahe_otsu,40.97442626953125
5120x_2025-05-16_00-59-00_002,20,clahe_otsu,46.21124267578125
5120x_2025-05-16_00-59-00_002,20,clahe_otsu,3.3416748046875
5120x_2025-05-16_00-59-00_002,20,clahe_otsu,1.75323486328125
5120x_2025-05-16_00-59-00_002,20,clahe_otsu,1.8402099609375
5120x_2025-05-16_00-59-00_002,20,clahe_otsu,31.43157958984375
5120x_2025-05-16_00-59-00_002,20,clahe_otsu,45.867919921875
5120x_2025-05-16_00-59-00_002,20,clahe_otsu,32.26470947265625
5120x_2025-05-16_00-59-00_002,20,clahe_otsu,42.97332763671875
5120x_2025-05-16_00-59-00_002,20,clahe_otsu,36.89727783203125
5120x_2025-05-16_00-59-00_002,20,clahe_otsu,36.58599853515625
5120x_2025-05-16_00-59-00_002,20,clahe_otsu,38.78936767578125
5120x_2025-05-16_00-59-00_002,20,clahe_otsu,38.01727294921875
5120x_2025-05-16_00-59-00_002,20,clahe_otsu,38.90533447265625
5120x_2025-05-16_00-59-00_002,20,clahe_otsu,45.61614990234375
5120x_2025-05-16_00-59-00_002,20,clahe_otsu,46.22955322265625
5120x_2025-05-16_00-59-00_002,20,clahe_otsu,48.35357666015625
5120x_2025-05-16_00-59-00_002,20,clahe_otsu,3.91693115234375
5120x_2025-05-16_00-59-00_002,20,clahe_otsu,2.05078125
5120x_2025-05-16_00-59-00_002,20,clahe_otsu,2.044677734375
5120x_2025-05-16_00-59-00_002,20,clahe_otsu,29.7515869140625
5120x_2025-05-16_00-59-00_002,20,clahe_otsu,28.72772216796875
5120x_2025-05-16_00-59-00_002,20,clahe_otsu,41.64276123046875
5120x_2025-05-16_00-59-00_002,20,clahe_otsu,1.202392578125
5120x_2025-05-16_00-59-00_002,20,clahe_otsu,41.51611328125
5120x_2025-05-16_00-59-00_002,20,clahe_otsu,42.5048828125
5120x_2025-05-16_00-59-00_002,20,clahe_otsu,1.483154296875
5120x_2025-05-16_00-59-00_002,20,clahe_otsu,1.9439697265625
5120x_2025-05-16_00-59-00_002,20,clahe_otsu,33.7554931640625
5120x_2025-05-16_00-59-00_002,20,clahe_otsu,39.62860107421875
5120x_2025-05-16_00-59-00_002,20,clahe_otsu,39.898681640625
5120x_2025-05-16_00-59-00_002,20,clahe_otsu,44.29779052734375
5120x_2025-05-16_00-59-00_002,20,clahe_otsu,3.5186767578125
5120x_2025-05-16_00-59-00_002,20,clahe_otsu,2.11181640625
5120x_2025-05-16_00-59-00_002,20,clahe_otsu,31.38427734375
5120x_2025-05-16_00-59-00_002,20,clahe_otsu,1.1016845703125
5120x_2025-05-16_00-59-00_002,20,clahe_otsu,1.361083984375
5120x_2025-05-16_00-59-00_002,20,clahe_otsu,1.4434814453125
5120x_2025-05-16_00-59-00_002,20,clahe_otsu,1.52435302734375
5120x_2025-05-16_00-59-00_002,20,clahe_otsu,1.46484375
5120x_2025-05-16_00-59-00_002,20,clahe_otsu,1.2939453125
5120x_2025-05-16_00-59-00_002,20,clahe_otsu,2.09197998046875
5120x_2025-05-16_00-59-00_002,20,clahe_otsu,41.3177490234375
5120x_2025-05-16_00-59-00_002,20,clahe_otsu,31.35833740234375
5120x_2025-05-16_00-59-00_002,20,clahe_otsu,29.82330322265625
5120x_2025-05-16_00-59-00_002,20,clahe_otsu,42.3828125
5120x_2025-05-16_00-59-00_002,20,clahe_otsu,42.2088623046875
5120x_2025-05-16_00-59-00_002,20,clahe_otsu,3.1524658203125
5120x_2025-05-16_00-59-00_002,20,clahe_otsu,2.47344970703125
5120x_2025-05-16_00-59-00_002,20,clahe_otsu,1.70135498046875
5120x_2025-05-16_00-59-00_002,20,clahe_otsu,1.50909423828125
5120x_2025-05-16_00-59-00_002,20,clahe_otsu,1.20391845703125
5120x_2025-05-16_00-59-00_002,20,clahe_otsu,2.301025390625
5120x_2025-05-16_00-59-00_002,20,clahe_otsu,1.98822021484375
5120x_2025-05-16_00-59-00_002,20,clahe_otsu,47.43804931640625
5120x_2025-05-16_00-59-00_002,20,clahe_otsu,43.93310546875
5120x_2025-05-16_00-59-00_002,20,clahe_otsu,27.25830078125
5120x_2025-05-16_00-59-00_002,20,clahe_otsu,28.22265625
5120x_2025-05-16_00-59-00_002,20,clahe_otsu,32.16400146484375
5120x_2025-05-16_00-59-00_002,20,clahe_otsu,33.2183837890625
5120x_2025-05-16_00-59-00_002,20,clahe_otsu,34.31549072265625
5120x_2025-05-16_00-59-00_002,20,clahe_otsu,43.1396484375
5120x_2025-05-16_00-59-00_002,20,clahe_otsu,22.67608642578125
5120x_2025-05-16_00-59-00_002,20,clahe_otsu,2.50244140625
5120x_2025-05-16_00-59-00_002,20,clahe_otsu,2.34527587890625
5120x_2025-05-16_00-59-00_002,20,clahe_otsu,1.43280029296875
5120x_2025-05-16_00-59-00_002,20,clahe_otsu,1.10931396484375
5120x_2025-05-16_00-59-00_002,20,clahe_otsu,1.8768310546875
5120x_2025-05-16_00-59-00_002,20,clahe_otsu,1.95465087890625
5120x_2025-05-16_00-59-00_002,20,clahe_otsu,2.398681640625
5120x_2025-05-16_00-59-00_002,20,clahe_otsu,34.87701416015625
5120x_2025-05-16_00-59-00_002,20,clahe_otsu,8.9935302734375
5120x_2025-05-16_00-59-00_002,20,clahe_otsu,1.6082763671875
5120x_2025-05-16_00-59-00_002,20,clahe_otsu,44.32373046875
5120x_2025-05-16_00-59-00_002,20,clahe_otsu,41.90216064453125
5120x_2025-05-16_00-59-00_002,20,clahe_otsu,40.19317626953125
5120x_2025-05-16_00-59-00_002,20,clahe_otsu,38.5711669921875
5120x_2025-05-16_00-59-00_002,20,clahe_otsu,4.34722900390625
5120x_2025-05-16_00-59-00_002,20,clahe_otsu,11.8438720703125
5120x_2025-05-16_00-59-00_002,20,clahe_otsu,2.1087646484375
5120x_2025-05-16_00-59-00_002,20,clahe_otsu,2.0721435546875
5120x_2025-05-16_00-59-00_002,20,clahe_otsu,1.55792236328125
5120x_2025-05-16_00-59-00_002,20,clahe_otsu,1.25274658203125
5120x_2025-05-16_00-59-00_002,20,clahe_otsu,1.422119140625
5120x_2025-05-16_00-59-00_002,20,clahe_otsu,1.46484375
5120x_2025-05-16_00-59-00_002,20,clahe_otsu,1.9989013671875
5120x_2025-05-16_00-59-00_002,20,clahe_otsu,46.026611328125
5120x_2025-05-16_00-59-00_002,20,clahe_otsu,45.4864501953125
5120x_2025-05-16_00-59-00_002,20,clahe_otsu,34.173583984375
5120x_2025-05-16_00-59-00_002,20,clahe_otsu,35.67962646484375
5120x_2025-05-16_00-59-00_002,20,clahe_otsu,32.9986572265625
5120x_2025-05-16_00-59-00_002,20,clahe_otsu,43.19305419921875
5120x_2025-05-16_00-59-00_002,20,clahe_otsu,2.5970458984375
5120x_2025-05-16_00-59-00_002,20,clahe_otsu,2.58331298828125
5120x_2025-05-16_00-59-00_002,20,clahe_otsu,1.531982421875
5120x_2025-05-16_00-59-00_002,20,clahe_otsu,1.934814453125
5120x_2025-05-16_00-59-00_002,20,clahe_otsu,1.43585205078125
5120x_2025-05-16_00-59-00_002,20,clahe_otsu,2.25830078125
5120x_2025-05-16_00-59-00_002,20,clahe_otsu,4.2388916015625
5120x_2025-05-16_00-59-00_002,20,clahe_otsu,2.9388427734375
5120x_2025-05-16_00-59-00_002,20,clahe_otsu,2.78167724609375
5120x_2025-05-16_00-59-00_002,20,clahe_otsu,34.20867919921875
5120x_2025-05-16_00-59-00_002,20,clahe_otsu,27.276611328125
5120x_2025-05-16_00-59-00_002,20,clahe_otsu,31.304931640625
5120x_2025-05-16_00-59-00_002,20,clahe_otsu,31.12945556640625
5120x_2025-05-16_00-59-00_002,20,clahe_otsu,31.64520263671875
5120x_2025-05-16_00-59-00_002,20,clahe_otsu,44.75860595703125
640x_2025-05-16_00-59-00_002,40,unet,0.25655871722847223
640x_2025-05-16_00-59-00_002,40,unet,0.2571874996647239
640x_2025-05-16_00-59-00_002,40,unet,0.25568054988980293
640x_2025-05-16_00-59-00_002,40,unet,0.2504738513380289
640x_2025-05-16_00-59-00_002,40,unet,3.9201997220516205
640x_2025-05-16_00-59-00_002,40,unet,34.28930044174194
640x_2025-05-16_00-59-00_002,40,unet,81.63334131240845
640x_2025-05-16_00-59-00_002,40,unet,92.53675937652588
640x_2025-05-16_00-59-00_002,40,unet,95.65869569778442
640x_2025-05-16_00-59-00_002,40,unet,94.14273500442505
640x_2025-05-16_00-59-00_002,40,unet,95.6943929195404
640x_2025-05-16_00-59-00_002,40,unet,92.784184217453
640x_2025-05-16_00-59-00_002,40,unet,93.68143677711487
640x_2025-05-16_00-59-00_002,40,unet,48.942551016807556
640x_2025-05-16_00-59-00_002,40,unet,0.25054600555449724
640x_2025-05-16_00-59-00_002,40,unet,0.2635373966768384
640x_2025-05-16_00-59-00_002,40,unet,0.2596865873783827
640x_2025-05-16_00-59-00_002,40,unet,0.25895952712744474
640x_2025-05-16_00-59-00_002,40,unet,0.25548154953867197
640x_2025-05-16_00-59-00_002,40,unet,0.2730722539126873
640x_2025-05-16_00-59-00_002,40,unet,3.462376818060875
640x_2025-05-16_00-59-00_002,40,unet,60.37200093269348
640x_2025-05-16_00-59-00_002,40,unet,93.98742914199829
640x_2025-05-16_00-59-00_002,40,unet,97.86339998245239
640x_2025-05-16_00-59-00_002,40,unet,94.61303949356079
640x_2025-05-16_00-59-00_002,40,unet,95.43308615684509
640x_2025-05-16_00-59-00_002,40,unet,96.16577625274658
640x_2025-05-16_00-59-00_002,40,unet,95.44448852539062
640x_2025-05-16_00-59-00_002,40,unet,90.36144018173218
640x_2025-05-16_00-59-00_002,40,unet,16.737228631973267
640x_2025-05-16_00-59-00_002,40,unet,0.2695586532354355
640x_2025-05-16_00-59-00_002,40,unet,0.2653975272551179
640x_2025-05-16_00-59-00_002,40,unet,0.2593826036900282
640x_2025-05-16_00-59-00_002,40,unet,0.27039528358727694
640x_2025-05-16_00-59-00_002,40,unet,0.2604318782687187
640x_2025-05-16_00-59-00_002,40,unet,0.24793993216007948
640x_2025-05-16_00-59-00_002,40,unet,9.657660871744156
640x_2025-05-16_00-59-00_002,40,unet,85.12673377990723
640x_2025-05-16_00-59-00_002,40,unet,97.52539992332458
640x_2025-05-16_00-59-00_002,40,unet,94.9370265007019
640x_2025-05-16_00-59-00_002,40,unet,98.95442128181458
640x_2025-05-16_00-59-00_002,40,unet,95.27653455734253
640x_2025-05-16_00-59-00_002,40,unet,95.23977637290955
640x_2025-05-16_00-59-00_002,40,unet,96.34803533554077
640x_2025-05-16_00-59-00_002,40,unet,61.25708222389221
640x_2025-05-16_00-59-00_002,40,unet,0.27060932479798794
640x_2025-05-16_00-59-00_002,40,unet,0.26922712568193674
640x_2025-05-16_00-59-00_002,40,unet,0.2652142895385623
640x_2025-05-16_00-59-00_002,40,unet,0.25985026732087135
640x_2025-05-16_00-59-00_002,40,unet,0.25495546869933605
640x_2025-05-16_00-59-00_002,40,unet,0.2813794882968068
640x_2025-05-16_00-59-00_002,40,unet,0.41880118660628796
640x_2025-05-16_00-59-00_002,40,unet,24.998360872268677
640x_2025-05-16_00-59-00_002,40,unet,92.99829006195068
640x_2025-05-16_00-59-00_002,40,unet,96.34519219398499
640x_2025-05-16_00-59-00_002,40,unet,97.11302518844604
640x_2025-05-16_00-59-00_002,40,unet,93.77468824386597
640x_2025-05-16_00-59-00_002,40,unet,96.85766100883484
640x_2025-05-16_00-59-00_002,40,unet,94.61032748222351
640x_2025-05-16_00-59-00_002,40,unet,85.0942611694336
640x_2025-05-16_00-59-00_002,40,unet,0.27155696880072355
640x_2025-05-16_00-59-00_002,40,unet,0.2704841084778309
640x_2025-05-16_00-59-00_002,40,unet,0.26985504664480686
640x_2025-05-16_00-59-00_002,40,unet,0.26514825876802206
640x_2025-05-16_00-59-00_002,40,unet,0.25683764833956957
640x_2025-05-16_00-59-00_002,40,unet,0.26616102550178766
640x_2025-05-16_00-59-00_002,40,unet,0.2508649369701743
640x_2025-05-16_00-59-00_002,40,unet,1.0256263427436352
640x_2025-05-16_00-59-00_002,40,unet,45.08397877216339
640x_2025-05-16_00-59-00_002,40,unet,97.01837301254272
640x_2025-05-16_00-59-00_002,40,unet,95.91200351715088
640x_2025-05-16_00-59-00_002,40,unet,96.20922207832336
640x_2025-05-16_00-59-00_002,40,unet,96.9508707523346
640x_2025-05-16_00-59-00_002,40,unet,95.9135353565216
640x_2025-05-16_00-59-00_002,40,unet,95.98931670188904
640x_2025-05-16_00-59-00_002,40,unet,0.2747344318777323
640x_2025-05-16_00-59-00_002,40,unet,0.2734026173129678
640x_2025-05-16_00-59-00_002,40,unet,0.27156195137649775
640x_2025-05-16_00-59-00_002,40,unet,0.26963409036397934
640x_2025-05-16_00-59-00_002,40,unet,0.2634764648973942
640x_2025-05-16_00-59-00_002,40,unet,0.2776071894913912
640x_2025-05-16_00-59-00_002,40,unet,0.32245798502117395
640x_2025-05-16_00-59-00_002,40,unet,0.23614922538399696
640x_2025-05-16_00-59-00_002,40,unet,1.0457751341164112
640x_2025-05-16_00-59-00_002,40,unet,24.747547507286072
640x_2025-05-16_00-59-00_002,40,unet,61.01294159889221
640x_2025-05-16_00-59-00_002,40,unet,93.01798939704895
640x_2025-05-16_00-59-00_002,40,unet,94.61167454719543
640x_2025-05-16_00-59-00_002,40,unet,92.70116090774536
640x_2025-05-16_00-59-00_002,40,unet,95.03982663154602
640x_2025-05-16_00-59-00_002,40,unet,0.2770882099866867
640x_2025-05-16_00-59-00_002,40,unet,0.2764698816463351
640x_2025-05-16_00-59-00_002,40,unet,0.27405659202486277
640x_2025-05-16_00-59-00_002,40,unet,0.27133317198604345
640x_2025-05-16_00-59-00_002,40,unet,0.26899464428424835
640x_2025-05-16_00-59-00_002,40,unet,0.26123702991753817
640x_2025-05-16_00-59-00_002,40,unet,0.2848692238330841
640x_2025-05-16_00-59-00_002,40,unet,0.26559908874332905
640x_2025-05-16_00-59-00_002,40,unet,0.371866743080318
640x_2025-05-16_00-59-00_002,40,unet,0.2669907873496413
640x_2025-05-16_00-59-00_002,40,unet,1.468668319284916
640x_2025-05-16_00-59-00_002,40,unet,35.66752076148987
640x_2025-05-16_00-59-00_002,40,unet,55.29443025588989
640x_2025-05-16_00-59-00_002,40,unet,92.53185987472534
640x_2025-05-16_00-59-00_002,40,unet,92.03873872756958
640x_2025-05-16_00-59-00_002,40,unet,0.27743501123040915
640x_2025-05-16_00-59-00_002,40,unet,0.27724108658730984
640x_2025-05-16_00-59-00_002,40,unet,0.27651942800730467
640x_2025-05-16_00-59-00_002,40,unet,0.2739942166954279
640x_2025-05-16_00-59-00_002,40,unet,0.2714427886530757
640x_2025-05-16_00-59-00_002,40,unet,0.2682057209312916
640x_2025-05-16_00-59-00_002,40,unet,0.26208022609353065
640x_2025-05-16_00-59-00_002,40,unet,0.28815045952796936
640x_2025-05-16_00-59-00_002,40,unet,0.2803943585604429
640x_2025-05-16_00-59-00_002,40,unet,0.3054242813959718
640x_2025-05-16_00-59-00_002,40,unet,0.2520113717764616
640x_2025-05-16_00-59-00_002,40,unet,0.30509154312312603
640x_2025-05-16_00-59-00_002,40,unet,0.7516632787883282
640x_2025-05-16_00-59-00_002,40,unet,60.09162664413452
640x_2025-05-16_00-59-00_002,40,unet,93.79196166992188
640x_2025-05-16_00-59-00_002,40,resunet,0.07068838458508253
640x_2025-05-16_00-59-00_002,40,resunet,0.06974210264161229
640x_2025-05-16_00-59-00_002,40,resunet,0.05252350238151848
640x_2025-05-16_00-59-00_002,40,resunet,0.048770575085654855
640x_2025-05-16_00-59-00_002,40,resunet,0.9950723499059677
640x_2025-05-16_00-59-00_002,40,resunet,16.52834266424179
640x_2025-05-16_00-59-00_002,40,resunet,63.63482475280762
640x_2025-05-16_00-59-00_002,40,resunet,82.51268863677979
640x_2025-05-16_00-59-00_002,40,resunet,96.72200083732605
640x_2025-05-16_00-59-00_002,40,resunet,86.66743636131287
640x_2025-05-16_00-59-00_002,40,resunet,95.01792788505554
640x_2025-05-16_00-59-00_002,40,resunet,90.13094305992126
640x_2025-05-16_00-59-00_002,40,resunet,83.71988534927368
640x_2025-05-16_00-59-00_002,40,resunet,31.247633695602417
640x_2025-05-16_00-59-00_002,40,resunet,0.06178267649374902
640x_2025-05-16_00-59-00_002,40,resunet,0.0966578139923513
640x_2025-05-16_00-59-00_002,40,resunet,0.09791289921849966
640x_2025-05-16_00-59-00_002,40,resunet,0.06276787025853992
640x_2025-05-16_00-59-00_002,40,resunet,0.05409876466728747
640x_2025-05-16_00-59-00_002,40,resunet,0.050974340410903096
640x_2025-05-16_00-59-00_002,40,resunet,1.5670167282223701
640x_2025-05-16_00-59-00_002,40,resunet,24.524658918380737
640x_2025-05-16_00-59-00_002,40,resunet,78.7055492401123
640x_2025-05-16_00-59-00_002,40,resunet,92.32534170150757
640x_2025-05-16_00-59-00_002,40,resunet,93.45021843910217
640x_2025-05-16_00-59-00_002,40,resunet,96.43104672431946
640x_2025-05-16_00-59-00_002,40,resunet,93.79591941833496
640x_2025-05-16_00-59-00_002,40,resunet,90.33531546592712
640x_2025-05-16_00-59-00_002,40,resunet,85.48940420150757
640x_2025-05-16_00-59-00_002,40,resunet,9.53575223684311
640x_2025-05-16_00-59-00_002,40,resunet,0.0797902699559927
640x_2025-05-16_00-59-00_002,40,resunet,0.3849725937470794
640x_2025-05-16_00-59-00_002,40,resunet,0.0896463287062943
640x_2025-05-16_00-59-00_002,40,resunet,0.07186908624134958
640x_2025-05-16_00-59-00_002,40,resunet,0.06206869147717953
640x_2025-05-16_00-59-00_002,40,resunet,0.06119502941146493
640x_2025-05-16_00-59-00_002,40,resunet,4.4929388910532
640x_2025-05-16_00-59-00_002,40,resunet,42.08388328552246
640x_2025-05-16_00-59-00_002,40,resunet,87.34341263771057
640x_2025-05-16_00-59-00_002,40,resunet,89.62876796722412
640x_2025-05-16_00-59-00_002,40,resunet,98.02577495574951
640x_2025-05-16_00-59-00_002,40,resunet,93.95836591720581
640x_2025-05-16_00-59-00_002,40,resunet,93.15505623817444
640x_2025-05-16_00-59-00_002,40,resunet,92.30625629425049
640x_2025-05-16_00-59-00_002,40,resunet,51.488107442855835
640x_2025-05-16_00-59-00_002,40,resunet,0.08590137585997581
640x_2025-05-16_00-59-00_002,40,resunet,0.2331792376935482
640x_2025-05-16_00-59-00_002,40,resunet,0.16278271796181798
640x_2025-05-16_00-59-00_002,40,resunet,0.15912012895569205
640x_2025-05-16_00-59-00_002,40,resunet,0.08248873054981232
640x_2025-05-16_00-59-00_002,40,resunet,0.06486773490905762
640x_2025-05-16_00-59-00_002,40,resunet,0.05392146995291114
640x_2025-05-16_00-59-00_002,40,resunet,3.7072762846946716
640x_2025-05-16_00-59-00_002,40,resunet,52.92764902114868
640x_2025-05-16_00-59-00_002,40,resunet,81.66965842247009
640x_2025-05-16_00-59-00_002,40,resunet,91.48571491241455
640x_2025-05-16_00-59-00_002,40,resunet,91.42628312110901
640x_2025-05-16_00-59-00_002,40,resunet,97.92563319206238
640x_2025-05-16_00-59-00_002,40,resunet,95.09593844413757
640x_2025-05-16_00-59-00_002,40,resunet,71.27214670181274
640x_2025-05-16_00-59-00_002,40,resunet,0.056873459834605455
640x_2025-05-16_00-59-00_002,40,resunet,0.08475072681903839
640x_2025-05-16_00-59-00_002,40,resunet,0.14905533753335476
640x_2025-05-16_00-59-00_002,40,resunet,0.21765832789242268
640x_2025-05-16_00-59-00_002,40,resunet,0.15005995519459248
640x_2025-05-16_00-59-00_002,40,resunet,0.1271921442821622
640x_2025-05-16_00-59-00_002,40,resunet,0.0534705410245806
640x_2025-05-16_00-59-00_002,40,resunet,0.062223279383033514
640x_2025-05-16_00-59-00_002,40,resunet,9.200310707092285
640x_2025-05-16_00-59-00_002,40,resunet,60.36677956581116
640x_2025-05-16_00-59-00_002,40,resunet,81.67793154716492
640x_2025-05-16_00-59-00_002,40,resunet,86.2760603427887
640x_2025-05-16_00-59-00_002,40,resunet,93.8839316368103
640x_2025-05-16_00-59-00_002,40,resunet,94.93291974067688
640x_2025-05-16_00-59-00_002,40,resunet,97.34075665473938
640x_2025-05-16_00-59-00_002,40,resunet,0.046932901022955775
640x_2025-05-16_00-59-00_002,40,resunet,0.05320032360032201
640x_2025-05-16_00-59-00_002,40,resunet,0.0781155307777226
640x_2025-05-16_00-59-00_002,40,resunet,0.1729532377794385
640x_2025-05-16_00-59-00_002,40,resunet,0.37260777316987514
640x_2025-05-16_00-59-00_002,40,resunet,0.16445661894977093
640x_2025-05-16_00-59-00_002,40,resunet,0.09166990639641881
640x_2025-05-16_00-59-00_002,40,resunet,0.05319755873642862
640x_2025-05-16_00-59-00_002,40,resunet,0.07218210375867784
640x_2025-05-16_00-59-00_002,40,resunet,6.3635870814323425
640x_2025-05-16_00-59-00_002,40,resunet,14.216801524162292
640x_2025-05-16_00-59-00_002,40,resunet,58.11203718185425
640x_2025-05-16_00-59-00_002,40,resunet,77.83175110816956
640x_2025-05-16_00-59-00_002,40,resunet,89.13042545318604
640x_2025-05-16_00-59-00_002,40,resunet,93.71745586395264
640x_2025-05-16_00-59-00_002,40,resunet,0.042927704635076225
640x_2025-05-16_00-59-00_002,40,resunet,0.044636521488428116
640x_2025-05-16_00-59-00_002,40,resunet,0.05063946591690183
640x_2025-05-16_00-59-00_002,40,resunet,0.09120403556153178
640x_2025-05-16_00-59-00_002,40,resunet,0.21004513837397099
640x_2025-05-16_00-59-00_002,40,resunet,0.29333047568798065
640x_2025-05-16_00-59-00_002,40,resunet,0.1334429020062089
640x_2025-05-16_00-59-00_002,40,resunet,0.0890946772415191
640x_2025-05-16_00-59-00_002,40,resunet,0.06855464307591319
640x_2025-05-16_00-59-00_002,40,resunet,0.05306500243023038
640x_2025-05-16_00-59-00_002,40,resunet,0.2761699492111802
640x_2025-05-16_00-59-00_002,40,resunet,7.064788788557053
640x_2025-05-16_00-59-00_002,40,resunet,15.458923578262329
640x_2025-05-16_00-59-00_002,40,resunet,69.6433424949646
640x_2025-05-16_00-59-00_002,40,resunet,86.20218634605408
640x_2025-05-16_00-59-00_002,40,resunet,0.04218037938699126
640x_2025-05-16_00-59-00_002,40,resunet,0.04244614683557302
640x_2025-05-16_00-59-00_002,40,resunet,0.04480189527384937
640x_2025-05-16_00-59-00_002,40,resunet,0.04986015264876187
640x_2025-05-16_00-59-00_002,40,resunet,0.1075366628356278
640x_2025-05-16_00-59-00_002,40,resunet,0.29341625049710274
640x_2025-05-16_00-59-00_002,40,resunet,0.2788202837109566
640x_2025-05-16_00-59-00_002,40,resunet,0.17555447993800044
640x_2025-05-16_00-59-00_002,40,resunet,0.12618836481124163
640x_2025-05-16_00-59-00_002,40,resunet,0.06730056484229863
640x_2025-05-16_00-59-00_002,40,resunet,0.054925092263147235
640x_2025-05-16_00-59-00_002,40,resunet,0.052948627853766084
640x_2025-05-16_00-59-00_002,40,resunet,0.10018905159085989
640x_2025-05-16_00-59-00_002,40,resunet,24.28126633167267
640x_2025-05-16_00-59-00_002,40,resunet,91.35359525680542
640x_2025-05-16_00-59-00_002,40,attention_resunet,0.1010415842756629
640x_2025-05-16_00-59-00_002,40,attention_resunet,0.06230606231838465
640x_2025-05-16_00-59-00_002,40,attention_resunet,0.06332216435112059
640x_2025-05-16_00-59-00_002,40,attention_resunet,0.049923564074561
640x_2025-05-16_00-59-00_002,40,attention_resunet,0.8195469155907631
640x_2025-05-16_00-59-00_002,40,attention_resunet,1.2577271088957787
640x_2025-05-16_00-59-00_002,40,attention_resunet,10.99635511636734
640x_2025-05-16_00-59-00_002,40,attention_resunet,27.43396759033203
640x_2025-05-16_00-59-00_002,40,attention_resunet,48.82100224494934
640x_2025-05-16_00-59-00_002,40,attention_resunet,43.20477247238159
640x_2025-05-16_00-59-00_002,40,attention_resunet,54.56230044364929
640x_2025-05-16_00-59-00_002,40,attention_resunet,36.93675994873047
640x_2025-05-16_00-59-00_002,40,attention_resunet,31.103217601776123
640x_2025-05-16_00-59-00_002,40,attention_resunet,7.748185098171234
640x_2025-05-16_00-59-00_002,40,attention_resunet,0.05506284651346505
640x_2025-05-16_00-59-00_002,40,attention_resunet,0.06336441729217768
640x_2025-05-16_00-59-00_002,40,attention_resunet,0.0815233332104981
640x_2025-05-16_00-59-00_002,40,attention_resunet,0.0893537129741162
640x_2025-05-16_00-59-00_002,40,attention_resunet,0.05458214436657727
640x_2025-05-16_00-59-00_002,40,attention_resunet,0.048625480849295855
640x_2025-05-16_00-59-00_002,40,attention_resunet,0.8981209248304367
640x_2025-05-16_00-59-00_002,40,attention_resunet,3.6585036665201187
640x_2025-05-16_00-59-00_002,40,attention_resunet,20.88281363248825
640x_2025-05-16_00-59-00_002,40,attention_resunet,31.053388118743896
640x_2025-05-16_00-59-00_002,40,attention_resunet,48.14136624336243
640x_2025-05-16_00-59-00_002,40,attention_resunet,46.88318967819214
640x_2025-05-16_00-59-00_002,40,attention_resunet,40.81450700759888
640x_2025-05-16_00-59-00_002,40,attention_resunet,38.77732753753662
640x_2025-05-16_00-59-00_002,40,attention_resunet,24.5014488697052
640x_2025-05-16_00-59-00_002,40,attention_resunet,2.8573470190167427
640x_2025-05-16_00-59-00_002,40,attention_resunet,0.06068774382583797
640x_2025-05-16_00-59-00_002,40,attention_resunet,0.0950319052208215
640x_2025-05-16_00-59-00_002,40,attention_resunet,0.13526706025004387
640x_2025-05-16_00-59-00_002,40,attention_resunet,0.06501981988549232
640x_2025-05-16_00-59-00_002,40,attention_resunet,0.0649759080260992
640x_2025-05-16_00-59-00_002,40,attention_resunet,0.04834440478589386
640x_2025-05-16_00-59-00_002,40,attention_resunet,1.9490338861942291
640x_2025-05-16_00-59-00_002,40,attention_resunet,4.738868027925491
640x_2025-05-16_00-59-00_002,40,attention_resunet,16.29456877708435
640x_2025-05-16_00-59-00_002,40,attention_resunet,36.35970950126648
640x_2025-05-16_00-59-00_002,40,attention_resunet,49.51425790786743
640x_2025-05-16_00-59-00_002,40,attention_resunet,39.09454345703125
640x_2025-05-16_00-59-00_002,40,attention_resunet,46.998924016952515
640x_2025-05-16_00-59-00_002,40,attention_resunet,45.49691081047058
640x_2025-05-16_00-59-00_002,40,attention_resunet,12.319934368133545
640x_2025-05-16_00-59-00_002,40,attention_resunet,0.05989570636302233
640x_2025-05-16_00-59-00_002,40,attention_resunet,0.06405585445463657
640x_2025-05-16_00-59-00_002,40,attention_resunet,0.06402190192602575
640x_2025-05-16_00-59-00_002,40,attention_resunet,0.07601701654493809
640x_2025-05-16_00-59-00_002,40,attention_resunet,0.06565303774550557
640x_2025-05-16_00-59-00_002,40,attention_resunet,0.05380429211072624
640x_2025-05-16_00-59-00_002,40,attention_resunet,0.05010629538446665
640x_2025-05-16_00-59-00_002,40,attention_resunet,0.5820225924253464
640x_2025-05-16_00-59-00_002,40,attention_resunet,6.572329998016357
640x_2025-05-16_00-59-00_002,40,attention_resunet,19.709163904190063
640x_2025-05-16_00-59-00_002,40,attention_resunet,23.216933012008667
640x_2025-05-16_00-59-00_002,40,attention_resunet,41.250377893447876
640x_2025-05-16_00-59-00_002,40,attention_resunet,57.370370626449585
640x_2025-05-16_00-59-00_002,40,attention_resunet,54.090338945388794
640x_2025-05-16_00-59-00_002,40,attention_resunet,23.792386054992676
640x_2025-05-16_00-59-00_002,40,attention_resunet,0.05768785485997796
640x_2025-05-16_00-59-00_002,40,attention_resunet,0.05883446428924799
640x_2025-05-16_00-59-00_002,40,attention_resunet,0.06172146531753242
640x_2025-05-16_00-59-00_002,40,attention_resunet,0.06778445094823837
640x_2025-05-16_00-59-00_002,40,attention_resunet,0.09833822259679437
640x_2025-05-16_00-59-00_002,40,attention_resunet,0.06131932022981346
640x_2025-05-16_00-59-00_002,40,attention_resunet,0.052999932086095214
640x_2025-05-16_00-59-00_002,40,attention_resunet,0.04924218519590795
640x_2025-05-16_00-59-00_002,40,attention_resunet,1.2510167434811592
640x_2025-05-16_00-59-00_002,40,attention_resunet,9.152692556381226
640x_2025-05-16_00-59-00_002,40,attention_resunet,12.058791518211365
640x_2025-05-16_00-59-00_002,40,attention_resunet,25.20168125629425
640x_2025-05-16_00-59-00_002,40,attention_resunet,31.050914525985718
640x_2025-05-16_00-59-00_002,40,attention_resunet,52.04888582229614
640x_2025-05-16_00-59-00_002,40,attention_resunet,55.837827920913696
640x_2025-05-16_00-59-00_002,40,attention_resunet,0.05665880162268877
640x_2025-05-16_00-59-00_002,40,attention_resunet,0.05690641701221466
640x_2025-05-16_00-59-00_002,40,attention_resunet,0.05820373189635575
640x_2025-05-16_00-59-00_002,40,attention_resunet,0.06234371685422957
640x_2025-05-16_00-59-00_002,40,attention_resunet,0.07299214485101402
640x_2025-05-16_00-59-00_002,40,attention_resunet,0.06460974691435695
640x_2025-05-16_00-59-00_002,40,attention_resunet,0.05585665930993855
640x_2025-05-16_00-59-00_002,40,attention_resunet,0.05323811201378703
640x_2025-05-16_00-59-00_002,40,attention_resunet,0.04955658223479986
640x_2025-05-16_00-59-00_002,40,attention_resunet,0.1604064484126866
640x_2025-05-16_00-59-00_002,40,attention_resunet,2.1081605926156044
640x_2025-05-16_00-59-00_002,40,attention_resunet,9.386460483074188
640x_2025-05-16_00-59-00_002,40,attention_resunet,12.146493047475815
640x_2025-05-16_00-59-00_002,40,attention_resunet,25.768765807151794
640x_2025-05-16_00-59-00_002,40,attention_resunet,57.30682015419006
640x_2025-05-16_00-59-00_002,40,attention_resunet,0.05609715008176863
640x_2025-05-16_00-59-00_002,40,attention_resunet,0.056339160073548555
640x_2025-05-16_00-59-00_002,40,attention_resunet,0.05716508603654802
640x_2025-05-16_00-59-00_002,40,attention_resunet,0.05845394334755838
640x_2025-05-16_00-59-00_002,40,attention_resunet,0.06420372519642115
640x_2025-05-16_00-59-00_002,40,attention_resunet,0.07254817755892873
640x_2025-05-16_00-59-00_002,40,attention_resunet,0.06611028220504522
640x_2025-05-16_00-59-00_002,40,attention_resunet,0.10290000354871154
640x_2025-05-16_00-59-00_002,40,attention_resunet,0.053312419913709164
640x_2025-05-16_00-59-00_002,40,attention_resunet,0.05242428160272539
640x_2025-05-16_00-59-00_002,40,attention_resunet,0.05811698501929641
640x_2025-05-16_00-59-00_002,40,attention_resunet,1.3624509796500206
640x_2025-05-16_00-59-00_002,40,attention_resunet,3.3340759575366974
640x_2025-05-16_00-59-00_002,40,attention_resunet,11.005300283432007
640x_2025-05-16_00-59-00_002,40,attention_resunet,41.13145172595978
640x_2025-05-16_00-59-00_002,40,attention_resunet,0.05580577999353409
640x_2025-05-16_00-59-00_002,40,attention_resunet,0.05572466761805117
640x_2025-05-16_00-59-00_002,40,attention_resunet,0.056391931138932705
640x_2025-05-16_00-59-00_002,40,attention_resunet,0.056990759912878275
640x_2025-05-16_00-59-00_002,40,attention_resunet,0.05889345775358379
640x_2025-05-16_00-59-00_002,40,attention_resunet,0.06510922103188932
640x_2025-05-16_00-59-00_002,40,attention_resunet,0.16979114152491093
640x_2025-05-16_00-59-00_002,40,attention_resunet,0.08638302679173648
640x_2025-05-16_00-59-00_002,40,attention_resunet,0.05677215522155166
640x_2025-05-16_00-59-00_002,40,attention_resunet,0.05368132842704654
640x_2025-05-16_00-59-00_002,40,attention_resunet,0.0522364629432559
640x_2025-05-16_00-59-00_002,40,attention_resunet,0.14976911479607224
640x_2025-05-16_00-59-00_002,40,attention_resunet,0.33440112601965666
640x_2025-05-16_00-59-00_002,40,attention_resunet,6.0700953006744385
640x_2025-05-16_00-59-00_002,40,attention_resunet,40.01217484474182
640x_2025-05-16_00-59-00_002,40,clahe_otsu,16.05682373046875
640x_2025-05-16_00-59-00_002,40,clahe_otsu,14.12353515625
640x_2025-05-16_00-59-00_002,40,clahe_otsu,12.70294189453125
640x_2025-05-16_00-59-00_002,40,clahe_otsu,11.3555908203125
640x_2025-05-16_00-59-00_002,40,clahe_otsu,10.02655029296875
640x_2025-05-16_00-59-00_002,40,clahe_otsu,10.90087890625
640x_2025-05-16_00-59-00_002,40,clahe_otsu,9.12322998046875
640x_2025-05-16_00-59-00_002,40,clahe_otsu,9.76104736328125
640x_2025-05-16_00-59-00_002,40,clahe_otsu,9.1552734375
640x_2025-05-16_00-59-00_002,40,clahe_otsu,12.127685546875
640x_2025-05-16_00-59-00_002,40,clahe_otsu,10.17608642578125
640x_2025-05-16_00-59-00_002,40,clahe_otsu,12.45269775390625
640x_2025-05-16_00-59-00_002,40,clahe_otsu,13.3941650390625
640x_2025-05-16_00-59-00_002,40,clahe_otsu,28.79638671875
640x_2025-05-16_00-59-00_002,40,clahe_otsu,47.99957275390625
640x_2025-05-16_00-59-00_002,40,clahe_otsu,14.60723876953125
640x_2025-05-16_00-59-00_002,40,clahe_otsu,13.01422119140625
640x_2025-05-16_00-59-00_002,40,clahe_otsu,12.7532958984375
640x_2025-05-16_00-59-00_002,40,clahe_otsu,11.23809814453125
640x_2025-05-16_00-59-00_002,40,clahe_otsu,9.31854248046875
640x_2025-05-16_00-59-00_002,40,clahe_otsu,8.9630126953125
640x_2025-05-16_00-59-00_002,40,clahe_otsu,8.7677001953125
640x_2025-05-16_00-59-00_002,40,clahe_otsu,8.0078125
640x_2025-05-16_00-59-00_002,40,clahe_otsu,9.29412841796875
640x_2025-05-16_00-59-00_002,40,clahe_otsu,9.912109375
640x_2025-05-16_00-59-00_002,40,clahe_otsu,10.69488525390625
640x_2025-05-16_00-59-00_002,40,clahe_otsu,12.40386962890625
640x_2025-05-16_00-59-00_002,40,clahe_otsu,14.30816650390625
640x_2025-05-16_00-59-00_002,40,clahe_otsu,15.0360107421875
640x_2025-05-16_00-59-00_002,40,clahe_otsu,40.19012451171875
640x_2025-05-16_00-59-00_002,40,clahe_otsu,14.55230712890625
640x_2025-05-16_00-59-00_002,40,clahe_otsu,10.64300537109375
640x_2025-05-16_00-59-00_002,40,clahe_otsu,12.17193603515625
640x_2025-05-16_00-59-00_002,40,clahe_otsu,10.55908203125
640x_2025-05-16_00-59-00_002,40,clahe_otsu,8.9599609375
640x_2025-05-16_00-59-00_002,40,clahe_otsu,10.05096435546875
640x_2025-05-16_00-59-00_002,40,clahe_otsu,8.6639404296875
640x_2025-05-16_00-59-00_002,40,clahe_otsu,7.244873046875
640x_2025-05-16_00-59-00_002,40,clahe_otsu,7.58819580078125
640x_2025-05-16_00-59-00_002,40,clahe_otsu,9.686279296875
640x_2025-05-16_00-59-00_002,40,clahe_otsu,7.77130126953125
640x_2025-05-16_00-59-00_002,40,clahe_otsu,11.3525390625
640x_2025-05-16_00-59-00_002,40,clahe_otsu,12.23907470703125
640x_2025-05-16_00-59-00_002,40,clahe_otsu,14.04266357421875
640x_2025-05-16_00-59-00_002,40,clahe_otsu,33.79669189453125
640x_2025-05-16_00-59-00_002,40,clahe_otsu,12.69683837890625
640x_2025-05-16_00-59-00_002,40,clahe_otsu,9.78851318359375
640x_2025-05-16_00-59-00_002,40,clahe_otsu,10.76812744140625
640x_2025-05-16_00-59-00_002,40,clahe_otsu,9.04693603515625
640x_2025-05-16_00-59-00_002,40,clahe_otsu,8.97216796875
640x_2025-05-16_00-59-00_002,40,clahe_otsu,8.05816650390625
640x_2025-05-16_00-59-00_002,40,clahe_otsu,8.7127685546875
640x_2025-05-16_00-59-00_002,40,clahe_otsu,7.03582763671875
640x_2025-05-16_00-59-00_002,40,clahe_otsu,5.93719482421875
640x_2025-05-16_00-59-00_002,40,clahe_otsu,7.501220703125
640x_2025-05-16_00-59-00_002,40,clahe_otsu,9.13543701171875
640x_2025-05-16_00-59-00_002,40,clahe_otsu,9.90142822265625
640x_2025-05-16_00-59-00_002,40,clahe_otsu,12.62969970703125
640x_2025-05-16_00-59-00_002,40,clahe_otsu,14.349365234375
640x_2025-05-16_00-59-00_002,40,clahe_otsu,22.7386474609375
640x_2025-05-16_00-59-00_002,40,clahe_otsu,12.88909912109375
640x_2025-05-16_00-59-00_002,40,clahe_otsu,11.3433837890625
640x_2025-05-16_00-59-00_002,40,clahe_otsu,9.72442626953125
640x_2025-05-16_00-59-00_002,40,clahe_otsu,7.91015625
640x_2025-05-16_00-59-00_002,40,clahe_otsu,8.5540771484375
640x_2025-05-16_00-59-00_002,40,clahe_otsu,9.063720703125
640x_2025-05-16_00-59-00_002,40,clahe_otsu,8.1298828125
640x_2025-05-16_00-59-00_002,40,clahe_otsu,6.25152587890625
640x_2025-05-16_00-59-00_002,40,clahe_otsu,6.3690185546875
640x_2025-05-16_00-59-00_002,40,clahe_otsu,6.00128173828125
640x_2025-05-16_00-59-00_002,40,clahe_otsu,6.7352294921875
640x_2025-05-16_00-59-00_002,40,clahe_otsu,8.24737548828125
640x_2025-05-16_00-59-00_002,40,clahe_otsu,10.20050048828125
640x_2025-05-16_00-59-00_002,40,clahe_otsu,13.3087158203125
640x_2025-05-16_00-59-00_002,40,clahe_otsu,24.4384765625
640x_2025-05-16_00-59-00_002,40,clahe_otsu,13.26904296875
640x_2025-05-16_00-59-00_002,40,clahe_otsu,9.83123779296875
640x_2025-05-16_00-59-00_002,40,clahe_otsu,8.16650390625
640x_2025-05-16_00-59-00_002,40,clahe_otsu,8.7615966796875
640x_2025-05-16_00-59-00_002,40,clahe_otsu,6.6253662109375
640x_2025-05-16_00-59-00_002,40,clahe_otsu,8.99200439453125
640x_2025-05-16_00-59-00_002,40,clahe_otsu,6.61773681640625
640x_2025-05-16_00-59-00_002,40,clahe_otsu,5.50994873046875
640x_2025-05-16_00-59-00_002,40,clahe_otsu,6.256103515625
640x_2025-05-16_00-59-00_002,40,clahe_otsu,12.1612548828125
640x_2025-05-16_00-59-00_002,40,clahe_otsu,6.62689208984375
640x_2025-05-16_00-59-00_002,40,clahe_otsu,7.78961181640625
640x_2025-05-16_00-59-00_002,40,clahe_otsu,9.70458984375
640x_2025-05-16_00-59-00_002,40,clahe_otsu,13.40789794921875
640x_2025-05-16_00-59-00_002,40,clahe_otsu,20.98846435546875
640x_2025-05-16_00-59-00_002,40,clahe_otsu,13.2598876953125
640x_2025-05-16_00-59-00_002,40,clahe_otsu,9.75494384765625
640x_2025-05-16_00-59-00_002,40,clahe_otsu,8.3251953125
640x_2025-05-16_00-59-00_002,40,clahe_otsu,8.84246826171875
640x_2025-05-16_00-59-00_002,40,clahe_otsu,9.2071533203125
640x_2025-05-16_00-59-00_002,40,clahe_otsu,7.52105712890625
640x_2025-05-16_00-59-00_002,40,clahe_otsu,7.75299072265625
640x_2025-05-16_00-59-00_002,40,clahe_otsu,7.098388671875
640x_2025-05-16_00-59-00_002,40,clahe_otsu,7.257080078125
640x_2025-05-16_00-59-00_002,40,clahe_otsu,5.74493408203125
640x_2025-05-16_00-59-00_002,40,clahe_otsu,8.9752197265625
640x_2025-05-16_00-59-00_002,40,clahe_otsu,8.04290771484375
640x_2025-05-16_00-59-00_002,40,clahe_otsu,10.85357666015625
640x_2025-05-16_00-59-00_002,40,clahe_otsu,12.82196044921875
640x_2025-05-16_00-59-00_002,40,clahe_otsu,20.82366943359375
640x_2025-05-16_00-59-00_002,40,clahe_otsu,12.42218017578125
640x_2025-05-16_00-59-00_002,40,clahe_otsu,11.91253662109375
640x_2025-05-16_00-59-00_002,40,clahe_otsu,8.80126953125
640x_2025-05-16_00-59-00_002,40,clahe_otsu,10.7391357421875
640x_2025-05-16_00-59-00_002,40,clahe_otsu,8.2763671875
640x_2025-05-16_00-59-00_002,40,clahe_otsu,7.3089599609375
640x_2025-05-16_00-59-00_002,40,clahe_otsu,6.7352294921875
640x_2025-05-16_00-59-00_002,40,clahe_otsu,6.41021728515625
640x_2025-05-16_00-59-00_002,40,clahe_otsu,7.36083984375
640x_2025-05-16_00-59-00_002,40,clahe_otsu,8.148193359375
640x_2025-05-16_00-59-00_002,40,clahe_otsu,9.2376708984375
640x_2025-05-16_00-59-00_002,40,clahe_otsu,10.321044921875
640x_2025-05-16_00-59-00_002,40,clahe_otsu,11.31591796875
640x_2025-05-16_00-59-00_002,40,clahe_otsu,11.91558837890625
640x_2025-05-16_00-59-00_002,40,clahe_otsu,38.41705322265625
80x_1_2025-05-22_14-48-00_003,80,unet,0.25525365490466356
80x_1_2025-05-22_14-48-00_003,80,unet,0.38084075786173344
80x_1_2025-05-22_14-48-00_003,80,unet,0.2533478429540992
80x_1_2025-05-22_14-48-00_003,80,unet,0.25381394661962986
80x_1_2025-05-22_14-48-00_003,80,unet,0.2548028016462922
80x_1_2025-05-22_14-48-00_003,80,unet,0.25286576710641384
80x_1_2025-05-22_14-48-00_003,80,unet,0.2750483341515064
80x_1_2025-05-22_14-48-00_003,80,unet,0.25403511244803667
80x_1_2025-05-22_14-48-00_003,80,unet,0.2537540392950177
80x_1_2025-05-22_14-48-00_003,80,unet,0.2535016043111682
80x_1_2025-05-22_14-48-00_003,80,unet,0.2529217628762126
80x_1_2025-05-22_14-48-00_003,80,unet,0.3350266255438328
80x_1_2025-05-22_14-48-00_003,80,unet,0.26437502820044756
80x_1_2025-05-22_14-48-00_003,80,unet,0.2534495899453759
80x_1_2025-05-22_14-48-00_003,80,unet,0.6111070048063993
80x_1_2025-05-22_14-48-00_003,80,unet,0.2617140533402562
80x_1_2025-05-22_14-48-00_003,80,unet,0.26292153634130955
80x_1_2025-05-22_14-48-00_003,80,unet,0.2831830643117428
80x_1_2025-05-22_14-48-00_003,80,unet,0.25304388254880905
80x_1_2025-05-22_14-48-00_003,80,unet,0.254632905125618
80x_1_2025-05-22_14-48-00_003,80,unet,0.2532851416617632
80x_1_2025-05-22_14-48-00_003,80,unet,0.25357522536069155
80x_1_2025-05-22_14-48-00_003,80,unet,0.31667398288846016
80x_1_2025-05-22_14-48-00_003,80,unet,0.25423038750886917
80x_1_2025-05-22_14-48-00_003,80,unet,0.25398628786206245
80x_1_2025-05-22_14-48-00_003,80,unet,0.25433634873479605
80x_1_2025-05-22_14-48-00_003,80,unet,0.254565360955894
80x_1_2025-05-22_14-48-00_003,80,unet,0.25471781846135855
80x_1_2025-05-22_14-48-00_003,80,unet,0.25424554478377104
80x_1_2025-05-22_14-48-00_003,80,unet,0.2539562061429024
80x_1_2025-05-22_14-48-00_003,80,unet,0.25333273224532604
80x_1_2025-05-22_14-48-00_003,80,unet,0.25957394391298294
80x_1_2025-05-22_14-48-00_003,80,unet,0.2521440852433443
80x_1_2025-05-22_14-48-00_003,80,unet,0.2531155711039901
80x_1_2025-05-22_14-48-00_003,80,unet,0.2589343348518014
80x_1_2025-05-22_14-48-00_003,80,unet,0.25356849655508995
80x_1_2025-05-22_14-48-00_003,80,unet,0.25633343029767275
80x_1_2025-05-22_14-48-00_003,80,unet,0.2582672517746687
80x_1_2025-05-22_14-48-00_003,80,unet,0.25317296385765076
80x_1_2025-05-22_14-48-00_003,80,unet,0.25326963514089584
80x_1_2025-05-22_14-48-00_003,80,unet,0.253534154035151
80x_1_2025-05-22_14-48-00_003,80,unet,0.2542461268603802
80x_1_2025-05-22_14-48-00_003,80,unet,0.3318868111819029
80x_1_2025-05-22_14-48-00_003,80,unet,0.25411329697817564
80x_1_2025-05-22_14-48-00_003,80,unet,0.2922880696132779
80x_1_2025-05-22_14-48-00_003,80,unet,0.2986192936077714
80x_1_2025-05-22_14-48-00_003,80,unet,0.316077028401196
80x_1_2025-05-22_14-48-00_003,80,unet,0.2524009207263589
80x_1_2025-05-22_14-48-00_003,80,unet,0.3479332197457552
80x_1_2025-05-22_14-48-00_003,80,unet,0.25291331112384796
80x_1_2025-05-22_14-48-00_003,80,unet,0.25317021645605564
80x_1_2025-05-22_14-48-00_003,80,unet,0.26545508299022913
80x_1_2025-05-22_14-48-00_003,80,unet,0.25372093077749014
80x_1_2025-05-22_14-48-00_003,80,unet,0.2545032650232315
80x_1_2025-05-22_14-48-00_003,80,unet,0.25426167994737625
80x_1_2025-05-22_14-48-00_003,80,unet,0.2531635109335184
80x_1_2025-05-22_14-48-00_003,80,unet,0.26245531626045704
80x_1_2025-05-22_14-48-00_003,80,unet,0.4745999351143837
80x_1_2025-05-22_14-48-00_003,80,unet,0.2548992168158293
80x_1_2025-05-22_14-48-00_003,80,unet,0.25516815949231386
80x_1_2025-05-22_14-48-00_003,80,unet,0.25533102452754974
80x_1_2025-05-22_14-48-00_003,80,unet,0.2540257992222905
80x_1_2025-05-22_14-48-00_003,80,unet,0.25232951156795025
80x_1_2025-05-22_14-48-00_003,80,unet,0.3518947632983327
80x_1_2025-05-22_14-48-00_003,80,unet,0.25581931695342064
80x_1_2025-05-22_14-48-00_003,80,unet,0.2523604314774275
80x_1_2025-05-22_14-48-00_003,80,unet,0.25573710445314646
80x_1_2025-05-22_14-48-00_003,80,unet,0.25389024522155523
80x_1_2025-05-22_14-48-00_003,80,unet,0.25331901852041483
80x_1_2025-05-22_14-48-00_003,80,unet,0.2774248830974102
80x_1_2025-05-22_14-48-00_003,80,unet,0.27827294543385506
80x_1_2025-05-22_14-48-00_003,80,unet,0.25308458134531975
80x_1_2025-05-22_14-48-00_003,80,unet,0.25456990115344524
80x_1_2025-05-22_14-48-00_003,80,unet,0.3030018415302038
80x_1_2025-05-22_14-48-00_003,80,unet,0.255212071351707
80x_1_2025-05-22_14-48-00_003,80,unet,0.3254966111853719
80x_1_2025-05-22_14-48-00_003,80,unet,0.25468317326158285
80x_1_2025-05-22_14-48-00_003,80,unet,0.2818475244566798
80x_1_2025-05-22_14-48-00_003,80,unet,0.3316899761557579
80x_1_2025-05-22_14-48-00_003,80,unet,0.2656959695741534
80x_1_2025-05-22_14-48-00_003,80,unet,0.6113154347985983
80x_1_2025-05-22_14-48-00_003,80,unet,0.2524864627048373
80x_1_2025-05-22_14-48-00_003,80,unet,0.25437045842409134
80x_1_2025-05-22_14-48-00_003,80,unet,0.2543382812291384
80x_1_2025-05-22_14-48-00_003,80,unet,0.263758166693151
80x_1_2025-05-22_14-48-00_003,80,unet,0.28966511599719524
80x_1_2025-05-22_14-48-00_003,80,unet,0.3745417110621929
80x_1_2025-05-22_14-48-00_003,80,unet,0.26403111405670643
80x_1_2025-05-22_14-48-00_003,80,unet,0.2633513184264302
80x_1_2025-05-22_14-48-00_003,80,unet,0.25917631573975086
80x_1_2025-05-22_14-48-00_003,80,unet,0.2576027065515518
80x_1_2025-05-22_14-48-00_003,80,unet,0.2613825025036931
80x_1_2025-05-22_14-48-00_003,80,unet,0.2619124948978424
80x_1_2025-05-22_14-48-00_003,80,unet,0.26253690011799335
80x_1_2025-05-22_14-48-00_003,80,unet,0.3092261264100671
80x_1_2025-05-22_14-48-00_003,80,unet,0.2538099652156234
80x_1_2025-05-22_14-48-00_003,80,unet,0.39350525476038456
80x_1_2025-05-22_14-48-00_003,80,unet,0.25575505569577217
80x_1_2025-05-22_14-48-00_003,80,unet,0.2551882294937968
80x_1_2025-05-22_14-48-00_003,80,unet,0.2779856789857149
80x_1_2025-05-22_14-48-00_003,80,unet,0.2709110267460346
80x_1_2025-05-22_14-48-00_003,80,unet,0.2757046138867736
80x_1_2025-05-22_14-48-00_003,80,unet,0.2795714884996414
80x_1_2025-05-22_14-48-00_003,80,unet,0.2715193433687091
80x_1_2025-05-22_14-48-00_003,80,unet,0.2603599801659584
80x_1_2025-05-22_14-48-00_003,80,unet,0.3074886742979288
80x_1_2025-05-22_14-48-00_003,80,unet,0.28029470704495907
80x_1_2025-05-22_14-48-00_003,80,unet,0.27003511786460876
80x_1_2025-05-22_14-48-00_003,80,unet,0.27666569221764803
80x_1_2025-05-22_14-48-00_003,80,unet,0.47997268848121166
80x_1_2025-05-22_14-48-00_003,80,unet,0.31751247588545084
80x_1_2025-05-22_14-48-00_003,80,unet,0.3070453181862831
80x_1_2025-05-22_14-48-00_003,80,unet,0.2968135755509138
80x_1_2025-05-22_14-48-00_003,80,unet,0.27332392055541277
80x_1_2025-05-22_14-48-00_003,80,unet,0.33896416425704956
80x_1_2025-05-22_14-48-00_003,80,unet,0.2750717103481293
80x_1_2025-05-22_14-48-00_003,80,unet,0.3202287945896387
80x_1_2025-05-22_14-48-00_003,80,unet,0.4226775374263525
80x_1_2025-05-22_14-48-00_003,80,unet,0.9977350942790508
80x_1_2025-05-22_14-48-00_003,80,unet,0.2743228105828166
80x_1_2025-05-22_14-48-00_003,80,resunet,1.307121105492115
80x_1_2025-05-22_14-48-00_003,80,resunet,1.934843324124813
80x_1_2025-05-22_14-48-00_003,80,resunet,0.045697559835389256
80x_1_2025-05-22_14-48-00_003,80,resunet,0.05136649124324322
80x_1_2025-05-22_14-48-00_003,80,resunet,0.046832935186102986
80x_1_2025-05-22_14-48-00_003,80,resunet,0.045683683129027486
80x_1_2025-05-22_14-48-00_003,80,resunet,0.4463945049792528
80x_1_2025-05-22_14-48-00_003,80,resunet,0.06533939158543944
80x_1_2025-05-22_14-48-00_003,80,resunet,0.9799191728234291
80x_1_2025-05-22_14-48-00_003,80,resunet,0.05974486120976508
80x_1_2025-05-22_14-48-00_003,80,resunet,0.047699338756501675
80x_1_2025-05-22_14-48-00_003,80,resunet,1.6642866656184196
80x_1_2025-05-22_14-48-00_003,80,resunet,0.827352236956358
80x_1_2025-05-22_14-48-00_003,80,resunet,0.16468638787046075
80x_1_2025-05-22_14-48-00_003,80,resunet,4.455339163541794
80x_1_2025-05-22_14-48-00_003,80,resunet,0.4799011629074812
80x_1_2025-05-22_14-48-00_003,80,resunet,0.054763618391007185
80x_1_2025-05-22_14-48-00_003,80,resunet,0.04725062754005194
80x_1_2025-05-22_14-48-00_003,80,resunet,0.04779943265020847
80x_1_2025-05-22_14-48-00_003,80,resunet,0.1761003164574504
80x_1_2025-05-22_14-48-00_003,80,resunet,0.04702433943748474
80x_1_2025-05-22_14-48-00_003,80,resunet,0.39257644675672054
80x_1_2025-05-22_14-48-00_003,80,resunet,0.07658096728846431
80x_1_2025-05-22_14-48-00_003,80,resunet,0.05113687366247177
80x_1_2025-05-22_14-48-00_003,80,resunet,0.2592165721580386
80x_1_2025-05-22_14-48-00_003,80,resunet,0.07777862483635545
80x_1_2025-05-22_14-48-00_003,80,resunet,0.12226959224790335
80x_1_2025-05-22_14-48-00_003,80,resunet,0.8669898845255375
80x_1_2025-05-22_14-48-00_003,80,resunet,1.1995372362434864
80x_1_2025-05-22_14-48-00_003,80,resunet,4.730440303683281
80x_1_2025-05-22_14-48-00_003,80,resunet,1.339146215468645
80x_1_2025-05-22_14-48-00_003,80,resunet,0.049057393334805965
80x_1_2025-05-22_14-48-00_003,80,resunet,0.05809745052829385
80x_1_2025-05-22_14-48-00_003,80,resunet,0.10399413295090199
80x_1_2025-05-22_14-48-00_003,80,resunet,0.0463110365672037
80x_1_2025-05-22_14-48-00_003,80,resunet,0.32910157460719347
80x_1_2025-05-22_14-48-00_003,80,resunet,0.04845201037824154
80x_1_2025-05-22_14-48-00_003,80,resunet,0.16699876869097352
80x_1_2025-05-22_14-48-00_003,80,resunet,0.047360401367768645
80x_1_2025-05-22_14-48-00_003,80,resunet,0.05169460200704634
80x_1_2025-05-22_14-48-00_003,80,resunet,0.23144746664911509
80x_1_2025-05-22_14-48-00_003,80,resunet,0.05895522190257907
80x_1_2025-05-22_14-48-00_003,80,resunet,0.9397636167705059
80x_1_2025-05-22_14-48-00_003,80,resunet,0.3259347518905997
80x_1_2025-05-22_14-48-00_003,80,resunet,1.785542070865631
80x_1_2025-05-22_14-48-00_003,80,resunet,0.5997983273118734
80x_1_2025-05-22_14-48-00_003,80,resunet,0.433615455403924
80x_1_2025-05-22_14-48-00_003,80,resunet,0.1504790736362338
80x_1_2025-05-22_14-48-00_003,80,resunet,0.22480422630906105
80x_1_2025-05-22_14-48-00_003,80,resunet,0.048328557750210166
80x_1_2025-05-22_14-48-00_003,80,resunet,0.8492225781083107
80x_1_2025-05-22_14-48-00_003,80,resunet,0.050362577894702554
80x_1_2025-05-22_14-48-00_003,80,resunet,0.04765687044709921
80x_1_2025-05-22_14-48-00_003,80,resunet,0.7624633144587278
80x_1_2025-05-22_14-48-00_003,80,resunet,0.057192431995645165
80x_1_2025-05-22_14-48-00_003,80,resunet,0.2868873067200184
80x_1_2025-05-22_14-48-00_003,80,resunet,0.6510772742331028
80x_1_2025-05-22_14-48-00_003,80,resunet,1.5872558578848839
80x_1_2025-05-22_14-48-00_003,80,resunet,0.611207028850913
80x_1_2025-05-22_14-48-00_003,80,resunet,1.430915854871273
80x_1_2025-05-22_14-48-00_003,80,resunet,0.9993413463234901
80x_1_2025-05-22_14-48-00_003,80,resunet,0.4846088122576475
80x_1_2025-05-22_14-48-00_003,80,resunet,0.13324833707883954
80x_1_2025-05-22_14-48-00_003,80,resunet,0.7472798228263855
80x_1_2025-05-22_14-48-00_003,80,resunet,0.11311410926282406
80x_1_2025-05-22_14-48-00_003,80,resunet,0.061136839212849736
80x_1_2025-05-22_14-48-00_003,80,resunet,0.04946773988194764
80x_1_2025-05-22_14-48-00_003,80,resunet,0.05005578859709203
80x_1_2025-05-22_14-48-00_003,80,resunet,0.4629686940461397
80x_1_2025-05-22_14-48-00_003,80,resunet,0.5826168693602085
80x_1_2025-05-22_14-48-00_003,80,resunet,0.42635700665414333
80x_1_2025-05-22_14-48-00_003,80,resunet,0.2035477664321661
80x_1_2025-05-22_14-48-00_003,80,resunet,0.2654631854966283
80x_1_2025-05-22_14-48-00_003,80,resunet,0.4606200382113457
80x_1_2025-05-22_14-48-00_003,80,resunet,1.5603967942297459
80x_1_2025-05-22_14-48-00_003,80,resunet,1.1368246749043465
80x_1_2025-05-22_14-48-00_003,80,resunet,0.5466846283525229
80x_1_2025-05-22_14-48-00_003,80,resunet,0.48005632124841213
80x_1_2025-05-22_14-48-00_003,80,resunet,0.22818956058472395
80x_1_2025-05-22_14-48-00_003,80,resunet,0.126366107724607
80x_1_2025-05-22_14-48-00_003,80,resunet,0.42062588036060333
80x_1_2025-05-22_14-48-00_003,80,resunet,0.37422217428684235
80x_1_2025-05-22_14-48-00_003,80,resunet,0.20133387297391891
80x_1_2025-05-22_14-48-00_003,80,resunet,0.27053018566221
80x_1_2025-05-22_14-48-00_003,80,resunet,0.784576591104269
80x_1_2025-05-22_14-48-00_003,80,resunet,0.34586258698254824
80x_1_2025-05-22_14-48-00_003,80,resunet,0.730421207845211
80x_1_2025-05-22_14-48-00_003,80,resunet,0.3424756461754441
80x_1_2025-05-22_14-48-00_003,80,resunet,0.3167124930769205
80x_1_2025-05-22_14-48-00_003,80,resunet,0.8364495821297169
80x_1_2025-05-22_14-48-00_003,80,resunet,0.5818905774503946
80x_1_2025-05-22_14-48-00_003,80,resunet,0.4653535783290863
80x_1_2025-05-22_14-48-00_003,80,resunet,0.3419574350118637
80x_1_2025-05-22_14-48-00_003,80,resunet,0.21387117449194193
80x_1_2025-05-22_14-48-00_003,80,resunet,0.24252836592495441
80x_1_2025-05-22_14-48-00_003,80,resunet,0.21836506202816963
80x_1_2025-05-22_14-48-00_003,80,resunet,0.09060493903234601
80x_1_2025-05-22_14-48-00_003,80,resunet,0.4779679700732231
80x_1_2025-05-22_14-48-00_003,80,resunet,0.06161968922242522
80x_1_2025-05-22_14-48-00_003,80,resunet,0.5290878470987082
80x_1_2025-05-22_14-48-00_003,80,resunet,0.24777718354016542
80x_1_2025-05-22_14-48-00_003,80,resunet,0.2562562469393015
80x_1_2025-05-22_14-48-00_003,80,resunet,0.517311180010438
80x_1_2025-05-22_14-48-00_003,80,resunet,0.3167228074744344
80x_1_2025-05-22_14-48-00_003,80,resunet,1.0868881829082966
80x_1_2025-05-22_14-48-00_003,80,resunet,1.276696566492319
80x_1_2025-05-22_14-48-00_003,80,resunet,0.49050115048885345
80x_1_2025-05-22_14-48-00_003,80,resunet,0.1988728530704975
80x_1_2025-05-22_14-48-00_003,80,resunet,0.07154730847105384
80x_1_2025-05-22_14-48-00_003,80,resunet,1.4070956967771053
80x_1_2025-05-22_14-48-00_003,80,resunet,0.14322004280984402
80x_1_2025-05-22_14-48-00_003,80,resunet,0.0744322722312063
80x_1_2025-05-22_14-48-00_003,80,resunet,0.4206857178360224
80x_1_2025-05-22_14-48-00_003,80,resunet,0.07263406878337264
80x_1_2025-05-22_14-48-00_003,80,resunet,0.39260387420654297
80x_1_2025-05-22_14-48-00_003,80,resunet,0.23257769644260406
80x_1_2025-05-22_14-48-00_003,80,resunet,0.1306041143834591
80x_1_2025-05-22_14-48-00_003,80,resunet,0.16442310297861695
80x_1_2025-05-22_14-48-00_003,80,resunet,1.1532441712915897
80x_1_2025-05-22_14-48-00_003,80,resunet,0.6952888797968626
80x_1_2025-05-22_14-48-00_003,80,attention_resunet,0.05494487704709172
80x_1_2025-05-22_14-48-00_003,80,attention_resunet,0.05513063515536487
80x_1_2025-05-22_14-48-00_003,80,attention_resunet,0.054796074982732534
80x_1_2025-05-22_14-48-00_003,80,attention_resunet,0.05515699740499258
80x_1_2025-05-22_14-48-00_003,80,attention_resunet,0.05481080152094364
80x_1_2025-05-22_14-48-00_003,80,attention_resunet,0.054711359553039074
80x_1_2025-05-22_14-48-00_003,80,attention_resunet,0.05632296670228243
80x_1_2025-05-22_14-48-00_003,80,attention_resunet,0.055466010235249996
80x_1_2025-05-22_14-48-00_003,80,attention_resunet,0.05686177173629403
80x_1_2025-05-22_14-48-00_003,80,attention_resunet,0.05520544946193695
80x_1_2025-05-22_14-48-00_003,80,attention_resunet,0.05512926145456731
80x_1_2025-05-22_14-48-00_003,80,attention_resunet,0.05503907450474799
80x_1_2025-05-22_14-48-00_003,80,attention_resunet,0.15358063392341137
80x_1_2025-05-22_14-48-00_003,80,attention_resunet,0.05424221162684262
80x_1_2025-05-22_14-48-00_003,80,attention_resunet,0.8802046068012714
80x_1_2025-05-22_14-48-00_003,80,attention_resunet,0.055610184790566564
80x_1_2025-05-22_14-48-00_003,80,attention_resunet,0.055530492682009935
80x_1_2025-05-22_14-48-00_003,80,attention_resunet,0.0554166326764971
80x_1_2025-05-22_14-48-00_003,80,attention_resunet,0.05496357334777713
80x_1_2025-05-22_14-48-00_003,80,attention_resunet,0.055231363512575626
80x_1_2025-05-22_14-48-00_003,80,attention_resunet,0.05524046719074249
80x_1_2025-05-22_14-48-00_003,80,attention_resunet,0.05504772998392582
80x_1_2025-05-22_14-48-00_003,80,attention_resunet,0.2484895521774888
80x_1_2025-05-22_14-48-00_003,80,attention_resunet,0.056402559857815504
80x_1_2025-05-22_14-48-00_003,80,attention_resunet,0.05540546262636781
80x_1_2025-05-22_14-48-00_003,80,attention_resunet,0.05550223286263645
80x_1_2025-05-22_14-48-00_003,80,attention_resunet,0.05612403037957847
80x_1_2025-05-22_14-48-00_003,80,attention_resunet,0.13257950777187943
80x_1_2025-05-22_14-48-00_003,80,attention_resunet,0.05520891863852739
80x_1_2025-05-22_14-48-00_003,80,attention_resunet,0.05468501476570964
80x_1_2025-05-22_14-48-00_003,80,attention_resunet,0.19587643910199404
80x_1_2025-05-22_14-48-00_003,80,attention_resunet,0.10397274745628238
80x_1_2025-05-22_14-48-00_003,80,attention_resunet,0.05511104827746749
80x_1_2025-05-22_14-48-00_003,80,attention_resunet,0.055498548317700624
80x_1_2025-05-22_14-48-00_003,80,attention_resunet,0.055004621390253305
80x_1_2025-05-22_14-48-00_003,80,attention_resunet,0.05556587129831314
80x_1_2025-05-22_14-48-00_003,80,attention_resunet,0.10900559136644006
80x_1_2025-05-22_14-48-00_003,80,attention_resunet,0.05466440925374627
80x_1_2025-05-22_14-48-00_003,80,attention_resunet,0.055088731460273266
80x_1_2025-05-22_14-48-00_003,80,attention_resunet,0.0549563963431865
80x_1_2025-05-22_14-48-00_003,80,attention_resunet,0.054878753144294024
80x_1_2025-05-22_14-48-00_003,80,attention_resunet,0.05435528000816703
80x_1_2025-05-22_14-48-00_003,80,attention_resunet,0.35091417375952005
80x_1_2025-05-22_14-48-00_003,80,attention_resunet,0.054732547141611576
80x_1_2025-05-22_14-48-00_003,80,attention_resunet,0.20104337017983198
80x_1_2025-05-22_14-48-00_003,80,attention_resunet,0.09029873181134462
80x_1_2025-05-22_14-48-00_003,80,attention_resunet,0.09992494015023112
80x_1_2025-05-22_14-48-00_003,80,attention_resunet,0.05458045634441078
80x_1_2025-05-22_14-48-00_003,80,attention_resunet,0.054415606427937746
80x_1_2025-05-22_14-48-00_003,80,attention_resunet,0.05453191697597504
80x_1_2025-05-22_14-48-00_003,80,attention_resunet,0.053987413411960006
80x_1_2025-05-22_14-48-00_003,80,attention_resunet,0.07806233479641378
80x_1_2025-05-22_14-48-00_003,80,attention_resunet,0.05445933202281594
80x_1_2025-05-22_14-48-00_003,80,attention_resunet,0.13745026662945747
80x_1_2025-05-22_14-48-00_003,80,attention_resunet,0.053927721455693245
80x_1_2025-05-22_14-48-00_003,80,attention_resunet,0.05852025933563709
80x_1_2025-05-22_14-48-00_003,80,attention_resunet,0.05474012577906251
80x_1_2025-05-22_14-48-00_003,80,attention_resunet,0.4936064127832651
80x_1_2025-05-22_14-48-00_003,80,attention_resunet,0.05535822710953653
80x_1_2025-05-22_14-48-00_003,80,attention_resunet,0.054774642921984196
80x_1_2025-05-22_14-48-00_003,80,attention_resunet,0.08585145114921033
80x_1_2025-05-22_14-48-00_003,80,attention_resunet,0.15934171387925744
80x_1_2025-05-22_14-48-00_003,80,attention_resunet,0.05283398204483092
80x_1_2025-05-22_14-48-00_003,80,attention_resunet,0.36351471208035946
80x_1_2025-05-22_14-48-00_003,80,attention_resunet,0.05315857706591487
80x_1_2025-05-22_14-48-00_003,80,attention_resunet,0.05375805194489658
80x_1_2025-05-22_14-48-00_003,80,attention_resunet,0.05253339768387377
80x_1_2025-05-22_14-48-00_003,80,attention_resunet,0.054243241902440786
80x_1_2025-05-22_14-48-00_003,80,attention_resunet,0.05414674524217844
80x_1_2025-05-22_14-48-00_003,80,attention_resunet,0.05360808572731912
80x_1_2025-05-22_14-48-00_003,80,attention_resunet,0.051069899927824736
80x_1_2025-05-22_14-48-00_003,80,attention_resunet,0.05097363609820604
80x_1_2025-05-22_14-48-00_003,80,attention_resunet,0.05189742078073323
80x_1_2025-05-22_14-48-00_003,80,attention_resunet,0.08449365268461406
80x_1_2025-05-22_14-48-00_003,80,attention_resunet,0.22989613935351372
80x_1_2025-05-22_14-48-00_003,80,attention_resunet,0.38068152498453856
80x_1_2025-05-22_14-48-00_003,80,attention_resunet,0.05402611568570137
80x_1_2025-05-22_14-48-00_003,80,attention_resunet,0.289456220343709
80x_1_2025-05-22_14-48-00_003,80,attention_resunet,0.05957299144938588
80x_1_2025-05-22_14-48-00_003,80,attention_resunet,0.05100543494336307
80x_1_2025-05-22_14-48-00_003,80,attention_resunet,0.05342904478311539
80x_1_2025-05-22_14-48-00_003,80,attention_resunet,0.055075506679713726
80x_1_2025-05-22_14-48-00_003,80,attention_resunet,0.051739474292844534
80x_1_2025-05-22_14-48-00_003,80,attention_resunet,0.09888740023598075
80x_1_2025-05-22_14-48-00_003,80,attention_resunet,0.05191892269067466
80x_1_2025-05-22_14-48-00_003,80,attention_resunet,0.05019019590690732
80x_1_2025-05-22_14-48-00_003,80,attention_resunet,0.368363200686872
80x_1_2025-05-22_14-48-00_003,80,attention_resunet,0.15663544181734324
80x_1_2025-05-22_14-48-00_003,80,attention_resunet,0.13666178565472364
80x_1_2025-05-22_14-48-00_003,80,attention_resunet,0.056972581660375
80x_1_2025-05-22_14-48-00_003,80,attention_resunet,0.13347284402698278
80x_1_2025-05-22_14-48-00_003,80,attention_resunet,0.05100621492601931
80x_1_2025-05-22_14-48-00_003,80,attention_resunet,0.0508667784743011
80x_1_2025-05-22_14-48-00_003,80,attention_resunet,0.06124266074039042
80x_1_2025-05-22_14-48-00_003,80,attention_resunet,0.05038006347604096
80x_1_2025-05-22_14-48-00_003,80,attention_resunet,0.05046551232226193
80x_1_2025-05-22_14-48-00_003,80,attention_resunet,0.05102565046399832
80x_1_2025-05-22_14-48-00_003,80,attention_resunet,0.054935074876993895
80x_1_2025-05-22_14-48-00_003,80,attention_resunet,0.05037674563936889
80x_1_2025-05-22_14-48-00_003,80,attention_resunet,0.05019590607844293
80x_1_2025-05-22_14-48-00_003,80,attention_resunet,0.05057561211287975
80x_1_2025-05-22_14-48-00_003,80,attention_resunet,0.13479189947247505
80x_1_2025-05-22_14-48-00_003,80,attention_resunet,0.09757775696925819
80x_1_2025-05-22_14-48-00_003,80,attention_resunet,0.05032875342294574
80x_1_2025-05-22_14-48-00_003,80,attention_resunet,0.049282395048066974
80x_1_2025-05-22_14-48-00_003,80,attention_resunet,0.515527930110693
80x_1_2025-05-22_14-48-00_003,80,attention_resunet,0.07096165791153908
80x_1_2025-05-22_14-48-00_003,80,attention_resunet,0.05063122371211648
80x_1_2025-05-22_14-48-00_003,80,attention_resunet,0.05184276378713548
80x_1_2025-05-22_14-48-00_003,80,attention_resunet,1.5936411917209625
80x_1_2025-05-22_14-48-00_003,80,attention_resunet,0.06613077712245286
80x_1_2025-05-22_14-48-00_003,80,attention_resunet,0.05127702606841922
80x_1_2025-05-22_14-48-00_003,80,attention_resunet,0.08952831849455833
80x_1_2025-05-22_14-48-00_003,80,attention_resunet,0.05520610138773918
80x_1_2025-05-22_14-48-00_003,80,attention_resunet,0.12953594559803605
80x_1_2025-05-22_14-48-00_003,80,attention_resunet,0.05164475296624005
80x_1_2025-05-22_14-48-00_003,80,attention_resunet,0.12988857924938202
80x_1_2025-05-22_14-48-00_003,80,attention_resunet,0.12609020341187716
80x_1_2025-05-22_14-48-00_003,80,attention_resunet,1.3643111102283
80x_1_2025-05-22_14-48-00_003,80,attention_resunet,0.3298740601167083
80x_1_2025-05-22_14-48-00_003,80,clahe_otsu,53.1341552734375
80x_1_2025-05-22_14-48-00_003,80,clahe_otsu,53.7841796875
80x_1_2025-05-22_14-48-00_003,80,clahe_otsu,55.92498779296875
80x_1_2025-05-22_14-48-00_003,80,clahe_otsu,55.5267333984375
80x_1_2025-05-22_14-48-00_003,80,clahe_otsu,53.84368896484375
80x_1_2025-05-22_14-48-00_003,80,clahe_otsu,54.5135498046875
80x_1_2025-05-22_14-48-00_003,80,clahe_otsu,54.6875
80x_1_2025-05-22_14-48-00_003,80,clahe_otsu,54.11376953125
80x_1_2025-05-22_14-48-00_003,80,clahe_otsu,52.86407470703125
80x_1_2025-05-22_14-48-00_003,80,clahe_otsu,54.2327880859375
80x_1_2025-05-22_14-48-00_003,80,clahe_otsu,53.27301025390625
80x_1_2025-05-22_14-48-00_003,80,clahe_otsu,53.28826904296875
80x_1_2025-05-22_14-48-00_003,80,clahe_otsu,52.21405029296875
80x_1_2025-05-22_14-48-00_003,80,clahe_otsu,53.350830078125
80x_1_2025-05-22_14-48-00_003,80,clahe_otsu,53.62548828125
80x_1_2025-05-22_14-48-00_003,80,clahe_otsu,54.8980712890625
80x_1_2025-05-22_14-48-00_003,80,clahe_otsu,54.669189453125
80x_1_2025-05-22_14-48-00_003,80,clahe_otsu,55.17578125
80x_1_2025-05-22_14-48-00_003,80,clahe_otsu,53.83758544921875
80x_1_2025-05-22_14-48-00_003,80,clahe_otsu,54.60968017578125
80x_1_2025-05-22_14-48-00_003,80,clahe_otsu,53.87115478515625
80x_1_2025-05-22_14-48-00_003,80,clahe_otsu,54.2694091796875
80x_1_2025-05-22_14-48-00_003,80,clahe_otsu,52.105712890625
80x_1_2025-05-22_14-48-00_003,80,clahe_otsu,53.4423828125
80x_1_2025-05-22_14-48-00_003,80,clahe_otsu,53.0975341796875
80x_1_2025-05-22_14-48-00_003,80,clahe_otsu,54.5867919921875
80x_1_2025-05-22_14-48-00_003,80,clahe_otsu,52.73590087890625
80x_1_2025-05-22_14-48-00_003,80,clahe_otsu,52.82745361328125
80x_1_2025-05-22_14-48-00_003,80,clahe_otsu,53.99169921875
80x_1_2025-05-22_14-48-00_003,80,clahe_otsu,50.80718994140625
80x_1_2025-05-22_14-48-00_003,80,clahe_otsu,54.82940673828125
80x_1_2025-05-22_14-48-00_003,80,clahe_otsu,52.9541015625
80x_1_2025-05-22_14-48-00_003,80,clahe_otsu,55.145263671875
80x_1_2025-05-22_14-48-00_003,80,clahe_otsu,51.9256591796875
80x_1_2025-05-22_14-48-00_003,80,clahe_otsu,54.193115234375
80x_1_2025-05-22_14-48-00_003,80,clahe_otsu,52.37884521484375
80x_1_2025-05-22_14-48-00_003,80,clahe_otsu,53.17535400390625
80x_1_2025-05-22_14-48-00_003,80,clahe_otsu,53.5247802734375
80x_1_2025-05-22_14-48-00_003,80,clahe_otsu,53.03192138671875
80x_1_2025-05-22_14-48-00_003,80,clahe_otsu,53.240966796875
80x_1_2025-05-22_14-48-00_003,80,clahe_otsu,53.3294677734375
80x_1_2025-05-22_14-48-00_003,80,clahe_otsu,54.18243408203125
80x_1_2025-05-22_14-48-00_003,80,clahe_otsu,52.0660400390625
80x_1_2025-05-22_14-48-00_003,80,clahe_otsu,50.811767578125
80x_1_2025-05-22_14-48-00_003,80,clahe_otsu,49.9786376953125
80x_1_2025-05-22_14-48-00_003,80,clahe_otsu,52.90679931640625
80x_1_2025-05-22_14-48-00_003,80,clahe_otsu,54.4036865234375
80x_1_2025-05-22_14-48-00_003,80,clahe_otsu,53.48968505859375
80x_1_2025-05-22_14-48-00_003,80,clahe_otsu,52.65960693359375
80x_1_2025-05-22_14-48-00_003,80,clahe_otsu,52.252197265625
80x_1_2025-05-22_14-48-00_003,80,clahe_otsu,52.490234375
80x_1_2025-05-22_14-48-00_003,80,clahe_otsu,53.72772216796875
80x_1_2025-05-22_14-48-00_003,80,clahe_otsu,53.9031982421875
80x_1_2025-05-22_14-48-00_003,80,clahe_otsu,52.3468017578125
80x_1_2025-05-22_14-48-00_003,80,clahe_otsu,52.23846435546875
80x_1_2025-05-22_14-48-00_003,80,clahe_otsu,52.2796630859375
80x_1_2025-05-22_14-48-00_003,80,clahe_otsu,50.775146484375
80x_1_2025-05-22_14-48-00_003,80,clahe_otsu,52.00653076171875
80x_1_2025-05-22_14-48-00_003,80,clahe_otsu,52.886962890625
80x_1_2025-05-22_14-48-00_003,80,clahe_otsu,51.01318359375
80x_1_2025-05-22_14-48-00_003,80,clahe_otsu,53.5614013671875
80x_1_2025-05-22_14-48-00_003,80,clahe_otsu,52.86102294921875
80x_1_2025-05-22_14-48-00_003,80,clahe_otsu,53.65142822265625
80x_1_2025-05-22_14-48-00_003,80,clahe_otsu,52.8656005859375
80x_1_2025-05-22_14-48-00_003,80,clahe_otsu,52.34222412109375
80x_1_2025-05-22_14-48-00_003,80,clahe_otsu,52.4566650390625
80x_1_2025-05-22_14-48-00_003,80,clahe_otsu,52.10113525390625
80x_1_2025-05-22_14-48-00_003,80,clahe_otsu,53.6529541015625
80x_1_2025-05-22_14-48-00_003,80,clahe_otsu,52.1942138671875
80x_1_2025-05-22_14-48-00_003,80,clahe_otsu,53.436279296875
80x_1_2025-05-22_14-48-00_003,80,clahe_otsu,50.8941650390625
80x_1_2025-05-22_14-48-00_003,80,clahe_otsu,51.0345458984375
80x_1_2025-05-22_14-48-00_003,80,clahe_otsu,53.082275390625
80x_1_2025-05-22_14-48-00_003,80,clahe_otsu,51.30462646484375
80x_1_2025-05-22_14-48-00_003,80,clahe_otsu,50.87127685546875
80x_1_2025-05-22_14-48-00_003,80,clahe_otsu,51.57928466796875
80x_1_2025-05-22_14-48-00_003,80,clahe_otsu,54.0985107421875
80x_1_2025-05-22_14-48-00_003,80,clahe_otsu,51.56707763671875
80x_1_2025-05-22_14-48-00_003,80,clahe_otsu,52.850341796875
80x_1_2025-05-22_14-48-00_003,80,clahe_otsu,50.78887939453125
80x_1_2025-05-22_14-48-00_003,80,clahe_otsu,52.2735595703125
80x_1_2025-05-22_14-48-00_003,80,clahe_otsu,51.6937255859375
80x_1_2025-05-22_14-48-00_003,80,clahe_otsu,52.1148681640625
80x_1_2025-05-22_14-48-00_003,80,clahe_otsu,53.0670166015625
80x_1_2025-05-22_14-48-00_003,80,clahe_otsu,52.264404296875
80x_1_2025-05-22_14-48-00_003,80,clahe_otsu,50.56915283203125
80x_1_2025-05-22_14-48-00_003,80,clahe_otsu,51.53961181640625
80x_1_2025-05-22_14-48-00_003,80,clahe_otsu,50.51422119140625
80x_1_2025-05-22_14-48-00_003,80,clahe_otsu,50.82244873046875
80x_1_2025-05-22_14-48-00_003,80,clahe_otsu,50.49896240234375
80x_1_2025-05-22_14-48-00_003,80,clahe_otsu,53.11279296875
80x_1_2025-05-22_14-48-00_003,80,clahe_otsu,52.95257568359375
80x_1_2025-05-22_14-48-00_003,80,clahe_otsu,51.0498046875
80x_1_2025-05-22_14-48-00_003,80,clahe_otsu,51.8463134765625
80x_1_2025-05-22_14-48-00_003,80,clahe_otsu,51.38397216796875
80x_1_2025-05-22_14-48-00_003,80,clahe_otsu,51.65252685546875
80x_1_2025-05-22_14-48-00_003,80,clahe_otsu,51.18408203125
80x_1_2025-05-22_14-48-00_003,80,clahe_otsu,51.15966796875
80x_1_2025-05-22_14-48-00_003,80,clahe_otsu,51.77459716796875
80x_1_2025-05-22_14-48-00_003,80,clahe_otsu,50.45166015625
80x_1_2025-05-22_14-48-00_003,80,clahe_otsu,50.86822509765625
80x_1_2025-05-22_14-48-00_003,80,clahe_otsu,50.59661865234375
80x_1_2025-05-22_14-48-00_003,80,clahe_otsu,50.63934326171875
80x_1_2025-05-22_14-48-00_003,80,clahe_otsu,50.244140625
80x_1_2025-05-22_14-48-00_003,80,clahe_otsu,51.04217529296875
80x_1_2025-05-22_14-48-00_003,80,clahe_otsu,53.32183837890625
80x_1_2025-05-22_14-48-00_003,80,clahe_otsu,51.48468017578125
80x_1_2025-05-22_14-48-00_003,80,clahe_otsu,51.5716552734375
80x_1_2025-05-22_14-48-00_003,80,clahe_otsu,51.64947509765625
80x_1_2025-05-22_14-48-00_003,80,clahe_otsu,51.0589599609375
80x_1_2025-05-22_14-48-00_003,80,clahe_otsu,50.48370361328125
80x_1_2025-05-22_14-48-00_003,80,clahe_otsu,50.775146484375
80x_1_2025-05-22_14-48-00_003,80,clahe_otsu,49.8291015625
80x_1_2025-05-22_14-48-00_003,80,clahe_otsu,50.66986083984375
80x_1_2025-05-22_14-48-00_003,80,clahe_otsu,51.0589599609375
80x_1_2025-05-22_14-48-00_003,80,clahe_otsu,50.11749267578125
80x_1_2025-05-22_14-48-00_003,80,clahe_otsu,50.299072265625
80x_1_2025-05-22_14-48-00_003,80,clahe_otsu,49.810791015625
80x_1_2025-05-22_14-48-00_003,80,clahe_otsu,49.4232177734375
80x_1_2025-05-22_14-48-00_003,80,clahe_otsu,50.74920654296875
80x_2_2025-05-22_14-48-00,80,unet,0.668959179893136
80x_2_2025-05-22_14-48-00,80,unet,0.25444142520427704
80x_2_2025-05-22_14-48-00,80,unet,0.2546637551859021
80x_2_2025-05-22_14-48-00,80,unet,0.3082522191107273
80x_2_2025-05-22_14-48-00,80,unet,0.253216247074306
80x_2_2025-05-22_14-48-00,80,unet,0.2600428881123662
80x_2_2025-05-22_14-48-00,80,unet,0.25375622790306807
80x_2_2025-05-22_14-48-00,80,unet,0.2548237796872854
80x_2_2025-05-22_14-48-00,80,unet,0.25406950153410435
80x_2_2025-05-22_14-48-00,80,unet,0.2575567224994302
80x_2_2025-05-22_14-48-00,80,unet,0.2539137378334999
80x_2_2025-05-22_14-48-00,80,unet,0.2541034948080778
80x_2_2025-05-22_14-48-00,80,unet,0.37523116916418076
80x_2_2025-05-22_14-48-00,80,unet,0.7472995202988386
80x_2_2025-05-22_14-48-00,80,unet,0.45476164668798447
80x_2_2025-05-22_14-48-00,80,unet,0.3777413396164775
80x_2_2025-05-22_14-48-00,80,unet,0.3538805292919278
80x_2_2025-05-22_14-48-00,80,unet,0.2545581432059407
80x_2_2025-05-22_14-48-00,80,unet,0.2545346971601248
80x_2_2025-05-22_14-48-00,80,unet,0.25468210224062204
80x_2_2025-05-22_14-48-00,80,unet,0.25541377253830433
80x_2_2025-05-22_14-48-00,80,unet,0.2542929956689477
80x_2_2025-05-22_14-48-00,80,unet,0.2602997934445739
80x_2_2025-05-22_14-48-00,80,unet,0.2539228880777955
80x_2_2025-05-22_14-48-00,80,unet,0.2552811522036791
80x_2_2025-05-22_14-48-00,80,unet,0.2547894837334752
80x_2_2025-05-22_14-48-00,80,unet,0.2552682999521494
80x_2_2025-05-22_14-48-00,80,unet,1.1586245149374008
80x_2_2025-05-22_14-48-00,80,unet,0.25461099576205015
80x_2_2025-05-22_14-48-00,80,unet,0.415970291942358
80x_2_2025-05-22_14-48-00,80,unet,0.2982263918966055
80x_2_2025-05-22_14-48-00,80,unet,0.25459073949605227
80x_2_2025-05-22_14-48-00,80,unet,0.25495083536952734
80x_2_2025-05-22_14-48-00,80,unet,0.2557598054409027
80x_2_2025-05-22_14-48-00,80,unet,0.2538713160902262
80x_2_2025-05-22_14-48-00,80,unet,0.2575320191681385
80x_2_2025-05-22_14-48-00,80,unet,0.2569891279563308
80x_2_2025-05-22_14-48-00,80,unet,0.2552807331085205
80x_2_2025-05-22_14-48-00,80,unet,0.2544886898249388
80x_2_2025-05-22_14-48-00,80,unet,0.25940246414393187
80x_2_2025-05-22_14-48-00,80,unet,0.25402167811989784
80x_2_2025-05-22_14-48-00,80,unet,0.2553739119321108
80x_2_2025-05-22_14-48-00,80,unet,0.2575454767793417
80x_2_2025-05-22_14-48-00,80,unet,0.4653331357985735
80x_2_2025-05-22_14-48-00,80,unet,0.4844067618250847
80x_2_2025-05-22_14-48-00,80,unet,0.39075701497495174
80x_2_2025-05-22_14-48-00,80,unet,0.25410372763872147
80x_2_2025-05-22_14-48-00,80,unet,0.25451499968767166
80x_2_2025-05-22_14-48-00,80,unet,0.2524658106267452
80x_2_2025-05-22_14-48-00,80,unet,0.2599633065983653
80x_2_2025-05-22_14-48-00,80,unet,0.29523689299821854
80x_2_2025-05-22_14-48-00,80,unet,0.25338996201753616
80x_2_2025-05-22_14-48-00,80,unet,0.2532806945964694
80x_2_2025-05-22_14-48-00,80,unet,0.25456976145505905
80x_2_2025-05-22_14-48-00,80,unet,0.2944347681477666
80x_2_2025-05-22_14-48-00,80,unet,0.2535780891776085
80x_2_2025-05-22_14-48-00,80,unet,0.27775634080171585
80x_2_2025-05-22_14-48-00,80,unet,0.33758170902729034
80x_2_2025-05-22_14-48-00,80,unet,0.2550091128796339
80x_2_2025-05-22_14-48-00,80,unet,0.28371212538331747
80x_2_2025-05-22_14-48-00,80,unet,0.2745850011706352
80x_2_2025-05-22_14-48-00,80,unet,0.2724172780290246
80x_2_2025-05-22_14-48-00,80,unet,0.2741520293056965
80x_2_2025-05-22_14-48-00,80,unet,0.3287067171186209
80x_2_2025-05-22_14-48-00,80,unet,0.26465943083167076
80x_2_2025-05-22_14-48-00,80,unet,0.25556033942848444
80x_2_2025-05-22_14-48-00,80,unet,0.2593880286440253
80x_2_2025-05-22_14-48-00,80,unet,0.2571691293269396
80x_2_2025-05-22_14-48-00,80,unet,0.2547284821048379
80x_2_2025-05-22_14-48-00,80,unet,0.26486278511583805
80x_2_2025-05-22_14-48-00,80,unet,0.25936535093933344
80x_2_2025-05-22_14-48-00,80,unet,0.26800897903740406
80x_2_2025-05-22_14-48-00,80,unet,0.263034226372838
80x_2_2025-05-22_14-48-00,80,unet,0.2761183772236109
80x_2_2025-05-22_14-48-00,80,unet,0.2557068597525358
80x_2_2025-05-22_14-48-00,80,unet,0.28472840785980225
80x_2_2025-05-22_14-48-00,80,unet,0.27826116420328617
80x_2_2025-05-22_14-48-00,80,unet,0.31773692462593317
80x_2_2025-05-22_14-48-00,80,unet,0.27657998725771904
80x_2_2025-05-22_14-48-00,80,unet,0.28352688532322645
80x_2_2025-05-22_14-48-00,80,unet,0.2724757883697748
80x_2_2025-05-22_14-48-00,80,unet,0.26806474197655916
80x_2_2025-05-22_14-48-00,80,unet,0.2685159910470247
80x_2_2025-05-22_14-48-00,80,unet,0.2687963889911771
80x_2_2025-05-22_14-48-00,80,unet,0.3885941579937935
80x_2_2025-05-22_14-48-00,80,unet,0.2708213869482279
80x_2_2025-05-22_14-48-00,80,unet,0.27571169193834066
80x_2_2025-05-22_14-48-00,80,unet,0.2863111672922969
80x_2_2025-05-22_14-48-00,80,unet,0.3726890776306391
80x_2_2025-05-22_14-48-00,80,unet,0.3380438778549433
80x_2_2025-05-22_14-48-00,80,unet,0.3030098509043455
80x_2_2025-05-22_14-48-00,80,unet,0.2892449963837862
80x_2_2025-05-22_14-48-00,80,unet,0.28649442829191685
80x_2_2025-05-22_14-48-00,80,unet,0.2850673161447048
80x_2_2025-05-22_14-48-00,80,unet,0.28242082335054874
80x_2_2025-05-22_14-48-00,80,unet,0.27731864247471094
80x_2_2025-05-22_14-48-00,80,unet,0.2923967782407999
80x_2_2025-05-22_14-48-00,80,unet,0.33858586102724075
80x_2_2025-05-22_14-48-00,80,unet,0.2741290256381035
80x_2_2025-05-22_14-48-00,80,unet,0.33875482622534037
80x_2_2025-05-22_14-48-00,80,unet,0.33517121337354183
80x_2_2025-05-22_14-48-00,80,unet,0.39227884262800217
80x_2_2025-05-22_14-48-00,80,unet,0.2814939012750983
80x_2_2025-05-22_14-48-00,80,unet,0.2772497944533825
80x_2_2025-05-22_14-48-00,80,unet,0.28939659241586924
80x_2_2025-05-22_14-48-00,80,unet,0.2775584813207388
80x_2_2025-05-22_14-48-00,80,unet,0.287768105044961
80x_2_2025-05-22_14-48-00,80,unet,0.28773893136531115
80x_2_2025-05-22_14-48-00,80,unet,0.3261589212343097
80x_2_2025-05-22_14-48-00,80,unet,0.3005737205967307
80x_2_2025-05-22_14-48-00,80,unet,0.2807161305099726
80x_2_2025-05-22_14-48-00,80,unet,0.2832853002473712
80x_2_2025-05-22_14-48-00,80,unet,0.27593299746513367
80x_2_2025-05-22_14-48-00,80,unet,0.33192308619618416
80x_2_2025-05-22_14-48-00,80,unet,0.28186452109366655
80x_2_2025-05-22_14-48-00,80,unet,0.27472670190036297
80x_2_2025-05-22_14-48-00,80,unet,0.2858781721442938
80x_2_2025-05-22_14-48-00,80,unet,0.27651607524603605
80x_2_2025-05-22_14-48-00,80,unet,0.29206229373812675
80x_2_2025-05-22_14-48-00,80,unet,0.2781433053314686
80x_2_2025-05-22_14-48-00,80,resunet,4.322362318634987
80x_2_2025-05-22_14-48-00,80,resunet,0.572415255010128
80x_2_2025-05-22_14-48-00,80,resunet,0.304097356274724
80x_2_2025-05-22_14-48-00,80,resunet,0.17471194732934237
80x_2_2025-05-22_14-48-00,80,resunet,0.27140993624925613
80x_2_2025-05-22_14-48-00,80,resunet,0.22456273436546326
80x_2_2025-05-22_14-48-00,80,resunet,0.05009237793274224
80x_2_2025-05-22_14-48-00,80,resunet,0.05128646153025329
80x_2_2025-05-22_14-48-00,80,resunet,0.6136318203061819
80x_2_2025-05-22_14-48-00,80,resunet,0.509315449744463
80x_2_2025-05-22_14-48-00,80,resunet,0.5738733801990747
80x_2_2025-05-22_14-48-00,80,resunet,0.3214071737602353
80x_2_2025-05-22_14-48-00,80,resunet,1.7829187214374542
80x_2_2025-05-22_14-48-00,80,resunet,9.389455616474152
80x_2_2025-05-22_14-48-00,80,resunet,1.7139336094260216
80x_2_2025-05-22_14-48-00,80,resunet,0.547365378588438
80x_2_2025-05-22_14-48-00,80,resunet,0.8543234318494797
80x_2_2025-05-22_14-48-00,80,resunet,0.12139977188780904
80x_2_2025-05-22_14-48-00,80,resunet,0.4581103101372719
80x_2_2025-05-22_14-48-00,80,resunet,0.25229817256331444
80x_2_2025-05-22_14-48-00,80,resunet,0.11699737515300512
80x_2_2025-05-22_14-48-00,80,resunet,0.04786916542798281
80x_2_2025-05-22_14-48-00,80,resunet,0.06585201481357217
80x_2_2025-05-22_14-48-00,80,resunet,0.05551544018089771
80x_2_2025-05-22_14-48-00,80,resunet,0.09892219677567482
80x_2_2025-05-22_14-48-00,80,resunet,2.0795831456780434
80x_2_2025-05-22_14-48-00,80,resunet,0.11420154478400946
80x_2_2025-05-22_14-48-00,80,resunet,0.5957162939012051
80x_2_2025-05-22_14-48-00,80,resunet,1.9739637151360512
80x_2_2025-05-22_14-48-00,80,resunet,8.324739336967468
80x_2_2025-05-22_14-48-00,80,resunet,0.26224637404084206
80x_2_2025-05-22_14-48-00,80,resunet,0.09828899055719376
80x_2_2025-05-22_14-48-00,80,resunet,0.09193778387270868
80x_2_2025-05-22_14-48-00,80,resunet,0.07687099277973175
80x_2_2025-05-22_14-48-00,80,resunet,0.38763699121773243
80x_2_2025-05-22_14-48-00,80,resunet,0.05362497759051621
80x_2_2025-05-22_14-48-00,80,resunet,0.21096565760672092
80x_2_2025-05-22_14-48-00,80,resunet,0.11408708523958921
80x_2_2025-05-22_14-48-00,80,resunet,0.23896228522062302
80x_2_2025-05-22_14-48-00,80,resunet,0.47214957885444164
80x_2_2025-05-22_14-48-00,80,resunet,0.12989401584491134
80x_2_2025-05-22_14-48-00,80,resunet,0.36213609855622053
80x_2_2025-05-22_14-48-00,80,resunet,0.25899093598127365
80x_2_2025-05-22_14-48-00,80,resunet,0.7862141355872154
80x_2_2025-05-22_14-48-00,80,resunet,6.357719004154205
80x_2_2025-05-22_14-48-00,80,resunet,0.15677361516281962
80x_2_2025-05-22_14-48-00,80,resunet,0.17959633842110634
80x_2_2025-05-22_14-48-00,80,resunet,0.13261421117931604
80x_2_2025-05-22_14-48-00,80,resunet,0.06922278553247452
80x_2_2025-05-22_14-48-00,80,resunet,0.12795684160664678
80x_2_2025-05-22_14-48-00,80,resunet,0.1462000305764377
80x_2_2025-05-22_14-48-00,80,resunet,0.23182227741926908
80x_2_2025-05-22_14-48-00,80,resunet,0.13613358605653048
80x_2_2025-05-22_14-48-00,80,resunet,0.12878035195171833
80x_2_2025-05-22_14-48-00,80,resunet,0.32370369881391525
80x_2_2025-05-22_14-48-00,80,resunet,0.1809871639125049
80x_2_2025-05-22_14-48-00,80,resunet,0.5304625257849693
80x_2_2025-05-22_14-48-00,80,resunet,0.5640414077788591
80x_2_2025-05-22_14-48-00,80,resunet,0.27839825488626957
80x_2_2025-05-22_14-48-00,80,resunet,2.4459252133965492
80x_2_2025-05-22_14-48-00,80,resunet,0.20460947416722775
80x_2_2025-05-22_14-48-00,80,resunet,0.2363251056522131
80x_2_2025-05-22_14-48-00,80,resunet,0.48844898119568825
80x_2_2025-05-22_14-48-00,80,resunet,0.24578743614256382
80x_2_2025-05-22_14-48-00,80,resunet,0.209299148991704
80x_2_2025-05-22_14-48-00,80,resunet,0.09506301139481366
80x_2_2025-05-22_14-48-00,80,resunet,0.303107313811779
80x_2_2025-05-22_14-48-00,80,resunet,0.06303832051344216
80x_2_2025-05-22_14-48-00,80,resunet,0.1426060451194644
80x_2_2025-05-22_14-48-00,80,resunet,0.28792847879230976
80x_2_2025-05-22_14-48-00,80,resunet,0.35761180333793163
80x_2_2025-05-22_14-48-00,80,resunet,0.1560018863528967
80x_2_2025-05-22_14-48-00,80,resunet,0.38303122855722904
80x_2_2025-05-22_14-48-00,80,resunet,0.13419458409771323
80x_2_2025-05-22_14-48-00,80,resunet,0.7285263389348984
80x_2_2025-05-22_14-48-00,80,resunet,0.3983536269515753
80x_2_2025-05-22_14-48-00,80,resunet,0.28191928286105394
80x_2_2025-05-22_14-48-00,80,resunet,0.21747236605733633
80x_2_2025-05-22_14-48-00,80,resunet,0.13581104576587677
80x_2_2025-05-22_14-48-00,80,resunet,0.16470799455419183
80x_2_2025-05-22_14-48-00,80,resunet,0.13083756202831864
80x_2_2025-05-22_14-48-00,80,resunet,0.17309468239545822
80x_2_2025-05-22_14-48-00,80,resunet,0.0850516720674932
80x_2_2025-05-22_14-48-00,80,resunet,0.14643098693341017
80x_2_2025-05-22_14-48-00,80,resunet,0.5670551210641861
80x_2_2025-05-22_14-48-00,80,resunet,0.06255488260649145
80x_2_2025-05-22_14-48-00,80,resunet,0.13926029205322266
80x_2_2025-05-22_14-48-00,80,resunet,0.2810135018080473
80x_2_2025-05-22_14-48-00,80,resunet,0.37678268272429705
80x_2_2025-05-22_14-48-00,80,resunet,0.3049236489459872
80x_2_2025-05-22_14-48-00,80,resunet,0.2520668087527156
80x_2_2025-05-22_14-48-00,80,resunet,0.25732454378157854
80x_2_2025-05-22_14-48-00,80,resunet,0.3295833012089133
80x_2_2025-05-22_14-48-00,80,resunet,0.07938566850498319
80x_2_2025-05-22_14-48-00,80,resunet,0.09018884738907218
80x_2_2025-05-22_14-48-00,80,resunet,0.09343948331661522
80x_2_2025-05-22_14-48-00,80,resunet,0.0724979501683265
80x_2_2025-05-22_14-48-00,80,resunet,0.16299979761242867
80x_2_2025-05-22_14-48-00,80,resunet,0.21446768660098314
80x_2_2025-05-22_14-48-00,80,resunet,0.19463107455521822
80x_2_2025-05-22_14-48-00,80,resunet,0.1059846836142242
80x_2_2025-05-22_14-48-00,80,resunet,0.1147974980995059
80x_2_2025-05-22_14-48-00,80,resunet,0.23451661691069603
80x_2_2025-05-22_14-48-00,80,resunet,0.21186154335737228
80x_2_2025-05-22_14-48-00,80,resunet,0.6404672283679247
80x_2_2025-05-22_14-48-00,80,resunet,0.0687022227793932
80x_2_2025-05-22_14-48-00,80,resunet,0.24371151812374592
80x_2_2025-05-22_14-48-00,80,resunet,0.06313819321803749
80x_2_2025-05-22_14-48-00,80,resunet,0.15455925604328513
80x_2_2025-05-22_14-48-00,80,resunet,0.08294176659546793
80x_2_2025-05-22_14-48-00,80,resunet,0.21895715035498142
80x_2_2025-05-22_14-48-00,80,resunet,0.05889040185138583
80x_2_2025-05-22_14-48-00,80,resunet,0.05783721571788192
80x_2_2025-05-22_14-48-00,80,resunet,0.14862637035548687
80x_2_2025-05-22_14-48-00,80,resunet,0.11102291755378246
80x_2_2025-05-22_14-48-00,80,resunet,0.08042334811761975
80x_2_2025-05-22_14-48-00,80,resunet,0.060868955915793777
80x_2_2025-05-22_14-48-00,80,resunet,0.06067159119993448
80x_2_2025-05-22_14-48-00,80,resunet,0.24067768827080727
80x_2_2025-05-22_14-48-00,80,resunet,0.5014696158468723
80x_2_2025-05-22_14-48-00,80,attention_resunet,0.6238948553800583
80x_2_2025-05-22_14-48-00,80,attention_resunet,1.0528923012316227
80x_2_2025-05-22_14-48-00,80,attention_resunet,0.05616905982606113
80x_2_2025-05-22_14-48-00,80,attention_resunet,0.05624248296953738
80x_2_2025-05-22_14-48-00,80,attention_resunet,0.05503602442331612
80x_2_2025-05-22_14-48-00,80,attention_resunet,0.05559041746892035
80x_2_2025-05-22_14-48-00,80,attention_resunet,0.05544868181459606
80x_2_2025-05-22_14-48-00,80,attention_resunet,0.05537752294912934
80x_2_2025-05-22_14-48-00,80,attention_resunet,0.2134563634172082
80x_2_2025-05-22_14-48-00,80,attention_resunet,0.05462563713081181
80x_2_2025-05-22_14-48-00,80,attention_resunet,0.05551872309297323
80x_2_2025-05-22_14-48-00,80,attention_resunet,0.07286114851012826
80x_2_2025-05-22_14-48-00,80,attention_resunet,1.5132163651287556
80x_2_2025-05-22_14-48-00,80,attention_resunet,0.05506908055394888
80x_2_2025-05-22_14-48-00,80,attention_resunet,0.05403890390880406
80x_2_2025-05-22_14-48-00,80,attention_resunet,0.06035866099409759
80x_2_2025-05-22_14-48-00,80,attention_resunet,0.13508922420442104
80x_2_2025-05-22_14-48-00,80,attention_resunet,0.08325125672854483
80x_2_2025-05-22_14-48-00,80,attention_resunet,0.05574403330683708
80x_2_2025-05-22_14-48-00,80,attention_resunet,0.05609938525594771
80x_2_2025-05-22_14-48-00,80,attention_resunet,0.055784976575523615
80x_2_2025-05-22_14-48-00,80,attention_resunet,0.05559878773055971
80x_2_2025-05-22_14-48-00,80,attention_resunet,0.05570533685386181
80x_2_2025-05-22_14-48-00,80,attention_resunet,0.30555175617337227
80x_2_2025-05-22_14-48-00,80,attention_resunet,0.05411294987425208
80x_2_2025-05-22_14-48-00,80,attention_resunet,1.0206665843725204
80x_2_2025-05-22_14-48-00,80,attention_resunet,0.12909817742183805
80x_2_2025-05-22_14-48-00,80,attention_resunet,0.7077179849147797
80x_2_2025-05-22_14-48-00,80,attention_resunet,0.05530412308871746
80x_2_2025-05-22_14-48-00,80,attention_resunet,0.054778438061475754
80x_2_2025-05-22_14-48-00,80,attention_resunet,0.9834546595811844
80x_2_2025-05-22_14-48-00,80,attention_resunet,0.2727105747908354
80x_2_2025-05-22_14-48-00,80,attention_resunet,0.05321780336089432
80x_2_2025-05-22_14-48-00,80,attention_resunet,0.14551352942362428
80x_2_2025-05-22_14-48-00,80,attention_resunet,0.0559191161300987
80x_2_2025-05-22_14-48-00,80,attention_resunet,0.054148712661117315
80x_2_2025-05-22_14-48-00,80,attention_resunet,0.22417870350182056
80x_2_2025-05-22_14-48-00,80,attention_resunet,0.054467364680022
80x_2_2025-05-22_14-48-00,80,attention_resunet,0.05511061172001064
80x_2_2025-05-22_14-48-00,80,attention_resunet,0.08871382451616228
80x_2_2025-05-22_14-48-00,80,attention_resunet,0.05339049967005849
80x_2_2025-05-22_14-48-00,80,attention_resunet,0.38958981167525053
80x_2_2025-05-22_14-48-00,80,attention_resunet,0.27971756644546986
80x_2_2025-05-22_14-48-00,80,attention_resunet,0.47701671719551086
80x_2_2025-05-22_14-48-00,80,attention_resunet,0.05509363254532218
80x_2_2025-05-22_14-48-00,80,attention_resunet,0.0508778088260442
80x_2_2025-05-22_14-48-00,80,attention_resunet,0.05089322221465409
80x_2_2025-05-22_14-48-00,80,attention_resunet,0.1277106930501759
80x_2_2025-05-22_14-48-00,80,attention_resunet,0.04959941143169999
80x_2_2025-05-22_14-48-00,80,attention_resunet,0.27127787470817566
80x_2_2025-05-22_14-48-00,80,attention_resunet,0.052015273831784725
80x_2_2025-05-22_14-48-00,80,attention_resunet,0.05040335236117244
80x_2_2025-05-22_14-48-00,80,attention_resunet,0.05301786004565656
80x_2_2025-05-22_14-48-00,80,attention_resunet,0.07046138634905219
80x_2_2025-05-22_14-48-00,80,attention_resunet,0.05840108497068286
80x_2_2025-05-22_14-48-00,80,attention_resunet,0.09862438309937716
80x_2_2025-05-22_14-48-00,80,attention_resunet,0.18085483461618423
80x_2_2025-05-22_14-48-00,80,attention_resunet,0.33667979296296835
80x_2_2025-05-22_14-48-00,80,attention_resunet,0.07637616945430636
80x_2_2025-05-22_14-48-00,80,attention_resunet,0.0695086782798171
80x_2_2025-05-22_14-48-00,80,attention_resunet,0.24077503476291895
80x_2_2025-05-22_14-48-00,80,attention_resunet,0.051869527669623494
80x_2_2025-05-22_14-48-00,80,attention_resunet,0.3252446185797453
80x_2_2025-05-22_14-48-00,80,attention_resunet,0.07987949647940695
80x_2_2025-05-22_14-48-00,80,attention_resunet,0.135705410502851
80x_2_2025-05-22_14-48-00,80,attention_resunet,0.049396161921322346
80x_2_2025-05-22_14-48-00,80,attention_resunet,0.29009319841861725
80x_2_2025-05-22_14-48-00,80,attention_resunet,0.05346972611732781
80x_2_2025-05-22_14-48-00,80,attention_resunet,0.04888426046818495
80x_2_2025-05-22_14-48-00,80,attention_resunet,0.0508470693603158
80x_2_2025-05-22_14-48-00,80,attention_resunet,0.25411529932171106
80x_2_2025-05-22_14-48-00,80,attention_resunet,0.055256765335798264
80x_2_2025-05-22_14-48-00,80,attention_resunet,0.07296588737517595
80x_2_2025-05-22_14-48-00,80,attention_resunet,0.1073707127943635
80x_2_2025-05-22_14-48-00,80,attention_resunet,0.5577953532338142
80x_2_2025-05-22_14-48-00,80,attention_resunet,0.20860859658569098
80x_2_2025-05-22_14-48-00,80,attention_resunet,0.1617485424503684
80x_2_2025-05-22_14-48-00,80,attention_resunet,0.15741504030302167
80x_2_2025-05-22_14-48-00,80,attention_resunet,0.12292887549847364
80x_2_2025-05-22_14-48-00,80,attention_resunet,0.08630609372630715
80x_2_2025-05-22_14-48-00,80,attention_resunet,0.051627535140141845
80x_2_2025-05-22_14-48-00,80,attention_resunet,0.050269177882000804
80x_2_2025-05-22_14-48-00,80,attention_resunet,0.05212399992160499
80x_2_2025-05-22_14-48-00,80,attention_resunet,0.07182644912973046
80x_2_2025-05-22_14-48-00,80,attention_resunet,0.05084122531116009
80x_2_2025-05-22_14-48-00,80,attention_resunet,0.050993962213397026
80x_2_2025-05-22_14-48-00,80,attention_resunet,0.05308890249580145
80x_2_2025-05-22_14-48-00,80,attention_resunet,0.10805506026372313
80x_2_2025-05-22_14-48-00,80,attention_resunet,0.15421862481161952
80x_2_2025-05-22_14-48-00,80,attention_resunet,0.09428654448129237
80x_2_2025-05-22_14-48-00,80,attention_resunet,0.054244708735495806
80x_2_2025-05-22_14-48-00,80,attention_resunet,0.1790615264326334
80x_2_2025-05-22_14-48-00,80,attention_resunet,0.23832488805055618
80x_2_2025-05-22_14-48-00,80,attention_resunet,0.05468393792398274
80x_2_2025-05-22_14-48-00,80,attention_resunet,0.05376318586058915
80x_2_2025-05-22_14-48-00,80,attention_resunet,0.0731519132386893
80x_2_2025-05-22_14-48-00,80,attention_resunet,0.052657758351415396
80x_2_2025-05-22_14-48-00,80,attention_resunet,0.06231639417819679
80x_2_2025-05-22_14-48-00,80,attention_resunet,0.13311418006196618
80x_2_2025-05-22_14-48-00,80,attention_resunet,0.3146762726828456
80x_2_2025-05-22_14-48-00,80,attention_resunet,0.05386527627706528
80x_2_2025-05-22_14-48-00,80,attention_resunet,0.11298888130113482
80x_2_2025-05-22_14-48-00,80,attention_resunet,0.30162264592945576
80x_2_2025-05-22_14-48-00,80,attention_resunet,0.07779055158607662
80x_2_2025-05-22_14-48-00,80,attention_resunet,0.17070918111130595
80x_2_2025-05-22_14-48-00,80,attention_resunet,0.05673837731592357
80x_2_2025-05-22_14-48-00,80,attention_resunet,0.08158697746694088
80x_2_2025-05-22_14-48-00,80,attention_resunet,0.05515820812433958
80x_2_2025-05-22_14-48-00,80,attention_resunet,0.19370975205674767
80x_2_2025-05-22_14-48-00,80,attention_resunet,0.0741084513720125
80x_2_2025-05-22_14-48-00,80,attention_resunet,0.11914119822904468
80x_2_2025-05-22_14-48-00,80,attention_resunet,0.05736437742598355
80x_2_2025-05-22_14-48-00,80,attention_resunet,0.059516262263059616
80x_2_2025-05-22_14-48-00,80,attention_resunet,0.05607767961919308
80x_2_2025-05-22_14-48-00,80,attention_resunet,0.05857638316228986
80x_2_2025-05-22_14-48-00,80,attention_resunet,0.0546859169844538
80x_2_2025-05-22_14-48-00,80,attention_resunet,0.388566916808486
80x_2_2025-05-22_14-48-00,80,attention_resunet,0.054901366820558906
80x_2_2025-05-22_14-48-00,80,attention_resunet,0.15736669301986694
80x_2_2025-05-22_14-48-00,80,attention_resunet,1.017424464225769
80x_2_2025-05-22_14-48-00,80,clahe_otsu,47.894287109375
80x_2_2025-05-22_14-48-00,80,clahe_otsu,45.42083740234375
80x_2_2025-05-22_14-48-00,80,clahe_otsu,45.4742431640625
80x_2_2025-05-22_14-48-00,80,clahe_otsu,44.75250244140625
80x_2_2025-05-22_14-48-00,80,clahe_otsu,46.875
80x_2_2025-05-22_14-48-00,80,clahe_otsu,45.361328125
80x_2_2025-05-22_14-48-00,80,clahe_otsu,45.27435302734375
80x_2_2025-05-22_14-48-00,80,clahe_otsu,46.7742919921875
80x_2_2025-05-22_14-48-00,80,clahe_otsu,45.0286865234375
80x_2_2025-05-22_14-48-00,80,clahe_otsu,46.49200439453125
80x_2_2025-05-22_14-48-00,80,clahe_otsu,45.30181884765625
80x_2_2025-05-22_14-48-00,80,clahe_otsu,46.03118896484375
80x_2_2025-05-22_14-48-00,80,clahe_otsu,46.11358642578125
80x_2_2025-05-22_14-48-00,80,clahe_otsu,46.32110595703125
80x_2_2025-05-22_14-48-00,80,clahe_otsu,50.78582763671875
80x_2_2025-05-22_14-48-00,80,clahe_otsu,44.90966796875
80x_2_2025-05-22_14-48-00,80,clahe_otsu,45.69549560546875
80x_2_2025-05-22_14-48-00,80,clahe_otsu,45.367431640625
80x_2_2025-05-22_14-48-00,80,clahe_otsu,45.2178955078125
80x_2_2025-05-22_14-48-00,80,clahe_otsu,44.49615478515625
80x_2_2025-05-22_14-48-00,80,clahe_otsu,45.45135498046875
80x_2_2025-05-22_14-48-00,80,clahe_otsu,46.2127685546875
80x_2_2025-05-22_14-48-00,80,clahe_otsu,45.4986572265625
80x_2_2025-05-22_14-48-00,80,clahe_otsu,45.21484375
80x_2_2025-05-22_14-48-00,80,clahe_otsu,43.46160888671875
80x_2_2025-05-22_14-48-00,80,clahe_otsu,45.41473388671875
80x_2_2025-05-22_14-48-00,80,clahe_otsu,43.804931640625
80x_2_2025-05-22_14-48-00,80,clahe_otsu,43.84765625
80x_2_2025-05-22_14-48-00,80,clahe_otsu,45.68939208984375
80x_2_2025-05-22_14-48-00,80,clahe_otsu,47.49755859375
80x_2_2025-05-22_14-48-00,80,clahe_otsu,45.92742919921875
80x_2_2025-05-22_14-48-00,80,clahe_otsu,47.137451171875
80x_2_2025-05-22_14-48-00,80,clahe_otsu,45.95947265625
80x_2_2025-05-22_14-48-00,80,clahe_otsu,43.02825927734375
80x_2_2025-05-22_14-48-00,80,clahe_otsu,44.54803466796875
80x_2_2025-05-22_14-48-00,80,clahe_otsu,44.964599609375
80x_2_2025-05-22_14-48-00,80,clahe_otsu,43.9544677734375
80x_2_2025-05-22_14-48-00,80,clahe_otsu,44.68994140625
80x_2_2025-05-22_14-48-00,80,clahe_otsu,46.58203125
80x_2_2025-05-22_14-48-00,80,clahe_otsu,44.4000244140625
80x_2_2025-05-22_14-48-00,80,clahe_otsu,43.377685546875
80x_2_2025-05-22_14-48-00,80,clahe_otsu,45.36285400390625
80x_2_2025-05-22_14-48-00,80,clahe_otsu,44.04754638671875
80x_2_2025-05-22_14-48-00,80,clahe_otsu,43.426513671875
80x_2_2025-05-22_14-48-00,80,clahe_otsu,46.88568115234375
80x_2_2025-05-22_14-48-00,80,clahe_otsu,46.075439453125
80x_2_2025-05-22_14-48-00,80,clahe_otsu,43.743896484375
80x_2_2025-05-22_14-48-00,80,clahe_otsu,43.36395263671875
80x_2_2025-05-22_14-48-00,80,clahe_otsu,43.0908203125
80x_2_2025-05-22_14-48-00,80,clahe_otsu,44.3817138671875
80x_2_2025-05-22_14-48-00,80,clahe_otsu,45.2728271484375
80x_2_2025-05-22_14-48-00,80,clahe_otsu,45.8740234375
80x_2_2025-05-22_14-48-00,80,clahe_otsu,44.091796875
80x_2_2025-05-22_14-48-00,80,clahe_otsu,45.7122802734375
80x_2_2025-05-22_14-48-00,80,clahe_otsu,45.343017578125
80x_2_2025-05-22_14-48-00,80,clahe_otsu,44.036865234375
80x_2_2025-05-22_14-48-00,80,clahe_otsu,45.208740234375
80x_2_2025-05-22_14-48-00,80,clahe_otsu,43.9056396484375
80x_2_2025-05-22_14-48-00,80,clahe_otsu,43.5943603515625
80x_2_2025-05-22_14-48-00,80,clahe_otsu,44.38629150390625
80x_2_2025-05-22_14-48-00,80,clahe_otsu,45.36285400390625
80x_2_2025-05-22_14-48-00,80,clahe_otsu,44.2352294921875
80x_2_2025-05-22_14-48-00,80,clahe_otsu,43.6767578125
80x_2_2025-05-22_14-48-00,80,clahe_otsu,44.842529296875
80x_2_2025-05-22_14-48-00,80,clahe_otsu,43.61114501953125
80x_2_2025-05-22_14-48-00,80,clahe_otsu,44.38629150390625
80x_2_2025-05-22_14-48-00,80,clahe_otsu,44.60296630859375
80x_2_2025-05-22_14-48-00,80,clahe_otsu,44.671630859375
80x_2_2025-05-22_14-48-00,80,clahe_otsu,44.00634765625
80x_2_2025-05-22_14-48-00,80,clahe_otsu,44.36492919921875
80x_2_2025-05-22_14-48-00,80,clahe_otsu,46.0357666015625
80x_2_2025-05-22_14-48-00,80,clahe_otsu,46.2005615234375
80x_2_2025-05-22_14-48-00,80,clahe_otsu,43.7164306640625
80x_2_2025-05-22_14-48-00,80,clahe_otsu,44.46563720703125
80x_2_2025-05-22_14-48-00,80,clahe_otsu,44.3939208984375
80x_2_2025-05-22_14-48-00,80,clahe_otsu,43.8568115234375
80x_2_2025-05-22_14-48-00,80,clahe_otsu,43.73016357421875
80x_2_2025-05-22_14-48-00,80,clahe_otsu,44.5037841796875
80x_2_2025-05-22_14-48-00,80,clahe_otsu,44.2901611328125
80x_2_2025-05-22_14-48-00,80,clahe_otsu,41.693115234375
80x_2_2025-05-22_14-48-00,80,clahe_otsu,43.32733154296875
80x_2_2025-05-22_14-48-00,80,clahe_otsu,43.59588623046875
80x_2_2025-05-22_14-48-00,80,clahe_otsu,43.62945556640625
80x_2_2025-05-22_14-48-00,80,clahe_otsu,44.26116943359375
80x_2_2025-05-22_14-48-00,80,clahe_otsu,44.33441162109375
80x_2_2025-05-22_14-48-00,80,clahe_otsu,45.28045654296875
80x_2_2025-05-22_14-48-00,80,clahe_otsu,44.62890625
80x_2_2025-05-22_14-48-00,80,clahe_otsu,44.0216064453125
80x_2_2025-05-22_14-48-00,80,clahe_otsu,44.05975341796875
80x_2_2025-05-22_14-48-00,80,clahe_otsu,43.49822998046875
80x_2_2025-05-22_14-48-00,80,clahe_otsu,44.06280517578125
80x_2_2025-05-22_14-48-00,80,clahe_otsu,43.19305419921875
80x_2_2025-05-22_14-48-00,80,clahe_otsu,43.5699462890625
80x_2_2025-05-22_14-48-00,80,clahe_otsu,43.54400634765625
80x_2_2025-05-22_14-48-00,80,clahe_otsu,44.35577392578125
80x_2_2025-05-22_14-48-00,80,clahe_otsu,44.37255859375
80x_2_2025-05-22_14-48-00,80,clahe_otsu,44.09942626953125
80x_2_2025-05-22_14-48-00,80,clahe_otsu,43.46923828125
80x_2_2025-05-22_14-48-00,80,clahe_otsu,44.3756103515625
80x_2_2025-05-22_14-48-00,80,clahe_otsu,44.76470947265625
80x_2_2025-05-22_14-48-00,80,clahe_otsu,43.47381591796875
80x_2_2025-05-22_14-48-00,80,clahe_otsu,45.05615234375
80x_2_2025-05-22_14-48-00,80,clahe_otsu,45.880126953125
80x_2_2025-05-22_14-48-00,80,clahe_otsu,43.8629150390625
80x_2_2025-05-22_14-48-00,80,clahe_otsu,46.2799072265625
80x_2_2025-05-22_14-48-00,80,clahe_otsu,45.2178955078125
80x_2_2025-05-22_14-48-00,80,clahe_otsu,46.01593017578125
80x_2_2025-05-22_14-48-00,80,clahe_otsu,45.04241943359375
80x_2_2025-05-22_14-48-00,80,clahe_otsu,44.268798828125
80x_2_2025-05-22_14-48-00,80,clahe_otsu,42.72613525390625
80x_2_2025-05-22_14-48-00,80,clahe_otsu,42.919921875
80x_2_2025-05-22_14-48-00,80,clahe_otsu,43.48297119140625
80x_2_2025-05-22_14-48-00,80,clahe_otsu,42.33856201171875
80x_2_2025-05-22_14-48-00,80,clahe_otsu,43.8995361328125
80x_2_2025-05-22_14-48-00,80,clahe_otsu,43.95904541015625
80x_2_2025-05-22_14-48-00,80,clahe_otsu,43.24188232421875
80x_2_2025-05-22_14-48-00,80,clahe_otsu,43.46160888671875
80x_2_2025-05-22_14-48-00,80,clahe_otsu,44.4305419921875
80x_2_2025-05-22_14-48-00,80,clahe_otsu,44.66552734375
80x_2_2025-05-22_14-48-00,80,clahe_otsu,44.04754638671875
