{
  "dataset_percentage": 100.0,
  "total_available_samples": 1980,
  "used_samples": 1980,
  "training_samples": 1782,
  "validation_samples": 198,
  "models": {
    "UNet": {
      "best_val_jaccard": 0.9403868913650513,
      "training_time": "0:51:13.533249",
      "epochs_trained": 100,
      "final_val_jaccard": 0.9372365474700928
    },
    "Attention_UNet": {
      "best_val_jaccard": 0.8883538246154785,
      "training_time": "0:18:12.107270",
      "epochs_trained": 25,
      "final_val_jaccard": 0.2634270191192627
    },
    "Attention_ResUNet": {
      "best_val_jaccard": 0.9195253252983093,
      "training_time": "0:35:11.934795",
      "epochs_trained": 43,
      "final_val_jaccard": 0.8855153918266296
    }
  }
}