{
  "architecture": "Attention_ResUNet",
  "learning_rate": 0.005,
  "batch_size": 8,
  "epochs_requested": 30,
  "epochs_completed": 30,
  "training_time_seconds": 1534.260159,
  "training_successful": true,
  "best_val_jaccard": 0.9242390990257263,
  "best_epoch": 20,
  "final_val_loss": 0.003263502148911357,
  "final_train_loss": 0.003393289167433977,
  "val_loss_stability": 0.037423896242072624,
  "overfitting_gap": -0.0001297870185226202
}