{
  "architecture": "UNet",
  "learning_rate": 0.0005,
  "batch_size": 8,
  "epochs_requested": 30,
  "epochs_completed": 17,
  "training_time_seconds": 81.688693,
  "training_successful": true,
  "best_val_jaccard": 0.07807162404060364,
  "best_epoch": 7,
  "final_val_loss": 0.1383586823940277,
  "final_train_loss": 0.13763344287872314,
  "val_loss_stability": 0.011898192400576189,
  "overfitting_gap": 0.0007252395153045654
}