{
  "architecture": "Attention_UNet",
  "learning_rate": 0.001,
  "batch_size": 8,
  "epochs_requested": 30,
  "epochs_completed": 13,
  "training_time_seconds": 108.878923,
  "training_successful": true,
  "best_val_jaccard": 0.06827744096517563,
  "best_epoch": 3,
  "final_val_loss": 0.1314912736415863,
  "final_train_loss": 0.13998258113861084,
  "val_loss_stability": 5.436303275179804,
  "overfitting_gap": -0.008491307497024536
}