{
  "architecture": "Attention_ResUNet",
  "learning_rate": 0.0005,
  "batch_size": 8,
  "epochs_requested": 30,
  "epochs_completed": 13,
  "training_time_seconds": 109.688664,
  "training_successful": true,
  "best_val_jaccard": 0.005046387668699026,
  "best_epoch": 3,
  "final_val_loss": 0.15512916445732117,
  "final_train_loss": 0.14143450558185577,
  "val_loss_stability": 0.0064469600351836215,
  "overfitting_gap": 0.013694658875465393
}