{
  "architecture": "Attention_UNet",
  "learning_rate": 0.0001,
  "batch_size": 16,
  "epochs_requested": 30,
  "epochs_completed": 30,
  "training_time_seconds": 1313.298014,
  "training_successful": true,
  "best_val_jaccard": 0.9224165678024292,
  "best_epoch": 26,
  "final_val_loss": 0.006572999060153961,
  "final_train_loss": 0.00630740774795413,
  "val_loss_stability": 0.0011148838503885255,
  "overfitting_gap": 0.000265591312199831
}