{
  "architecture": "Attention_ResUNet",
  "learning_rate": 0.0001,
  "batch_size": 16,
  "epochs_requested": 30,
  "epochs_completed": 30,
  "training_time_seconds": 1501.191759,
  "training_successful": true,
  "best_val_jaccard": 0.9170739650726318,
  "best_epoch": 21,
  "final_val_loss": 0.008384741842746735,
  "final_train_loss": 0.0071668303571641445,
  "val_loss_stability": 0.0009496515283600464,
  "overfitting_gap": 0.00121791148558259
}