{
  "architecture": "Attention_ResUNet",
  "learning_rate": 0.0001,
  "batch_size": 16,
  "epochs_requested": 30,
  "epochs_completed": 15,
  "training_time_seconds": 126.044353,
  "training_successful": true,
  "best_val_jaccard": 0.041482023894786835,
  "best_epoch": 5,
  "final_val_loss": 0.15115579962730408,
  "final_train_loss": 0.1535169780254364,
  "val_loss_stability": 0.2435670086258081,
  "overfitting_gap": -0.0023611783981323242
}