{
  "architecture": "UNet",
  "learning_rate": 0.001,
  "batch_size": 8,
  "epochs_requested": 30,
  "epochs_completed": 12,
  "training_time_seconds": 80.781428,
  "training_successful": true,
  "best_val_jaccard": 0.06697002053260803,
  "best_epoch": 2,
  "final_val_loss": 0.15190577507019043,
  "final_train_loss": 0.15131619572639465,
  "val_loss_stability": 0.3876378541577953,
  "overfitting_gap": 0.0005895793437957764
}