image,dilution,dilution_label,tile_idx,position_y,position_x,architecture,density_threshold_0.2,density_threshold_0.5,density_threshold_0.8,density_threshold_0.95,density_clahe_otsu_pred,density_clahe_otsu_orig
10240x_2025-05-29_02-22-00_002.tif,10240,10240x,0,0,0,UNet,0.007049560546875,0.0020751953125,0.0001068115234375,0.0,0.9943580627441406,0.4085540771484375
10240x_2025-05-29_02-22-00_002.tif,10240,10240x,0,0,0,Attention_UNet,0.00677490234375,0.0012359619140625,0.0,0.0,0.9862213134765625,0.4085540771484375
10240x_2025-05-29_02-22-00_002.tif,10240,10240x,0,0,0,Attention_ResUNet,0.00366973876953125,0.000461578369140625,0.0,0.0,0.9640617370605469,0.4085540771484375
10240x_2025-05-29_02-22-00_002.tif,10240,10240x,1,0,512,UNet,0.00203704833984375,0.00064849853515625,2.288818359375e-05,0.0,0.6356582641601562,0.37102508544921875
10240x_2025-05-29_02-22-00_002.tif,10240,10240x,1,0,512,Attention_UNet,0.003204345703125,0.000484466552734375,0.0,0.0,0.6663894653320312,0.37102508544921875
10240x_2025-05-29_02-22-00_002.tif,10240,10240x,1,0,512,Attention_ResUNet,0.001583099365234375,0.00043487548828125,0.0,0.0,0.9655838012695312,0.37102508544921875
10240x_2025-05-29_02-22-00_002.tif,10240,10240x,2,0,1024,UNet,0.00238037109375,0.000774383544921875,7.2479248046875e-05,0.0,0.6398391723632812,0.47954559326171875
10240x_2025-05-29_02-22-00_002.tif,10240,10240x,2,0,1024,Attention_UNet,0.003505706787109375,0.000728607177734375,0.0,0.0,0.7515945434570312,0.47954559326171875
10240x_2025-05-29_02-22-00_002.tif,10240,10240x,2,0,1024,Attention_ResUNet,0.002285003662109375,0.000667572021484375,0.0,0.0,0.9669761657714844,0.47954559326171875
10240x_2025-05-29_02-22-00_002.tif,10240,10240x,3,0,1536,UNet,0.00127410888671875,0.000331878662109375,3.0517578125e-05,0.0,0.6695404052734375,0.5380973815917969
10240x_2025-05-29_02-22-00_002.tif,10240,10240x,3,0,1536,Attention_UNet,0.001987457275390625,0.000308990478515625,0.0,0.0,0.7637252807617188,0.5380973815917969
10240x_2025-05-29_02-22-00_002.tif,10240,10240x,3,0,1536,Attention_ResUNet,0.000965118408203125,0.000301361083984375,0.0,0.0,0.96087646484375,0.5380973815917969
10240x_2025-05-29_02-22-00_002.tif,10240,10240x,4,0,2048,UNet,0.003337860107421875,0.000858306884765625,4.9591064453125e-05,0.0,0.6786155700683594,0.4058189392089844
10240x_2025-05-29_02-22-00_002.tif,10240,10240x,4,0,2048,Attention_UNet,0.003879547119140625,0.0008392333984375,0.0,0.0,0.7318534851074219,0.4058189392089844
10240x_2025-05-29_02-22-00_002.tif,10240,10240x,4,0,2048,Attention_ResUNet,0.002162933349609375,0.000728607177734375,0.0,0.0,0.958343505859375,0.4058189392089844
10240x_2025-05-29_02-22-00_002.tif,10240,10240x,5,0,2560,UNet,0.003353118896484375,0.0006866455078125,3.0517578125e-05,0.0,0.6904106140136719,0.5608749389648438
10240x_2025-05-29_02-22-00_002.tif,10240,10240x,5,0,2560,Attention_UNet,0.0030364990234375,0.000614166259765625,0.0,0.0,0.6665725708007812,0.5608749389648438
10240x_2025-05-29_02-22-00_002.tif,10240,10240x,5,0,2560,Attention_ResUNet,0.001743316650390625,0.000583648681640625,0.0,0.0,0.9450225830078125,0.5608749389648438
10240x_2025-05-29_02-22-00_002.tif,10240,10240x,6,0,3072,UNet,0.00542449951171875,0.000293731689453125,0.0,0.0,0.7207908630371094,0.24615097045898438
10240x_2025-05-29_02-22-00_002.tif,10240,10240x,6,0,3072,Attention_UNet,0.010005950927734375,0.00026702880859375,1.9073486328125e-05,0.0,0.7582550048828125,0.24615097045898438
10240x_2025-05-29_02-22-00_002.tif,10240,10240x,6,0,3072,Attention_ResUNet,0.023593902587890625,0.000446319580078125,0.0,0.0,0.8797760009765625,0.24615097045898438
10240x_2025-05-29_02-22-00_002.tif,10240,10240x,7,512,0,UNet,0.00579071044921875,0.00171661376953125,8.7738037109375e-05,0.0,0.7361984252929688,0.506072998046875
10240x_2025-05-29_02-22-00_002.tif,10240,10240x,7,512,0,Attention_UNet,0.00457000732421875,0.000965118408203125,0.0,0.0,0.5162696838378906,0.506072998046875
10240x_2025-05-29_02-22-00_002.tif,10240,10240x,7,512,0,Attention_ResUNet,0.0028533935546875,0.00037384033203125,0.0,0.0,0.9813156127929688,0.506072998046875
10240x_2025-05-29_02-22-00_002.tif,10240,10240x,8,512,512,UNet,0.003353118896484375,0.000926971435546875,3.4332275390625e-05,0.0,0.6511116027832031,0.5483131408691406
10240x_2025-05-29_02-22-00_002.tif,10240,10240x,8,512,512,Attention_UNet,0.00302886962890625,0.000713348388671875,0.0,0.0,0.21691513061523438,0.5483131408691406
10240x_2025-05-29_02-22-00_002.tif,10240,10240x,8,512,512,Attention_ResUNet,0.002216339111328125,0.0005645751953125,0.0,0.0,0.9730110168457031,0.5483131408691406
10240x_2025-05-29_02-22-00_002.tif,10240,10240x,9,512,1024,UNet,0.002960205078125,0.000926971435546875,0.000102996826171875,0.0,0.6454200744628906,0.4955940246582031
10240x_2025-05-29_02-22-00_002.tif,10240,10240x,9,512,1024,Attention_UNet,0.00344085693359375,0.00079345703125,0.0,0.0,0.6850166320800781,0.4955940246582031
10240x_2025-05-29_02-22-00_002.tif,10240,10240x,9,512,1024,Attention_ResUNet,0.002460479736328125,0.00075531005859375,0.0,0.0,0.9700546264648438,0.4955940246582031
10240x_2025-05-29_02-22-00_002.tif,10240,10240x,10,512,1536,UNet,0.002635955810546875,0.00095367431640625,6.103515625e-05,0.0,0.6691169738769531,0.5264244079589844
10240x_2025-05-29_02-22-00_002.tif,10240,10240x,10,512,1536,Attention_UNet,0.00372314453125,0.000904083251953125,7.62939453125e-06,0.0,0.7765426635742188,0.5264244079589844
10240x_2025-05-29_02-22-00_002.tif,10240,10240x,10,512,1536,Attention_ResUNet,0.002506256103515625,0.000843048095703125,0.0,0.0,0.9706649780273438,0.5264244079589844
10240x_2025-05-29_02-22-00_002.tif,10240,10240x,11,512,2048,UNet,0.000499725341796875,0.00018310546875,1.9073486328125e-05,0.0,0.5768508911132812,0.5729217529296875
10240x_2025-05-29_02-22-00_002.tif,10240,10240x,11,512,2048,Attention_UNet,0.00119781494140625,0.000179290771484375,0.0,0.0,0.7063674926757812,0.5729217529296875
10240x_2025-05-29_02-22-00_002.tif,10240,10240x,11,512,2048,Attention_ResUNet,0.00046539306640625,0.000164031982421875,0.0,0.0,0.9636001586914062,0.5729217529296875
10240x_2025-05-29_02-22-00_002.tif,10240,10240x,12,512,2560,UNet,0.002166748046875,0.0005035400390625,1.52587890625e-05,0.0,0.6237869262695312,0.5464363098144531
10240x_2025-05-29_02-22-00_002.tif,10240,10240x,12,512,2560,Attention_UNet,0.00225830078125,0.0004730224609375,0.0,0.0,0.7373275756835938,0.5464363098144531
10240x_2025-05-29_02-22-00_002.tif,10240,10240x,12,512,2560,Attention_ResUNet,0.00128936767578125,0.000431060791015625,0.0,0.0,0.9585952758789062,0.5464363098144531
10240x_2025-05-29_02-22-00_002.tif,10240,10240x,13,512,3072,UNet,0.00388336181640625,0.000820159912109375,0.0,0.0,0.6758308410644531,0.4801826477050781
10240x_2025-05-29_02-22-00_002.tif,10240,10240x,13,512,3072,Attention_UNet,0.00510406494140625,0.0007781982421875,0.0,0.0,0.6982765197753906,0.4801826477050781
10240x_2025-05-29_02-22-00_002.tif,10240,10240x,13,512,3072,Attention_ResUNet,0.002197265625,0.00066375732421875,0.0,0.0,0.9456863403320312,0.4801826477050781
10240x_2025-05-29_02-22-00_002.tif,10240,10240x,14,1024,0,UNet,0.003376007080078125,0.00090789794921875,8.392333984375e-05,0.0,0.6452140808105469,0.5289077758789062
10240x_2025-05-29_02-22-00_002.tif,10240,10240x,14,1024,0,Attention_UNet,0.00634002685546875,0.000850677490234375,0.0,0.0,0.729461669921875,0.5289077758789062
10240x_2025-05-29_02-22-00_002.tif,10240,10240x,14,1024,0,Attention_ResUNet,0.00136566162109375,0.000255584716796875,0.0,0.0,0.6365585327148438,0.5289077758789062
10240x_2025-05-29_02-22-00_002.tif,10240,10240x,15,1024,512,UNet,0.0003662109375,0.0,0.0,0.0,0.5983161926269531,0.5337066650390625
10240x_2025-05-29_02-22-00_002.tif,10240,10240x,15,1024,512,Attention_UNet,0.00202178955078125,0.0,0.0,0.0,0.6904373168945312,0.5337066650390625
10240x_2025-05-29_02-22-00_002.tif,10240,10240x,15,1024,512,Attention_ResUNet,3.0517578125e-05,0.0,0.0,0.0,0.6352424621582031,0.5337066650390625
10240x_2025-05-29_02-22-00_002.tif,10240,10240x,16,1024,1024,UNet,0.00429534912109375,0.001117706298828125,1.1444091796875e-05,0.0,0.6746368408203125,0.4910926818847656
10240x_2025-05-29_02-22-00_002.tif,10240,10240x,16,1024,1024,Attention_UNet,0.003093719482421875,0.000919342041015625,0.0,0.0,0.6186447143554688,0.4910926818847656
10240x_2025-05-29_02-22-00_002.tif,10240,10240x,16,1024,1024,Attention_ResUNet,0.00274658203125,0.000850677490234375,0.0,0.0,0.9862213134765625,0.4910926818847656
10240x_2025-05-29_02-22-00_002.tif,10240,10240x,17,1024,1536,UNet,0.000579833984375,0.000156402587890625,3.814697265625e-06,0.0,0.6161117553710938,0.5455741882324219
10240x_2025-05-29_02-22-00_002.tif,10240,10240x,17,1024,1536,Attention_UNet,0.0006103515625,0.00014495849609375,0.0,0.0,0.21548080444335938,0.5455741882324219
10240x_2025-05-29_02-22-00_002.tif,10240,10240x,17,1024,1536,Attention_ResUNet,0.00040435791015625,0.0001373291015625,0.0,0.0,0.9669723510742188,0.5455741882324219
10240x_2025-05-29_02-22-00_002.tif,10240,10240x,18,1024,2048,UNet,0.0009918212890625,0.000347137451171875,1.52587890625e-05,0.0,0.6294136047363281,0.4964790344238281
10240x_2025-05-29_02-22-00_002.tif,10240,10240x,18,1024,2048,Attention_UNet,0.0012359619140625,0.00029754638671875,0.0,0.0,0.5315322875976562,0.4964790344238281
10240x_2025-05-29_02-22-00_002.tif,10240,10240x,18,1024,2048,Attention_ResUNet,0.000850677490234375,0.000278472900390625,0.0,0.0,0.960601806640625,0.4964790344238281
10240x_2025-05-29_02-22-00_002.tif,10240,10240x,19,1024,2560,UNet,0.002414703369140625,0.00072479248046875,7.62939453125e-06,0.0,0.6864891052246094,0.4650535583496094
10240x_2025-05-29_02-22-00_002.tif,10240,10240x,19,1024,2560,Attention_UNet,0.00368499755859375,0.000606536865234375,0.0,0.0,0.8193168640136719,0.4650535583496094
10240x_2025-05-29_02-22-00_002.tif,10240,10240x,19,1024,2560,Attention_ResUNet,0.00173187255859375,0.000591278076171875,0.0,0.0,0.9659805297851562,0.4650535583496094
10240x_2025-05-29_02-22-00_002.tif,10240,10240x,20,1024,3072,UNet,0.001880645751953125,0.000507354736328125,0.0,0.0,0.6694717407226562,0.5305633544921875
10240x_2025-05-29_02-22-00_002.tif,10240,10240x,20,1024,3072,Attention_UNet,0.004337310791015625,0.0003662109375,0.0,0.0,0.78204345703125,0.5305633544921875
10240x_2025-05-29_02-22-00_002.tif,10240,10240x,20,1024,3072,Attention_ResUNet,0.001239776611328125,0.000331878662109375,0.0,0.0,0.9573593139648438,0.5305633544921875
10240x_2025-05-29_02-22-00_002.tif,10240,10240x,21,1536,0,UNet,0.00542449951171875,0.0013580322265625,0.00014495849609375,0.0,0.8119087219238281,0.45782470703125
10240x_2025-05-29_02-22-00_002.tif,10240,10240x,21,1536,0,Attention_UNet,0.00679779052734375,0.00119781494140625,1.52587890625e-05,0.0,0.8545646667480469,0.45782470703125
10240x_2025-05-29_02-22-00_002.tif,10240,10240x,21,1536,0,Attention_ResUNet,0.002475738525390625,0.00069427490234375,1.1444091796875e-05,0.0,0.9833793640136719,0.45782470703125
10240x_2025-05-29_02-22-00_002.tif,10240,10240x,22,1536,512,UNet,0.002742767333984375,0.000461578369140625,5.340576171875e-05,0.0,0.7722053527832031,0.4920005798339844
10240x_2025-05-29_02-22-00_002.tif,10240,10240x,22,1536,512,Attention_UNet,0.00518798828125,0.000431060791015625,7.62939453125e-06,0.0,0.7809944152832031,0.4920005798339844
10240x_2025-05-29_02-22-00_002.tif,10240,10240x,22,1536,512,Attention_ResUNet,0.0010528564453125,0.000263214111328125,0.0,0.0,0.7516212463378906,0.4920005798339844
10240x_2025-05-29_02-22-00_002.tif,10240,10240x,23,1536,1024,UNet,0.00269317626953125,0.00051116943359375,3.4332275390625e-05,0.0,0.683807373046875,0.5188179016113281
10240x_2025-05-29_02-22-00_002.tif,10240,10240x,23,1536,1024,Attention_UNet,0.00524139404296875,0.0003662109375,0.0,0.0,0.7665252685546875,0.5188179016113281
10240x_2025-05-29_02-22-00_002.tif,10240,10240x,23,1536,1024,Attention_ResUNet,0.001312255859375,0.000396728515625,0.0,0.0,0.4000091552734375,0.5188179016113281
10240x_2025-05-29_02-22-00_002.tif,10240,10240x,24,1536,1536,UNet,0.00257110595703125,0.00049591064453125,3.814697265625e-06,0.0,0.64605712890625,0.47408294677734375
10240x_2025-05-29_02-22-00_002.tif,10240,10240x,24,1536,1536,Attention_UNet,0.003910064697265625,0.00035858154296875,0.0,0.0,0.711700439453125,0.47408294677734375
10240x_2025-05-29_02-22-00_002.tif,10240,10240x,24,1536,1536,Attention_ResUNet,0.00118255615234375,0.00034332275390625,0.0,0.0,0.9821014404296875,0.47408294677734375
10240x_2025-05-29_02-22-00_002.tif,10240,10240x,25,1536,2048,UNet,0.002002716064453125,0.000423431396484375,0.0,0.0,0.6595230102539062,0.45099639892578125
10240x_2025-05-29_02-22-00_002.tif,10240,10240x,25,1536,2048,Attention_UNet,0.00194549560546875,0.000335693359375,0.0,0.0,0.7408790588378906,0.45099639892578125
10240x_2025-05-29_02-22-00_002.tif,10240,10240x,25,1536,2048,Attention_ResUNet,0.00106048583984375,0.000331878662109375,0.0,0.0,0.9797401428222656,0.45099639892578125
10240x_2025-05-29_02-22-00_002.tif,10240,10240x,26,1536,2560,UNet,0.002437591552734375,0.00060272216796875,3.814697265625e-06,0.0,0.6890602111816406,0.5150375366210938
10240x_2025-05-29_02-22-00_002.tif,10240,10240x,26,1536,2560,Attention_UNet,0.003204345703125,0.000453948974609375,0.0,0.0,0.5511322021484375,0.5150375366210938
10240x_2025-05-29_02-22-00_002.tif,10240,10240x,26,1536,2560,Attention_ResUNet,0.0014801025390625,0.00045013427734375,0.0,0.0,0.9770774841308594,0.5150375366210938
10240x_2025-05-29_02-22-00_002.tif,10240,10240x,27,1536,3072,UNet,0.0023651123046875,0.000621795654296875,0.0,0.0,0.6864471435546875,0.5108222961425781
10240x_2025-05-29_02-22-00_002.tif,10240,10240x,27,1536,3072,Attention_UNet,0.00384521484375,0.00055694580078125,0.0,0.0,0.30986785888671875,0.5108222961425781
10240x_2025-05-29_02-22-00_002.tif,10240,10240x,27,1536,3072,Attention_ResUNet,0.001499176025390625,0.00042724609375,0.0,0.0,0.9675865173339844,0.5108222961425781
1280x_2025-05-16_00-59-00_002.tif,1280,1280x,0,0,0,UNet,0.09063720703125,0.02127838134765625,0.00098419189453125,0.0,0.9054603576660156,0.101226806640625
1280x_2025-05-16_00-59-00_002.tif,1280,1280x,0,0,0,Attention_UNet,0.07798385620117188,0.0163726806640625,2.6702880859375e-05,0.0,0.9078178405761719,0.101226806640625
1280x_2025-05-16_00-59-00_002.tif,1280,1280x,0,0,0,Attention_ResUNet,0.0481414794921875,0.0096282958984375,3.814697265625e-06,0.0,0.9197998046875,0.101226806640625
1280x_2025-05-16_00-59-00_002.tif,1280,1280x,1,0,512,UNet,0.059906005859375,0.018184661865234375,0.001316070556640625,0.0,0.9458122253417969,0.050632476806640625
1280x_2025-05-16_00-59-00_002.tif,1280,1280x,1,0,512,Attention_UNet,0.07369232177734375,0.015224456787109375,4.57763671875e-05,0.0,0.9154739379882812,0.050632476806640625
1280x_2025-05-16_00-59-00_002.tif,1280,1280x,1,0,512,Attention_ResUNet,0.0525054931640625,0.0140533447265625,6.4849853515625e-05,0.0,0.9200401306152344,0.050632476806640625
1280x_2025-05-16_00-59-00_002.tif,1280,1280x,2,0,1024,UNet,0.05017852783203125,0.01822662353515625,0.001453399658203125,0.0,0.95062255859375,0.038722991943359375
1280x_2025-05-16_00-59-00_002.tif,1280,1280x,2,0,1024,Attention_UNet,0.07186508178710938,0.017635345458984375,0.00020599365234375,0.0,0.9177169799804688,0.038722991943359375
1280x_2025-05-16_00-59-00_002.tif,1280,1280x,2,0,1024,Attention_ResUNet,0.052333831787109375,0.016155242919921875,8.392333984375e-05,0.0,0.929443359375,0.038722991943359375
1280x_2025-05-16_00-59-00_002.tif,1280,1280x,3,0,1536,UNet,0.046527862548828125,0.01923370361328125,0.00189208984375,0.0,0.9534378051757812,0.03981781005859375
1280x_2025-05-16_00-59-00_002.tif,1280,1280x,3,0,1536,Attention_UNet,0.048267364501953125,0.017642974853515625,0.00042724609375,0.0,0.9184989929199219,0.03981781005859375
1280x_2025-05-16_00-59-00_002.tif,1280,1280x,3,0,1536,Attention_ResUNet,0.048614501953125,0.01715087890625,0.0001068115234375,0.0,0.9401397705078125,0.03981781005859375
1280x_2025-05-16_00-59-00_002.tif,1280,1280x,4,0,2048,UNet,0.039524078369140625,0.016204833984375,0.00112152099609375,0.0,0.9610252380371094,0.11442947387695312
1280x_2025-05-16_00-59-00_002.tif,1280,1280x,4,0,2048,Attention_UNet,0.030139923095703125,0.01165771484375,0.001247406005859375,7.62939453125e-06,0.8264389038085938,0.11442947387695312
1280x_2025-05-16_00-59-00_002.tif,1280,1280x,4,0,2048,Attention_ResUNet,0.039875030517578125,0.014430999755859375,2.288818359375e-05,0.0,0.9459419250488281,0.11442947387695312
1280x_2025-05-16_00-59-00_002.tif,1280,1280x,5,0,2560,UNet,0.0517425537109375,0.01947021484375,0.000835418701171875,0.0,0.9407539367675781,0.19646453857421875
1280x_2025-05-16_00-59-00_002.tif,1280,1280x,5,0,2560,Attention_UNet,0.0357513427734375,0.010974884033203125,0.00098419189453125,1.1444091796875e-05,0.8352394104003906,0.19646453857421875
1280x_2025-05-16_00-59-00_002.tif,1280,1280x,5,0,2560,Attention_ResUNet,0.054901123046875,0.018566131591796875,6.103515625e-05,0.0,0.9209938049316406,0.19646453857421875
1280x_2025-05-16_00-59-00_002.tif,1280,1280x,6,0,3072,UNet,0.052005767822265625,0.01480865478515625,0.000255584716796875,0.0,0.9069671630859375,0.23268890380859375
1280x_2025-05-16_00-59-00_002.tif,1280,1280x,6,0,3072,Attention_UNet,0.048740386962890625,0.007221221923828125,0.000438690185546875,7.62939453125e-06,0.83892822265625,0.23268890380859375
1280x_2025-05-16_00-59-00_002.tif,1280,1280x,6,0,3072,Attention_ResUNet,0.11283111572265625,0.020236968994140625,0.0,0.0,0.8473625183105469,0.23268890380859375
1280x_2025-05-16_00-59-00_002.tif,1280,1280x,7,512,0,UNet,0.10202789306640625,0.02281951904296875,0.00144195556640625,0.0,0.8788337707519531,0.049846649169921875
1280x_2025-05-16_00-59-00_002.tif,1280,1280x,7,512,0,Attention_UNet,0.0823211669921875,0.016231536865234375,1.1444091796875e-05,0.0,0.86566162109375,0.049846649169921875
1280x_2025-05-16_00-59-00_002.tif,1280,1280x,7,512,0,Attention_ResUNet,0.051342010498046875,0.012264251708984375,0.0,0.0,0.9296760559082031,0.049846649169921875
1280x_2025-05-16_00-59-00_002.tif,1280,1280x,8,512,512,UNet,0.06760787963867188,0.016582489013671875,0.001422882080078125,0.0,0.9295997619628906,0.035846710205078125
1280x_2025-05-16_00-59-00_002.tif,1280,1280x,8,512,512,Attention_UNet,0.06343460083007812,0.013057708740234375,2.288818359375e-05,0.0,0.9225883483886719,0.035846710205078125
1280x_2025-05-16_00-59-00_002.tif,1280,1280x,8,512,512,Attention_ResUNet,0.04094696044921875,0.011302947998046875,8.7738037109375e-05,0.0,0.9382400512695312,0.035846710205078125
1280x_2025-05-16_00-59-00_002.tif,1280,1280x,9,512,1024,UNet,0.04508209228515625,0.01590728759765625,0.002140045166015625,0.0,0.9626808166503906,0.0326690673828125
1280x_2025-05-16_00-59-00_002.tif,1280,1280x,9,512,1024,Attention_UNet,0.057872772216796875,0.01476287841796875,0.00017547607421875,0.0,0.936248779296875,0.0326690673828125
1280x_2025-05-16_00-59-00_002.tif,1280,1280x,9,512,1024,Attention_ResUNet,0.0411224365234375,0.0136260986328125,0.00011444091796875,0.0,0.9430274963378906,0.0326690673828125
1280x_2025-05-16_00-59-00_002.tif,1280,1280x,10,512,1536,UNet,0.034351348876953125,0.013256072998046875,0.001552581787109375,0.0,0.9664726257324219,0.024547576904296875
1280x_2025-05-16_00-59-00_002.tif,1280,1280x,10,512,1536,Attention_UNet,0.044704437255859375,0.013111114501953125,0.0003204345703125,0.0,0.9406547546386719,0.024547576904296875
1280x_2025-05-16_00-59-00_002.tif,1280,1280x,10,512,1536,Attention_ResUNet,0.03362274169921875,0.011775970458984375,0.000232696533203125,0.0,0.9576759338378906,0.024547576904296875
1280x_2025-05-16_00-59-00_002.tif,1280,1280x,11,512,2048,UNet,0.04047393798828125,0.016357421875,0.001506805419921875,0.0,0.9597549438476562,0.031070709228515625
1280x_2025-05-16_00-59-00_002.tif,1280,1280x,11,512,2048,Attention_UNet,0.0406951904296875,0.014911651611328125,0.000751495361328125,0.0,0.8759613037109375,0.031070709228515625
1280x_2025-05-16_00-59-00_002.tif,1280,1280x,11,512,2048,Attention_ResUNet,0.039768218994140625,0.014801025390625,1.52587890625e-05,0.0,0.95489501953125,0.031070709228515625
1280x_2025-05-16_00-59-00_002.tif,1280,1280x,12,512,2560,UNet,0.042354583740234375,0.01702880859375,0.001674652099609375,0.0,0.956939697265625,0.039768218994140625
1280x_2025-05-16_00-59-00_002.tif,1280,1280x,12,512,2560,Attention_UNet,0.03643798828125,0.013881683349609375,0.00201416015625,1.9073486328125e-05,0.8100509643554688,0.039768218994140625
1280x_2025-05-16_00-59-00_002.tif,1280,1280x,12,512,2560,Attention_ResUNet,0.040866851806640625,0.015247344970703125,0.000133514404296875,0.0,0.9483833312988281,0.039768218994140625
1280x_2025-05-16_00-59-00_002.tif,1280,1280x,13,512,3072,UNet,0.06389617919921875,0.02532958984375,0.002017974853515625,0.0,0.9337844848632812,0.07495498657226562
1280x_2025-05-16_00-59-00_002.tif,1280,1280x,13,512,3072,Attention_UNet,0.050670623779296875,0.018833160400390625,0.002964019775390625,3.0517578125e-05,0.8146209716796875,0.07495498657226562
1280x_2025-05-16_00-59-00_002.tif,1280,1280x,13,512,3072,Attention_ResUNet,0.06587982177734375,0.023761749267578125,0.00019073486328125,0.0,0.9151535034179688,0.07495498657226562
1280x_2025-05-16_00-59-00_002.tif,1280,1280x,14,1024,0,UNet,0.1102447509765625,0.02118682861328125,0.00077056884765625,0.0,0.8460884094238281,0.04204559326171875
1280x_2025-05-16_00-59-00_002.tif,1280,1280x,14,1024,0,Attention_UNet,0.10823822021484375,0.016071319580078125,7.62939453125e-06,0.0,0.7278671264648438,0.04204559326171875
1280x_2025-05-16_00-59-00_002.tif,1280,1280x,14,1024,0,Attention_ResUNet,0.040019989013671875,0.01012420654296875,7.62939453125e-06,0.0,0.9457130432128906,0.04204559326171875
1280x_2025-05-16_00-59-00_002.tif,1280,1280x,15,1024,512,UNet,0.08056640625,0.0176239013671875,0.001190185546875,0.0,0.9043655395507812,0.037395477294921875
1280x_2025-05-16_00-59-00_002.tif,1280,1280x,15,1024,512,Attention_UNet,0.06960678100585938,0.01235198974609375,2.6702880859375e-05,0.0,0.8633918762207031,0.037395477294921875
1280x_2025-05-16_00-59-00_002.tif,1280,1280x,15,1024,512,Attention_ResUNet,0.037784576416015625,0.010799407958984375,8.7738037109375e-05,0.0,0.9514656066894531,0.037395477294921875
1280x_2025-05-16_00-59-00_002.tif,1280,1280x,16,1024,1024,UNet,0.048343658447265625,0.013332366943359375,0.000701904296875,0.0,0.9524765014648438,0.026760101318359375
1280x_2025-05-16_00-59-00_002.tif,1280,1280x,16,1024,1024,Attention_UNet,0.04955291748046875,0.011077880859375,7.62939453125e-06,0.0,0.9412879943847656,0.026760101318359375
1280x_2025-05-16_00-59-00_002.tif,1280,1280x,16,1024,1024,Attention_ResUNet,0.033855438232421875,0.010189056396484375,3.814697265625e-06,0.0,0.9527702331542969,0.026760101318359375
1280x_2025-05-16_00-59-00_002.tif,1280,1280x,17,1024,1536,UNet,0.038913726806640625,0.013217926025390625,0.0010528564453125,0.0,0.9658546447753906,0.028057098388671875
1280x_2025-05-16_00-59-00_002.tif,1280,1280x,17,1024,1536,Attention_UNet,0.05068206787109375,0.01206207275390625,6.866455078125e-05,0.0,0.9426078796386719,0.028057098388671875
1280x_2025-05-16_00-59-00_002.tif,1280,1280x,17,1024,1536,Attention_ResUNet,0.033908843994140625,0.011005401611328125,4.9591064453125e-05,0.0,0.9531822204589844,0.028057098388671875
1280x_2025-05-16_00-59-00_002.tif,1280,1280x,18,1024,2048,UNet,0.033870697021484375,0.0126953125,0.00110626220703125,0.0,0.9609832763671875,0.038349151611328125
1280x_2025-05-16_00-59-00_002.tif,1280,1280x,18,1024,2048,Attention_UNet,0.04235076904296875,0.012233734130859375,6.866455078125e-05,0.0,0.9302749633789062,0.038349151611328125
1280x_2025-05-16_00-59-00_002.tif,1280,1280x,18,1024,2048,Attention_ResUNet,0.03151702880859375,0.010822296142578125,5.7220458984375e-05,0.0,0.9604873657226562,0.038349151611328125
1280x_2025-05-16_00-59-00_002.tif,1280,1280x,19,1024,2560,UNet,0.039463043212890625,0.0150299072265625,0.00075531005859375,0.0,0.9549751281738281,0.033893585205078125
1280x_2025-05-16_00-59-00_002.tif,1280,1280x,19,1024,2560,Attention_UNet,0.04073333740234375,0.013210296630859375,0.00040435791015625,0.0,0.8831596374511719,0.033893585205078125
1280x_2025-05-16_00-59-00_002.tif,1280,1280x,19,1024,2560,Attention_ResUNet,0.03702545166015625,0.01306915283203125,3.0517578125e-05,0.0,0.95538330078125,0.033893585205078125
1280x_2025-05-16_00-59-00_002.tif,1280,1280x,20,1024,3072,UNet,0.0599212646484375,0.0236053466796875,0.001575469970703125,0.0,0.9372634887695312,0.06014251708984375
1280x_2025-05-16_00-59-00_002.tif,1280,1280x,20,1024,3072,Attention_UNet,0.0596923828125,0.020137786865234375,0.000911712646484375,0.0,0.84576416015625,0.06014251708984375
1280x_2025-05-16_00-59-00_002.tif,1280,1280x,20,1024,3072,Attention_ResUNet,0.054965972900390625,0.01975250244140625,8.392333984375e-05,0.0,0.9342994689941406,0.06014251708984375
1280x_2025-05-16_00-59-00_002.tif,1280,1280x,21,1536,0,UNet,0.12603378295898438,0.023181915283203125,0.000782012939453125,0.0,0.8273773193359375,0.048725128173828125
1280x_2025-05-16_00-59-00_002.tif,1280,1280x,21,1536,0,Attention_UNet,0.08020401000976562,0.021076202392578125,0.000225067138671875,0.0,0.8218727111816406,0.048725128173828125
1280x_2025-05-16_00-59-00_002.tif,1280,1280x,21,1536,0,Attention_ResUNet,0.040988922119140625,0.0124969482421875,0.00012969970703125,0.0,0.9414596557617188,0.048725128173828125
1280x_2025-05-16_00-59-00_002.tif,1280,1280x,22,1536,512,UNet,0.10531234741210938,0.019222259521484375,0.00067138671875,0.0,0.856414794921875,0.041301727294921875
1280x_2025-05-16_00-59-00_002.tif,1280,1280x,22,1536,512,Attention_UNet,0.09726715087890625,0.0131683349609375,3.814697265625e-06,0.0,0.7468643188476562,0.041301727294921875
1280x_2025-05-16_00-59-00_002.tif,1280,1280x,22,1536,512,Attention_ResUNet,0.033977508544921875,0.009517669677734375,0.0,0.0,0.9525260925292969,0.041301727294921875
1280x_2025-05-16_00-59-00_002.tif,1280,1280x,23,1536,1024,UNet,0.06270980834960938,0.013427734375,0.00046539306640625,0.0,0.9237060546875,0.2540092468261719
1280x_2025-05-16_00-59-00_002.tif,1280,1280x,23,1536,1024,Attention_UNet,0.055145263671875,0.009601593017578125,1.52587890625e-05,0.0,0.8882217407226562,0.2540092468261719
1280x_2025-05-16_00-59-00_002.tif,1280,1280x,23,1536,1024,Attention_ResUNet,0.03105926513671875,0.00884246826171875,1.9073486328125e-05,0.0,0.9608039855957031,0.2540092468261719
1280x_2025-05-16_00-59-00_002.tif,1280,1280x,24,1536,1536,UNet,0.049045562744140625,0.013889312744140625,0.000843048095703125,0.0,0.9540634155273438,0.028778076171875
1280x_2025-05-16_00-59-00_002.tif,1280,1280x,24,1536,1536,Attention_UNet,0.0504150390625,0.011112213134765625,7.62939453125e-06,0.0,0.9429817199707031,0.028778076171875
1280x_2025-05-16_00-59-00_002.tif,1280,1280x,24,1536,1536,Attention_ResUNet,0.0330352783203125,0.01016998291015625,3.0517578125e-05,0.0,0.9549674987792969,0.028778076171875
1280x_2025-05-16_00-59-00_002.tif,1280,1280x,25,1536,2048,UNet,0.03753662109375,0.01203155517578125,0.00070953369140625,0.0,0.9654350280761719,0.027950286865234375
1280x_2025-05-16_00-59-00_002.tif,1280,1280x,25,1536,2048,Attention_UNet,0.047603607177734375,0.01073455810546875,4.1961669921875e-05,0.0,0.9436531066894531,0.027950286865234375
1280x_2025-05-16_00-59-00_002.tif,1280,1280x,25,1536,2048,Attention_ResUNet,0.029949188232421875,0.009479522705078125,3.814697265625e-05,0.0,0.9571304321289062,0.027950286865234375
1280x_2025-05-16_00-59-00_002.tif,1280,1280x,26,1536,2560,UNet,0.049560546875,0.0176544189453125,0.001499176025390625,0.0,0.9524574279785156,0.03949737548828125
1280x_2025-05-16_00-59-00_002.tif,1280,1280x,26,1536,2560,Attention_UNet,0.06720352172851562,0.0161285400390625,0.00022125244140625,0.0,0.9203376770019531,0.03949737548828125
1280x_2025-05-16_00-59-00_002.tif,1280,1280x,26,1536,2560,Attention_ResUNet,0.04217529296875,0.01435089111328125,0.0002288818359375,0.0,0.9459304809570312,0.03949737548828125
1280x_2025-05-16_00-59-00_002.tif,1280,1280x,27,1536,3072,UNet,0.06393814086914062,0.02414703369140625,0.00177764892578125,0.0,0.9353713989257812,0.055908203125
1280x_2025-05-16_00-59-00_002.tif,1280,1280x,27,1536,3072,Attention_UNet,0.0818634033203125,0.021854400634765625,0.000270843505859375,0.0,0.8956413269042969,0.055908203125
1280x_2025-05-16_00-59-00_002.tif,1280,1280x,27,1536,3072,Attention_ResUNet,0.055316925048828125,0.019527435302734375,0.000186920166015625,0.0,0.9335823059082031,0.055908203125
160x_2025-05-15_02-05-00.tif,160,160x,0,0,0,UNet,0.6980667114257812,0.3475074768066406,0.10647201538085938,0.00160980224609375,0.5312309265136719,0.3269767761230469
160x_2025-05-15_02-05-00.tif,160,160x,0,0,0,Attention_UNet,0.6286506652832031,0.2909965515136719,0.02283477783203125,0.0,0.5196418762207031,0.3269767761230469
160x_2025-05-15_02-05-00.tif,160,160x,0,0,0,Attention_ResUNet,0.6643333435058594,0.3602790832519531,0.114349365234375,3.814697265625e-05,0.5251731872558594,0.3269767761230469
160x_2025-05-15_02-05-00.tif,160,160x,1,0,512,UNet,0.6435356140136719,0.274993896484375,0.0759735107421875,0.00095367431640625,0.5540885925292969,0.2939453125
160x_2025-05-15_02-05-00.tif,160,160x,1,0,512,Attention_UNet,0.557830810546875,0.22786712646484375,0.01630401611328125,7.62939453125e-06,0.53961181640625,0.2939453125
160x_2025-05-15_02-05-00.tif,160,160x,1,0,512,Attention_ResUNet,0.6073532104492188,0.2979011535644531,0.06792449951171875,7.62939453125e-06,0.54278564453125,0.2939453125
160x_2025-05-15_02-05-00.tif,160,160x,2,0,1024,UNet,0.6049919128417969,0.2569847106933594,0.0659027099609375,0.0009765625,0.5607185363769531,0.283599853515625
160x_2025-05-15_02-05-00.tif,160,160x,2,0,1024,Attention_UNet,0.5395698547363281,0.21980667114257812,0.017154693603515625,0.0,0.5477447509765625,0.283599853515625
160x_2025-05-15_02-05-00.tif,160,160x,2,0,1024,Attention_ResUNet,0.588836669921875,0.28318023681640625,0.0629119873046875,0.0,0.542022705078125,0.283599853515625
160x_2025-05-15_02-05-00.tif,160,160x,3,0,1536,UNet,0.61151123046875,0.2810821533203125,0.0717926025390625,0.00035858154296875,0.5538787841796875,0.2939720153808594
160x_2025-05-15_02-05-00.tif,160,160x,3,0,1536,Attention_UNet,0.5705528259277344,0.24491500854492188,0.018829345703125,0.0,0.5452156066894531,0.2939720153808594
160x_2025-05-15_02-05-00.tif,160,160x,3,0,1536,Attention_ResUNet,0.6046867370605469,0.2977027893066406,0.06510543823242188,3.0517578125e-05,0.5340576171875,0.2939720153808594
160x_2025-05-15_02-05-00.tif,160,160x,4,0,2048,UNet,0.6204643249511719,0.3040924072265625,0.068206787109375,0.000209808349609375,0.5470924377441406,0.3108863830566406
160x_2025-05-15_02-05-00.tif,160,160x,4,0,2048,Attention_UNet,0.6125717163085938,0.26515960693359375,0.018280029296875,0.0,0.5371513366699219,0.3108863830566406
160x_2025-05-15_02-05-00.tif,160,160x,4,0,2048,Attention_ResUNet,0.6112594604492188,0.3034515380859375,0.057537078857421875,7.62939453125e-06,0.5363388061523438,0.3108863830566406
160x_2025-05-15_02-05-00.tif,160,160x,5,0,2560,UNet,0.656280517578125,0.3455963134765625,0.0800018310546875,0.000118255615234375,0.5376472473144531,0.334197998046875
160x_2025-05-15_02-05-00.tif,160,160x,5,0,2560,Attention_UNet,0.6787261962890625,0.290679931640625,0.02429962158203125,0.0,0.5252761840820312,0.334197998046875
160x_2025-05-15_02-05-00.tif,160,160x,5,0,2560,Attention_ResUNet,0.5859909057617188,0.2837028503417969,0.036617279052734375,0.0,0.5471763610839844,0.334197998046875
160x_2025-05-15_02-05-00.tif,160,160x,6,0,3072,UNet,0.6932411193847656,0.38965606689453125,0.09078598022460938,4.9591064453125e-05,0.5295257568359375,0.4084281921386719
160x_2025-05-15_02-05-00.tif,160,160x,6,0,3072,Attention_UNet,0.789459228515625,0.3394279479980469,0.028400421142578125,0.0,0.5237846374511719,0.4084281921386719
160x_2025-05-15_02-05-00.tif,160,160x,6,0,3072,Attention_ResUNet,0.5475349426269531,0.25262451171875,0.01244354248046875,0.0,0.5608062744140625,0.4084281921386719
160x_2025-05-15_02-05-00.tif,160,160x,7,512,0,UNet,0.6701469421386719,0.288177490234375,0.06933212280273438,0.00049591064453125,0.5545883178710938,0.3111763000488281
160x_2025-05-15_02-05-00.tif,160,160x,7,512,0,Attention_UNet,0.5662002563476562,0.27562713623046875,0.026042938232421875,0.0,0.5318946838378906,0.3111763000488281
160x_2025-05-15_02-05-00.tif,160,160x,7,512,0,Attention_ResUNet,0.5853271484375,0.3056793212890625,0.09568023681640625,7.62939453125e-06,0.5321464538574219,0.3111763000488281
160x_2025-05-15_02-05-00.tif,160,160x,8,512,512,UNet,0.6268081665039062,0.2507820129394531,0.0643310546875,0.00177001953125,0.5714035034179688,0.28963470458984375
160x_2025-05-15_02-05-00.tif,160,160x,8,512,512,Attention_UNet,0.5293998718261719,0.23736190795898438,0.02167510986328125,1.1444091796875e-05,0.5452919006347656,0.28963470458984375
160x_2025-05-15_02-05-00.tif,160,160x,8,512,512,Attention_ResUNet,0.5550460815429688,0.2701911926269531,0.06867218017578125,0.000396728515625,0.5447120666503906,0.28963470458984375
160x_2025-05-15_02-05-00.tif,160,160x,9,512,1024,UNet,0.5638771057128906,0.2132720947265625,0.048252105712890625,0.00054168701171875,0.5837020874023438,0.2690544128417969
160x_2025-05-15_02-05-00.tif,160,160x,9,512,1024,Attention_UNet,0.5067024230957031,0.2065887451171875,0.01508331298828125,0.0,0.544097900390625,0.2690544128417969
160x_2025-05-15_02-05-00.tif,160,160x,9,512,1024,Attention_ResUNet,0.5222015380859375,0.23453140258789062,0.04894256591796875,0.0,0.5676689147949219,0.2690544128417969
160x_2025-05-15_02-05-00.tif,160,160x,10,512,1536,UNet,0.5745735168457031,0.23557662963867188,0.0498199462890625,0.0003509521484375,0.5568923950195312,0.2881011962890625
160x_2025-05-15_02-05-00.tif,160,160x,10,512,1536,Attention_UNet,0.5302886962890625,0.23366546630859375,0.0162200927734375,0.0,0.5433540344238281,0.2881011962890625
160x_2025-05-15_02-05-00.tif,160,160x,10,512,1536,Attention_ResUNet,0.5576248168945312,0.2652854919433594,0.060451507568359375,1.1444091796875e-05,0.5516395568847656,0.2881011962890625
160x_2025-05-15_02-05-00.tif,160,160x,11,512,2048,UNet,0.6094856262207031,0.2662239074707031,0.055263519287109375,0.000186920166015625,0.5440902709960938,0.30364227294921875
160x_2025-05-15_02-05-00.tif,160,160x,11,512,2048,Attention_UNet,0.5742874145507812,0.252197265625,0.01515960693359375,0.0,0.5331344604492188,0.30364227294921875
160x_2025-05-15_02-05-00.tif,160,160x,11,512,2048,Attention_ResUNet,0.592254638671875,0.2829704284667969,0.05840301513671875,0.0,0.5382575988769531,0.30364227294921875
160x_2025-05-15_02-05-00.tif,160,160x,12,512,2560,UNet,0.6574974060058594,0.311553955078125,0.06735992431640625,0.000133514404296875,0.5344161987304688,0.3285255432128906
160x_2025-05-15_02-05-00.tif,160,160x,12,512,2560,Attention_UNet,0.629669189453125,0.2747001647949219,0.017581939697265625,0.0,0.52716064453125,0.3285255432128906
160x_2025-05-15_02-05-00.tif,160,160x,12,512,2560,Attention_ResUNet,0.6144180297851562,0.29327392578125,0.0503387451171875,0.0,0.5331230163574219,0.3285255432128906
160x_2025-05-15_02-05-00.tif,160,160x,13,512,3072,UNet,0.7511329650878906,0.4345817565917969,0.11881256103515625,0.0001983642578125,0.5083732604980469,0.3929595947265625
160x_2025-05-15_02-05-00.tif,160,160x,13,512,3072,Attention_UNet,0.7325630187988281,0.35166168212890625,0.0373382568359375,1.52587890625e-05,0.5146484375,0.3929595947265625
160x_2025-05-15_02-05-00.tif,160,160x,13,512,3072,Attention_ResUNet,0.6298332214355469,0.3232765197753906,0.04511260986328125,0.0,0.5301856994628906,0.3929595947265625
160x_2025-05-15_02-05-00.tif,160,160x,14,1024,0,UNet,0.6246719360351562,0.26749420166015625,0.056858062744140625,0.000560760498046875,0.5607872009277344,0.30324554443359375
160x_2025-05-15_02-05-00.tif,160,160x,14,1024,0,Attention_UNet,0.43447113037109375,0.24495697021484375,0.0444183349609375,1.9073486328125e-05,0.6130905151367188,0.30324554443359375
160x_2025-05-15_02-05-00.tif,160,160x,14,1024,0,Attention_ResUNet,0.4752960205078125,0.2651557922363281,0.09313201904296875,0.00025177001953125,0.5958137512207031,0.30324554443359375
160x_2025-05-15_02-05-00.tif,160,160x,15,1024,512,UNet,0.6139488220214844,0.242828369140625,0.052288055419921875,0.000492095947265625,0.5838088989257812,0.2877769470214844
160x_2025-05-15_02-05-00.tif,160,160x,15,1024,512,Attention_UNet,0.4434700012207031,0.22984695434570312,0.025455474853515625,0.0,0.6012496948242188,0.2877769470214844
160x_2025-05-15_02-05-00.tif,160,160x,15,1024,512,Attention_ResUNet,0.4888801574707031,0.2542266845703125,0.07534408569335938,0.000164031982421875,0.5810127258300781,0.2877769470214844
160x_2025-05-15_02-05-00.tif,160,160x,16,1024,1024,UNet,0.5917625427246094,0.23087692260742188,0.048198699951171875,0.00067138671875,0.57843017578125,0.28485107421875
160x_2025-05-15_02-05-00.tif,160,160x,16,1024,1024,Attention_UNet,0.5131378173828125,0.23699569702148438,0.023166656494140625,0.0,0.5502853393554688,0.28485107421875
160x_2025-05-15_02-05-00.tif,160,160x,16,1024,1024,Attention_ResUNet,0.5239410400390625,0.24654769897460938,0.058544158935546875,4.9591064453125e-05,0.55413818359375,0.28485107421875
160x_2025-05-15_02-05-00.tif,160,160x,17,1024,1536,UNet,0.5698509216308594,0.21796035766601562,0.0376739501953125,0.000293731689453125,0.5699539184570312,0.2861213684082031
160x_2025-05-15_02-05-00.tif,160,160x,17,1024,1536,Attention_UNet,0.5450706481933594,0.2363128662109375,0.017852783203125,0.0,0.527679443359375,0.2861213684082031
160x_2025-05-15_02-05-00.tif,160,160x,17,1024,1536,Attention_ResUNet,0.5275497436523438,0.23681259155273438,0.04930877685546875,0.0,0.5595169067382812,0.2861213684082031
160x_2025-05-15_02-05-00.tif,160,160x,18,1024,2048,UNet,0.5954017639160156,0.24879074096679688,0.0466766357421875,0.000179290771484375,0.5494575500488281,0.30901336669921875
160x_2025-05-15_02-05-00.tif,160,160x,18,1024,2048,Attention_UNet,0.5683364868164062,0.25745391845703125,0.018909454345703125,0.0,0.5272102355957031,0.30901336669921875
160x_2025-05-15_02-05-00.tif,160,160x,18,1024,2048,Attention_ResUNet,0.5575332641601562,0.25650787353515625,0.04943084716796875,0.0,0.5489425659179688,0.30901336669921875
160x_2025-05-15_02-05-00.tif,160,160x,19,1024,2560,UNet,0.6114921569824219,0.2660026550292969,0.05344390869140625,0.00049591064453125,0.5442352294921875,0.3170204162597656
160x_2025-05-15_02-05-00.tif,160,160x,19,1024,2560,Attention_UNet,0.5819664001464844,0.2566642761230469,0.016391754150390625,0.0,0.525482177734375,0.3170204162597656
160x_2025-05-15_02-05-00.tif,160,160x,19,1024,2560,Attention_ResUNet,0.5682258605957031,0.25415802001953125,0.0441436767578125,0.0,0.5453605651855469,0.3170204162597656
160x_2025-05-15_02-05-00.tif,160,160x,20,1024,3072,UNet,0.7265281677246094,0.3852424621582031,0.09753799438476562,0.00048828125,0.514434814453125,0.3868865966796875
160x_2025-05-15_02-05-00.tif,160,160x,20,1024,3072,Attention_UNet,0.6812553405761719,0.3264808654785156,0.029632568359375,0.0,0.5147933959960938,0.3868865966796875
160x_2025-05-15_02-05-00.tif,160,160x,20,1024,3072,Attention_ResUNet,0.6568832397460938,0.3243751525878906,0.058963775634765625,1.52587890625e-05,0.5214309692382812,0.3868865966796875
160x_2025-05-15_02-05-00.tif,160,160x,21,1536,0,UNet,0.5819091796875,0.27559661865234375,0.05588531494140625,0.000537872314453125,0.5519676208496094,0.31601715087890625
160x_2025-05-15_02-05-00.tif,160,160x,21,1536,0,Attention_UNet,0.3863983154296875,0.23848342895507812,0.074188232421875,0.000148773193359375,0.6547470092773438,0.31601715087890625
160x_2025-05-15_02-05-00.tif,160,160x,21,1536,0,Attention_ResUNet,0.428436279296875,0.24265289306640625,0.082489013671875,0.000396728515625,0.6271247863769531,0.31601715087890625
160x_2025-05-15_02-05-00.tif,160,160x,22,1536,512,UNet,0.5861930847167969,0.23650741577148438,0.043376922607421875,0.0004119873046875,0.5788040161132812,0.2928199768066406
160x_2025-05-15_02-05-00.tif,160,160x,22,1536,512,Attention_UNet,0.38735198974609375,0.2236175537109375,0.04537200927734375,1.9073486328125e-05,0.646697998046875,0.2928199768066406
160x_2025-05-15_02-05-00.tif,160,160x,22,1536,512,Attention_ResUNet,0.4326629638671875,0.23477935791015625,0.07701492309570312,0.00041961669921875,0.6246833801269531,0.2928199768066406
160x_2025-05-15_02-05-00.tif,160,160x,23,1536,1024,UNet,0.6046562194824219,0.22504806518554688,0.042877197265625,0.001720428466796875,0.5816268920898438,0.2894859313964844
160x_2025-05-15_02-05-00.tif,160,160x,23,1536,1024,Attention_UNet,0.4426116943359375,0.2286376953125,0.03240966796875,1.1444091796875e-05,0.5972137451171875,0.2894859313964844
160x_2025-05-15_02-05-00.tif,160,160x,23,1536,1024,Attention_ResUNet,0.4764823913574219,0.23254776000976562,0.062286376953125,0.000469207763671875,0.5871505737304688,0.2894859313964844
160x_2025-05-15_02-05-00.tif,160,160x,24,1536,1536,UNet,0.5887870788574219,0.22226333618164062,0.039546966552734375,0.000446319580078125,0.576171875,0.29175567626953125
160x_2025-05-15_02-05-00.tif,160,160x,24,1536,1536,Attention_UNet,0.4993743896484375,0.23638916015625,0.023040771484375,0.0,0.557037353515625,0.29175567626953125
160x_2025-05-15_02-05-00.tif,160,160x,24,1536,1536,Attention_ResUNet,0.5012779235839844,0.2282867431640625,0.046298980712890625,1.52587890625e-05,0.5591201782226562,0.29175567626953125
160x_2025-05-15_02-05-00.tif,160,160x,25,1536,2048,UNet,0.5730819702148438,0.22298049926757812,0.033008575439453125,0.00025177001953125,0.5778732299804688,0.30200958251953125
160x_2025-05-15_02-05-00.tif,160,160x,25,1536,2048,Attention_UNet,0.525299072265625,0.24228286743164062,0.019634246826171875,0.0,0.5437049865722656,0.30200958251953125
160x_2025-05-15_02-05-00.tif,160,160x,25,1536,2048,Attention_ResUNet,0.5074539184570312,0.22291183471679688,0.03607177734375,1.1444091796875e-05,0.557159423828125,0.30200958251953125
160x_2025-05-15_02-05-00.tif,160,160x,26,1536,2560,UNet,0.595733642578125,0.25394439697265625,0.04613494873046875,0.00019073486328125,0.5621833801269531,0.320709228515625
160x_2025-05-15_02-05-00.tif,160,160x,26,1536,2560,Attention_UNet,0.5837440490722656,0.2617912292480469,0.021778106689453125,0.0,0.521881103515625,0.320709228515625
160x_2025-05-15_02-05-00.tif,160,160x,26,1536,2560,Attention_ResUNet,0.5456123352050781,0.23780059814453125,0.0379180908203125,0.0,0.5418434143066406,0.320709228515625
160x_2025-05-15_02-05-00.tif,160,160x,27,1536,3072,UNet,0.7135772705078125,0.3690032958984375,0.09175491333007812,0.000732421875,0.5144767761230469,0.3890266418457031
160x_2025-05-15_02-05-00.tif,160,160x,27,1536,3072,Attention_UNet,0.6820449829101562,0.33048248291015625,0.035266876220703125,0.0,0.5077095031738281,0.3890266418457031
160x_2025-05-15_02-05-00.tif,160,160x,27,1536,3072,Attention_ResUNet,0.6553764343261719,0.30994415283203125,0.0569610595703125,7.62939453125e-06,0.5182456970214844,0.3890266418457031
2560x_2025-05-16_00-59-00_002.tif,2560,2560x,0,0,0,UNet,0.048244476318359375,0.0140533447265625,0.001277923583984375,7.62939453125e-06,0.9550971984863281,0.16543960571289062
2560x_2025-05-16_00-59-00_002.tif,2560,2560x,0,0,0,Attention_UNet,0.051441192626953125,0.010860443115234375,0.00016021728515625,0.0,0.9338531494140625,0.16543960571289062
2560x_2025-05-16_00-59-00_002.tif,2560,2560x,0,0,0,Attention_ResUNet,0.035533905029296875,0.00931549072265625,0.00020599365234375,0.0,0.9408645629882812,0.16543960571289062
2560x_2025-05-16_00-59-00_002.tif,2560,2560x,1,0,512,UNet,0.03597259521484375,0.01229095458984375,0.00128173828125,0.0,0.9714012145996094,0.325042724609375
2560x_2025-05-16_00-59-00_002.tif,2560,2560x,1,0,512,Attention_UNet,0.048358917236328125,0.01074981689453125,2.6702880859375e-05,0.0,0.9371261596679688,0.325042724609375
2560x_2025-05-16_00-59-00_002.tif,2560,2560x,1,0,512,Attention_ResUNet,0.03436279296875,0.01043701171875,2.288818359375e-05,0.0,0.9464797973632812,0.325042724609375
2560x_2025-05-16_00-59-00_002.tif,2560,2560x,2,0,1024,UNet,0.03386688232421875,0.013523101806640625,0.001953125,0.0,0.9678611755371094,0.02602386474609375
2560x_2025-05-16_00-59-00_002.tif,2560,2560x,2,0,1024,Attention_UNet,0.042957305908203125,0.0135040283203125,0.00032806396484375,0.0,0.9449577331542969,0.02602386474609375
2560x_2025-05-16_00-59-00_002.tif,2560,2560x,2,0,1024,Attention_ResUNet,0.036060333251953125,0.012439727783203125,5.7220458984375e-05,0.0,0.9527473449707031,0.02602386474609375
2560x_2025-05-16_00-59-00_002.tif,2560,2560x,3,0,1536,UNet,0.030239105224609375,0.01277923583984375,0.001880645751953125,0.0,0.9727401733398438,0.02613067626953125
2560x_2025-05-16_00-59-00_002.tif,2560,2560x,3,0,1536,Attention_UNet,0.027431488037109375,0.01145172119140625,0.00128173828125,3.814697265625e-06,0.8191986083984375,0.02613067626953125
2560x_2025-05-16_00-59-00_002.tif,2560,2560x,3,0,1536,Attention_ResUNet,0.032230377197265625,0.012279510498046875,7.62939453125e-05,0.0,0.9624443054199219,0.02613067626953125
2560x_2025-05-16_00-59-00_002.tif,2560,2560x,4,0,2048,UNet,0.0286407470703125,0.01172637939453125,0.001453399658203125,0.0,0.9722633361816406,0.2507514953613281
2560x_2025-05-16_00-59-00_002.tif,2560,2560x,4,0,2048,Attention_UNet,0.019687652587890625,0.00847625732421875,0.001895904541015625,6.103515625e-05,0.8412322998046875,0.2507514953613281
2560x_2025-05-16_00-59-00_002.tif,2560,2560x,4,0,2048,Attention_ResUNet,0.02875518798828125,0.0111236572265625,0.000118255615234375,0.0,0.9614028930664062,0.2507514953613281
2560x_2025-05-16_00-59-00_002.tif,2560,2560x,5,0,2560,UNet,0.03603363037109375,0.0135345458984375,0.0009613037109375,0.0,0.95477294921875,0.363128662109375
2560x_2025-05-16_00-59-00_002.tif,2560,2560x,5,0,2560,Attention_UNet,0.02674102783203125,0.00789642333984375,0.00118255615234375,4.1961669921875e-05,0.8536949157714844,0.363128662109375
2560x_2025-05-16_00-59-00_002.tif,2560,2560x,5,0,2560,Attention_ResUNet,0.042011260986328125,0.013912200927734375,2.288818359375e-05,0.0,0.9254379272460938,0.363128662109375
2560x_2025-05-16_00-59-00_002.tif,2560,2560x,6,0,3072,UNet,0.03870391845703125,0.011295318603515625,9.1552734375e-05,0.0,0.8795166015625,0.24284744262695312
2560x_2025-05-16_00-59-00_002.tif,2560,2560x,6,0,3072,Attention_UNet,0.044551849365234375,0.004852294921875,0.000274658203125,3.814697265625e-06,0.8525047302246094,0.24284744262695312
2560x_2025-05-16_00-59-00_002.tif,2560,2560x,6,0,3072,Attention_ResUNet,0.10129547119140625,0.015789031982421875,0.0,0.0,0.8406944274902344,0.24284744262695312
2560x_2025-05-16_00-59-00_002.tif,2560,2560x,7,512,0,UNet,0.055164337158203125,0.012447357177734375,0.00095367431640625,0.0,0.9026069641113281,0.028614044189453125
2560x_2025-05-16_00-59-00_002.tif,2560,2560x,7,512,0,Attention_UNet,0.0410919189453125,0.008941650390625,2.288818359375e-05,0.0,0.9199714660644531,0.028614044189453125
2560x_2025-05-16_00-59-00_002.tif,2560,2560x,7,512,0,Attention_ResUNet,0.027435302734375,0.00669097900390625,1.9073486328125e-05,0.0,0.9605865478515625,0.028614044189453125
2560x_2025-05-16_00-59-00_002.tif,2560,2560x,8,512,512,UNet,0.033275604248046875,0.0093994140625,0.000858306884765625,0.0,0.9682350158691406,0.22090530395507812
2560x_2025-05-16_00-59-00_002.tif,2560,2560x,8,512,512,Attention_UNet,0.0360107421875,0.0076141357421875,3.814697265625e-05,0.0,0.9550056457519531,0.22090530395507812
2560x_2025-05-16_00-59-00_002.tif,2560,2560x,8,512,512,Attention_ResUNet,0.02404022216796875,0.00691986083984375,2.6702880859375e-05,0.0,0.961456298828125,0.22090530395507812
2560x_2025-05-16_00-59-00_002.tif,2560,2560x,9,512,1024,UNet,0.035358428955078125,0.0126953125,0.001369476318359375,0.0,0.9690628051757812,0.02555084228515625
2560x_2025-05-16_00-59-00_002.tif,2560,2560x,9,512,1024,Attention_UNet,0.047882080078125,0.0120849609375,0.000209808349609375,0.0,0.944580078125,0.02555084228515625
2560x_2025-05-16_00-59-00_002.tif,2560,2560x,9,512,1024,Attention_ResUNet,0.033588409423828125,0.01088714599609375,0.000152587890625,0.0,0.9536857604980469,0.02555084228515625
2560x_2025-05-16_00-59-00_002.tif,2560,2560x,10,512,1536,UNet,0.0352020263671875,0.014598846435546875,0.001922607421875,0.0,0.9663619995117188,0.0271759033203125
2560x_2025-05-16_00-59-00_002.tif,2560,2560x,10,512,1536,Attention_UNet,0.0409698486328125,0.0142059326171875,0.00081634521484375,0.0,0.939453125,0.0271759033203125
2560x_2025-05-16_00-59-00_002.tif,2560,2560x,10,512,1536,Attention_ResUNet,0.035137176513671875,0.013134002685546875,0.0006103515625,0.0,0.9588699340820312,0.0271759033203125
2560x_2025-05-16_00-59-00_002.tif,2560,2560x,11,512,2048,UNet,0.029689788818359375,0.012042999267578125,0.001094818115234375,0.0,0.9719314575195312,0.025386810302734375
2560x_2025-05-16_00-59-00_002.tif,2560,2560x,11,512,2048,Attention_UNet,0.024288177490234375,0.009876251220703125,0.001331329345703125,7.62939453125e-06,0.8274993896484375,0.025386810302734375
2560x_2025-05-16_00-59-00_002.tif,2560,2560x,11,512,2048,Attention_ResUNet,0.0293426513671875,0.010852813720703125,2.6702880859375e-05,0.0,0.963531494140625,0.025386810302734375
2560x_2025-05-16_00-59-00_002.tif,2560,2560x,12,512,2560,UNet,0.0327301025390625,0.01268768310546875,0.00087738037109375,0.0,0.9627532958984375,0.03515625
2560x_2025-05-16_00-59-00_002.tif,2560,2560x,12,512,2560,Attention_UNet,0.023723602294921875,0.0095062255859375,0.00154876708984375,1.9073486328125e-05,0.8290672302246094,0.03515625
2560x_2025-05-16_00-59-00_002.tif,2560,2560x,12,512,2560,Attention_ResUNet,0.031719207763671875,0.011688232421875,2.6702880859375e-05,0.0,0.953216552734375,0.03515625
2560x_2025-05-16_00-59-00_002.tif,2560,2560x,13,512,3072,UNet,0.03385162353515625,0.012630462646484375,0.000606536865234375,0.0,0.9552650451660156,0.3348197937011719
2560x_2025-05-16_00-59-00_002.tif,2560,2560x,13,512,3072,Attention_UNet,0.027111053466796875,0.007930755615234375,0.000774383544921875,7.62939453125e-06,0.8387069702148438,0.3348197937011719
2560x_2025-05-16_00-59-00_002.tif,2560,2560x,13,512,3072,Attention_ResUNet,0.03615570068359375,0.012386322021484375,0.0,0.0,0.9241409301757812,0.3348197937011719
2560x_2025-05-16_00-59-00_002.tif,2560,2560x,14,1024,0,UNet,0.08639144897460938,0.016693115234375,0.000858306884765625,0.0,0.8661384582519531,0.03417205810546875
2560x_2025-05-16_00-59-00_002.tif,2560,2560x,14,1024,0,Attention_UNet,0.08136367797851562,0.011821746826171875,4.1961669921875e-05,0.0,0.764190673828125,0.03417205810546875
2560x_2025-05-16_00-59-00_002.tif,2560,2560x,14,1024,0,Attention_ResUNet,0.028186798095703125,0.0067596435546875,1.1444091796875e-05,0.0,0.9600334167480469,0.03417205810546875
2560x_2025-05-16_00-59-00_002.tif,2560,2560x,15,1024,512,UNet,0.054965972900390625,0.013439178466796875,0.000946044921875,0.0,0.9365043640136719,0.0267181396484375
2560x_2025-05-16_00-59-00_002.tif,2560,2560x,15,1024,512,Attention_UNet,0.04764556884765625,0.010089874267578125,1.52587890625e-05,0.0,0.9182014465332031,0.0267181396484375
2560x_2025-05-16_00-59-00_002.tif,2560,2560x,15,1024,512,Attention_ResUNet,0.029354095458984375,0.008449554443359375,8.0108642578125e-05,0.0,0.96173095703125,0.0267181396484375
2560x_2025-05-16_00-59-00_002.tif,2560,2560x,16,1024,1024,UNet,0.036579132080078125,0.01125335693359375,0.00142669677734375,0.0001068115234375,0.9686622619628906,0.02404022216796875
2560x_2025-05-16_00-59-00_002.tif,2560,2560x,16,1024,1024,Attention_UNet,0.039337158203125,0.009586334228515625,0.000335693359375,0.0,0.956451416015625,0.02404022216796875
2560x_2025-05-16_00-59-00_002.tif,2560,2560x,16,1024,1024,Attention_ResUNet,0.027828216552734375,0.009014129638671875,0.000396728515625,0.0,0.96197509765625,0.02404022216796875
2560x_2025-05-16_00-59-00_002.tif,2560,2560x,17,1024,1536,UNet,0.0389251708984375,0.014190673828125,0.001293182373046875,0.0,0.9632225036621094,0.3385353088378906
2560x_2025-05-16_00-59-00_002.tif,2560,2560x,17,1024,1536,Attention_UNet,0.051570892333984375,0.01322174072265625,0.000179290771484375,0.0,0.9394569396972656,0.3385353088378906
2560x_2025-05-16_00-59-00_002.tif,2560,2560x,17,1024,1536,Attention_ResUNet,0.03591156005859375,0.0120697021484375,0.00011444091796875,0.0,0.9519577026367188,0.3385353088378906
2560x_2025-05-16_00-59-00_002.tif,2560,2560x,18,1024,2048,UNet,0.036212921142578125,0.014377593994140625,0.001949310302734375,1.52587890625e-05,0.9594993591308594,0.042339324951171875
2560x_2025-05-16_00-59-00_002.tif,2560,2560x,18,1024,2048,Attention_UNet,0.0436859130859375,0.0135650634765625,0.00030517578125,0.0,0.9365768432617188,0.042339324951171875
2560x_2025-05-16_00-59-00_002.tif,2560,2560x,18,1024,2048,Attention_ResUNet,0.034393310546875,0.01238250732421875,0.000553131103515625,0.0,0.9592132568359375,0.042339324951171875
2560x_2025-05-16_00-59-00_002.tif,2560,2560x,19,1024,2560,UNet,0.03279876708984375,0.013416290283203125,0.001346588134765625,0.0,0.9665603637695312,0.027698516845703125
2560x_2025-05-16_00-59-00_002.tif,2560,2560x,19,1024,2560,Attention_UNet,0.03258514404296875,0.01165008544921875,0.00042724609375,0.0,0.8191413879394531,0.027698516845703125
2560x_2025-05-16_00-59-00_002.tif,2560,2560x,19,1024,2560,Attention_ResUNet,0.031063079833984375,0.0116119384765625,0.0001373291015625,0.0,0.9654273986816406,0.027698516845703125
2560x_2025-05-16_00-59-00_002.tif,2560,2560x,20,1024,3072,UNet,0.039813995361328125,0.01544189453125,0.001316070556640625,0.0,0.9557838439941406,0.21624755859375
2560x_2025-05-16_00-59-00_002.tif,2560,2560x,20,1024,3072,Attention_UNet,0.035663604736328125,0.01296234130859375,0.001094818115234375,0.0,0.8024253845214844,0.21624755859375
2560x_2025-05-16_00-59-00_002.tif,2560,2560x,20,1024,3072,Attention_ResUNet,0.036830902099609375,0.013580322265625,0.000186920166015625,0.0,0.9491806030273438,0.21624755859375
2560x_2025-05-16_00-59-00_002.tif,2560,2560x,21,1536,0,UNet,0.08441162109375,0.01335906982421875,0.00022125244140625,0.0,0.8290252685546875,0.02684783935546875
2560x_2025-05-16_00-59-00_002.tif,2560,2560x,21,1536,0,Attention_UNet,0.056873321533203125,0.011501312255859375,9.5367431640625e-05,0.0,0.7875251770019531,0.02684783935546875
2560x_2025-05-16_00-59-00_002.tif,2560,2560x,21,1536,0,Attention_ResUNet,0.023708343505859375,0.006603240966796875,3.814697265625e-06,0.0,0.9646530151367188,0.02684783935546875
2560x_2025-05-16_00-59-00_002.tif,2560,2560x,22,1536,512,UNet,0.0673675537109375,0.013580322265625,0.001239776611328125,2.6702880859375e-05,0.8869132995605469,0.02581024169921875
2560x_2025-05-16_00-59-00_002.tif,2560,2560x,22,1536,512,Attention_UNet,0.067901611328125,0.008945465087890625,0.0001373291015625,0.0,0.7465438842773438,0.02581024169921875
2560x_2025-05-16_00-59-00_002.tif,2560,2560x,22,1536,512,Attention_ResUNet,0.02556610107421875,0.007610321044921875,0.000217437744140625,0.0,0.9679641723632812,0.02581024169921875
2560x_2025-05-16_00-59-00_002.tif,2560,2560x,23,1536,1024,UNet,0.04708099365234375,0.0107574462890625,0.00035858154296875,0.0,0.9456977844238281,0.33161163330078125
2560x_2025-05-16_00-59-00_002.tif,2560,2560x,23,1536,1024,Attention_UNet,0.04141998291015625,0.0078582763671875,7.62939453125e-06,0.0,0.9183197021484375,0.33161163330078125
2560x_2025-05-16_00-59-00_002.tif,2560,2560x,23,1536,1024,Attention_ResUNet,0.024654388427734375,0.0070343017578125,3.814697265625e-06,0.0,0.968536376953125,0.33161163330078125
2560x_2025-05-16_00-59-00_002.tif,2560,2560x,24,1536,1536,UNet,0.044887542724609375,0.013004302978515625,0.00079345703125,0.0,0.9582710266113281,0.0298919677734375
2560x_2025-05-16_00-59-00_002.tif,2560,2560x,24,1536,1536,Attention_UNet,0.0489959716796875,0.0110015869140625,3.814697265625e-05,0.0,0.9447669982910156,0.0298919677734375
2560x_2025-05-16_00-59-00_002.tif,2560,2560x,24,1536,1536,Attention_ResUNet,0.032360076904296875,0.010044097900390625,1.52587890625e-05,0.0,0.9553184509277344,0.0298919677734375
2560x_2025-05-16_00-59-00_002.tif,2560,2560x,25,1536,2048,UNet,0.03173065185546875,0.010585784912109375,0.0008544921875,0.0,0.9723472595214844,0.023746490478515625
2560x_2025-05-16_00-59-00_002.tif,2560,2560x,25,1536,2048,Attention_UNet,0.04067230224609375,0.009464263916015625,8.392333984375e-05,0.0,0.9508209228515625,0.023746490478515625
2560x_2025-05-16_00-59-00_002.tif,2560,2560x,25,1536,2048,Attention_ResUNet,0.0270843505859375,0.0087890625,3.4332275390625e-05,0.0,0.9637374877929688,0.023746490478515625
2560x_2025-05-16_00-59-00_002.tif,2560,2560x,26,1536,2560,UNet,0.03558349609375,0.013031005859375,0.001216888427734375,0.0,0.9648590087890625,0.027820587158203125
2560x_2025-05-16_00-59-00_002.tif,2560,2560x,26,1536,2560,Attention_UNet,0.04769134521484375,0.0121612548828125,0.00017547607421875,0.0,0.9342803955078125,0.027820587158203125
2560x_2025-05-16_00-59-00_002.tif,2560,2560x,26,1536,2560,Attention_ResUNet,0.0316925048828125,0.010951995849609375,4.57763671875e-05,0.0,0.9597969055175781,0.027820587158203125
2560x_2025-05-16_00-59-00_002.tif,2560,2560x,27,1536,3072,UNet,0.0365753173828125,0.01418304443359375,0.001575469970703125,0.0,0.9609336853027344,0.03824615478515625
2560x_2025-05-16_00-59-00_002.tif,2560,2560x,27,1536,3072,Attention_UNet,0.042705535888671875,0.0130462646484375,0.00026702880859375,0.0,0.9095191955566406,0.03824615478515625
2560x_2025-05-16_00-59-00_002.tif,2560,2560x,27,1536,3072,Attention_ResUNet,0.032505035400390625,0.012119293212890625,0.000301361083984375,0.0,0.96246337890625,0.03824615478515625
320x_2025-05-15_02-05-00.tif,320,320x,0,0,0,UNet,0.40483856201171875,0.1708221435546875,0.0335540771484375,3.4332275390625e-05,0.6779899597167969,0.25826263427734375
320x_2025-05-15_02-05-00.tif,320,320x,0,0,0,Attention_UNet,0.36865997314453125,0.1148681640625,0.0040130615234375,0.0,0.6713790893554688,0.25826263427734375
320x_2025-05-15_02-05-00.tif,320,320x,0,0,0,Attention_ResUNet,0.3531761169433594,0.15423202514648438,0.011631011962890625,0.0,0.6823310852050781,0.25826263427734375
320x_2025-05-15_02-05-00.tif,320,320x,1,0,512,UNet,0.3345527648925781,0.1141204833984375,0.019683837890625,8.392333984375e-05,0.7237968444824219,0.1709747314453125
320x_2025-05-15_02-05-00.tif,320,320x,1,0,512,Attention_UNet,0.2996673583984375,0.08262252807617188,0.00170135498046875,0.0,0.7074470520019531,0.1709747314453125
320x_2025-05-15_02-05-00.tif,320,320x,1,0,512,Attention_ResUNet,0.29265594482421875,0.11249923706054688,0.00739288330078125,0.0,0.7222938537597656,0.1709747314453125
320x_2025-05-15_02-05-00.tif,320,320x,2,0,1024,UNet,0.3263053894042969,0.1127166748046875,0.0205078125,0.00032806396484375,0.7220878601074219,0.1714324951171875
320x_2025-05-15_02-05-00.tif,320,320x,2,0,1024,Attention_UNet,0.3003349304199219,0.08686447143554688,0.002498626708984375,0.0,0.7096405029296875,0.1714324951171875
320x_2025-05-15_02-05-00.tif,320,320x,2,0,1024,Attention_ResUNet,0.3087043762207031,0.12079238891601562,0.010517120361328125,9.5367431640625e-05,0.70556640625,0.1714324951171875
320x_2025-05-15_02-05-00.tif,320,320x,3,0,1536,UNet,0.2888031005859375,0.10053634643554688,0.0147705078125,0.000110626220703125,0.7469902038574219,0.16021728515625
320x_2025-05-15_02-05-00.tif,320,320x,3,0,1536,Attention_UNet,0.2893409729003906,0.08227920532226562,0.001949310302734375,0.0,0.7296791076660156,0.16021728515625
320x_2025-05-15_02-05-00.tif,320,320x,3,0,1536,Attention_ResUNet,0.2812004089355469,0.10461044311523438,0.0069427490234375,0.0,0.7171707153320312,0.16021728515625
320x_2025-05-15_02-05-00.tif,320,320x,4,0,2048,UNet,0.24554824829101562,0.0921478271484375,0.012058258056640625,3.814697265625e-05,0.7801589965820312,0.14879226684570312
320x_2025-05-15_02-05-00.tif,320,320x,4,0,2048,Attention_UNet,0.2716636657714844,0.0793304443359375,0.001186370849609375,0.0,0.7532310485839844,0.14879226684570312
320x_2025-05-15_02-05-00.tif,320,320x,4,0,2048,Attention_ResUNet,0.23288345336914062,0.08597564697265625,0.005176544189453125,0.0,0.7531700134277344,0.14879226684570312
320x_2025-05-15_02-05-00.tif,320,320x,5,0,2560,UNet,0.2344818115234375,0.090789794921875,0.007572174072265625,0.0,0.7780990600585938,0.15105819702148438
320x_2025-05-15_02-05-00.tif,320,320x,5,0,2560,Attention_UNet,0.2976722717285156,0.08254241943359375,0.000629425048828125,0.0,0.7347602844238281,0.15105819702148438
320x_2025-05-15_02-05-00.tif,320,320x,5,0,2560,Attention_ResUNet,0.21516799926757812,0.07775497436523438,0.00177001953125,0.0,0.757293701171875,0.15105819702148438
320x_2025-05-15_02-05-00.tif,320,320x,6,0,3072,UNet,0.24368667602539062,0.09902191162109375,0.008098602294921875,0.0,0.76580810546875,0.26813507080078125
320x_2025-05-15_02-05-00.tif,320,320x,6,0,3072,Attention_UNet,0.33898162841796875,0.09485244750976562,0.0009002685546875,0.0,0.702239990234375,0.26813507080078125
320x_2025-05-15_02-05-00.tif,320,320x,6,0,3072,Attention_ResUNet,0.23145294189453125,0.08142852783203125,0.000720977783203125,0.0,0.7526969909667969,0.26813507080078125
320x_2025-05-15_02-05-00.tif,320,320x,7,512,0,UNet,0.36450958251953125,0.13254547119140625,0.026027679443359375,0.0,0.7143173217773438,0.20389556884765625
320x_2025-05-15_02-05-00.tif,320,320x,7,512,0,Attention_UNet,0.316192626953125,0.10210418701171875,0.0018310546875,0.0,0.675201416015625,0.20389556884765625
320x_2025-05-15_02-05-00.tif,320,320x,7,512,0,Attention_ResUNet,0.29570770263671875,0.12952041625976562,0.01441192626953125,0.0,0.7179679870605469,0.20389556884765625
320x_2025-05-15_02-05-00.tif,320,320x,8,512,512,UNet,0.338348388671875,0.10512161254882812,0.018520355224609375,7.2479248046875e-05,0.7257957458496094,0.17083740234375
320x_2025-05-15_02-05-00.tif,320,320x,8,512,512,Attention_UNet,0.284454345703125,0.09017181396484375,0.001926422119140625,0.0,0.6771011352539062,0.17083740234375
320x_2025-05-15_02-05-00.tif,320,320x,8,512,512,Attention_ResUNet,0.2655754089355469,0.10974884033203125,0.013645172119140625,0.0,0.7348670959472656,0.17083740234375
320x_2025-05-15_02-05-00.tif,320,320x,9,512,1024,UNet,0.322998046875,0.09663772583007812,0.0148773193359375,6.4849853515625e-05,0.7238960266113281,0.16364669799804688
320x_2025-05-15_02-05-00.tif,320,320x,9,512,1024,Attention_UNet,0.2676200866699219,0.07790756225585938,0.00157928466796875,0.0,0.6798210144042969,0.16364669799804688
320x_2025-05-15_02-05-00.tif,320,320x,9,512,1024,Attention_ResUNet,0.260040283203125,0.09597396850585938,0.005825042724609375,0.0,0.7418403625488281,0.16364669799804688
320x_2025-05-15_02-05-00.tif,320,320x,10,512,1536,UNet,0.279144287109375,0.085357666015625,0.01055908203125,1.52587890625e-05,0.7342872619628906,0.149261474609375
320x_2025-05-15_02-05-00.tif,320,320x,10,512,1536,Attention_UNet,0.25099945068359375,0.0709228515625,0.00139617919921875,0.0,0.7226104736328125,0.149261474609375
320x_2025-05-15_02-05-00.tif,320,320x,10,512,1536,Attention_ResUNet,0.23698043823242188,0.08240127563476562,0.00476837158203125,0.0,0.7521781921386719,0.149261474609375
320x_2025-05-15_02-05-00.tif,320,320x,11,512,2048,UNet,0.2781944274902344,0.08862686157226562,0.00891876220703125,1.1444091796875e-05,0.7421951293945312,0.15395355224609375
320x_2025-05-15_02-05-00.tif,320,320x,11,512,2048,Attention_UNet,0.2717475891113281,0.07655715942382812,0.00099945068359375,0.0,0.7314605712890625,0.15395355224609375
320x_2025-05-15_02-05-00.tif,320,320x,11,512,2048,Attention_ResUNet,0.23220443725585938,0.0802001953125,0.0042266845703125,0.0,0.7494125366210938,0.15395355224609375
320x_2025-05-15_02-05-00.tif,320,320x,12,512,2560,UNet,0.2509651184082031,0.08380508422851562,0.00789642333984375,7.2479248046875e-05,0.7719459533691406,0.1492919921875
320x_2025-05-15_02-05-00.tif,320,320x,12,512,2560,Attention_UNet,0.2699394226074219,0.0733795166015625,0.000843048095703125,0.0,0.7518501281738281,0.1492919921875
320x_2025-05-15_02-05-00.tif,320,320x,12,512,2560,Attention_ResUNet,0.19675064086914062,0.06924819946289062,0.00275421142578125,0.0,0.76873779296875,0.1492919921875
320x_2025-05-15_02-05-00.tif,320,320x,13,512,3072,UNet,0.23819351196289062,0.08831787109375,0.007205963134765625,0.0,0.7787628173828125,0.15856170654296875
320x_2025-05-15_02-05-00.tif,320,320x,13,512,3072,Attention_UNet,0.2881660461425781,0.08049392700195312,0.0007171630859375,0.0,0.7447471618652344,0.15856170654296875
320x_2025-05-15_02-05-00.tif,320,320x,13,512,3072,Attention_ResUNet,0.18661880493164062,0.06692123413085938,0.00109100341796875,0.0,0.7729606628417969,0.15856170654296875
320x_2025-05-15_02-05-00.tif,320,320x,14,1024,0,UNet,0.3702430725097656,0.12067794799804688,0.019412994384765625,0.000171661376953125,0.7091522216796875,0.20875167846679688
320x_2025-05-15_02-05-00.tif,320,320x,14,1024,0,Attention_UNet,0.2809181213378906,0.10885238647460938,0.005672454833984375,1.1444091796875e-05,0.7107009887695312,0.20875167846679688
320x_2025-05-15_02-05-00.tif,320,320x,14,1024,0,Attention_ResUNet,0.2697792053222656,0.1175079345703125,0.019256591796875,1.52587890625e-05,0.7285232543945312,0.20875167846679688
320x_2025-05-15_02-05-00.tif,320,320x,15,1024,512,UNet,0.3185768127441406,0.09380340576171875,0.012989044189453125,9.918212890625e-05,0.73321533203125,0.1626434326171875
320x_2025-05-15_02-05-00.tif,320,320x,15,1024,512,Attention_UNet,0.22116851806640625,0.09447097778320312,0.004657745361328125,0.0,0.7588996887207031,0.1626434326171875
320x_2025-05-15_02-05-00.tif,320,320x,15,1024,512,Attention_ResUNet,0.21801376342773438,0.09635543823242188,0.01924896240234375,7.62939453125e-06,0.7744407653808594,0.1626434326171875
320x_2025-05-15_02-05-00.tif,320,320x,16,1024,1024,UNet,0.3139801025390625,0.08378982543945312,0.009532928466796875,6.4849853515625e-05,0.7325897216796875,0.157623291015625
320x_2025-05-15_02-05-00.tif,320,320x,16,1024,1024,Attention_UNet,0.2572784423828125,0.08184814453125,0.001613616943359375,0.0,0.6913871765136719,0.157623291015625
320x_2025-05-15_02-05-00.tif,320,320x,16,1024,1024,Attention_ResUNet,0.23119735717773438,0.0872955322265625,0.00756072998046875,0.0,0.7514762878417969,0.157623291015625
320x_2025-05-15_02-05-00.tif,320,320x,17,1024,1536,UNet,0.2821998596191406,0.07745742797851562,0.006801605224609375,2.6702880859375e-05,0.747406005859375,0.14807510375976562
320x_2025-05-15_02-05-00.tif,320,320x,17,1024,1536,Attention_UNet,0.24562454223632812,0.06969451904296875,0.001129150390625,0.0,0.6771621704101562,0.14807510375976562
320x_2025-05-15_02-05-00.tif,320,320x,17,1024,1536,Attention_ResUNet,0.20978546142578125,0.07303237915039062,0.002681732177734375,0.0,0.7772598266601562,0.14807510375976562
320x_2025-05-15_02-05-00.tif,320,320x,18,1024,2048,UNet,0.2627983093261719,0.07598495483398438,0.0056304931640625,3.0517578125e-05,0.7550010681152344,0.14792251586914062
320x_2025-05-15_02-05-00.tif,320,320x,18,1024,2048,Attention_UNet,0.233489990234375,0.06558990478515625,0.000835418701171875,0.0,0.7115402221679688,0.14792251586914062
320x_2025-05-15_02-05-00.tif,320,320x,18,1024,2048,Attention_ResUNet,0.19257354736328125,0.06412506103515625,0.0019073486328125,0.0,0.7907867431640625,0.14792251586914062
320x_2025-05-15_02-05-00.tif,320,320x,19,1024,2560,UNet,0.24232101440429688,0.06953048706054688,0.004497528076171875,0.0,0.7690238952636719,0.13663864135742188
320x_2025-05-15_02-05-00.tif,320,320x,19,1024,2560,Attention_UNet,0.23044204711914062,0.060298919677734375,0.00037384033203125,0.0,0.7586669921875,0.13663864135742188
320x_2025-05-15_02-05-00.tif,320,320x,19,1024,2560,Attention_ResUNet,0.16474151611328125,0.052074432373046875,0.00077056884765625,0.0,0.8017005920410156,0.13663864135742188
320x_2025-05-15_02-05-00.tif,320,320x,20,1024,3072,UNet,0.2548484802246094,0.08383560180664062,0.005401611328125,1.1444091796875e-05,0.7692146301269531,0.156829833984375
320x_2025-05-15_02-05-00.tif,320,320x,20,1024,3072,Attention_UNet,0.2746620178222656,0.0747528076171875,0.000762939453125,0.0,0.7509117126464844,0.156829833984375
320x_2025-05-15_02-05-00.tif,320,320x,20,1024,3072,Attention_ResUNet,0.17864608764648438,0.059658050537109375,0.000904083251953125,0.0,0.7796516418457031,0.156829833984375
320x_2025-05-15_02-05-00.tif,320,320x,21,1536,0,UNet,0.4097709655761719,0.12933731079101562,0.015743255615234375,1.9073486328125e-05,0.6833839416503906,0.3185691833496094
320x_2025-05-15_02-05-00.tif,320,320x,21,1536,0,Attention_UNet,0.319091796875,0.120941162109375,0.008037567138671875,0.0,0.6863250732421875,0.3185691833496094
320x_2025-05-15_02-05-00.tif,320,320x,21,1536,0,Attention_ResUNet,0.2788658142089844,0.11132431030273438,0.014194488525390625,0.0,0.7157821655273438,0.3185691833496094
320x_2025-05-15_02-05-00.tif,320,320x,22,1536,512,UNet,0.3220977783203125,0.09772109985351562,0.0093231201171875,3.0517578125e-05,0.7205581665039062,0.17166900634765625
320x_2025-05-15_02-05-00.tif,320,320x,22,1536,512,Attention_UNet,0.19663619995117188,0.10100555419921875,0.01874542236328125,0.0,0.7938194274902344,0.17166900634765625
320x_2025-05-15_02-05-00.tif,320,320x,22,1536,512,Attention_ResUNet,0.19805145263671875,0.096588134765625,0.028156280517578125,1.1444091796875e-05,0.808746337890625,0.17166900634765625
320x_2025-05-15_02-05-00.tif,320,320x,23,1536,1024,UNet,0.3316497802734375,0.09103775024414062,0.00957489013671875,2.6702880859375e-05,0.7232856750488281,0.17008209228515625
320x_2025-05-15_02-05-00.tif,320,320x,23,1536,1024,Attention_UNet,0.22423553466796875,0.10195159912109375,0.00891876220703125,0.0,0.7520866394042969,0.17008209228515625
320x_2025-05-15_02-05-00.tif,320,320x,23,1536,1024,Attention_ResUNet,0.22150039672851562,0.09624099731445312,0.016693115234375,0.0,0.7689208984375,0.17008209228515625
320x_2025-05-15_02-05-00.tif,320,320x,24,1536,1536,UNet,0.29737091064453125,0.0785675048828125,0.006282806396484375,0.00011444091796875,0.7392463684082031,0.1547393798828125
320x_2025-05-15_02-05-00.tif,320,320x,24,1536,1536,Attention_UNet,0.23520660400390625,0.08449554443359375,0.0034637451171875,0.0,0.7234611511230469,0.1547393798828125
320x_2025-05-15_02-05-00.tif,320,320x,24,1536,1536,Attention_ResUNet,0.2065582275390625,0.07720184326171875,0.005214691162109375,5.340576171875e-05,0.7719955444335938,0.1547393798828125
320x_2025-05-15_02-05-00.tif,320,320x,25,1536,2048,UNet,0.3069572448730469,0.08644866943359375,0.005435943603515625,7.62939453125e-06,0.7318840026855469,0.16849136352539062
320x_2025-05-15_02-05-00.tif,320,320x,25,1536,2048,Attention_UNet,0.2707633972167969,0.08491134643554688,0.00189208984375,0.0,0.6807670593261719,0.16849136352539062
320x_2025-05-15_02-05-00.tif,320,320x,25,1536,2048,Attention_ResUNet,0.21710586547851562,0.0774383544921875,0.002506256103515625,0.0,0.7589073181152344,0.16849136352539062
320x_2025-05-15_02-05-00.tif,320,320x,26,1536,2560,UNet,0.2621917724609375,0.07731246948242188,0.004241943359375,0.0,0.7600135803222656,0.1523590087890625
320x_2025-05-15_02-05-00.tif,320,320x,26,1536,2560,Attention_UNet,0.25444793701171875,0.07147598266601562,0.00112152099609375,0.0,0.6963653564453125,0.1523590087890625
320x_2025-05-15_02-05-00.tif,320,320x,26,1536,2560,Attention_ResUNet,0.17886734008789062,0.058879852294921875,0.00093841552734375,0.0,0.8006935119628906,0.1523590087890625
320x_2025-05-15_02-05-00.tif,320,320x,27,1536,3072,UNet,0.29541015625,0.0949249267578125,0.0061187744140625,2.6702880859375e-05,0.7353477478027344,0.17415618896484375
320x_2025-05-15_02-05-00.tif,320,320x,27,1536,3072,Attention_UNet,0.29705810546875,0.08896636962890625,0.00104522705078125,0.0,0.7294769287109375,0.17415618896484375
320x_2025-05-15_02-05-00.tif,320,320x,27,1536,3072,Attention_ResUNet,0.200225830078125,0.06259918212890625,0.0009307861328125,0.0,0.7615547180175781,0.17415618896484375
5120x_2025-05-16_00-59-00.tif,5120,5120x,0,0,0,UNet,0.028263092041015625,0.007579803466796875,0.0003814697265625,0.0,0.96038818359375,0.29407501220703125
5120x_2025-05-16_00-59-00.tif,5120,5120x,0,0,0,Attention_UNet,0.02976226806640625,0.00557708740234375,3.0517578125e-05,0.0,0.9511566162109375,0.29407501220703125
5120x_2025-05-16_00-59-00.tif,5120,5120x,0,0,0,Attention_ResUNet,0.018756866455078125,0.004451751708984375,1.9073486328125e-05,0.0,0.9608840942382812,0.29407501220703125
5120x_2025-05-16_00-59-00.tif,5120,5120x,1,0,512,UNet,0.017547607421875,0.00563812255859375,0.00055694580078125,0.0,0.9859962463378906,0.3969917297363281
5120x_2025-05-16_00-59-00.tif,5120,5120x,1,0,512,Attention_UNet,0.023784637451171875,0.004863739013671875,7.62939453125e-06,0.0,0.9298515319824219,0.3969917297363281
5120x_2025-05-16_00-59-00.tif,5120,5120x,1,0,512,Attention_ResUNet,0.01575469970703125,0.00457000732421875,0.0,0.0,0.9690437316894531,0.3969917297363281
5120x_2025-05-16_00-59-00.tif,5120,5120x,2,0,1024,UNet,0.011096954345703125,0.004100799560546875,0.000591278076171875,0.0,0.73968505859375,0.4473304748535156
5120x_2025-05-16_00-59-00.tif,5120,5120x,2,0,1024,Attention_UNet,0.014617919921875,0.00411224365234375,3.4332275390625e-05,0.0,0.819793701171875,0.4473304748535156
5120x_2025-05-16_00-59-00.tif,5120,5120x,2,0,1024,Attention_ResUNet,0.011226654052734375,0.00371551513671875,3.814697265625e-06,0.0,0.9678955078125,0.4473304748535156
5120x_2025-05-16_00-59-00.tif,5120,5120x,3,0,1536,UNet,0.008876800537109375,0.0033111572265625,0.000392913818359375,0.0,0.96197509765625,0.3717536926269531
5120x_2025-05-16_00-59-00.tif,5120,5120x,3,0,1536,Attention_UNet,0.00879669189453125,0.003055572509765625,0.000278472900390625,0.0,0.7978858947753906,0.3717536926269531
5120x_2025-05-16_00-59-00.tif,5120,5120x,3,0,1536,Attention_ResUNet,0.008419036865234375,0.003116607666015625,3.814697265625e-06,0.0,0.9672737121582031,0.3717536926269531
5120x_2025-05-16_00-59-00.tif,5120,5120x,4,0,2048,UNet,0.011745452880859375,0.004138946533203125,0.00029754638671875,0.0,0.8089942932128906,0.3060035705566406
5120x_2025-05-16_00-59-00.tif,5120,5120x,4,0,2048,Attention_UNet,0.0076751708984375,0.002498626708984375,0.0003509521484375,7.62939453125e-06,0.8494033813476562,0.3060035705566406
5120x_2025-05-16_00-59-00.tif,5120,5120x,4,0,2048,Attention_ResUNet,0.010959625244140625,0.00400543212890625,0.0,0.0,0.8928375244140625,0.3060035705566406
5120x_2025-05-16_00-59-00.tif,5120,5120x,5,0,2560,UNet,0.017169952392578125,0.00551605224609375,0.00019073486328125,0.0,0.7514801025390625,0.43428802490234375
5120x_2025-05-16_00-59-00.tif,5120,5120x,5,0,2560,Attention_UNet,0.01473236083984375,0.003025054931640625,0.000179290771484375,0.0,0.8633689880371094,0.43428802490234375
5120x_2025-05-16_00-59-00.tif,5120,5120x,5,0,2560,Attention_ResUNet,0.02144622802734375,0.005718231201171875,0.0,0.0,0.8736915588378906,0.43428802490234375
5120x_2025-05-16_00-59-00.tif,5120,5120x,6,0,3072,UNet,0.01947784423828125,0.00390625,6.103515625e-05,0.0,0.6443138122558594,0.30387115478515625
5120x_2025-05-16_00-59-00.tif,5120,5120x,6,0,3072,Attention_UNet,0.034332275390625,0.001598358154296875,4.9591064453125e-05,0.0,0.8647003173828125,0.30387115478515625
5120x_2025-05-16_00-59-00.tif,5120,5120x,6,0,3072,Attention_ResUNet,0.09250640869140625,0.007007598876953125,0.0,0.0,0.8313827514648438,0.30387115478515625
5120x_2025-05-16_00-59-00.tif,5120,5120x,7,512,0,UNet,0.02696990966796875,0.00479888916015625,0.00020599365234375,0.0,0.7843513488769531,0.41191864013671875
5120x_2025-05-16_00-59-00.tif,5120,5120x,7,512,0,Attention_UNet,0.01729583740234375,0.003406524658203125,0.0,0.0,0.7530021667480469,0.41191864013671875
5120x_2025-05-16_00-59-00.tif,5120,5120x,7,512,0,Attention_ResUNet,0.010555267333984375,0.002410888671875,0.0,0.0,0.9785652160644531,0.41191864013671875
5120x_2025-05-16_00-59-00.tif,5120,5120x,8,512,512,UNet,0.00943756103515625,0.00273895263671875,0.00022125244140625,0.0,0.7006340026855469,0.4249382019042969
5120x_2025-05-16_00-59-00.tif,5120,5120x,8,512,512,Attention_UNet,0.01094818115234375,0.00226593017578125,0.0,0.0,0.8821792602539062,0.4249382019042969
5120x_2025-05-16_00-59-00.tif,5120,5120x,8,512,512,Attention_ResUNet,0.007152557373046875,0.0020751953125,1.52587890625e-05,0.0,0.972808837890625,0.4249382019042969
5120x_2025-05-16_00-59-00.tif,5120,5120x,9,512,1024,UNet,0.011486053466796875,0.003871917724609375,0.000431060791015625,0.0,0.9905052185058594,0.4954795837402344
5120x_2025-05-16_00-59-00.tif,5120,5120x,9,512,1024,Attention_UNet,0.015567779541015625,0.00363922119140625,0.000133514404296875,0.0,0.944366455078125,0.4954795837402344
5120x_2025-05-16_00-59-00.tif,5120,5120x,9,512,1024,Attention_ResUNet,0.010021209716796875,0.003208160400390625,0.000141143798828125,0.0,0.9718818664550781,0.4954795837402344
5120x_2025-05-16_00-59-00.tif,5120,5120x,10,512,1536,UNet,0.011775970458984375,0.004421234130859375,0.000347137451171875,0.0,0.8083114624023438,0.4830513000488281
5120x_2025-05-16_00-59-00.tif,5120,5120x,10,512,1536,Attention_UNet,0.014373779296875,0.004360198974609375,7.62939453125e-06,0.0,0.7532768249511719,0.4830513000488281
5120x_2025-05-16_00-59-00.tif,5120,5120x,10,512,1536,Attention_ResUNet,0.01146697998046875,0.003818511962890625,7.62939453125e-06,0.0,0.9714164733886719,0.4830513000488281
5120x_2025-05-16_00-59-00.tif,5120,5120x,11,512,2048,UNet,0.013111114501953125,0.004711151123046875,0.000293731689453125,0.0,0.972900390625,0.4162483215332031
5120x_2025-05-16_00-59-00.tif,5120,5120x,11,512,2048,Attention_UNet,0.010135650634765625,0.00383758544921875,0.0004730224609375,0.0,0.8158340454101562,0.4162483215332031
5120x_2025-05-16_00-59-00.tif,5120,5120x,11,512,2048,Attention_ResUNet,0.012035369873046875,0.0042266845703125,0.0,0.0,0.9691696166992188,0.4162483215332031
5120x_2025-05-16_00-59-00.tif,5120,5120x,12,512,2560,UNet,0.01296234130859375,0.0044708251953125,0.0002288818359375,0.0,0.8781852722167969,0.3225212097167969
5120x_2025-05-16_00-59-00.tif,5120,5120x,12,512,2560,Attention_UNet,0.008541107177734375,0.003082275390625,0.000415802001953125,0.0,0.8420486450195312,0.3225212097167969
5120x_2025-05-16_00-59-00.tif,5120,5120x,12,512,2560,Attention_ResUNet,0.0115814208984375,0.003936767578125,0.0,0.0,0.9282722473144531,0.3225212097167969
5120x_2025-05-16_00-59-00.tif,5120,5120x,13,512,3072,UNet,0.015537261962890625,0.004627227783203125,0.000118255615234375,0.0,0.7226142883300781,0.4046478271484375
5120x_2025-05-16_00-59-00.tif,5120,5120x,13,512,3072,Attention_UNet,0.01325225830078125,0.002716064453125,0.000247955322265625,0.0,0.8539657592773438,0.4046478271484375
5120x_2025-05-16_00-59-00.tif,5120,5120x,13,512,3072,Attention_ResUNet,0.016841888427734375,0.004711151123046875,0.0,0.0,0.8127403259277344,0.4046478271484375
5120x_2025-05-16_00-59-00.tif,5120,5120x,14,1024,0,UNet,0.041492462158203125,0.006351470947265625,0.000213623046875,0.0,0.8017005920410156,0.4121742248535156
5120x_2025-05-16_00-59-00.tif,5120,5120x,14,1024,0,Attention_UNet,0.04009246826171875,0.00466156005859375,0.0,0.0,0.7564201354980469,0.4121742248535156
5120x_2025-05-16_00-59-00.tif,5120,5120x,14,1024,0,Attention_ResUNet,0.011077880859375,0.00241851806640625,0.0,0.0,0.9819450378417969,0.4121742248535156
5120x_2025-05-16_00-59-00.tif,5120,5120x,15,1024,512,UNet,0.022693634033203125,0.004695892333984375,8.0108642578125e-05,0.0,0.8004493713378906,0.4517250061035156
5120x_2025-05-16_00-59-00.tif,5120,5120x,15,1024,512,Attention_UNet,0.019191741943359375,0.003383636474609375,0.0,0.0,0.8900718688964844,0.4517250061035156
5120x_2025-05-16_00-59-00.tif,5120,5120x,15,1024,512,Attention_ResUNet,0.010662078857421875,0.00279998779296875,0.0,0.0,0.984344482421875,0.4517250061035156
5120x_2025-05-16_00-59-00.tif,5120,5120x,16,1024,1024,UNet,0.016262054443359375,0.005031585693359375,0.00061798095703125,3.0517578125e-05,0.9866142272949219,0.37920379638671875
5120x_2025-05-16_00-59-00.tif,5120,5120x,16,1024,1024,Attention_UNet,0.017833709716796875,0.004337310791015625,0.00023651123046875,0.0,0.9751396179199219,0.37920379638671875
5120x_2025-05-16_00-59-00.tif,5120,5120x,16,1024,1024,Attention_ResUNet,0.0120391845703125,0.003814697265625,0.000286102294921875,0.0,0.9830207824707031,0.37920379638671875
5120x_2025-05-16_00-59-00.tif,5120,5120x,17,1024,1536,UNet,0.01572418212890625,0.005184173583984375,0.000202178955078125,0.0,0.9859428405761719,0.489471435546875
5120x_2025-05-16_00-59-00.tif,5120,5120x,17,1024,1536,Attention_UNet,0.021274566650390625,0.0048370361328125,0.0,0.0,0.9654083251953125,0.489471435546875
5120x_2025-05-16_00-59-00.tif,5120,5120x,17,1024,1536,Attention_ResUNet,0.01369476318359375,0.00418853759765625,0.0,0.0,0.9714393615722656,0.489471435546875
5120x_2025-05-16_00-59-00.tif,5120,5120x,18,1024,2048,UNet,0.010730743408203125,0.003871917724609375,0.000331878662109375,0.0,0.7818984985351562,0.4341697692871094
5120x_2025-05-16_00-59-00.tif,5120,5120x,18,1024,2048,Attention_UNet,0.01287841796875,0.003627777099609375,6.103515625e-05,0.0,0.7314071655273438,0.4341697692871094
5120x_2025-05-16_00-59-00.tif,5120,5120x,18,1024,2048,Attention_ResUNet,0.00969696044921875,0.00321197509765625,4.1961669921875e-05,0.0,0.9733734130859375,0.4341697692871094
5120x_2025-05-16_00-59-00.tif,5120,5120x,19,1024,2560,UNet,0.017181396484375,0.006320953369140625,0.000301361083984375,0.0,0.9711418151855469,0.3752593994140625
5120x_2025-05-16_00-59-00.tif,5120,5120x,19,1024,2560,Attention_UNet,0.0167236328125,0.005275726318359375,0.000102996826171875,0.0,0.77471923828125,0.3752593994140625
5120x_2025-05-16_00-59-00.tif,5120,5120x,19,1024,2560,Attention_ResUNet,0.0152740478515625,0.005298614501953125,0.0,0.0,0.9717521667480469,0.3752593994140625
5120x_2025-05-16_00-59-00.tif,5120,5120x,20,1024,3072,UNet,0.019275665283203125,0.006866455078125,0.00025177001953125,0.0,0.9637222290039062,0.3314399719238281
5120x_2025-05-16_00-59-00.tif,5120,5120x,20,1024,3072,Attention_UNet,0.015224456787109375,0.005260467529296875,0.0004119873046875,0.0,0.8047904968261719,0.3314399719238281
5120x_2025-05-16_00-59-00.tif,5120,5120x,20,1024,3072,Attention_ResUNet,0.016998291015625,0.005908966064453125,0.0,0.0,0.9444618225097656,0.3314399719238281
5120x_2025-05-16_00-59-00.tif,5120,5120x,21,1536,0,UNet,0.045581817626953125,0.00568389892578125,0.000102996826171875,0.0,0.7947769165039062,0.38443756103515625
5120x_2025-05-16_00-59-00.tif,5120,5120x,21,1536,0,Attention_UNet,0.03018951416015625,0.004497528076171875,2.6702880859375e-05,0.0,0.7615623474121094,0.38443756103515625
5120x_2025-05-16_00-59-00.tif,5120,5120x,21,1536,0,Attention_ResUNet,0.009822845458984375,0.002483367919921875,1.9073486328125e-05,0.0,0.9763412475585938,0.38443756103515625
5120x_2025-05-16_00-59-00.tif,5120,5120x,22,1536,512,UNet,0.03083038330078125,0.004451751708984375,6.103515625e-05,0.0,0.775482177734375,0.4037361145019531
5120x_2025-05-16_00-59-00.tif,5120,5120x,22,1536,512,Attention_UNet,0.034759521484375,0.002933502197265625,1.1444091796875e-05,0.0,0.7115287780761719,0.4037361145019531
5120x_2025-05-16_00-59-00.tif,5120,5120x,22,1536,512,Attention_ResUNet,0.0088043212890625,0.002437591552734375,0.0,0.0,0.9873847961425781,0.4037361145019531
5120x_2025-05-16_00-59-00.tif,5120,5120x,23,1536,1024,UNet,0.01641845703125,0.0035247802734375,0.00017547607421875,0.0,0.7881050109863281,0.4220008850097656
5120x_2025-05-16_00-59-00.tif,5120,5120x,23,1536,1024,Attention_UNet,0.014190673828125,0.00263214111328125,0.0,0.0,0.89697265625,0.4220008850097656
5120x_2025-05-16_00-59-00.tif,5120,5120x,23,1536,1024,Attention_ResUNet,0.00788116455078125,0.002269744873046875,0.0,0.0,0.9893417358398438,0.4220008850097656
5120x_2025-05-16_00-59-00.tif,5120,5120x,24,1536,1536,UNet,0.015625,0.0041351318359375,0.00011444091796875,0.0,0.984375,0.42414093017578125
5120x_2025-05-16_00-59-00.tif,5120,5120x,24,1536,1536,Attention_UNet,0.016719818115234375,0.003353118896484375,0.0,0.0,0.9752426147460938,0.42414093017578125
5120x_2025-05-16_00-59-00.tif,5120,5120x,24,1536,1536,Attention_ResUNet,0.01038360595703125,0.003070831298828125,0.0,0.0,0.9733314514160156,0.42414093017578125
5120x_2025-05-16_00-59-00.tif,5120,5120x,25,1536,2048,UNet,0.010951995849609375,0.003490447998046875,0.000179290771484375,0.0,0.7492523193359375,0.4689445495605469
5120x_2025-05-16_00-59-00.tif,5120,5120x,25,1536,2048,Attention_UNet,0.014865875244140625,0.00315093994140625,0.0,0.0,0.92681884765625,0.4689445495605469
5120x_2025-05-16_00-59-00.tif,5120,5120x,25,1536,2048,Attention_ResUNet,0.0089874267578125,0.00278472900390625,0.0,0.0,0.9690399169921875,0.4689445495605469
5120x_2025-05-16_00-59-00.tif,5120,5120x,26,1536,2560,UNet,0.011806488037109375,0.003833770751953125,0.000225067138671875,0.0,0.7263031005859375,0.425689697265625
5120x_2025-05-16_00-59-00.tif,5120,5120x,26,1536,2560,Attention_UNet,0.015399932861328125,0.003437042236328125,1.9073486328125e-05,0.0,0.8192977905273438,0.425689697265625
5120x_2025-05-16_00-59-00.tif,5120,5120x,26,1536,2560,Attention_ResUNet,0.009521484375,0.0031280517578125,0.0,0.0,0.9712142944335938,0.425689697265625
5120x_2025-05-16_00-59-00.tif,5120,5120x,27,1536,3072,UNet,0.01584625244140625,0.0054168701171875,0.000335693359375,0.0,0.8806304931640625,0.41992950439453125
5120x_2025-05-16_00-59-00.tif,5120,5120x,27,1536,3072,Attention_UNet,0.018070220947265625,0.00490570068359375,1.1444091796875e-05,0.0,0.7955055236816406,0.41992950439453125
5120x_2025-05-16_00-59-00.tif,5120,5120x,27,1536,3072,Attention_ResUNet,0.013355255126953125,0.004642486572265625,0.0,0.0,0.9682769775390625,0.41992950439453125
640x_2025-05-16_00-59-00_002.tif,640,640x,0,0,0,UNet,0.2771339416503906,0.086029052734375,0.006988525390625,0.0,0.771820068359375,0.14825439453125
640x_2025-05-16_00-59-00_002.tif,640,640x,0,0,0,Attention_UNet,0.28266143798828125,0.07210159301757812,0.0004119873046875,0.0,0.7426719665527344,0.14825439453125
640x_2025-05-16_00-59-00_002.tif,640,640x,0,0,0,Attention_ResUNet,0.249298095703125,0.0803985595703125,0.002117156982421875,0.0,0.7470588684082031,0.14825439453125
640x_2025-05-16_00-59-00_002.tif,640,640x,1,0,512,UNet,0.21686553955078125,0.0774688720703125,0.01251220703125,0.001033782958984375,0.8207359313964844,0.12827301025390625
640x_2025-05-16_00-59-00_002.tif,640,640x,1,0,512,Attention_UNet,0.2616844177246094,0.07149887084960938,0.00391387939453125,0.0,0.7702980041503906,0.12827301025390625
640x_2025-05-16_00-59-00_002.tif,640,640x,1,0,512,Attention_ResUNet,0.23544692993164062,0.07968521118164062,0.005603790283203125,0.0,0.766632080078125,0.12827301025390625
640x_2025-05-16_00-59-00_002.tif,640,640x,2,0,1024,UNet,0.14008712768554688,0.056316375732421875,0.006160736083984375,0.0,0.8652915954589844,0.09864044189453125
640x_2025-05-16_00-59-00_002.tif,640,640x,2,0,1024,Attention_UNet,0.21478271484375,0.058666229248046875,0.0016632080078125,0.0,0.8086471557617188,0.09864044189453125
640x_2025-05-16_00-59-00_002.tif,640,640x,2,0,1024,Attention_ResUNet,0.15908050537109375,0.052570343017578125,0.0012359619140625,0.0,0.8226165771484375,0.09864044189453125
640x_2025-05-16_00-59-00_002.tif,640,640x,3,0,1536,UNet,0.11141204833984375,0.04889678955078125,0.003948211669921875,0.0,0.88848876953125,0.09319305419921875
640x_2025-05-16_00-59-00_002.tif,640,640x,3,0,1536,Attention_UNet,0.1458892822265625,0.04656219482421875,0.000698089599609375,0.0,0.8457870483398438,0.09319305419921875
640x_2025-05-16_00-59-00_002.tif,640,640x,3,0,1536,Attention_ResUNet,0.12147140502929688,0.042633056640625,0.000293731689453125,0.0,0.8605194091796875,0.09319305419921875
640x_2025-05-16_00-59-00_002.tif,640,640x,4,0,2048,UNet,0.10464859008789062,0.043567657470703125,0.0016937255859375,0.0,0.8960914611816406,0.10868453979492188
640x_2025-05-16_00-59-00_002.tif,640,640x,4,0,2048,Attention_UNet,0.11073684692382812,0.0359649658203125,0.00121307373046875,0.0,0.8318977355957031,0.10868453979492188
640x_2025-05-16_00-59-00_002.tif,640,640x,4,0,2048,Attention_ResUNet,0.11359405517578125,0.039333343505859375,1.52587890625e-05,0.0,0.8660507202148438,0.10868453979492188
640x_2025-05-16_00-59-00_002.tif,640,640x,5,0,2560,UNet,0.10547256469726562,0.0383453369140625,0.00140380859375,0.0,0.8852157592773438,0.12150192260742188
640x_2025-05-16_00-59-00_002.tif,640,640x,5,0,2560,Attention_UNet,0.09646987915039062,0.027919769287109375,0.00124359130859375,3.814697265625e-06,0.7879104614257812,0.12150192260742188
640x_2025-05-16_00-59-00_002.tif,640,640x,5,0,2560,Attention_ResUNet,0.1261138916015625,0.041522979736328125,0.0001983642578125,0.0,0.8576393127441406,0.12150192260742188
640x_2025-05-16_00-59-00_002.tif,640,640x,6,0,3072,UNet,0.10970687866210938,0.030887603759765625,0.000843048095703125,0.0,0.8674507141113281,0.18426513671875
640x_2025-05-16_00-59-00_002.tif,640,640x,6,0,3072,Attention_UNet,0.11772537231445312,0.0242767333984375,0.001415252685546875,7.62939453125e-06,0.7828598022460938,0.18426513671875
640x_2025-05-16_00-59-00_002.tif,640,640x,6,0,3072,Attention_ResUNet,0.19281005859375,0.04943084716796875,7.62939453125e-05,0.0,0.8096351623535156,0.18426513671875
640x_2025-05-16_00-59-00_002.tif,640,640x,7,512,0,UNet,0.2716827392578125,0.07864761352539062,0.00907135009765625,0.001232147216796875,0.7744636535644531,0.12699508666992188
640x_2025-05-16_00-59-00_002.tif,640,640x,7,512,0,Attention_UNet,0.24133682250976562,0.06516265869140625,0.003017425537109375,3.4332275390625e-05,0.7573699951171875,0.12699508666992188
640x_2025-05-16_00-59-00_002.tif,640,640x,7,512,0,Attention_ResUNet,0.19006729125976562,0.056026458740234375,0.003833770751953125,6.103515625e-05,0.7999649047851562,0.12699508666992188
640x_2025-05-16_00-59-00_002.tif,640,640x,8,512,512,UNet,0.2060546875,0.05950927734375,0.0051422119140625,3.814697265625e-06,0.8214454650878906,0.10925674438476562
640x_2025-05-16_00-59-00_002.tif,640,640x,8,512,512,Attention_UNet,0.21137619018554688,0.051006317138671875,0.000431060791015625,0.0,0.8030052185058594,0.10925674438476562
640x_2025-05-16_00-59-00_002.tif,640,640x,8,512,512,Attention_ResUNet,0.171234130859375,0.04900360107421875,0.001068115234375,0.0,0.8043785095214844,0.10925674438476562
640x_2025-05-16_00-59-00_002.tif,640,640x,9,512,1024,UNet,0.1318359375,0.04290771484375,0.001861572265625,0.0,0.8707656860351562,0.09585952758789062
640x_2025-05-16_00-59-00_002.tif,640,640x,9,512,1024,Attention_UNet,0.17812347412109375,0.04241943359375,0.00034332275390625,0.0,0.831329345703125,0.09585952758789062
640x_2025-05-16_00-59-00_002.tif,640,640x,9,512,1024,Attention_ResUNet,0.13213729858398438,0.03612518310546875,0.000377655029296875,0.0,0.8339767456054688,0.09585952758789062
640x_2025-05-16_00-59-00_002.tif,640,640x,10,512,1536,UNet,0.10513687133789062,0.040393829345703125,0.002170562744140625,0.0,0.8839035034179688,0.0798797607421875
640x_2025-05-16_00-59-00_002.tif,640,640x,10,512,1536,Attention_UNet,0.15761184692382812,0.042682647705078125,0.00045013427734375,0.0,0.8491249084472656,0.0798797607421875
640x_2025-05-16_00-59-00_002.tif,640,640x,10,512,1536,Attention_ResUNet,0.10581588745117188,0.033061981201171875,0.000278472900390625,0.0,0.8675041198730469,0.0798797607421875
640x_2025-05-16_00-59-00_002.tif,640,640x,11,512,2048,UNet,0.08552169799804688,0.034687042236328125,0.00189208984375,0.0,0.9125938415527344,0.08051300048828125
640x_2025-05-16_00-59-00_002.tif,640,640x,11,512,2048,Attention_UNet,0.10396575927734375,0.029796600341796875,0.0003814697265625,0.0,0.8690528869628906,0.08051300048828125
640x_2025-05-16_00-59-00_002.tif,640,640x,11,512,2048,Attention_ResUNet,0.08683013916015625,0.027751922607421875,0.00012969970703125,0.0,0.88934326171875,0.08051300048828125
640x_2025-05-16_00-59-00_002.tif,640,640x,12,512,2560,UNet,0.10141372680664062,0.041027069091796875,0.002124786376953125,0.0,0.8971977233886719,0.09896087646484375
640x_2025-05-16_00-59-00_002.tif,640,640x,12,512,2560,Attention_UNet,0.11908721923828125,0.034725189208984375,0.00099945068359375,0.0,0.8283157348632812,0.09896087646484375
640x_2025-05-16_00-59-00_002.tif,640,640x,12,512,2560,Attention_ResUNet,0.1032257080078125,0.034271240234375,0.000568389892578125,0.0,0.8733978271484375,0.09896087646484375
640x_2025-05-16_00-59-00_002.tif,640,640x,13,512,3072,UNet,0.11383056640625,0.041034698486328125,0.0015716552734375,0.0,0.879974365234375,0.12719345092773438
640x_2025-05-16_00-59-00_002.tif,640,640x,13,512,3072,Attention_UNet,0.12337493896484375,0.0345611572265625,0.001148223876953125,0.0,0.8003463745117188,0.12719345092773438
640x_2025-05-16_00-59-00_002.tif,640,640x,13,512,3072,Attention_ResUNet,0.12783050537109375,0.04148101806640625,6.866455078125e-05,0.0,0.8550491333007812,0.12719345092773438
640x_2025-05-16_00-59-00_002.tif,640,640x,14,1024,0,UNet,0.2789573669433594,0.074493408203125,0.005054473876953125,0.0,0.7618293762207031,0.12548446655273438
640x_2025-05-16_00-59-00_002.tif,640,640x,14,1024,0,Attention_UNet,0.2868156433105469,0.064544677734375,0.000347137451171875,0.0,0.6761474609375,0.12548446655273438
640x_2025-05-16_00-59-00_002.tif,640,640x,14,1024,0,Attention_ResUNet,0.16652297973632812,0.04659271240234375,0.00069427490234375,0.0,0.8128509521484375,0.12548446655273438
640x_2025-05-16_00-59-00_002.tif,640,640x,15,1024,512,UNet,0.1902313232421875,0.046215057373046875,0.0025177001953125,7.62939453125e-06,0.8304061889648438,0.09072494506835938
640x_2025-05-16_00-59-00_002.tif,640,640x,15,1024,512,Attention_UNet,0.16658782958984375,0.0360260009765625,0.000244140625,0.0,0.8041954040527344,0.09072494506835938
640x_2025-05-16_00-59-00_002.tif,640,640x,15,1024,512,Attention_ResUNet,0.10293960571289062,0.024044036865234375,0.000335693359375,0.0,0.8667984008789062,0.09072494506835938
640x_2025-05-16_00-59-00_002.tif,640,640x,16,1024,1024,UNet,0.13663864135742188,0.035736083984375,0.001247406005859375,0.0,0.8678321838378906,0.09011077880859375
640x_2025-05-16_00-59-00_002.tif,640,640x,16,1024,1024,Attention_UNet,0.1502227783203125,0.03343963623046875,9.5367431640625e-05,0.0,0.8557167053222656,0.09011077880859375
640x_2025-05-16_00-59-00_002.tif,640,640x,16,1024,1024,Attention_ResUNet,0.098388671875,0.0230255126953125,0.0001678466796875,0.0,0.8614845275878906,0.09011077880859375
640x_2025-05-16_00-59-00_002.tif,640,640x,17,1024,1536,UNet,0.0823211669921875,0.02585601806640625,0.0008392333984375,0.0,0.9119529724121094,0.06909561157226562
640x_2025-05-16_00-59-00_002.tif,640,640x,17,1024,1536,Attention_UNet,0.11342620849609375,0.026790618896484375,0.00011444091796875,0.0,0.8898048400878906,0.06909561157226562
640x_2025-05-16_00-59-00_002.tif,640,640x,17,1024,1536,Attention_ResUNet,0.0724334716796875,0.01763916015625,0.0001983642578125,0.0,0.8939933776855469,0.06909561157226562
640x_2025-05-16_00-59-00_002.tif,640,640x,18,1024,2048,UNet,0.07220077514648438,0.025707244873046875,0.000606536865234375,0.0,0.9076194763183594,0.0839385986328125
640x_2025-05-16_00-59-00_002.tif,640,640x,18,1024,2048,Attention_UNet,0.11529922485351562,0.027721405029296875,8.0108642578125e-05,0.0,0.8796844482421875,0.0839385986328125
640x_2025-05-16_00-59-00_002.tif,640,640x,18,1024,2048,Attention_ResUNet,0.06877517700195312,0.018779754638671875,2.288818359375e-05,0.0,0.9008979797363281,0.0839385986328125
640x_2025-05-16_00-59-00_002.tif,640,640x,19,1024,2560,UNet,0.07986831665039062,0.031005859375,0.0012969970703125,0.0,0.9118499755859375,0.0739593505859375
640x_2025-05-16_00-59-00_002.tif,640,640x,19,1024,2560,Attention_UNet,0.10784149169921875,0.028659820556640625,0.00012969970703125,0.0,0.8701362609863281,0.0739593505859375
640x_2025-05-16_00-59-00_002.tif,640,640x,19,1024,2560,Attention_ResUNet,0.0763702392578125,0.023586273193359375,5.340576171875e-05,0.0,0.8993034362792969,0.0739593505859375
640x_2025-05-16_00-59-00_002.tif,640,640x,20,1024,3072,UNet,0.12676239013671875,0.0504302978515625,0.002170562744140625,0.0,0.8716964721679688,0.1205902099609375
640x_2025-05-16_00-59-00_002.tif,640,640x,20,1024,3072,Attention_UNet,0.16828155517578125,0.046146392822265625,0.00017547607421875,0.0,0.8009376525878906,0.1205902099609375
640x_2025-05-16_00-59-00_002.tif,640,640x,20,1024,3072,Attention_ResUNet,0.121917724609375,0.040508270263671875,0.000324249267578125,0.0,0.8556480407714844,0.1205902099609375
640x_2025-05-16_00-59-00_002.tif,640,640x,21,1536,0,UNet,0.28870391845703125,0.0703125,0.0031280517578125,0.0,0.7453460693359375,0.12094879150390625
640x_2025-05-16_00-59-00_002.tif,640,640x,21,1536,0,Attention_UNet,0.23168563842773438,0.06946563720703125,0.00103759765625,0.0,0.723876953125,0.12094879150390625
640x_2025-05-16_00-59-00_002.tif,640,640x,21,1536,0,Attention_ResUNet,0.13580703735351562,0.041576385498046875,0.000705718994140625,0.0,0.8270111083984375,0.12094879150390625
640x_2025-05-16_00-59-00_002.tif,640,640x,22,1536,512,UNet,0.212554931640625,0.0504608154296875,0.00164031982421875,0.0,0.7977104187011719,0.09576034545898438
640x_2025-05-16_00-59-00_002.tif,640,640x,22,1536,512,Attention_UNet,0.224273681640625,0.042079925537109375,7.2479248046875e-05,0.0,0.7094497680664062,0.09576034545898438
640x_2025-05-16_00-59-00_002.tif,640,640x,22,1536,512,Attention_ResUNet,0.094940185546875,0.02197265625,8.0108642578125e-05,0.0,0.8747901916503906,0.09576034545898438
640x_2025-05-16_00-59-00_002.tif,640,640x,23,1536,1024,UNet,0.16202926635742188,0.036128997802734375,0.00090789794921875,0.0,0.8446884155273438,0.08649063110351562
640x_2025-05-16_00-59-00_002.tif,640,640x,23,1536,1024,Attention_UNet,0.1437225341796875,0.030223846435546875,0.000110626220703125,0.0,0.834442138671875,0.08649063110351562
640x_2025-05-16_00-59-00_002.tif,640,640x,23,1536,1024,Attention_ResUNet,0.078094482421875,0.015926361083984375,0.000118255615234375,0.0,0.8873519897460938,0.08649063110351562
640x_2025-05-16_00-59-00_002.tif,640,640x,24,1536,1536,UNet,0.11526107788085938,0.031772613525390625,0.0040740966796875,0.001239776611328125,0.8944625854492188,0.07336044311523438
640x_2025-05-16_00-59-00_002.tif,640,640x,24,1536,1536,Attention_UNet,0.12254714965820312,0.0309295654296875,0.002437591552734375,7.62939453125e-06,0.8866539001464844,0.07336044311523438
640x_2025-05-16_00-59-00_002.tif,640,640x,24,1536,1536,Attention_ResUNet,0.07336807250976562,0.01856231689453125,0.00267791748046875,0.0,0.8938255310058594,0.07336044311523438
640x_2025-05-16_00-59-00_002.tif,640,640x,25,1536,2048,UNet,0.08686065673828125,0.025585174560546875,0.000396728515625,0.0,0.911468505859375,0.07711029052734375
640x_2025-05-16_00-59-00_002.tif,640,640x,25,1536,2048,Attention_UNet,0.11695098876953125,0.026641845703125,3.0517578125e-05,0.0,0.8846931457519531,0.07711029052734375
640x_2025-05-16_00-59-00_002.tif,640,640x,25,1536,2048,Attention_ResUNet,0.06794357299804688,0.015964508056640625,1.9073486328125e-05,0.0,0.8945693969726562,0.07711029052734375
640x_2025-05-16_00-59-00_002.tif,640,640x,26,1536,2560,UNet,0.11265945434570312,0.038486480712890625,0.001239776611328125,0.0,0.8839607238769531,0.09148406982421875
640x_2025-05-16_00-59-00_002.tif,640,640x,26,1536,2560,Attention_UNet,0.1668853759765625,0.040557861328125,9.918212890625e-05,0.0,0.8431243896484375,0.09148406982421875
640x_2025-05-16_00-59-00_002.tif,640,640x,26,1536,2560,Attention_ResUNet,0.094390869140625,0.026058197021484375,3.814697265625e-05,0.0,0.8736381530761719,0.09148406982421875
640x_2025-05-16_00-59-00_002.tif,640,640x,27,1536,3072,UNet,0.14733505249023438,0.055889129638671875,0.00214385986328125,0.0,0.8524513244628906,0.11937713623046875
640x_2025-05-16_00-59-00_002.tif,640,640x,27,1536,3072,Attention_UNet,0.22824859619140625,0.0587921142578125,0.00035858154296875,0.0,0.7974891662597656,0.11937713623046875
640x_2025-05-16_00-59-00_002.tif,640,640x,27,1536,3072,Attention_ResUNet,0.12681198120117188,0.0403289794921875,0.000156402587890625,0.0,0.8445892333984375,0.11937713623046875
80x_2025-05-22_14-48-00.tif,80,80x,0,0,0,UNet,0.8821563720703125,0.627899169921875,0.30788421630859375,0.0229339599609375,0.4851837158203125,0.4511528015136719
80x_2025-05-22_14-48-00.tif,80,80x,0,0,0,Attention_UNet,0.8181648254394531,0.4970970153808594,0.08726119995117188,7.62939453125e-06,0.4995079040527344,0.4511528015136719
80x_2025-05-22_14-48-00.tif,80,80x,0,0,0,Attention_ResUNet,0.8890037536621094,0.5988388061523438,0.25188446044921875,9.5367431640625e-05,0.4836883544921875,0.4511528015136719
80x_2025-05-22_14-48-00.tif,80,80x,1,0,512,UNet,0.8868446350097656,0.6181564331054688,0.33123016357421875,0.0311737060546875,0.4853973388671875,0.443756103515625
80x_2025-05-22_14-48-00.tif,80,80x,1,0,512,Attention_UNet,0.8140640258789062,0.5083122253417969,0.133026123046875,0.0001983642578125,0.5012969970703125,0.443756103515625
80x_2025-05-22_14-48-00.tif,80,80x,1,0,512,Attention_ResUNet,0.8831214904785156,0.5827751159667969,0.2646675109863281,0.000507354736328125,0.4870338439941406,0.443756103515625
80x_2025-05-22_14-48-00.tif,80,80x,2,0,1024,UNet,0.8585090637207031,0.6026382446289062,0.3134269714355469,0.026081085205078125,0.48482513427734375,0.4485054016113281
80x_2025-05-22_14-48-00.tif,80,80x,2,0,1024,Attention_UNet,0.7953109741210938,0.511871337890625,0.13788223266601562,0.000148773193359375,0.5006065368652344,0.4485054016113281
80x_2025-05-22_14-48-00.tif,80,80x,2,0,1024,Attention_ResUNet,0.857635498046875,0.5631752014160156,0.23984527587890625,0.00028228759765625,0.49274444580078125,0.4485054016113281
80x_2025-05-22_14-48-00.tif,80,80x,3,0,1536,UNet,0.8562431335449219,0.6037979125976562,0.30825042724609375,0.023136138916015625,0.48697662353515625,0.4546089172363281
80x_2025-05-22_14-48-00.tif,80,80x,3,0,1536,Attention_UNet,0.7970848083496094,0.516143798828125,0.13423538208007812,0.000102996826171875,0.4972953796386719,0.4546089172363281
80x_2025-05-22_14-48-00.tif,80,80x,3,0,1536,Attention_ResUNet,0.8586616516113281,0.5649948120117188,0.238250732421875,0.00034332275390625,0.491058349609375,0.4546089172363281
80x_2025-05-22_14-48-00.tif,80,80x,4,0,2048,UNet,0.8545722961425781,0.5868339538574219,0.27115631103515625,0.013637542724609375,0.4916496276855469,0.44551849365234375
80x_2025-05-22_14-48-00.tif,80,80x,4,0,2048,Attention_UNet,0.7928886413574219,0.4960136413574219,0.11108779907226562,0.000110626220703125,0.5017127990722656,0.44551849365234375
80x_2025-05-22_14-48-00.tif,80,80x,4,0,2048,Attention_ResUNet,0.8552589416503906,0.542266845703125,0.20352935791015625,0.000156402587890625,0.4968376159667969,0.44551849365234375
80x_2025-05-22_14-48-00.tif,80,80x,5,0,2560,UNet,0.8682708740234375,0.5913009643554688,0.25091552734375,0.010036468505859375,0.4954719543457031,0.4405670166015625
80x_2025-05-22_14-48-00.tif,80,80x,5,0,2560,Attention_UNet,0.8011703491210938,0.47594451904296875,0.0888519287109375,7.62939453125e-06,0.5026626586914062,0.4405670166015625
80x_2025-05-22_14-48-00.tif,80,80x,5,0,2560,Attention_ResUNet,0.85797119140625,0.53387451171875,0.18032073974609375,3.0517578125e-05,0.4987525939941406,0.4405670166015625
80x_2025-05-22_14-48-00.tif,80,80x,6,0,3072,UNet,0.8780403137207031,0.5871009826660156,0.21858596801757812,0.00482177734375,0.494110107421875,0.4502410888671875
80x_2025-05-22_14-48-00.tif,80,80x,6,0,3072,Attention_UNet,0.8154258728027344,0.4679450988769531,0.06639480590820312,1.52587890625e-05,0.5017356872558594,0.4502410888671875
80x_2025-05-22_14-48-00.tif,80,80x,6,0,3072,Attention_ResUNet,0.8263435363769531,0.4944419860839844,0.12397003173828125,3.814697265625e-06,0.5011863708496094,0.4502410888671875
80x_2025-05-22_14-48-00.tif,80,80x,7,512,0,UNet,0.8639717102050781,0.6070518493652344,0.310791015625,0.023052215576171875,0.486236572265625,0.4501533508300781
80x_2025-05-22_14-48-00.tif,80,80x,7,512,0,Attention_UNet,0.8172645568847656,0.5170135498046875,0.13177871704101562,0.000476837158203125,0.4983253479003906,0.4501533508300781
80x_2025-05-22_14-48-00.tif,80,80x,7,512,0,Attention_ResUNet,0.8742599487304688,0.5921173095703125,0.2856712341308594,0.0014801025390625,0.4853363037109375,0.4501533508300781
80x_2025-05-22_14-48-00.tif,80,80x,8,512,512,UNet,0.8457565307617188,0.5645523071289062,0.2966270446777344,0.026264190673828125,0.4916038513183594,0.43741607666015625
80x_2025-05-22_14-48-00.tif,80,80x,8,512,512,Attention_UNet,0.7824630737304688,0.4895973205566406,0.14572525024414062,0.00099945068359375,0.5002098083496094,0.43741607666015625
80x_2025-05-22_14-48-00.tif,80,80x,8,512,512,Attention_ResUNet,0.8421478271484375,0.5423355102539062,0.2491912841796875,0.0020294189453125,0.4928245544433594,0.43741607666015625
80x_2025-05-22_14-48-00.tif,80,80x,9,512,1024,UNet,0.8256874084472656,0.5597991943359375,0.279449462890625,0.019718170166015625,0.49236297607421875,0.44394683837890625
80x_2025-05-22_14-48-00.tif,80,80x,9,512,1024,Attention_UNet,0.7813911437988281,0.4986915588378906,0.14411544799804688,0.0005645751953125,0.5001792907714844,0.44394683837890625
80x_2025-05-22_14-48-00.tif,80,80x,9,512,1024,Attention_ResUNet,0.8319473266601562,0.5297164916992188,0.2224273681640625,0.00243377685546875,0.4999885559082031,0.44394683837890625
80x_2025-05-22_14-48-00.tif,80,80x,10,512,1536,UNet,0.806121826171875,0.5509872436523438,0.2723236083984375,0.016876220703125,0.49491119384765625,0.4403190612792969
80x_2025-05-22_14-48-00.tif,80,80x,10,512,1536,Attention_UNet,0.7694015502929688,0.4955787658691406,0.13777923583984375,0.000553131103515625,0.5008888244628906,0.4403190612792969
80x_2025-05-22_14-48-00.tif,80,80x,10,512,1536,Attention_ResUNet,0.8217658996582031,0.5229263305664062,0.21802139282226562,0.00146484375,0.49951934814453125,0.4403190612792969
80x_2025-05-22_14-48-00.tif,80,80x,11,512,2048,UNet,0.8123207092285156,0.5605735778808594,0.260650634765625,0.014438629150390625,0.4965553283691406,0.4489707946777344
80x_2025-05-22_14-48-00.tif,80,80x,11,512,2048,Attention_UNet,0.7736625671386719,0.4961357116699219,0.125579833984375,0.000278472900390625,0.4961433410644531,0.4489707946777344
80x_2025-05-22_14-48-00.tif,80,80x,11,512,2048,Attention_ResUNet,0.8247146606445312,0.5229454040527344,0.20819473266601562,0.001056671142578125,0.49695587158203125,0.4489707946777344
80x_2025-05-22_14-48-00.tif,80,80x,12,512,2560,UNet,0.8162002563476562,0.5431060791015625,0.21977996826171875,0.00760650634765625,0.4983406066894531,0.438873291015625
80x_2025-05-22_14-48-00.tif,80,80x,12,512,2560,Attention_UNet,0.7691192626953125,0.4644508361816406,0.09231948852539062,1.52587890625e-05,0.4981880187988281,0.438873291015625
80x_2025-05-22_14-48-00.tif,80,80x,12,512,2560,Attention_ResUNet,0.8196640014648438,0.4990959167480469,0.17513656616210938,0.0005340576171875,0.5017776489257812,0.438873291015625
80x_2025-05-22_14-48-00.tif,80,80x,13,512,3072,UNet,0.8280525207519531,0.5321006774902344,0.1868133544921875,0.006237030029296875,0.5002021789550781,0.4284629821777344
80x_2025-05-22_14-48-00.tif,80,80x,13,512,3072,Attention_UNet,0.7713203430175781,0.43567657470703125,0.071044921875,0.00019073486328125,0.5008621215820312,0.4284629821777344
80x_2025-05-22_14-48-00.tif,80,80x,13,512,3072,Attention_ResUNet,0.8137588500976562,0.4765968322753906,0.14345169067382812,0.000438690185546875,0.5022315979003906,0.4284629821777344
80x_2025-05-22_14-48-00.tif,80,80x,14,1024,0,UNet,0.8300590515136719,0.5649337768554688,0.2817497253417969,0.0198211669921875,0.4928932189941406,0.442108154296875
80x_2025-05-22_14-48-00.tif,80,80x,14,1024,0,Attention_UNet,0.7487716674804688,0.4928398132324219,0.150604248046875,0.0009613037109375,0.4968376159667969,0.442108154296875
80x_2025-05-22_14-48-00.tif,80,80x,14,1024,0,Attention_ResUNet,0.8108367919921875,0.545654296875,0.262908935546875,0.00405120849609375,0.4902839660644531,0.442108154296875
80x_2025-05-22_14-48-00.tif,80,80x,15,1024,512,UNet,0.828857421875,0.5584182739257812,0.2826080322265625,0.021472930908203125,0.493896484375,0.4400062561035156
80x_2025-05-22_14-48-00.tif,80,80x,15,1024,512,Attention_UNet,0.7327232360839844,0.48538970947265625,0.15113449096679688,0.001071929931640625,0.5025596618652344,0.4400062561035156
80x_2025-05-22_14-48-00.tif,80,80x,15,1024,512,Attention_ResUNet,0.7901954650878906,0.5207748413085938,0.23502349853515625,0.005733489990234375,0.49485015869140625,0.4400062561035156
80x_2025-05-22_14-48-00.tif,80,80x,16,1024,1024,UNet,0.7967910766601562,0.5173835754394531,0.2524261474609375,0.018871307373046875,0.5009880065917969,0.43344879150390625
80x_2025-05-22_14-48-00.tif,80,80x,16,1024,1024,Attention_UNet,0.7064399719238281,0.4635276794433594,0.13642120361328125,0.001041412353515625,0.5029678344726562,0.43344879150390625
80x_2025-05-22_14-48-00.tif,80,80x,16,1024,1024,Attention_ResUNet,0.7588653564453125,0.48088836669921875,0.19620513916015625,0.0055999755859375,0.5012969970703125,0.43344879150390625
80x_2025-05-22_14-48-00.tif,80,80x,17,1024,1536,UNet,0.7856101989746094,0.5230522155761719,0.24335098266601562,0.01587677001953125,0.4981040954589844,0.4375762939453125
80x_2025-05-22_14-48-00.tif,80,80x,17,1024,1536,Attention_UNet,0.7292633056640625,0.4763641357421875,0.12981033325195312,0.00048828125,0.4981231689453125,0.4375762939453125
80x_2025-05-22_14-48-00.tif,80,80x,17,1024,1536,Attention_ResUNet,0.7772407531738281,0.4815025329589844,0.18355941772460938,0.003147125244140625,0.5010795593261719,0.4375762939453125
80x_2025-05-22_14-48-00.tif,80,80x,18,1024,2048,UNet,0.7835006713867188,0.5143623352050781,0.2156524658203125,0.01134490966796875,0.5005035400390625,0.4369544982910156
80x_2025-05-22_14-48-00.tif,80,80x,18,1024,2048,Attention_UNet,0.7292556762695312,0.4607505798339844,0.10739898681640625,0.00025177001953125,0.5006828308105469,0.4369544982910156
80x_2025-05-22_14-48-00.tif,80,80x,18,1024,2048,Attention_ResUNet,0.7796134948730469,0.4688606262207031,0.16734695434570312,0.002685546875,0.5019149780273438,0.4369544982910156
80x_2025-05-22_14-48-00.tif,80,80x,19,1024,2560,UNet,0.791717529296875,0.5354232788085938,0.21557235717773438,0.009380340576171875,0.4996147155761719,0.45177459716796875
80x_2025-05-22_14-48-00.tif,80,80x,19,1024,2560,Attention_UNet,0.7403793334960938,0.46869659423828125,0.103607177734375,9.5367431640625e-05,0.49845123291015625,0.45177459716796875
80x_2025-05-22_14-48-00.tif,80,80x,19,1024,2560,Attention_ResUNet,0.7851715087890625,0.4828071594238281,0.16930007934570312,0.002231597900390625,0.5006256103515625,0.45177459716796875
80x_2025-05-22_14-48-00.tif,80,80x,20,1024,3072,UNet,0.7800521850585938,0.5054168701171875,0.1850433349609375,0.006366729736328125,0.4977302551269531,0.4373779296875
80x_2025-05-22_14-48-00.tif,80,80x,20,1024,3072,Attention_UNet,0.7106132507324219,0.430023193359375,0.0833282470703125,8.7738037109375e-05,0.5040855407714844,0.4373779296875
80x_2025-05-22_14-48-00.tif,80,80x,20,1024,3072,Attention_ResUNet,0.7591896057128906,0.4523468017578125,0.14788436889648438,0.0013580322265625,0.501861572265625,0.4373779296875
80x_2025-05-22_14-48-00.tif,80,80x,21,1536,0,UNet,0.7992668151855469,0.5471267700195312,0.2456207275390625,0.01053619384765625,0.4964485168457031,0.44651031494140625
80x_2025-05-22_14-48-00.tif,80,80x,21,1536,0,Attention_UNet,0.6725311279296875,0.4693946838378906,0.15793228149414062,0.0009002685546875,0.509857177734375,0.44651031494140625
80x_2025-05-22_14-48-00.tif,80,80x,21,1536,0,Attention_ResUNet,0.7344856262207031,0.5063552856445312,0.2286529541015625,0.00470733642578125,0.4987983703613281,0.44651031494140625
80x_2025-05-22_14-48-00.tif,80,80x,22,1536,512,UNet,0.7825813293457031,0.5324783325195312,0.24771881103515625,0.016544342041015625,0.49590301513671875,0.44501495361328125
80x_2025-05-22_14-48-00.tif,80,80x,22,1536,512,Attention_UNet,0.6434135437011719,0.4501380920410156,0.14345932006835938,0.00148773193359375,0.5209007263183594,0.44501495361328125
80x_2025-05-22_14-48-00.tif,80,80x,22,1536,512,Attention_ResUNet,0.7022285461425781,0.4794158935546875,0.21586990356445312,0.012371063232421875,0.5066947937011719,0.44501495361328125
80x_2025-05-22_14-48-00.tif,80,80x,23,1536,1024,UNet,0.7656478881835938,0.5112838745117188,0.23311996459960938,0.016815185546875,0.5000152587890625,0.4397010803222656
80x_2025-05-22_14-48-00.tif,80,80x,23,1536,1024,Attention_UNet,0.6348075866699219,0.43975067138671875,0.12650680541992188,0.000850677490234375,0.5209159851074219,0.4397010803222656
80x_2025-05-22_14-48-00.tif,80,80x,23,1536,1024,Attention_ResUNet,0.6837921142578125,0.4558448791503906,0.19071197509765625,0.012012481689453125,0.5087318420410156,0.4397010803222656
80x_2025-05-22_14-48-00.tif,80,80x,24,1536,1536,UNet,0.7602043151855469,0.499267578125,0.21555709838867188,0.01573944091796875,0.5018157958984375,0.4375762939453125
80x_2025-05-22_14-48-00.tif,80,80x,24,1536,1536,Attention_UNet,0.6418571472167969,0.4344825744628906,0.1108551025390625,0.0006256103515625,0.5189666748046875,0.4375762939453125
80x_2025-05-22_14-48-00.tif,80,80x,24,1536,1536,Attention_ResUNet,0.6913070678710938,0.4471626281738281,0.17489242553710938,0.01010894775390625,0.5074234008789062,0.4375762939453125
80x_2025-05-22_14-48-00.tif,80,80x,25,1536,2048,UNet,0.7538032531738281,0.5019340515136719,0.20185089111328125,0.011997222900390625,0.49922943115234375,0.44435882568359375
80x_2025-05-22_14-48-00.tif,80,80x,25,1536,2048,Attention_UNet,0.6494178771972656,0.43558502197265625,0.10281753540039062,0.000675201416015625,0.516571044921875,0.44435882568359375
80x_2025-05-22_14-48-00.tif,80,80x,25,1536,2048,Attention_ResUNet,0.695068359375,0.4447898864746094,0.16217803955078125,0.007816314697265625,0.5082893371582031,0.44435882568359375
80x_2025-05-22_14-48-00.tif,80,80x,26,1536,2560,UNet,0.7350692749023438,0.48912811279296875,0.19371414184570312,0.011077880859375,0.5002899169921875,0.44173431396484375
80x_2025-05-22_14-48-00.tif,80,80x,26,1536,2560,Attention_UNet,0.6322669982910156,0.4207801818847656,0.1009674072265625,0.000713348388671875,0.5222930908203125,0.44173431396484375
80x_2025-05-22_14-48-00.tif,80,80x,26,1536,2560,Attention_ResUNet,0.6715202331542969,0.4328269958496094,0.16112899780273438,0.0096435546875,0.5101432800292969,0.44173431396484375
80x_2025-05-22_14-48-00.tif,80,80x,27,1536,3072,UNet,0.7536697387695312,0.4974174499511719,0.1711578369140625,0.008563995361328125,0.4997673034667969,0.44643402099609375
80x_2025-05-22_14-48-00.tif,80,80x,27,1536,3072,Attention_UNet,0.6507911682128906,0.4178619384765625,0.08404159545898438,0.00046539306640625,0.5178184509277344,0.44643402099609375
80x_2025-05-22_14-48-00.tif,80,80x,27,1536,3072,Attention_ResUNet,0.6971435546875,0.4389457702636719,0.14579391479492188,0.00583648681640625,0.5077247619628906,0.44643402099609375
