{
  "architecture": "Attention_ResUNet",
  "learning_rate": 0.0005,
  "batch_size": 8,
  "epochs_requested": 30,
  "epochs_completed": 30,
  "training_time_seconds": 1547.198405,
  "training_successful": true,
  "best_val_jaccard": 0.9229828119277954,
  "best_epoch": 27,
  "final_val_loss": 0.0030572342220693827,
  "final_train_loss": 0.0031824996694922447,
  "val_loss_stability": 0.0007861751363232952,
  "overfitting_gap": -0.00012526544742286205
}