{
  "architecture": "UNet",
  "learning_rate": 0.0005,
  "batch_size": 8,
  "epochs_requested": 30,
  "epochs_completed": 18,
  "training_time_seconds": 96.457689,
  "training_successful": true,
  "best_val_jaccard": 0.06989117711782455,
  "best_epoch": 8,
  "final_val_loss": 0.12684212625026703,
  "final_train_loss": 0.1306123584508896,
  "val_loss_stability": 5.126702700868356,
  "overfitting_gap": -0.0037702322006225586
}