{
  "architecture": "Attention_UNet",
  "learning_rate": 0.0001,
  "batch_size": 8,
  "epochs_requested": 30,
  "epochs_completed": 18,
  "training_time_seconds": 126.452884,
  "training_successful": true,
  "best_val_jaccard": 0.06625135242938995,
  "best_epoch": 8,
  "final_val_loss": 0.1458747535943985,
  "final_train_loss": 0.13564494252204895,
  "val_loss_stability": 0.014853291669014019,
  "overfitting_gap": 0.010229811072349548
}