{
  "architecture": "Attention_ResUNet",
  "learning_rate": 0.0001,
  "batch_size": 8,
  "epochs_requested": 30,
  "epochs_completed": 20,
  "training_time_seconds": 1062.728173,
  "training_successful": true,
  "best_val_jaccard": 0.8732297420501709,
  "best_epoch": 10,
  "final_val_loss": 0.07954133301973343,
  "final_train_loss": 0.004295311402529478,
  "val_loss_stability": 0.021361486995505132,
  "overfitting_gap": 0.07524602161720395
}