{
  "architecture": "UNet",
  "learning_rate": 0.005,
  "batch_size": 32,
  "epochs_requested": 30,
  "epochs_completed": 11,
  "training_time_seconds": 92.602475,
  "training_successful": true,
  "best_val_jaccard": 1.4615610154436465e-12,
  "best_epoch": 1,
  "final_val_loss": 1.1006624698638916,
  "final_train_loss": 0.1799926608800888,
  "val_loss_stability": 0.006344677920488854,
  "overfitting_gap": 0.9206698089838028
}