{
  "architecture": "Attention_ResUNet",
  "learning_rate": 0.005,
  "batch_size": 8,
  "epochs_requested": 30,
  "epochs_completed": 21,
  "training_time_seconds": 153.642789,
  "training_successful": true,
  "best_val_jaccard": 0.06610290706157684,
  "best_epoch": 11,
  "final_val_loss": 0.1241099014878273,
  "final_train_loss": 0.12263999879360199,
  "val_loss_stability": 0.03831680457517152,
  "overfitting_gap": 0.0014699026942253113
}