{
  "architecture": "UNet",
  "learning_rate": 0.0001,
  "batch_size": 32,
  "epochs_requested": 30,
  "epochs_completed": 26,
  "training_time_seconds": 128.827502,
  "training_successful": true,
  "best_val_jaccard": 0.06554440408945084,
  "best_epoch": 16,
  "final_val_loss": 0.17807388305664062,
  "final_train_loss": 0.16569849848747253,
  "val_loss_stability": 0.01926326765604711,
  "overfitting_gap": 0.01237538456916809
}