Model: "UNet"
__________________________________________________________________________________________________
 Layer (type)                Output Shape                 Param #   Connected to                  
==================================================================================================
 input_1 (InputLayer)        [(None, 256, 256, 1)]        0         []                            
                                                                                                  
 conv2d (Conv2D)             (None, 256, 256, 64)         640       ['input_1[0][0]']             
                                                                                                  
 batch_normalization (Batch  (None, 256, 256, 64)         256       ['conv2d[0][0]']              
 Normalization)                                                                                   
                                                                                                  
 activation (Activation)     (None, 256, 256, 64)         0         ['batch_normalization[0][0]'] 
                                                                                                  
 conv2d_1 (Conv2D)           (None, 256, 256, 64)         36928     ['activation[0][0]']          
                                                                                                  
 batch_normalization_1 (Bat  (None, 256, 256, 64)         256       ['conv2d_1[0][0]']            
 chNormalization)                                                                                 
                                                                                                  
 activation_1 (Activation)   (None, 256, 256, 64)         0         ['batch_normalization_1[0][0]'
                                                                    ]                             
                                                                                                  
 max_pooling2d (MaxPooling2  (None, 128, 128, 64)         0         ['activation_1[0][0]']        
 D)                                                                                               
                                                                                                  
 conv2d_2 (Conv2D)           (None, 128, 128, 128)        73856     ['max_pooling2d[0][0]']       
                                                                                                  
 batch_normalization_2 (Bat  (None, 128, 128, 128)        512       ['conv2d_2[0][0]']            
 chNormalization)                                                                                 
                                                                                                  
 activation_2 (Activation)   (None, 128, 128, 128)        0         ['batch_normalization_2[0][0]'
                                                                    ]                             
                                                                                                  
 conv2d_3 (Conv2D)           (None, 128, 128, 128)        147584    ['activation_2[0][0]']        
                                                                                                  
 batch_normalization_3 (Bat  (None, 128, 128, 128)        512       ['conv2d_3[0][0]']            
 chNormalization)                                                                                 
                                                                                                  
 activation_3 (Activation)   (None, 128, 128, 128)        0         ['batch_normalization_3[0][0]'
                                                                    ]                             
                                                                                                  
 max_pooling2d_1 (MaxPoolin  (None, 64, 64, 128)          0         ['activation_3[0][0]']        
 g2D)                                                                                             
                                                                                                  
 conv2d_4 (Conv2D)           (None, 64, 64, 256)          295168    ['max_pooling2d_1[0][0]']     
                                                                                                  
 batch_normalization_4 (Bat  (None, 64, 64, 256)          1024      ['conv2d_4[0][0]']            
 chNormalization)                                                                                 
                                                                                                  
 activation_4 (Activation)   (None, 64, 64, 256)          0         ['batch_normalization_4[0][0]'
                                                                    ]                             
                                                                                                  
 conv2d_5 (Conv2D)           (None, 64, 64, 256)          590080    ['activation_4[0][0]']        
                                                                                                  
 batch_normalization_5 (Bat  (None, 64, 64, 256)          1024      ['conv2d_5[0][0]']            
 chNormalization)                                                                                 
                                                                                                  
 activation_5 (Activation)   (None, 64, 64, 256)          0         ['batch_normalization_5[0][0]'
                                                                    ]                             
                                                                                                  
 max_pooling2d_2 (MaxPoolin  (None, 32, 32, 256)          0         ['activation_5[0][0]']        
 g2D)                                                                                             
                                                                                                  
 conv2d_6 (Conv2D)           (None, 32, 32, 512)          1180160   ['max_pooling2d_2[0][0]']     
                                                                                                  
 batch_normalization_6 (Bat  (None, 32, 32, 512)          2048      ['conv2d_6[0][0]']            
 chNormalization)                                                                                 
                                                                                                  
 activation_6 (Activation)   (None, 32, 32, 512)          0         ['batch_normalization_6[0][0]'
                                                                    ]                             
                                                                                                  
 conv2d_7 (Conv2D)           (None, 32, 32, 512)          2359808   ['activation_6[0][0]']        
                                                                                                  
 batch_normalization_7 (Bat  (None, 32, 32, 512)          2048      ['conv2d_7[0][0]']            
 chNormalization)                                                                                 
                                                                                                  
 activation_7 (Activation)   (None, 32, 32, 512)          0         ['batch_normalization_7[0][0]'
                                                                    ]                             
                                                                                                  
 max_pooling2d_3 (MaxPoolin  (None, 16, 16, 512)          0         ['activation_7[0][0]']        
 g2D)                                                                                             
                                                                                                  
 conv2d_8 (Conv2D)           (None, 16, 16, 1024)         4719616   ['max_pooling2d_3[0][0]']     
                                                                                                  
 batch_normalization_8 (Bat  (None, 16, 16, 1024)         4096      ['conv2d_8[0][0]']            
 chNormalization)                                                                                 
                                                                                                  
 activation_8 (Activation)   (None, 16, 16, 1024)         0         ['batch_normalization_8[0][0]'
                                                                    ]                             
                                                                                                  
 conv2d_9 (Conv2D)           (None, 16, 16, 1024)         9438208   ['activation_8[0][0]']        
                                                                                                  
 batch_normalization_9 (Bat  (None, 16, 16, 1024)         4096      ['conv2d_9[0][0]']            
 chNormalization)                                                                                 
                                                                                                  
 activation_9 (Activation)   (None, 16, 16, 1024)         0         ['batch_normalization_9[0][0]'
                                                                    ]                             
                                                                                                  
 up_sampling2d (UpSampling2  (None, 32, 32, 1024)         0         ['activation_9[0][0]']        
 D)                                                                                               
                                                                                                  
 concatenate (Concatenate)   (None, 32, 32, 1536)         0         ['up_sampling2d[0][0]',       
                                                                     'activation_7[0][0]']        
                                                                                                  
 conv2d_10 (Conv2D)          (None, 32, 32, 512)          7078400   ['concatenate[0][0]']         
                                                                                                  
 batch_normalization_10 (Ba  (None, 32, 32, 512)          2048      ['conv2d_10[0][0]']           
 tchNormalization)                                                                                
                                                                                                  
 activation_10 (Activation)  (None, 32, 32, 512)          0         ['batch_normalization_10[0][0]
                                                                    ']                            
                                                                                                  
 conv2d_11 (Conv2D)          (None, 32, 32, 512)          2359808   ['activation_10[0][0]']       
                                                                                                  
 batch_normalization_11 (Ba  (None, 32, 32, 512)          2048      ['conv2d_11[0][0]']           
 tchNormalization)                                                                                
                                                                                                  
 activation_11 (Activation)  (None, 32, 32, 512)          0         ['batch_normalization_11[0][0]
                                                                    ']                            
                                                                                                  
 up_sampling2d_1 (UpSamplin  (None, 64, 64, 512)          0         ['activation_11[0][0]']       
 g2D)                                                                                             
                                                                                                  
 concatenate_1 (Concatenate  (None, 64, 64, 768)          0         ['up_sampling2d_1[0][0]',     
 )                                                                   'activation_5[0][0]']        
                                                                                                  
 conv2d_12 (Conv2D)          (None, 64, 64, 256)          1769728   ['concatenate_1[0][0]']       
                                                                                                  
 batch_normalization_12 (Ba  (None, 64, 64, 256)          1024      ['conv2d_12[0][0]']           
 tchNormalization)                                                                                
                                                                                                  
 activation_12 (Activation)  (None, 64, 64, 256)          0         ['batch_normalization_12[0][0]
                                                                    ']                            
                                                                                                  
 conv2d_13 (Conv2D)          (None, 64, 64, 256)          590080    ['activation_12[0][0]']       
                                                                                                  
 batch_normalization_13 (Ba  (None, 64, 64, 256)          1024      ['conv2d_13[0][0]']           
 tchNormalization)                                                                                
                                                                                                  
 activation_13 (Activation)  (None, 64, 64, 256)          0         ['batch_normalization_13[0][0]
                                                                    ']                            
                                                                                                  
 up_sampling2d_2 (UpSamplin  (None, 128, 128, 256)        0         ['activation_13[0][0]']       
 g2D)                                                                                             
                                                                                                  
 concatenate_2 (Concatenate  (None, 128, 128, 384)        0         ['up_sampling2d_2[0][0]',     
 )                                                                   'activation_3[0][0]']        
                                                                                                  
 conv2d_14 (Conv2D)          (None, 128, 128, 128)        442496    ['concatenate_2[0][0]']       
                                                                                                  
 batch_normalization_14 (Ba  (None, 128, 128, 128)        512       ['conv2d_14[0][0]']           
 tchNormalization)                                                                                
                                                                                                  
 activation_14 (Activation)  (None, 128, 128, 128)        0         ['batch_normalization_14[0][0]
                                                                    ']                            
                                                                                                  
 conv2d_15 (Conv2D)          (None, 128, 128, 128)        147584    ['activation_14[0][0]']       
                                                                                                  
 batch_normalization_15 (Ba  (None, 128, 128, 128)        512       ['conv2d_15[0][0]']           
 tchNormalization)                                                                                
                                                                                                  
 activation_15 (Activation)  (None, 128, 128, 128)        0         ['batch_normalization_15[0][0]
                                                                    ']                            
                                                                                                  
 up_sampling2d_3 (UpSamplin  (None, 256, 256, 128)        0         ['activation_15[0][0]']       
 g2D)                                                                                             
                                                                                                  
 concatenate_3 (Concatenate  (None, 256, 256, 192)        0         ['up_sampling2d_3[0][0]',     
 )                                                                   'activation_1[0][0]']        
                                                                                                  
 conv2d_16 (Conv2D)          (None, 256, 256, 64)         110656    ['concatenate_3[0][0]']       
                                                                                                  
 batch_normalization_16 (Ba  (None, 256, 256, 64)         256       ['conv2d_16[0][0]']           
 tchNormalization)                                                                                
                                                                                                  
 activation_16 (Activation)  (None, 256, 256, 64)         0         ['batch_normalization_16[0][0]
                                                                    ']                            
                                                                                                  
 conv2d_17 (Conv2D)          (None, 256, 256, 64)         36928     ['activation_16[0][0]']       
                                                                                                  
 batch_normalization_17 (Ba  (None, 256, 256, 64)         256       ['conv2d_17[0][0]']           
 tchNormalization)                                                                                
                                                                                                  
 activation_17 (Activation)  (None, 256, 256, 64)         0         ['batch_normalization_17[0][0]
                                                                    ']                            
                                                                                                  
 conv2d_18 (Conv2D)          (None, 256, 256, 1)          65        ['activation_17[0][0]']       
                                                                                                  
 batch_normalization_18 (Ba  (None, 256, 256, 1)          4         ['conv2d_18[0][0]']           
 tchNormalization)                                                                                
                                                                                                  
 activation_18 (Activation)  (None, 256, 256, 1)          0         ['batch_normalization_18[0][0]
                                                                    ']                            
                                                                                                  
==================================================================================================
Total params: 31401349 (119.79 MB)
Trainable params: 31389571 (119.74 MB)
Non-trainable params: 11778 (46.01 KB)
__________________________________________________________________________________________________
None
======================================================================
GPU CONFIGURATION
======================================================================
Available GPUs: 1
Memory growth setting error: Physical devices cannot be modified after being initialized
TensorFlow version: 2.16.1
======================================================================

======================================================================
XUKUANG'S TRAINING PARAMETERS
======================================================================
Learning Rate:     0.005
Epochs:            200
Batch Size:        4
Image Size:        512×512
Loss Function:     BinaryFocalLoss(gamma=2)
Test Split:        20.0%
Random State:      0
Dataset:           ./dataset_shrunk_masks/images/
Output Directory:  xukuang_params_shrunk_20251015_060902
======================================================================

======================================================================
LOADING DATASET
======================================================================
Found 98 files in image directory
Loaded 98 images
Found 98 files in mask directory
Loaded 98 masks
Image dataset shape: (98, 512, 512, 3)
Mask dataset shape: (98, 512, 512, 1)
Training samples: 78
Testing samples: 20
======================================================================

======================================================================
MODEL CONFIGURATION
======================================================================
Input Shape: (512, 512, 3)
Image Height: 512
Image Width: 512
Image Channels: 3
Number of Labels: 1
======================================================================

✓ Saved experiment metadata to xukuang_params_shrunk_20251015_060902/EXPERIMENT_INFO.json

======================================================================
TRAINING MODEL 1: U-NET
======================================================================
Model: "UNet"
__________________________________________________________________________________________________
 Layer (type)                Output Shape                 Param #   Connected to                  
==================================================================================================
 input_2 (InputLayer)        [(None, 512, 512, 3)]        0         []                            
                                                                                                  
 conv2d_19 (Conv2D)          (None, 512, 512, 64)         1792      ['input_2[0][0]']             
                                                                                                  
 batch_normalization_19 (Ba  (None, 512, 512, 64)         256       ['conv2d_19[0][0]']           
 tchNormalization)                                                                                
                                                                                                  
 activation_19 (Activation)  (None, 512, 512, 64)         0         ['batch_normalization_19[0][0]
                                                                    ']                            
                                                                                                  
 conv2d_20 (Conv2D)          (None, 512, 512, 64)         36928     ['activation_19[0][0]']       
                                                                                                  
 batch_normalization_20 (Ba  (None, 512, 512, 64)         256       ['conv2d_20[0][0]']           
 tchNormalization)                                                                                
                                                                                                  
 activation_20 (Activation)  (None, 512, 512, 64)         0         ['batch_normalization_20[0][0]
                                                                    ']                            
                                                                                                  
 max_pooling2d_4 (MaxPoolin  (None, 256, 256, 64)         0         ['activation_20[0][0]']       
 g2D)                                                                                             
                                                                                                  
 conv2d_21 (Conv2D)          (None, 256, 256, 128)        73856     ['max_pooling2d_4[0][0]']     
                                                                                                  
 batch_normalization_21 (Ba  (None, 256, 256, 128)        512       ['conv2d_21[0][0]']           
 tchNormalization)                                                                                
                                                                                                  
 activation_21 (Activation)  (None, 256, 256, 128)        0         ['batch_normalization_21[0][0]
                                                                    ']                            
                                                                                                  
 conv2d_22 (Conv2D)          (None, 256, 256, 128)        147584    ['activation_21[0][0]']       
                                                                                                  
 batch_normalization_22 (Ba  (None, 256, 256, 128)        512       ['conv2d_22[0][0]']           
 tchNormalization)                                                                                
                                                                                                  
 activation_22 (Activation)  (None, 256, 256, 128)        0         ['batch_normalization_22[0][0]
                                                                    ']                            
                                                                                                  
 max_pooling2d_5 (MaxPoolin  (None, 128, 128, 128)        0         ['activation_22[0][0]']       
 g2D)                                                                                             
                                                                                                  
 conv2d_23 (Conv2D)          (None, 128, 128, 256)        295168    ['max_pooling2d_5[0][0]']     
                                                                                                  
 batch_normalization_23 (Ba  (None, 128, 128, 256)        1024      ['conv2d_23[0][0]']           
 tchNormalization)                                                                                
                                                                                                  
 activation_23 (Activation)  (None, 128, 128, 256)        0         ['batch_normalization_23[0][0]
                                                                    ']                            
                                                                                                  
 conv2d_24 (Conv2D)          (None, 128, 128, 256)        590080    ['activation_23[0][0]']       
                                                                                                  
 batch_normalization_24 (Ba  (None, 128, 128, 256)        1024      ['conv2d_24[0][0]']           
 tchNormalization)                                                                                
                                                                                                  
 activation_24 (Activation)  (None, 128, 128, 256)        0         ['batch_normalization_24[0][0]
                                                                    ']                            
                                                                                                  
 max_pooling2d_6 (MaxPoolin  (None, 64, 64, 256)          0         ['activation_24[0][0]']       
 g2D)                                                                                             
                                                                                                  
 conv2d_25 (Conv2D)          (None, 64, 64, 512)          1180160   ['max_pooling2d_6[0][0]']     
                                                                                                  
 batch_normalization_25 (Ba  (None, 64, 64, 512)          2048      ['conv2d_25[0][0]']           
 tchNormalization)                                                                                
                                                                                                  
 activation_25 (Activation)  (None, 64, 64, 512)          0         ['batch_normalization_25[0][0]
                                                                    ']                            
                                                                                                  
 conv2d_26 (Conv2D)          (None, 64, 64, 512)          2359808   ['activation_25[0][0]']       
                                                                                                  
 batch_normalization_26 (Ba  (None, 64, 64, 512)          2048      ['conv2d_26[0][0]']           
 tchNormalization)                                                                                
                                                                                                  
 activation_26 (Activation)  (None, 64, 64, 512)          0         ['batch_normalization_26[0][0]
                                                                    ']                            
                                                                                                  
 max_pooling2d_7 (MaxPoolin  (None, 32, 32, 512)          0         ['activation_26[0][0]']       
 g2D)                                                                                             
                                                                                                  
 conv2d_27 (Conv2D)          (None, 32, 32, 1024)         4719616   ['max_pooling2d_7[0][0]']     
                                                                                                  
 batch_normalization_27 (Ba  (None, 32, 32, 1024)         4096      ['conv2d_27[0][0]']           
 tchNormalization)                                                                                
                                                                                                  
 activation_27 (Activation)  (None, 32, 32, 1024)         0         ['batch_normalization_27[0][0]
                                                                    ']                            
                                                                                                  
 conv2d_28 (Conv2D)          (None, 32, 32, 1024)         9438208   ['activation_27[0][0]']       
                                                                                                  
 batch_normalization_28 (Ba  (None, 32, 32, 1024)         4096      ['conv2d_28[0][0]']           
 tchNormalization)                                                                                
                                                                                                  
 activation_28 (Activation)  (None, 32, 32, 1024)         0         ['batch_normalization_28[0][0]
                                                                    ']                            
                                                                                                  
 up_sampling2d_4 (UpSamplin  (None, 64, 64, 1024)         0         ['activation_28[0][0]']       
 g2D)                                                                                             
                                                                                                  
 concatenate_4 (Concatenate  (None, 64, 64, 1536)         0         ['up_sampling2d_4[0][0]',     
 )                                                                   'activation_26[0][0]']       
                                                                                                  
 conv2d_29 (Conv2D)          (None, 64, 64, 512)          7078400   ['concatenate_4[0][0]']       
                                                                                                  
 batch_normalization_29 (Ba  (None, 64, 64, 512)          2048      ['conv2d_29[0][0]']           
 tchNormalization)                                                                                
                                                                                                  
 activation_29 (Activation)  (None, 64, 64, 512)          0         ['batch_normalization_29[0][0]
                                                                    ']                            
                                                                                                  
 conv2d_30 (Conv2D)          (None, 64, 64, 512)          2359808   ['activation_29[0][0]']       
                                                                                                  
 batch_normalization_30 (Ba  (None, 64, 64, 512)          2048      ['conv2d_30[0][0]']           
 tchNormalization)                                                                                
                                                                                                  
 activation_30 (Activation)  (None, 64, 64, 512)          0         ['batch_normalization_30[0][0]
                                                                    ']                            
                                                                                                  
 up_sampling2d_5 (UpSamplin  (None, 128, 128, 512)        0         ['activation_30[0][0]']       
 g2D)                                                                                             
                                                                                                  
 concatenate_5 (Concatenate  (None, 128, 128, 768)        0         ['up_sampling2d_5[0][0]',     
 )                                                                   'activation_24[0][0]']       
                                                                                                  
 conv2d_31 (Conv2D)          (None, 128, 128, 256)        1769728   ['concatenate_5[0][0]']       
                                                                                                  
 batch_normalization_31 (Ba  (None, 128, 128, 256)        1024      ['conv2d_31[0][0]']           
 tchNormalization)                                                                                
                                                                                                  
 activation_31 (Activation)  (None, 128, 128, 256)        0         ['batch_normalization_31[0][0]
                                                                    ']                            
                                                                                                  
 conv2d_32 (Conv2D)          (None, 128, 128, 256)        590080    ['activation_31[0][0]']       
                                                                                                  
 batch_normalization_32 (Ba  (None, 128, 128, 256)        1024      ['conv2d_32[0][0]']           
 tchNormalization)                                                                                
                                                                                                  
 activation_32 (Activation)  (None, 128, 128, 256)        0         ['batch_normalization_32[0][0]
                                                                    ']                            
                                                                                                  
 up_sampling2d_6 (UpSamplin  (None, 256, 256, 256)        0         ['activation_32[0][0]']       
 g2D)                                                                                             
                                                                                                  
 concatenate_6 (Concatenate  (None, 256, 256, 384)        0         ['up_sampling2d_6[0][0]',     
 )                                                                   'activation_22[0][0]']       
                                                                                                  
 conv2d_33 (Conv2D)          (None, 256, 256, 128)        442496    ['concatenate_6[0][0]']       
                                                                                                  
 batch_normalization_33 (Ba  (None, 256, 256, 128)        512       ['conv2d_33[0][0]']           
 tchNormalization)                                                                                
                                                                                                  
 activation_33 (Activation)  (None, 256, 256, 128)        0         ['batch_normalization_33[0][0]
                                                                    ']                            
                                                                                                  
 conv2d_34 (Conv2D)          (None, 256, 256, 128)        147584    ['activation_33[0][0]']       
                                                                                                  
 batch_normalization_34 (Ba  (None, 256, 256, 128)        512       ['conv2d_34[0][0]']           
 tchNormalization)                                                                                
                                                                                                  
 activation_34 (Activation)  (None, 256, 256, 128)        0         ['batch_normalization_34[0][0]
                                                                    ']                            
                                                                                                  
 up_sampling2d_7 (UpSamplin  (None, 512, 512, 128)        0         ['activation_34[0][0]']       
 g2D)                                                                                             
                                                                                                  
 concatenate_7 (Concatenate  (None, 512, 512, 192)        0         ['up_sampling2d_7[0][0]',     
 )                                                                   'activation_20[0][0]']       
                                                                                                  
 conv2d_35 (Conv2D)          (None, 512, 512, 64)         110656    ['concatenate_7[0][0]']       
                                                                                                  
 batch_normalization_35 (Ba  (None, 512, 512, 64)         256       ['conv2d_35[0][0]']           
 tchNormalization)                                                                                
                                                                                                  
 activation_35 (Activation)  (None, 512, 512, 64)         0         ['batch_normalization_35[0][0]
                                                                    ']                            
                                                                                                  
 conv2d_36 (Conv2D)          (None, 512, 512, 64)         36928     ['activation_35[0][0]']       
                                                                                                  
 batch_normalization_36 (Ba  (None, 512, 512, 64)         256       ['conv2d_36[0][0]']           
 tchNormalization)                                                                                
                                                                                                  
 activation_36 (Activation)  (None, 512, 512, 64)         0         ['batch_normalization_36[0][0]
                                                                    ']                            
                                                                                                  
 conv2d_37 (Conv2D)          (None, 512, 512, 1)          65        ['activation_36[0][0]']       
                                                                                                  
 batch_normalization_37 (Ba  (None, 512, 512, 1)          4         ['conv2d_37[0][0]']           
 tchNormalization)                                                                                
                                                                                                  
 activation_37 (Activation)  (None, 512, 512, 1)          0         ['batch_normalization_37[0][0]
                                                                    ']                            
                                                                                                  
==================================================================================================
Total params: 31402501 (119.79 MB)
Trainable params: 31390723 (119.75 MB)
Non-trainable params: 11778 (46.01 KB)
__________________________________________________________________________________________________
None
Total parameters: 31,402,501

Training started: 2025-10-15 06:09:05.061252
Epoch 1/200
2025-10-15 06:09:23.481584: E tensorflow/core/grappler/optimizers/meta_optimizer.cc:1021] layout failed: INVALID_ARGUMENT: Size of values 0 does not match size of permutation 4 @ fanin shape ingradient_tape/binary_focal_loss/SelectV2-2-TransposeNHWCToNCHW-LayoutOptimizer
WARNING: All log messages before absl::InitializeLog() is called are written to STDERR
I0000 00:00:1760508573.064980  167366 service.cc:145] XLA service 0x14f1c5a86970 initialized for platform CUDA (this does not guarantee that XLA will be used). Devices:
I0000 00:00:1760508573.065007  167366 service.cc:153]   StreamExecutor device (0): NVIDIA A40, Compute Capability 8.6
I0000 00:00:1760508573.224986  167366 device_compiler.h:188] Compiled cluster using XLA!  This line is logged at most once for the lifetime of the process.
 1/20 [>.............................] - ETA: 12:19 - loss: 0.0840 - accuracy: 0.4237 - jacard_coef: 0.1613 2/20 [==>...........................] - ETA: 2:35 - loss: 0.0702 - accuracy: 0.5852 - jacard_coef: 0.2690  3/20 [===>..........................] - ETA: 1:44 - loss: 0.0681 - accuracy: 0.6004 - jacard_coef: 0.3097 4/20 [=====>........................] - ETA: 1:24 - loss: 0.0688 - accuracy: 0.5720 - jacard_coef: 0.2749 5/20 [======>.......................] - ETA: 1:00 - loss: 0.0677 - accuracy: 0.5436 - jacard_coef: 0.2505 6/20 [========>.....................] - ETA: 45s - loss: 0.0647 - accuracy: 0.5399 - jacard_coef: 0.2264  7/20 [=========>....................] - ETA: 36s - loss: 0.0619 - accuracy: 0.5287 - jacard_coef: 0.2031 8/20 [===========>..................] - ETA: 29s - loss: 0.0605 - accuracy: 0.5358 - jacard_coef: 0.2052 9/20 [============>.................] - ETA: 23s - loss: 0.0583 - accuracy: 0.5586 - jacard_coef: 0.198210/20 [==============>...............] - ETA: 19s - loss: 0.0560 - accuracy: 0.5995 - jacard_coef: 0.232911/20 [===============>..............] - ETA: 15s - loss: 0.0566 - accuracy: 0.6135 - jacard_coef: 0.217712/20 [=================>............] - ETA: 13s - loss: 0.0575 - accuracy: 0.6100 - jacard_coef: 0.201013/20 [==================>...........] - ETA: 10s - loss: 0.0560 - accuracy: 0.6245 - jacard_coef: 0.204014/20 [====================>.........] - ETA: 8s - loss: 0.0551 - accuracy: 0.6256 - jacard_coef: 0.2082 15/20 [=====================>........] - ETA: 6s - loss: 0.0542 - accuracy: 0.6324 - jacard_coef: 0.222016/20 [=======================>......] - ETA: 5s - loss: 0.0535 - accuracy: 0.6392 - jacard_coef: 0.227917/20 [========================>.....] - ETA: 3s - loss: 0.0532 - accuracy: 0.6422 - jacard_coef: 0.216918/20 [==========================>...] - ETA: 2s - loss: 0.0528 - accuracy: 0.6373 - jacard_coef: 0.215819/20 [===========================>..] - ETA: 1s - loss: 0.0520 - accuracy: 0.6429 - jacard_coef: 0.219920/20 [==============================] - ETA: 0s - loss: 0.0515 - accuracy: 0.6504 - jacard_coef: 0.234620/20 [==============================] - 67s 1s/step - loss: 0.0515 - accuracy: 0.6504 - jacard_coef: 0.2346 - val_loss: 0.2243 - val_accuracy: 0.8425 - val_jacard_coef: 7.4631e-06
Epoch 2/200
 1/20 [>.............................] - ETA: 5s - loss: 0.0395 - accuracy: 0.7949 - jacard_coef: 0.1574 2/20 [==>...........................] - ETA: 4s - loss: 0.0390 - accuracy: 0.8050 - jacard_coef: 0.1697 3/20 [===>..........................] - ETA: 4s - loss: 0.0438 - accuracy: 0.7108 - jacard_coef: 0.1473 4/20 [=====>........................] - ETA: 4s - loss: 0.0418 - accuracy: 0.6948 - jacard_coef: 0.1404 5/20 [======>.......................] - ETA: 4s - loss: 0.0408 - accuracy: 0.7180 - jacard_coef: 0.1362 6/20 [========>.....................] - ETA: 3s - loss: 0.0394 - accuracy: 0.7583 - jacard_coef: 0.2072 7/20 [=========>....................] - ETA: 3s - loss: 0.0382 - accuracy: 0.7883 - jacard_coef: 0.2552 8/20 [===========>..................] - ETA: 3s - loss: 0.0376 - accuracy: 0.7984 - jacard_coef: 0.2796 9/20 [============>.................] - ETA: 3s - loss: 0.0368 - accuracy: 0.8173 - jacard_coef: 0.312910/20 [==============>...............] - ETA: 2s - loss: 0.0359 - accuracy: 0.8341 - jacard_coef: 0.354711/20 [===============>..............] - ETA: 2s - loss: 0.0369 - accuracy: 0.8266 - jacard_coef: 0.324412/20 [=================>............] - ETA: 2s - loss: 0.0386 - accuracy: 0.8060 - jacard_coef: 0.299213/20 [==================>...........] - ETA: 1s - loss: 0.0381 - accuracy: 0.8086 - jacard_coef: 0.299914/20 [====================>.........] - ETA: 1s - loss: 0.0382 - accuracy: 0.7962 - jacard_coef: 0.282215/20 [=====================>........] - ETA: 1s - loss: 0.0383 - accuracy: 0.7882 - jacard_coef: 0.278416/20 [=======================>......] - ETA: 1s - loss: 0.0385 - accuracy: 0.7887 - jacard_coef: 0.279617/20 [========================>.....] - ETA: 0s - loss: 0.0386 - accuracy: 0.7813 - jacard_coef: 0.265718/20 [==========================>...] - ETA: 0s - loss: 0.0385 - accuracy: 0.7740 - jacard_coef: 0.270419/20 [===========================>..] - ETA: 0s - loss: 0.0381 - accuracy: 0.7737 - jacard_coef: 0.276720/20 [==============================] - ETA: 0s - loss: 0.0379 - accuracy: 0.7730 - jacard_coef: 0.272920/20 [==============================] - 6s 290ms/step - loss: 0.0379 - accuracy: 0.7730 - jacard_coef: 0.2729 - val_loss: 0.2243 - val_accuracy: 0.8425 - val_jacard_coef: 1.7461e-12
Epoch 3/200
 1/20 [>.............................] - ETA: 5s - loss: 0.0366 - accuracy: 0.7603 - jacard_coef: 0.3406 2/20 [==>...........................] - ETA: 4s - loss: 0.0348 - accuracy: 0.7882 - jacard_coef: 0.2721 3/20 [===>..........................] - ETA: 4s - loss: 0.0395 - accuracy: 0.7266 - jacard_coef: 0.2730 4/20 [=====>........................] - ETA: 4s - loss: 0.0377 - accuracy: 0.7219 - jacard_coef: 0.2814 5/20 [======>.......................] - ETA: 4s - loss: 0.0362 - accuracy: 0.7500 - jacard_coef: 0.3005 6/20 [========>.....................] - ETA: 3s - loss: 0.0348 - accuracy: 0.7854 - jacard_coef: 0.3446 7/20 [=========>....................] - ETA: 3s - loss: 0.0339 - accuracy: 0.8123 - jacard_coef: 0.3782 8/20 [===========>..................] - ETA: 3s - loss: 0.0334 - accuracy: 0.8204 - jacard_coef: 0.3929 9/20 [============>.................] - ETA: 3s - loss: 0.0326 - accuracy: 0.8371 - jacard_coef: 0.414410/20 [==============>...............] - ETA: 2s - loss: 0.0318 - accuracy: 0.8520 - jacard_coef: 0.446411/20 [===============>..............] - ETA: 2s - loss: 0.0320 - accuracy: 0.8456 - jacard_coef: 0.425512/20 [=================>............] - ETA: 2s - loss: 0.0329 - accuracy: 0.8283 - jacard_coef: 0.405513/20 [==================>...........] - ETA: 1s - loss: 0.0323 - accuracy: 0.8316 - jacard_coef: 0.409614/20 [====================>.........] - ETA: 1s - loss: 0.0324 - accuracy: 0.8236 - jacard_coef: 0.402715/20 [=====================>........] - ETA: 1s - loss: 0.0325 - accuracy: 0.8185 - jacard_coef: 0.404516/20 [=======================>......] - ETA: 1s - loss: 0.0326 - accuracy: 0.8211 - jacard_coef: 0.408917/20 [========================>.....] - ETA: 0s - loss: 0.0329 - accuracy: 0.8160 - jacard_coef: 0.388018/20 [==========================>...] - ETA: 0s - loss: 0.0327 - accuracy: 0.8109 - jacard_coef: 0.389319/20 [===========================>..] - ETA: 0s - loss: 0.0321 - accuracy: 0.8167 - jacard_coef: 0.405920/20 [==============================] - ETA: 0s - loss: 0.0320 - accuracy: 0.8173 - jacard_coef: 0.401720/20 [==============================] - 6s 288ms/step - loss: 0.0320 - accuracy: 0.8173 - jacard_coef: 0.4017 - val_loss: 0.2226 - val_accuracy: 0.8417 - val_jacard_coef: 0.0012
Epoch 4/200
 1/20 [>.............................] - ETA: 5s - loss: 0.0294 - accuracy: 0.8491 - jacard_coef: 0.4893 2/20 [==>...........................] - ETA: 4s - loss: 0.0276 - accuracy: 0.8457 - jacard_coef: 0.4499 3/20 [===>..........................] - ETA: 4s - loss: 0.0317 - accuracy: 0.7838 - jacard_coef: 0.4328 4/20 [=====>........................] - ETA: 4s - loss: 0.0315 - accuracy: 0.7630 - jacard_coef: 0.4076 5/20 [======>.......................] - ETA: 4s - loss: 0.0310 - accuracy: 0.7709 - jacard_coef: 0.3827 6/20 [========>.....................] - ETA: 3s - loss: 0.0301 - accuracy: 0.7911 - jacard_coef: 0.3719 7/20 [=========>....................] - ETA: 3s - loss: 0.0293 - accuracy: 0.8130 - jacard_coef: 0.3755 8/20 [===========>..................] - ETA: 3s - loss: 0.0292 - accuracy: 0.8184 - jacard_coef: 0.3804 9/20 [============>.................] - ETA: 3s - loss: 0.0285 - accuracy: 0.8358 - jacard_coef: 0.407910/20 [==============>...............] - ETA: 2s - loss: 0.0278 - accuracy: 0.8505 - jacard_coef: 0.435611/20 [===============>..............] - ETA: 2s - loss: 0.0279 - accuracy: 0.8497 - jacard_coef: 0.429512/20 [=================>............] - ETA: 2s - loss: 0.0289 - accuracy: 0.8383 - jacard_coef: 0.416913/20 [==================>...........] - ETA: 1s - loss: 0.0283 - accuracy: 0.8439 - jacard_coef: 0.435714/20 [====================>.........] - ETA: 1s - loss: 0.0282 - accuracy: 0.8397 - jacard_coef: 0.439115/20 [=====================>........] - ETA: 1s - loss: 0.0282 - accuracy: 0.8369 - jacard_coef: 0.447516/20 [=======================>......] - ETA: 1s - loss: 0.0281 - accuracy: 0.8395 - jacard_coef: 0.457117/20 [========================>.....] - ETA: 0s - loss: 0.0292 - accuracy: 0.8316 - jacard_coef: 0.433118/20 [==========================>...] - ETA: 0s - loss: 0.0290 - accuracy: 0.8279 - jacard_coef: 0.435119/20 [===========================>..] - ETA: 0s - loss: 0.0285 - accuracy: 0.8308 - jacard_coef: 0.443120/20 [==============================] - ETA: 0s - loss: 0.0286 - accuracy: 0.8294 - jacard_coef: 0.434820/20 [==============================] - 6s 288ms/step - loss: 0.0286 - accuracy: 0.8294 - jacard_coef: 0.4348 - val_loss: 0.0607 - val_accuracy: 0.8421 - val_jacard_coef: 0.0082
Epoch 5/200
 1/20 [>.............................] - ETA: 5s - loss: 0.0271 - accuracy: 0.7841 - jacard_coef: 0.4407 2/20 [==>...........................] - ETA: 4s - loss: 0.0253 - accuracy: 0.8058 - jacard_coef: 0.4450 3/20 [===>..........................] - ETA: 4s - loss: 0.0290 - accuracy: 0.7703 - jacard_coef: 0.4605 4/20 [=====>........................] - ETA: 4s - loss: 0.0295 - accuracy: 0.7544 - jacard_coef: 0.4460 5/20 [======>.......................] - ETA: 4s - loss: 0.0291 - accuracy: 0.7641 - jacard_coef: 0.4248 6/20 [========>.....................] - ETA: 3s - loss: 0.0285 - accuracy: 0.7877 - jacard_coef: 0.4111 7/20 [=========>....................] - ETA: 3s - loss: 0.0278 - accuracy: 0.8128 - jacard_coef: 0.4235 8/20 [===========>..................] - ETA: 3s - loss: 0.0270 - accuracy: 0.8248 - jacard_coef: 0.4526 9/20 [============>.................] - ETA: 3s - loss: 0.0265 - accuracy: 0.8399 - jacard_coef: 0.458910/20 [==============>...............] - ETA: 2s - loss: 0.0259 - accuracy: 0.8542 - jacard_coef: 0.481511/20 [===============>..............] - ETA: 2s - loss: 0.0261 - accuracy: 0.8523 - jacard_coef: 0.466212/20 [=================>............] - ETA: 2s - loss: 0.0265 - accuracy: 0.8402 - jacard_coef: 0.449413/20 [==================>...........] - ETA: 1s - loss: 0.0262 - accuracy: 0.8424 - jacard_coef: 0.448914/20 [====================>.........] - ETA: 1s - loss: 0.0265 - accuracy: 0.8313 - jacard_coef: 0.438415/20 [=====================>........] - ETA: 1s - loss: 0.0268 - accuracy: 0.8244 - jacard_coef: 0.432316/20 [=======================>......] - ETA: 1s - loss: 0.0269 - accuracy: 0.8263 - jacard_coef: 0.431417/20 [========================>.....] - ETA: 0s - loss: 0.0270 - accuracy: 0.8293 - jacard_coef: 0.412418/20 [==========================>...] - ETA: 0s - loss: 0.0271 - accuracy: 0.8245 - jacard_coef: 0.410819/20 [===========================>..] - ETA: 0s - loss: 0.0265 - accuracy: 0.8300 - jacard_coef: 0.427120/20 [==============================] - ETA: 0s - loss: 0.0264 - accuracy: 0.8320 - jacard_coef: 0.428320/20 [==============================] - 6s 288ms/step - loss: 0.0264 - accuracy: 0.8320 - jacard_coef: 0.4283 - val_loss: 0.1144 - val_accuracy: 0.3944 - val_jacard_coef: 0.1028
Epoch 6/200
 1/20 [>.............................] - ETA: 5s - loss: 0.0272 - accuracy: 0.8442 - jacard_coef: 0.3759 2/20 [==>...........................] - ETA: 4s - loss: 0.0234 - accuracy: 0.8702 - jacard_coef: 0.4748 3/20 [===>..........................] - ETA: 4s - loss: 0.0281 - accuracy: 0.7925 - jacard_coef: 0.4307 4/20 [=====>........................] - ETA: 4s - loss: 0.0279 - accuracy: 0.7751 - jacard_coef: 0.4106 5/20 [======>.......................] - ETA: 4s - loss: 0.0266 - accuracy: 0.7929 - jacard_coef: 0.4195 6/20 [========>.....................] - ETA: 3s - loss: 0.0257 - accuracy: 0.8166 - jacard_coef: 0.4229 7/20 [=========>....................] - ETA: 3s - loss: 0.0249 - accuracy: 0.8385 - jacard_coef: 0.4417 8/20 [===========>..................] - ETA: 3s - loss: 0.0246 - accuracy: 0.8433 - jacard_coef: 0.4553 9/20 [============>.................] - ETA: 3s - loss: 0.0240 - accuracy: 0.8567 - jacard_coef: 0.464610/20 [==============>...............] - ETA: 2s - loss: 0.0235 - accuracy: 0.8685 - jacard_coef: 0.477911/20 [===============>..............] - ETA: 2s - loss: 0.0233 - accuracy: 0.8697 - jacard_coef: 0.481112/20 [=================>............] - ETA: 2s - loss: 0.0238 - accuracy: 0.8609 - jacard_coef: 0.476113/20 [==================>...........] - ETA: 1s - loss: 0.0233 - accuracy: 0.8653 - jacard_coef: 0.493014/20 [====================>.........] - ETA: 1s - loss: 0.0229 - accuracy: 0.8637 - jacard_coef: 0.504115/20 [=====================>........] - ETA: 1s - loss: 0.0229 - accuracy: 0.8602 - jacard_coef: 0.509416/20 [=======================>......] - ETA: 1s - loss: 0.0226 - accuracy: 0.8630 - jacard_coef: 0.518517/20 [========================>.....] - ETA: 0s - loss: 0.0238 - accuracy: 0.8568 - jacard_coef: 0.490218/20 [==========================>...] - ETA: 0s - loss: 0.0238 - accuracy: 0.8520 - jacard_coef: 0.486819/20 [===========================>..] - ETA: 0s - loss: 0.0235 - accuracy: 0.8542 - jacard_coef: 0.492620/20 [==============================] - ETA: 0s - loss: 0.0238 - accuracy: 0.8523 - jacard_coef: 0.477120/20 [==============================] - 6s 288ms/step - loss: 0.0238 - accuracy: 0.8523 - jacard_coef: 0.4771 - val_loss: 0.1330 - val_accuracy: 0.3018 - val_jacard_coef: 0.1467
Epoch 7/200
 1/20 [>.............................] - ETA: 5s - loss: 0.0283 - accuracy: 0.7593 - jacard_coef: 0.3367 2/20 [==>...........................] - ETA: 4s - loss: 0.0258 - accuracy: 0.7974 - jacard_coef: 0.3646 3/20 [===>..........................] - ETA: 4s - loss: 0.0302 - accuracy: 0.7418 - jacard_coef: 0.3546 4/20 [=====>........................] - ETA: 4s - loss: 0.0292 - accuracy: 0.7435 - jacard_coef: 0.3692 5/20 [======>.......................] - ETA: 4s - loss: 0.0266 - accuracy: 0.7802 - jacard_coef: 0.4394 6/20 [========>.....................] - ETA: 3s - loss: 0.0254 - accuracy: 0.8048 - jacard_coef: 0.4389 7/20 [=========>....................] - ETA: 3s - loss: 0.0244 - accuracy: 0.8283 - jacard_coef: 0.4555 8/20 [===========>..................] - ETA: 3s - loss: 0.0241 - accuracy: 0.8357 - jacard_coef: 0.4687 9/20 [============>.................] - ETA: 3s - loss: 0.0234 - accuracy: 0.8490 - jacard_coef: 0.471910/20 [==============>...............] - ETA: 2s - loss: 0.0228 - accuracy: 0.8624 - jacard_coef: 0.495111/20 [===============>..............] - ETA: 2s - loss: 0.0237 - accuracy: 0.8543 - jacard_coef: 0.467712/20 [=================>............] - ETA: 2s - loss: 0.0258 - accuracy: 0.8329 - jacard_coef: 0.439113/20 [==================>...........] - ETA: 1s - loss: 0.0252 - accuracy: 0.8366 - jacard_coef: 0.445214/20 [====================>.........] - ETA: 1s - loss: 0.0254 - accuracy: 0.8290 - jacard_coef: 0.435315/20 [=====================>........] - ETA: 1s - loss: 0.0255 - accuracy: 0.8229 - jacard_coef: 0.431816/20 [=======================>......] - ETA: 1s - loss: 0.0255 - accuracy: 0.8245 - jacard_coef: 0.431617/20 [========================>.....] - ETA: 0s - loss: 0.0255 - accuracy: 0.8245 - jacard_coef: 0.410818/20 [==========================>...] - ETA: 0s - loss: 0.0264 - accuracy: 0.8134 - jacard_coef: 0.400619/20 [===========================>..] - ETA: 0s - loss: 0.0261 - accuracy: 0.8151 - jacard_coef: 0.402820/20 [==============================] - ETA: 0s - loss: 0.0261 - accuracy: 0.8161 - jacard_coef: 0.395520/20 [==============================] - 6s 288ms/step - loss: 0.0261 - accuracy: 0.8161 - jacard_coef: 0.3955 - val_loss: 1.3873 - val_accuracy: 0.1440 - val_jacard_coef: 0.1416
Epoch 8/200
 1/20 [>.............................] - ETA: 5s - loss: 0.0267 - accuracy: 0.7998 - jacard_coef: 0.2658 2/20 [==>...........................] - ETA: 4s - loss: 0.0297 - accuracy: 0.7964 - jacard_coef: 0.2018 3/20 [===>..........................] - ETA: 4s - loss: 0.0332 - accuracy: 0.7189 - jacard_coef: 0.1923 4/20 [=====>........................] - ETA: 4s - loss: 0.0328 - accuracy: 0.6998 - jacard_coef: 0.1641 5/20 [======>.......................] - ETA: 4s - loss: 0.0313 - accuracy: 0.7200 - jacard_coef: 0.1579 6/20 [========>.....................] - ETA: 3s - loss: 0.0295 - accuracy: 0.7582 - jacard_coef: 0.1970 7/20 [=========>....................] - ETA: 3s - loss: 0.0278 - accuracy: 0.7902 - jacard_coef: 0.2616 8/20 [===========>..................] - ETA: 3s - loss: 0.0270 - accuracy: 0.8026 - jacard_coef: 0.2978 9/20 [============>.................] - ETA: 3s - loss: 0.0260 - accuracy: 0.8223 - jacard_coef: 0.332210/20 [==============>...............] - ETA: 2s - loss: 0.0251 - accuracy: 0.8386 - jacard_coef: 0.366211/20 [===============>..............] - ETA: 2s - loss: 0.0253 - accuracy: 0.8375 - jacard_coef: 0.338512/20 [=================>............] - ETA: 2s - loss: 0.0262 - accuracy: 0.8233 - jacard_coef: 0.316913/20 [==================>...........] - ETA: 1s - loss: 0.0257 - accuracy: 0.8265 - jacard_coef: 0.323314/20 [====================>.........] - ETA: 1s - loss: 0.0260 - accuracy: 0.8160 - jacard_coef: 0.309615/20 [=====================>........] - ETA: 1s - loss: 0.0264 - accuracy: 0.8059 - jacard_coef: 0.298916/20 [=======================>......] - ETA: 1s - loss: 0.0262 - accuracy: 0.8103 - jacard_coef: 0.312017/20 [========================>.....] - ETA: 0s - loss: 0.0260 - accuracy: 0.8175 - jacard_coef: 0.304718/20 [==========================>...] - ETA: 0s - loss: 0.0257 - accuracy: 0.8152 - jacard_coef: 0.310719/20 [===========================>..] - ETA: 0s - loss: 0.0252 - accuracy: 0.8214 - jacard_coef: 0.333320/20 [==============================] - ETA: 0s - loss: 0.0251 - accuracy: 0.8226 - jacard_coef: 0.333020/20 [==============================] - 6s 288ms/step - loss: 0.0251 - accuracy: 0.8226 - jacard_coef: 0.3330 - val_loss: 0.3426 - val_accuracy: 0.3452 - val_jacard_coef: 0.1552
Epoch 9/200
 1/20 [>.............................] - ETA: 5s - loss: 0.0211 - accuracy: 0.9071 - jacard_coef: 0.6691 2/20 [==>...........................] - ETA: 4s - loss: 0.0197 - accuracy: 0.9039 - jacard_coef: 0.6479 3/20 [===>..........................] - ETA: 4s - loss: 0.0246 - accuracy: 0.8065 - jacard_coef: 0.5265 4/20 [=====>........................] - ETA: 4s - loss: 0.0231 - accuracy: 0.8172 - jacard_coef: 0.5688 5/20 [======>.......................] - ETA: 4s - loss: 0.0234 - accuracy: 0.7951 - jacard_coef: 0.5115 6/20 [========>.....................] - ETA: 3s - loss: 0.0238 - accuracy: 0.7902 - jacard_coef: 0.4503 7/20 [=========>....................] - ETA: 3s - loss: 0.0233 - accuracy: 0.8077 - jacard_coef: 0.4268 8/20 [===========>..................] - ETA: 3s - loss: 0.0229 - accuracy: 0.8202 - jacard_coef: 0.4546 9/20 [============>.................] - ETA: 3s - loss: 0.0227 - accuracy: 0.8230 - jacard_coef: 0.426710/20 [==============>...............] - ETA: 2s - loss: 0.0222 - accuracy: 0.8394 - jacard_coef: 0.457911/20 [===============>..............] - ETA: 2s - loss: 0.0224 - accuracy: 0.8397 - jacard_coef: 0.450512/20 [=================>............] - ETA: 2s - loss: 0.0225 - accuracy: 0.8355 - jacard_coef: 0.454913/20 [==================>...........] - ETA: 1s - loss: 0.0220 - accuracy: 0.8404 - jacard_coef: 0.465714/20 [====================>.........] - ETA: 1s - loss: 0.0220 - accuracy: 0.8356 - jacard_coef: 0.463315/20 [=====================>........] - ETA: 1s - loss: 0.0224 - accuracy: 0.8280 - jacard_coef: 0.454716/20 [=======================>......] - ETA: 1s - loss: 0.0224 - accuracy: 0.8310 - jacard_coef: 0.459017/20 [========================>.....] - ETA: 0s - loss: 0.0224 - accuracy: 0.8359 - jacard_coef: 0.440918/20 [==========================>...] - ETA: 0s - loss: 0.0223 - accuracy: 0.8330 - jacard_coef: 0.440819/20 [===========================>..] - ETA: 0s - loss: 0.0218 - accuracy: 0.8382 - jacard_coef: 0.456420/20 [==============================] - ETA: 0s - loss: 0.0218 - accuracy: 0.8400 - jacard_coef: 0.454720/20 [==============================] - 6s 288ms/step - loss: 0.0218 - accuracy: 0.8400 - jacard_coef: 0.4547 - val_loss: 0.0521 - val_accuracy: 0.7462 - val_jacard_coef: 0.0585
Epoch 10/200
 1/20 [>.............................] - ETA: 5s - loss: 0.0182 - accuracy: 0.8961 - jacard_coef: 0.6123 2/20 [==>...........................] - ETA: 4s - loss: 0.0166 - accuracy: 0.9018 - jacard_coef: 0.6214 3/20 [===>..........................] - ETA: 4s - loss: 0.0252 - accuracy: 0.8048 - jacard_coef: 0.5078 4/20 [=====>........................] - ETA: 4s - loss: 0.0240 - accuracy: 0.8025 - jacard_coef: 0.5149 5/20 [======>.......................] - ETA: 4s - loss: 0.0224 - accuracy: 0.8182 - jacard_coef: 0.5206 6/20 [========>.....................] - ETA: 3s - loss: 0.0216 - accuracy: 0.8361 - jacard_coef: 0.4977 7/20 [=========>....................] - ETA: 3s - loss: 0.0208 - accuracy: 0.8544 - jacard_coef: 0.4973 8/20 [===========>..................] - ETA: 3s - loss: 0.0204 - accuracy: 0.8583 - jacard_coef: 0.5060 9/20 [============>.................] - ETA: 3s - loss: 0.0198 - accuracy: 0.8705 - jacard_coef: 0.512010/20 [==============>...............] - ETA: 2s - loss: 0.0193 - accuracy: 0.8809 - jacard_coef: 0.518911/20 [===============>..............] - ETA: 2s - loss: 0.0192 - accuracy: 0.8798 - jacard_coef: 0.513112/20 [=================>............] - ETA: 2s - loss: 0.0194 - accuracy: 0.8730 - jacard_coef: 0.511813/20 [==================>...........] - ETA: 1s - loss: 0.0190 - accuracy: 0.8763 - jacard_coef: 0.524914/20 [====================>.........] - ETA: 1s - loss: 0.0190 - accuracy: 0.8711 - jacard_coef: 0.524415/20 [=====================>........] - ETA: 1s - loss: 0.0193 - accuracy: 0.8645 - jacard_coef: 0.521116/20 [=======================>......] - ETA: 1s - loss: 0.0193 - accuracy: 0.8663 - jacard_coef: 0.525717/20 [========================>.....] - ETA: 0s - loss: 0.0194 - accuracy: 0.8694 - jacard_coef: 0.504218/20 [==========================>...] - ETA: 0s - loss: 0.0195 - accuracy: 0.8643 - jacard_coef: 0.499519/20 [===========================>..] - ETA: 0s - loss: 0.0191 - accuracy: 0.8678 - jacard_coef: 0.511120/20 [==============================] - ETA: 0s - loss: 0.0191 - accuracy: 0.8689 - jacard_coef: 0.508920/20 [==============================] - 6s 288ms/step - loss: 0.0191 - accuracy: 0.8689 - jacard_coef: 0.5089 - val_loss: 0.0281 - val_accuracy: 0.8635 - val_jacard_coef: 0.2011
Epoch 11/200
 1/20 [>.............................] - ETA: 5s - loss: 0.0163 - accuracy: 0.9099 - jacard_coef: 0.6704 2/20 [==>...........................] - ETA: 4s - loss: 0.0149 - accuracy: 0.9180 - jacard_coef: 0.6943 3/20 [===>..........................] - ETA: 4s - loss: 0.0225 - accuracy: 0.8181 - jacard_coef: 0.5615 4/20 [=====>........................] - ETA: 4s - loss: 0.0216 - accuracy: 0.8193 - jacard_coef: 0.5752 5/20 [======>.......................] - ETA: 4s - loss: 0.0203 - accuracy: 0.8389 - jacard_coef: 0.5954 6/20 [========>.....................] - ETA: 3s - loss: 0.0202 - accuracy: 0.8475 - jacard_coef: 0.5416 7/20 [=========>....................] - ETA: 3s - loss: 0.0196 - accuracy: 0.8653 - jacard_coef: 0.5429 8/20 [===========>..................] - ETA: 3s - loss: 0.0193 - accuracy: 0.8702 - jacard_coef: 0.5540 9/20 [============>.................] - ETA: 3s - loss: 0.0189 - accuracy: 0.8801 - jacard_coef: 0.547110/20 [==============>...............] - ETA: 2s - loss: 0.0184 - accuracy: 0.8897 - jacard_coef: 0.551211/20 [===============>..............] - ETA: 2s - loss: 0.0182 - accuracy: 0.8902 - jacard_coef: 0.552012/20 [=================>............] - ETA: 2s - loss: 0.0183 - accuracy: 0.8843 - jacard_coef: 0.553113/20 [==================>...........] - ETA: 1s - loss: 0.0179 - accuracy: 0.8869 - jacard_coef: 0.563714/20 [====================>.........] - ETA: 1s - loss: 0.0180 - accuracy: 0.8811 - jacard_coef: 0.561015/20 [=====================>........] - ETA: 1s - loss: 0.0184 - accuracy: 0.8730 - jacard_coef: 0.552716/20 [=======================>......] - ETA: 1s - loss: 0.0185 - accuracy: 0.8741 - jacard_coef: 0.554917/20 [========================>.....] - ETA: 0s - loss: 0.0185 - accuracy: 0.8773 - jacard_coef: 0.532718/20 [==========================>...] - ETA: 0s - loss: 0.0187 - accuracy: 0.8721 - jacard_coef: 0.527319/20 [===========================>..] - ETA: 0s - loss: 0.0183 - accuracy: 0.8751 - jacard_coef: 0.537420/20 [==============================] - ETA: 0s - loss: 0.0182 - accuracy: 0.8764 - jacard_coef: 0.536120/20 [==============================] - 6s 288ms/step - loss: 0.0182 - accuracy: 0.8764 - jacard_coef: 0.5361 - val_loss: 0.0260 - val_accuracy: 0.8618 - val_jacard_coef: 0.2219
Epoch 12/200
 1/20 [>.............................] - ETA: 5s - loss: 0.0158 - accuracy: 0.9079 - jacard_coef: 0.6636 2/20 [==>...........................] - ETA: 4s - loss: 0.0142 - accuracy: 0.9158 - jacard_coef: 0.6850 3/20 [===>..........................] - ETA: 4s - loss: 0.0221 - accuracy: 0.8180 - jacard_coef: 0.5575 4/20 [=====>........................] - ETA: 4s - loss: 0.0213 - accuracy: 0.8180 - jacard_coef: 0.5686 5/20 [======>.......................] - ETA: 4s - loss: 0.0198 - accuracy: 0.8383 - jacard_coef: 0.5905 6/20 [========>.....................] - ETA: 3s - loss: 0.0195 - accuracy: 0.8500 - jacard_coef: 0.5458 7/20 [=========>....................] - ETA: 3s - loss: 0.0187 - accuracy: 0.8674 - jacard_coef: 0.5465 8/20 [===========>..................] - ETA: 3s - loss: 0.0183 - accuracy: 0.8725 - jacard_coef: 0.5608 9/20 [============>.................] - ETA: 3s - loss: 0.0178 - accuracy: 0.8823 - jacard_coef: 0.553910/20 [==============>...............] - ETA: 2s - loss: 0.0174 - accuracy: 0.8910 - jacard_coef: 0.552911/20 [===============>..............] - ETA: 2s - loss: 0.0172 - accuracy: 0.8911 - jacard_coef: 0.552412/20 [=================>............] - ETA: 2s - loss: 0.0173 - accuracy: 0.8864 - jacard_coef: 0.557113/20 [==================>...........] - ETA: 1s - loss: 0.0169 - accuracy: 0.8893 - jacard_coef: 0.570114/20 [====================>.........] - ETA: 1s - loss: 0.0170 - accuracy: 0.8851 - jacard_coef: 0.572615/20 [=====================>........] - ETA: 1s - loss: 0.0174 - accuracy: 0.8781 - jacard_coef: 0.567216/20 [=======================>......] - ETA: 1s - loss: 0.0174 - accuracy: 0.8793 - jacard_coef: 0.570217/20 [========================>.....] - ETA: 0s - loss: 0.0175 - accuracy: 0.8816 - jacard_coef: 0.546118/20 [==========================>...] - ETA: 0s - loss: 0.0177 - accuracy: 0.8765 - jacard_coef: 0.540919/20 [===========================>..] - ETA: 0s - loss: 0.0173 - accuracy: 0.8795 - jacard_coef: 0.551920/20 [==============================] - ETA: 0s - loss: 0.0172 - accuracy: 0.8808 - jacard_coef: 0.550320/20 [==============================] - 6s 288ms/step - loss: 0.0172 - accuracy: 0.8808 - jacard_coef: 0.5503 - val_loss: 0.0257 - val_accuracy: 0.8529 - val_jacard_coef: 0.1341
Epoch 13/200
 1/20 [>.............................] - ETA: 5s - loss: 0.0155 - accuracy: 0.9086 - jacard_coef: 0.6668 2/20 [==>...........................] - ETA: 4s - loss: 0.0138 - accuracy: 0.9169 - jacard_coef: 0.6906 3/20 [===>..........................] - ETA: 4s - loss: 0.0220 - accuracy: 0.8236 - jacard_coef: 0.5724 4/20 [=====>........................] - ETA: 4s - loss: 0.0213 - accuracy: 0.8224 - jacard_coef: 0.5801 5/20 [======>.......................] - ETA: 4s - loss: 0.0195 - accuracy: 0.8434 - jacard_coef: 0.6079 6/20 [========>.....................] - ETA: 3s - loss: 0.0190 - accuracy: 0.8581 - jacard_coef: 0.5735 7/20 [=========>....................] - ETA: 3s - loss: 0.0181 - accuracy: 0.8747 - jacard_coef: 0.5746 8/20 [===========>..................] - ETA: 3s - loss: 0.0177 - accuracy: 0.8788 - jacard_coef: 0.5848 9/20 [============>.................] - ETA: 3s - loss: 0.0172 - accuracy: 0.8873 - jacard_coef: 0.572810/20 [==============>...............] - ETA: 2s - loss: 0.0167 - accuracy: 0.8967 - jacard_coef: 0.582111/20 [===============>..............] - ETA: 2s - loss: 0.0166 - accuracy: 0.8963 - jacard_coef: 0.577512/20 [=================>............] - ETA: 2s - loss: 0.0169 - accuracy: 0.8893 - jacard_coef: 0.574313/20 [==================>...........] - ETA: 1s - loss: 0.0165 - accuracy: 0.8921 - jacard_coef: 0.586114/20 [====================>.........] - ETA: 1s - loss: 0.0166 - accuracy: 0.8876 - jacard_coef: 0.587115/20 [=====================>........] - ETA: 1s - loss: 0.0170 - accuracy: 0.8811 - jacard_coef: 0.582616/20 [=======================>......] - ETA: 1s - loss: 0.0170 - accuracy: 0.8823 - jacard_coef: 0.585717/20 [========================>.....] - ETA: 0s - loss: 0.0170 - accuracy: 0.8847 - jacard_coef: 0.561118/20 [==========================>...] - ETA: 0s - loss: 0.0173 - accuracy: 0.8789 - jacard_coef: 0.553519/20 [===========================>..] - ETA: 0s - loss: 0.0170 - accuracy: 0.8817 - jacard_coef: 0.562920/20 [==============================] - ETA: 0s - loss: 0.0170 - accuracy: 0.8828 - jacard_coef: 0.560020/20 [==============================] - 6s 288ms/step - loss: 0.0170 - accuracy: 0.8828 - jacard_coef: 0.5600 - val_loss: 0.0237 - val_accuracy: 0.8617 - val_jacard_coef: 0.2323
Epoch 14/200
 1/20 [>.............................] - ETA: 5s - loss: 0.0156 - accuracy: 0.9132 - jacard_coef: 0.6841 2/20 [==>...........................] - ETA: 4s - loss: 0.0140 - accuracy: 0.9185 - jacard_coef: 0.6945 3/20 [===>..........................] - ETA: 4s - loss: 0.0215 - accuracy: 0.8189 - jacard_coef: 0.5607 4/20 [=====>........................] - ETA: 4s - loss: 0.0210 - accuracy: 0.8189 - jacard_coef: 0.5717 5/20 [======>.......................] - ETA: 4s - loss: 0.0199 - accuracy: 0.8351 - jacard_coef: 0.5782 6/20 [========>.....................] - ETA: 3s - loss: 0.0195 - accuracy: 0.8461 - jacard_coef: 0.5314 7/20 [=========>....................] - ETA: 3s - loss: 0.0186 - accuracy: 0.8649 - jacard_coef: 0.5436 8/20 [===========>..................] - ETA: 3s - loss: 0.0181 - accuracy: 0.8709 - jacard_coef: 0.5593 9/20 [============>.................] - ETA: 3s - loss: 0.0175 - accuracy: 0.8822 - jacard_coef: 0.563810/20 [==============>...............] - ETA: 2s - loss: 0.0169 - accuracy: 0.8926 - jacard_coef: 0.580011/20 [===============>..............] - ETA: 2s - loss: 0.0167 - accuracy: 0.8930 - jacard_coef: 0.579112/20 [=================>............] - ETA: 2s - loss: 0.0168 - accuracy: 0.8880 - jacard_coef: 0.581313/20 [==================>...........] - ETA: 1s - loss: 0.0165 - accuracy: 0.8901 - jacard_coef: 0.588714/20 [====================>.........] - ETA: 1s - loss: 0.0165 - accuracy: 0.8860 - jacard_coef: 0.590315/20 [=====================>........] - ETA: 1s - loss: 0.0170 - accuracy: 0.8781 - jacard_coef: 0.581416/20 [=======================>......] - ETA: 1s - loss: 0.0171 - accuracy: 0.8789 - jacard_coef: 0.581817/20 [========================>.....] - ETA: 0s - loss: 0.0171 - accuracy: 0.8820 - jacard_coef: 0.558218/20 [==========================>...] - ETA: 0s - loss: 0.0173 - accuracy: 0.8769 - jacard_coef: 0.552819/20 [===========================>..] - ETA: 0s - loss: 0.0169 - accuracy: 0.8799 - jacard_coef: 0.562720/20 [==============================] - ETA: 0s - loss: 0.0169 - accuracy: 0.8812 - jacard_coef: 0.561020/20 [==============================] - 6s 288ms/step - loss: 0.0169 - accuracy: 0.8812 - jacard_coef: 0.5610 - val_loss: 0.0288 - val_accuracy: 0.8426 - val_jacard_coef: 7.4994e-04
Epoch 15/200
 1/20 [>.............................] - ETA: 5s - loss: 0.0149 - accuracy: 0.9106 - jacard_coef: 0.6737 2/20 [==>...........................] - ETA: 4s - loss: 0.0131 - accuracy: 0.9197 - jacard_coef: 0.7035 3/20 [===>..........................] - ETA: 4s - loss: 0.0223 - accuracy: 0.8277 - jacard_coef: 0.5855 4/20 [=====>........................] - ETA: 4s - loss: 0.0214 - accuracy: 0.8257 - jacard_coef: 0.5907 5/20 [======>.......................] - ETA: 4s - loss: 0.0200 - accuracy: 0.8381 - jacard_coef: 0.5888 6/20 [========>.....................] - ETA: 3s - loss: 0.0191 - accuracy: 0.8542 - jacard_coef: 0.5602 7/20 [=========>....................] - ETA: 3s - loss: 0.0181 - accuracy: 0.8707 - jacard_coef: 0.5578 8/20 [===========>..................] - ETA: 3s - loss: 0.0176 - accuracy: 0.8765 - jacard_coef: 0.5748 9/20 [============>.................] - ETA: 3s - loss: 0.0169 - accuracy: 0.8868 - jacard_coef: 0.574110/20 [==============>...............] - ETA: 2s - loss: 0.0163 - accuracy: 0.8964 - jacard_coef: 0.585711/20 [===============>..............] - ETA: 2s - loss: 0.0163 - accuracy: 0.8949 - jacard_coef: 0.578912/20 [=================>............] - ETA: 2s - loss: 0.0165 - accuracy: 0.8890 - jacard_coef: 0.578413/20 [==================>...........] - ETA: 1s - loss: 0.0162 - accuracy: 0.8913 - jacard_coef: 0.587314/20 [====================>.........] - ETA: 1s - loss: 0.0163 - accuracy: 0.8861 - jacard_coef: 0.585715/20 [=====================>........] - ETA: 1s - loss: 0.0168 - accuracy: 0.8786 - jacard_coef: 0.578316/20 [=======================>......] - ETA: 1s - loss: 0.0168 - accuracy: 0.8796 - jacard_coef: 0.579917/20 [========================>.....] - ETA: 0s - loss: 0.0168 - accuracy: 0.8831 - jacard_coef: 0.557518/20 [==========================>...] - ETA: 0s - loss: 0.0171 - accuracy: 0.8774 - jacard_coef: 0.549919/20 [===========================>..] - ETA: 0s - loss: 0.0168 - accuracy: 0.8800 - jacard_coef: 0.558420/20 [==============================] - ETA: 0s - loss: 0.0167 - accuracy: 0.8815 - jacard_coef: 0.558120/20 [==============================] - 6s 288ms/step - loss: 0.0167 - accuracy: 0.8815 - jacard_coef: 0.5581 - val_loss: 0.0235 - val_accuracy: 0.8722 - val_jacard_coef: 0.1941
Epoch 16/200
 1/20 [>.............................] - ETA: 5s - loss: 0.0147 - accuracy: 0.9108 - jacard_coef: 0.6731 2/20 [==>...........................] - ETA: 4s - loss: 0.0131 - accuracy: 0.9186 - jacard_coef: 0.6966 3/20 [===>..........................] - ETA: 4s - loss: 0.0215 - accuracy: 0.8160 - jacard_coef: 0.5557 4/20 [=====>........................] - ETA: 4s - loss: 0.0209 - accuracy: 0.8162 - jacard_coef: 0.5663 5/20 [======>.......................] - ETA: 4s - loss: 0.0194 - accuracy: 0.8357 - jacard_coef: 0.5844 6/20 [========>.....................] - ETA: 3s - loss: 0.0190 - accuracy: 0.8475 - jacard_coef: 0.5401 7/20 [=========>....................] - ETA: 3s - loss: 0.0181 - accuracy: 0.8662 - jacard_coef: 0.5513 8/20 [===========>..................] - ETA: 3s - loss: 0.0177 - accuracy: 0.8719 - jacard_coef: 0.5662 9/20 [============>.................] - ETA: 3s - loss: 0.0171 - accuracy: 0.8817 - jacard_coef: 0.560310/20 [==============>...............] - ETA: 2s - loss: 0.0165 - accuracy: 0.8918 - jacard_coef: 0.572111/20 [===============>..............] - ETA: 2s - loss: 0.0163 - accuracy: 0.8936 - jacard_coef: 0.576812/20 [=================>............] - ETA: 2s - loss: 0.0163 - accuracy: 0.8892 - jacard_coef: 0.580913/20 [==================>...........] - ETA: 1s - loss: 0.0160 - accuracy: 0.8919 - jacard_coef: 0.592014/20 [====================>.........] - ETA: 1s - loss: 0.0160 - accuracy: 0.8883 - jacard_coef: 0.595415/20 [=====================>........] - ETA: 1s - loss: 0.0164 - accuracy: 0.8816 - jacard_coef: 0.590016/20 [=======================>......] - ETA: 1s - loss: 0.0165 - accuracy: 0.8824 - jacard_coef: 0.591217/20 [========================>.....] - ETA: 0s - loss: 0.0165 - accuracy: 0.8854 - jacard_coef: 0.567218/20 [==========================>...] - ETA: 0s - loss: 0.0167 - accuracy: 0.8803 - jacard_coef: 0.561919/20 [===========================>..] - ETA: 0s - loss: 0.0163 - accuracy: 0.8832 - jacard_coef: 0.572320/20 [==============================] - ETA: 0s - loss: 0.0163 - accuracy: 0.8844 - jacard_coef: 0.570220/20 [==============================] - 6s 288ms/step - loss: 0.0163 - accuracy: 0.8844 - jacard_coef: 0.5702 - val_loss: 0.0337 - val_accuracy: 0.8428 - val_jacard_coef: 0.0044
Epoch 17/200
 1/20 [>.............................] - ETA: 5s - loss: 0.0141 - accuracy: 0.9119 - jacard_coef: 0.6816 2/20 [==>...........................] - ETA: 4s - loss: 0.0124 - accuracy: 0.9227 - jacard_coef: 0.7193 3/20 [===>..........................] - ETA: 4s - loss: 0.0211 - accuracy: 0.8356 - jacard_coef: 0.6091 4/20 [=====>........................] - ETA: 4s - loss: 0.0205 - accuracy: 0.8318 - jacard_coef: 0.6087 5/20 [======>.......................] - ETA: 4s - loss: 0.0185 - accuracy: 0.8520 - jacard_coef: 0.6365 6/20 [========>.....................] - ETA: 3s - loss: 0.0179 - accuracy: 0.8657 - jacard_coef: 0.6007 7/20 [=========>....................] - ETA: 3s - loss: 0.0169 - accuracy: 0.8809 - jacard_coef: 0.5963 8/20 [===========>..................] - ETA: 3s - loss: 0.0167 - accuracy: 0.8821 - jacard_coef: 0.5959 9/20 [============>.................] - ETA: 3s - loss: 0.0161 - accuracy: 0.8907 - jacard_coef: 0.586010/20 [==============>...............] - ETA: 2s - loss: 0.0155 - accuracy: 0.9001 - jacard_coef: 0.599311/20 [===============>..............] - ETA: 2s - loss: 0.0158 - accuracy: 0.8962 - jacard_coef: 0.584012/20 [=================>............] - ETA: 2s - loss: 0.0161 - accuracy: 0.8896 - jacard_coef: 0.581513/20 [==================>...........] - ETA: 1s - loss: 0.0157 - accuracy: 0.8923 - jacard_coef: 0.592514/20 [====================>.........] - ETA: 1s - loss: 0.0157 - accuracy: 0.8889 - jacard_coef: 0.596215/20 [=====================>........] - ETA: 1s - loss: 0.0162 - accuracy: 0.8819 - jacard_coef: 0.590116/20 [=======================>......] - ETA: 1s - loss: 0.0162 - accuracy: 0.8827 - jacard_coef: 0.591217/20 [========================>.....] - ETA: 0s - loss: 0.0162 - accuracy: 0.8866 - jacard_coef: 0.569918/20 [==========================>...] - ETA: 0s - loss: 0.0167 - accuracy: 0.8808 - jacard_coef: 0.562519/20 [===========================>..] - ETA: 0s - loss: 0.0164 - accuracy: 0.8839 - jacard_coef: 0.573820/20 [==============================] - ETA: 0s - loss: 0.0163 - accuracy: 0.8853 - jacard_coef: 0.572320/20 [==============================] - 6s 288ms/step - loss: 0.0163 - accuracy: 0.8853 - jacard_coef: 0.5723 - val_loss: 0.0231 - val_accuracy: 0.7659 - val_jacard_coef: 0.2284
Epoch 18/200
 1/20 [>.............................] - ETA: 5s - loss: 0.0157 - accuracy: 0.9066 - jacard_coef: 0.6554 2/20 [==>...........................] - ETA: 4s - loss: 0.0153 - accuracy: 0.8951 - jacard_coef: 0.5779 3/20 [===>..........................] - ETA: 4s - loss: 0.0230 - accuracy: 0.8041 - jacard_coef: 0.4856 4/20 [=====>........................] - ETA: 4s - loss: 0.0220 - accuracy: 0.8052 - jacard_coef: 0.5078 5/20 [======>.......................] - ETA: 4s - loss: 0.0203 - accuracy: 0.8268 - jacard_coef: 0.5375 6/20 [========>.....................] - ETA: 3s - loss: 0.0195 - accuracy: 0.8419 - jacard_coef: 0.5088 7/20 [=========>....................] - ETA: 3s - loss: 0.0184 - accuracy: 0.8614 - jacard_coef: 0.5259 8/20 [===========>..................] - ETA: 3s - loss: 0.0178 - accuracy: 0.8680 - jacard_coef: 0.5449 9/20 [============>.................] - ETA: 3s - loss: 0.0172 - accuracy: 0.8790 - jacard_coef: 0.546510/20 [==============>...............] - ETA: 2s - loss: 0.0166 - accuracy: 0.8896 - jacard_coef: 0.563611/20 [===============>..............] - ETA: 2s - loss: 0.0165 - accuracy: 0.8904 - jacard_coef: 0.563512/20 [=================>............] - ETA: 2s - loss: 0.0166 - accuracy: 0.8865 - jacard_coef: 0.569513/20 [==================>...........] - ETA: 1s - loss: 0.0162 - accuracy: 0.8896 - jacard_coef: 0.582314/20 [====================>.........] - ETA: 1s - loss: 0.0161 - accuracy: 0.8874 - jacard_coef: 0.590315/20 [=====================>........] - ETA: 1s - loss: 0.0164 - accuracy: 0.8816 - jacard_coef: 0.588016/20 [=======================>......] - ETA: 1s - loss: 0.0164 - accuracy: 0.8829 - jacard_coef: 0.591017/20 [========================>.....] - ETA: 0s - loss: 0.0165 - accuracy: 0.8850 - jacard_coef: 0.565518/20 [==========================>...] - ETA: 0s - loss: 0.0165 - accuracy: 0.8823 - jacard_coef: 0.568119/20 [===========================>..] - ETA: 0s - loss: 0.0161 - accuracy: 0.8849 - jacard_coef: 0.576620/20 [==============================] - ETA: 0s - loss: 0.0161 - accuracy: 0.8859 - jacard_coef: 0.573320/20 [==============================] - 6s 289ms/step - loss: 0.0161 - accuracy: 0.8859 - jacard_coef: 0.5733 - val_loss: 0.0289 - val_accuracy: 0.8585 - val_jacard_coef: 0.1102
Epoch 19/200
 1/20 [>.............................] - ETA: 5s - loss: 0.0138 - accuracy: 0.9128 - jacard_coef: 0.6854 2/20 [==>...........................] - ETA: 4s - loss: 0.0120 - accuracy: 0.9223 - jacard_coef: 0.7161 3/20 [===>..........................] - ETA: 4s - loss: 0.0213 - accuracy: 0.8324 - jacard_coef: 0.6003 4/20 [=====>........................] - ETA: 4s - loss: 0.0207 - accuracy: 0.8286 - jacard_coef: 0.5997 5/20 [======>.......................] - ETA: 4s - loss: 0.0185 - accuracy: 0.8498 - jacard_coef: 0.6310 6/20 [========>.....................] - ETA: 3s - loss: 0.0175 - accuracy: 0.8670 - jacard_coef: 0.6114 7/20 [=========>....................] - ETA: 3s - loss: 0.0164 - accuracy: 0.8825 - jacard_coef: 0.6100 8/20 [===========>..................] - ETA: 3s - loss: 0.0161 - accuracy: 0.8851 - jacard_coef: 0.6138 9/20 [============>.................] - ETA: 3s - loss: 0.0153 - accuracy: 0.8952 - jacard_coef: 0.616510/20 [==============>...............] - ETA: 2s - loss: 0.0147 - accuracy: 0.9044 - jacard_coef: 0.629511/20 [===============>..............] - ETA: 2s - loss: 0.0146 - accuracy: 0.9038 - jacard_coef: 0.623812/20 [=================>............] - ETA: 2s - loss: 0.0149 - accuracy: 0.8971 - jacard_coef: 0.619413/20 [==================>...........] - ETA: 1s - loss: 0.0146 - accuracy: 0.8994 - jacard_coef: 0.628414/20 [====================>.........] - ETA: 1s - loss: 0.0146 - accuracy: 0.8964 - jacard_coef: 0.632715/20 [=====================>........] - ETA: 1s - loss: 0.0150 - accuracy: 0.8906 - jacard_coef: 0.629116/20 [=======================>......] - ETA: 1s - loss: 0.0150 - accuracy: 0.8915 - jacard_coef: 0.630517/20 [========================>.....] - ETA: 0s - loss: 0.0151 - accuracy: 0.8935 - jacard_coef: 0.603418/20 [==========================>...] - ETA: 0s - loss: 0.0152 - accuracy: 0.8911 - jacard_coef: 0.606519/20 [===========================>..] - ETA: 0s - loss: 0.0149 - accuracy: 0.8933 - jacard_coef: 0.613820/20 [==============================] - ETA: 0s - loss: 0.0148 - accuracy: 0.8941 - jacard_coef: 0.609120/20 [==============================] - 6s 288ms/step - loss: 0.0148 - accuracy: 0.8941 - jacard_coef: 0.6091 - val_loss: 0.0320 - val_accuracy: 0.8441 - val_jacard_coef: 0.0264
Epoch 20/200
 1/20 [>.............................] - ETA: 5s - loss: 0.0133 - accuracy: 0.9161 - jacard_coef: 0.6990 2/20 [==>...........................] - ETA: 4s - loss: 0.0115 - accuracy: 0.9266 - jacard_coef: 0.7369 3/20 [===>..........................] - ETA: 4s - loss: 0.0211 - accuracy: 0.8438 - jacard_coef: 0.6333 4/20 [=====>........................] - ETA: 4s - loss: 0.0204 - accuracy: 0.8397 - jacard_coef: 0.6322 5/20 [======>.......................] - ETA: 4s - loss: 0.0180 - accuracy: 0.8597 - jacard_coef: 0.6632 6/20 [========>.....................] - ETA: 3s - loss: 0.0171 - accuracy: 0.8750 - jacard_coef: 0.6385 7/20 [=========>....................] - ETA: 3s - loss: 0.0160 - accuracy: 0.8894 - jacard_coef: 0.6343 8/20 [===========>..................] - ETA: 3s - loss: 0.0156 - accuracy: 0.8928 - jacard_coef: 0.6414 9/20 [============>.................] - ETA: 3s - loss: 0.0149 - accuracy: 0.9017 - jacard_coef: 0.639210/20 [==============>...............] - ETA: 2s - loss: 0.0143 - accuracy: 0.9104 - jacard_coef: 0.651711/20 [===============>..............] - ETA: 2s - loss: 0.0140 - accuracy: 0.9113 - jacard_coef: 0.653412/20 [=================>............] - ETA: 2s - loss: 0.0142 - accuracy: 0.9059 - jacard_coef: 0.652313/20 [==================>...........] - ETA: 1s - loss: 0.0139 - accuracy: 0.9077 - jacard_coef: 0.660114/20 [====================>.........] - ETA: 1s - loss: 0.0139 - accuracy: 0.9048 - jacard_coef: 0.664315/20 [=====================>........] - ETA: 1s - loss: 0.0143 - accuracy: 0.8990 - jacard_coef: 0.660216/20 [=======================>......] - ETA: 1s - loss: 0.0144 - accuracy: 0.8996 - jacard_coef: 0.660217/20 [========================>.....] - ETA: 0s - loss: 0.0145 - accuracy: 0.9019 - jacard_coef: 0.633118/20 [==========================>...] - ETA: 0s - loss: 0.0145 - accuracy: 0.8993 - jacard_coef: 0.635419/20 [===========================>..] - ETA: 0s - loss: 0.0143 - accuracy: 0.9010 - jacard_coef: 0.640820/20 [==============================] - ETA: 0s - loss: 0.0142 - accuracy: 0.9019 - jacard_coef: 0.636420/20 [==============================] - 6s 288ms/step - loss: 0.0142 - accuracy: 0.9019 - jacard_coef: 0.6364 - val_loss: 0.0213 - val_accuracy: 0.8892 - val_jacard_coef: 0.2610
Epoch 21/200
 1/20 [>.............................] - ETA: 5s - loss: 0.0130 - accuracy: 0.9174 - jacard_coef: 0.7037 2/20 [==>...........................] - ETA: 4s - loss: 0.0113 - accuracy: 0.9272 - jacard_coef: 0.7385 3/20 [===>..........................] - ETA: 4s - loss: 0.0201 - accuracy: 0.8466 - jacard_coef: 0.6396 4/20 [=====>........................] - ETA: 4s - loss: 0.0196 - accuracy: 0.8425 - jacard_coef: 0.6388 5/20 [======>.......................] - ETA: 4s - loss: 0.0174 - accuracy: 0.8617 - jacard_coef: 0.6678 6/20 [========>.....................] - ETA: 3s - loss: 0.0165 - accuracy: 0.8771 - jacard_coef: 0.6426 7/20 [=========>....................] - ETA: 3s - loss: 0.0155 - accuracy: 0.8918 - jacard_coef: 0.6435 8/20 [===========>..................] - ETA: 3s - loss: 0.0151 - accuracy: 0.8950 - jacard_coef: 0.6495 9/20 [============>.................] - ETA: 3s - loss: 0.0144 - accuracy: 0.9042 - jacard_coef: 0.651110/20 [==============>...............] - ETA: 2s - loss: 0.0138 - accuracy: 0.9128 - jacard_coef: 0.664411/20 [===============>..............] - ETA: 2s - loss: 0.0135 - accuracy: 0.9144 - jacard_coef: 0.669512/20 [=================>............] - ETA: 2s - loss: 0.0136 - accuracy: 0.9093 - jacard_coef: 0.669213/20 [==================>...........] - ETA: 1s - loss: 0.0134 - accuracy: 0.9104 - jacard_coef: 0.672814/20 [====================>.........] - ETA: 1s - loss: 0.0134 - accuracy: 0.9078 - jacard_coef: 0.677615/20 [=====================>........] - ETA: 1s - loss: 0.0139 - accuracy: 0.9014 - jacard_coef: 0.671516/20 [=======================>......] - ETA: 1s - loss: 0.0140 - accuracy: 0.9017 - jacard_coef: 0.670717/20 [========================>.....] - ETA: 0s - loss: 0.0141 - accuracy: 0.9042 - jacard_coef: 0.643918/20 [==========================>...] - ETA: 0s - loss: 0.0141 - accuracy: 0.9026 - jacard_coef: 0.649019/20 [===========================>..] - ETA: 0s - loss: 0.0139 - accuracy: 0.9041 - jacard_coef: 0.653620/20 [==============================] - ETA: 0s - loss: 0.0138 - accuracy: 0.9050 - jacard_coef: 0.649320/20 [==============================] - 6s 288ms/step - loss: 0.0138 - accuracy: 0.9050 - jacard_coef: 0.6493 - val_loss: 0.0180 - val_accuracy: 0.8928 - val_jacard_coef: 0.2699
Epoch 22/200
 1/20 [>.............................] - ETA: 5s - loss: 0.0129 - accuracy: 0.9179 - jacard_coef: 0.7055 2/20 [==>...........................] - ETA: 4s - loss: 0.0111 - accuracy: 0.9289 - jacard_coef: 0.7475 3/20 [===>..........................] - ETA: 4s - loss: 0.0196 - accuracy: 0.8486 - jacard_coef: 0.6474 4/20 [=====>........................] - ETA: 4s - loss: 0.0191 - accuracy: 0.8449 - jacard_coef: 0.6475 5/20 [======>.......................] - ETA: 4s - loss: 0.0169 - accuracy: 0.8641 - jacard_coef: 0.6767 6/20 [========>.....................] - ETA: 3s - loss: 0.0162 - accuracy: 0.8788 - jacard_coef: 0.6506 7/20 [=========>....................] - ETA: 3s - loss: 0.0152 - accuracy: 0.8931 - jacard_coef: 0.6487 8/20 [===========>..................] - ETA: 3s - loss: 0.0148 - accuracy: 0.8965 - jacard_coef: 0.6566 9/20 [============>.................] - ETA: 3s - loss: 0.0142 - accuracy: 0.9050 - jacard_coef: 0.652210/20 [==============>...............] - ETA: 2s - loss: 0.0136 - accuracy: 0.9134 - jacard_coef: 0.664211/20 [===============>..............] - ETA: 2s - loss: 0.0133 - accuracy: 0.9149 - jacard_coef: 0.668912/20 [=================>............] - ETA: 2s - loss: 0.0135 - accuracy: 0.9097 - jacard_coef: 0.668413/20 [==================>...........] - ETA: 1s - loss: 0.0132 - accuracy: 0.9109 - jacard_coef: 0.673214/20 [====================>.........] - ETA: 1s - loss: 0.0132 - accuracy: 0.9084 - jacard_coef: 0.678415/20 [=====================>........] - ETA: 1s - loss: 0.0137 - accuracy: 0.9025 - jacard_coef: 0.673816/20 [=======================>......] - ETA: 1s - loss: 0.0138 - accuracy: 0.9027 - jacard_coef: 0.672517/20 [========================>.....] - ETA: 0s - loss: 0.0139 - accuracy: 0.9056 - jacard_coef: 0.647318/20 [==========================>...] - ETA: 0s - loss: 0.0140 - accuracy: 0.9027 - jacard_coef: 0.648519/20 [===========================>..] - ETA: 0s - loss: 0.0137 - accuracy: 0.9045 - jacard_coef: 0.654120/20 [==============================] - ETA: 0s - loss: 0.0136 - accuracy: 0.9053 - jacard_coef: 0.649620/20 [==============================] - 6s 288ms/step - loss: 0.0136 - accuracy: 0.9053 - jacard_coef: 0.6496 - val_loss: 0.0250 - val_accuracy: 0.8744 - val_jacard_coef: 0.2118
Epoch 23/200
 1/20 [>.............................] - ETA: 5s - loss: 0.0125 - accuracy: 0.9187 - jacard_coef: 0.7108 2/20 [==>...........................] - ETA: 4s - loss: 0.0108 - accuracy: 0.9293 - jacard_coef: 0.7499 3/20 [===>..........................] - ETA: 4s - loss: 0.0188 - accuracy: 0.8502 - jacard_coef: 0.6518 4/20 [=====>........................] - ETA: 4s - loss: 0.0185 - accuracy: 0.8457 - jacard_coef: 0.6499 5/20 [======>.......................] - ETA: 4s - loss: 0.0166 - accuracy: 0.8627 - jacard_coef: 0.6687 6/20 [========>.....................] - ETA: 3s - loss: 0.0161 - accuracy: 0.8746 - jacard_coef: 0.6297 7/20 [=========>....................] - ETA: 3s - loss: 0.0151 - accuracy: 0.8894 - jacard_coef: 0.6300 8/20 [===========>..................] - ETA: 3s - loss: 0.0148 - accuracy: 0.8932 - jacard_coef: 0.6404 9/20 [============>.................] - ETA: 3s - loss: 0.0142 - accuracy: 0.9024 - jacard_coef: 0.640010/20 [==============>...............] - ETA: 2s - loss: 0.0136 - accuracy: 0.9111 - jacard_coef: 0.655111/20 [===============>..............] - ETA: 2s - loss: 0.0133 - accuracy: 0.9131 - jacard_coef: 0.662612/20 [=================>............] - ETA: 2s - loss: 0.0137 - accuracy: 0.9063 - jacard_coef: 0.657213/20 [==================>...........] - ETA: 1s - loss: 0.0134 - accuracy: 0.9074 - jacard_coef: 0.660114/20 [====================>.........] - ETA: 1s - loss: 0.0135 - accuracy: 0.9042 - jacard_coef: 0.663415/20 [=====================>........] - ETA: 1s - loss: 0.0140 - accuracy: 0.8986 - jacard_coef: 0.660016/20 [=======================>......] - ETA: 1s - loss: 0.0141 - accuracy: 0.8989 - jacard_coef: 0.658617/20 [========================>.....] - ETA: 0s - loss: 0.0142 - accuracy: 0.9014 - jacard_coef: 0.632118/20 [==========================>...] - ETA: 0s - loss: 0.0141 - accuracy: 0.8997 - jacard_coef: 0.637519/20 [===========================>..] - ETA: 0s - loss: 0.0139 - accuracy: 0.9014 - jacard_coef: 0.642320/20 [==============================] - ETA: 0s - loss: 0.0138 - accuracy: 0.9022 - jacard_coef: 0.637120/20 [==============================] - 6s 288ms/step - loss: 0.0138 - accuracy: 0.9022 - jacard_coef: 0.6371 - val_loss: 0.0171 - val_accuracy: 0.8796 - val_jacard_coef: 0.2835
Epoch 24/200
 1/20 [>.............................] - ETA: 5s - loss: 0.0137 - accuracy: 0.9157 - jacard_coef: 0.6935 2/20 [==>...........................] - ETA: 4s - loss: 0.0115 - accuracy: 0.9263 - jacard_coef: 0.7334 3/20 [===>..........................] - ETA: 4s - loss: 0.0206 - accuracy: 0.8422 - jacard_coef: 0.6279 4/20 [=====>........................] - ETA: 4s - loss: 0.0200 - accuracy: 0.8405 - jacard_coef: 0.6344 5/20 [======>.......................] - ETA: 4s - loss: 0.0192 - accuracy: 0.8423 - jacard_coef: 0.6040 6/20 [========>.....................] - ETA: 3s - loss: 0.0179 - accuracy: 0.8608 - jacard_coef: 0.5900 7/20 [=========>....................] - ETA: 3s - loss: 0.0166 - accuracy: 0.8779 - jacard_coef: 0.5986 8/20 [===========>..................] - ETA: 3s - loss: 0.0162 - accuracy: 0.8806 - jacard_coef: 0.6003 9/20 [============>.................] - ETA: 3s - loss: 0.0154 - accuracy: 0.8913 - jacard_coef: 0.605910/20 [==============>...............] - ETA: 2s - loss: 0.0147 - accuracy: 0.9010 - jacard_coef: 0.621111/20 [===============>..............] - ETA: 2s - loss: 0.0143 - accuracy: 0.9039 - jacard_coef: 0.630612/20 [=================>............] - ETA: 2s - loss: 0.0146 - accuracy: 0.8980 - jacard_coef: 0.628413/20 [==================>...........] - ETA: 1s - loss: 0.0142 - accuracy: 0.8999 - jacard_coef: 0.635114/20 [====================>.........] - ETA: 1s - loss: 0.0143 - accuracy: 0.8961 - jacard_coef: 0.636415/20 [=====================>........] - ETA: 1s - loss: 0.0147 - accuracy: 0.8905 - jacard_coef: 0.633316/20 [=======================>......] - ETA: 1s - loss: 0.0148 - accuracy: 0.8913 - jacard_coef: 0.634117/20 [========================>.....] - ETA: 0s - loss: 0.0149 - accuracy: 0.8940 - jacard_coef: 0.608518/20 [==========================>...] - ETA: 0s - loss: 0.0148 - accuracy: 0.8920 - jacard_coef: 0.612419/20 [===========================>..] - ETA: 0s - loss: 0.0145 - accuracy: 0.8938 - jacard_coef: 0.617520/20 [==============================] - ETA: 0s - loss: 0.0145 - accuracy: 0.8945 - jacard_coef: 0.611020/20 [==============================] - 6s 288ms/step - loss: 0.0145 - accuracy: 0.8945 - jacard_coef: 0.6110 - val_loss: 0.0144 - val_accuracy: 0.9065 - val_jacard_coef: 0.3685
Epoch 25/200
 1/20 [>.............................] - ETA: 5s - loss: 0.0126 - accuracy: 0.9168 - jacard_coef: 0.7025 2/20 [==>...........................] - ETA: 4s - loss: 0.0111 - accuracy: 0.9256 - jacard_coef: 0.7318 3/20 [===>..........................] - ETA: 4s - loss: 0.0191 - accuracy: 0.8370 - jacard_coef: 0.6149 4/20 [=====>........................] - ETA: 4s - loss: 0.0191 - accuracy: 0.8324 - jacard_coef: 0.6120 5/20 [======>.......................] - ETA: 4s - loss: 0.0174 - accuracy: 0.8494 - jacard_coef: 0.6260 6/20 [========>.....................] - ETA: 3s - loss: 0.0167 - accuracy: 0.8629 - jacard_coef: 0.5892 7/20 [=========>....................] - ETA: 3s - loss: 0.0155 - accuracy: 0.8799 - jacard_coef: 0.6009 8/20 [===========>..................] - ETA: 3s - loss: 0.0151 - accuracy: 0.8839 - jacard_coef: 0.6088 9/20 [============>.................] - ETA: 3s - loss: 0.0144 - accuracy: 0.8949 - jacard_coef: 0.620510/20 [==============>...............] - ETA: 2s - loss: 0.0137 - accuracy: 0.9045 - jacard_coef: 0.637611/20 [===============>..............] - ETA: 2s - loss: 0.0132 - accuracy: 0.9083 - jacard_coef: 0.653012/20 [=================>............] - ETA: 2s - loss: 0.0136 - accuracy: 0.9022 - jacard_coef: 0.649113/20 [==================>...........] - ETA: 1s - loss: 0.0133 - accuracy: 0.9036 - jacard_coef: 0.653314/20 [====================>.........] - ETA: 1s - loss: 0.0134 - accuracy: 0.9007 - jacard_coef: 0.657315/20 [=====================>........] - ETA: 1s - loss: 0.0139 - accuracy: 0.8953 - jacard_coef: 0.653916/20 [=======================>......] - ETA: 1s - loss: 0.0140 - accuracy: 0.8961 - jacard_coef: 0.654517/20 [========================>.....] - ETA: 0s - loss: 0.0142 - accuracy: 0.8968 - jacard_coef: 0.624418/20 [==========================>...] - ETA: 0s - loss: 0.0142 - accuracy: 0.8957 - jacard_coef: 0.631119/20 [===========================>..] - ETA: 0s - loss: 0.0139 - accuracy: 0.8976 - jacard_coef: 0.636920/20 [==============================] - ETA: 0s - loss: 0.0138 - accuracy: 0.8987 - jacard_coef: 0.633720/20 [==============================] - 6s 288ms/step - loss: 0.0138 - accuracy: 0.8987 - jacard_coef: 0.6337 - val_loss: 0.0165 - val_accuracy: 0.9021 - val_jacard_coef: 0.4004
Epoch 26/200
 1/20 [>.............................] - ETA: 5s - loss: 0.0122 - accuracy: 0.9205 - jacard_coef: 0.7200 2/20 [==>...........................] - ETA: 4s - loss: 0.0107 - accuracy: 0.9311 - jacard_coef: 0.7587 3/20 [===>..........................] - ETA: 4s - loss: 0.0195 - accuracy: 0.8490 - jacard_coef: 0.6529 4/20 [=====>........................] - ETA: 4s - loss: 0.0191 - accuracy: 0.8453 - jacard_coef: 0.6521 5/20 [======>.......................] - ETA: 4s - loss: 0.0168 - accuracy: 0.8639 - jacard_coef: 0.6768 6/20 [========>.....................] - ETA: 3s - loss: 0.0158 - accuracy: 0.8787 - jacard_coef: 0.6529 7/20 [=========>....................] - ETA: 3s - loss: 0.0148 - accuracy: 0.8930 - jacard_coef: 0.6502 8/20 [===========>..................] - ETA: 3s - loss: 0.0144 - accuracy: 0.8967 - jacard_coef: 0.6596 9/20 [============>.................] - ETA: 3s - loss: 0.0138 - accuracy: 0.9051 - jacard_coef: 0.653710/20 [==============>...............] - ETA: 2s - loss: 0.0131 - accuracy: 0.9135 - jacard_coef: 0.666511/20 [===============>..............] - ETA: 2s - loss: 0.0133 - accuracy: 0.9106 - jacard_coef: 0.655012/20 [=================>............] - ETA: 2s - loss: 0.0133 - accuracy: 0.9068 - jacard_coef: 0.659013/20 [==================>...........] - ETA: 1s - loss: 0.0130 - accuracy: 0.9086 - jacard_coef: 0.665814/20 [====================>.........] - ETA: 1s - loss: 0.0130 - accuracy: 0.9060 - jacard_coef: 0.671315/20 [=====================>........] - ETA: 1s - loss: 0.0134 - accuracy: 0.9003 - jacard_coef: 0.667016/20 [=======================>......] - ETA: 1s - loss: 0.0136 - accuracy: 0.9004 - jacard_coef: 0.665417/20 [========================>.....] - ETA: 0s - loss: 0.0136 - accuracy: 0.9035 - jacard_coef: 0.640518/20 [==========================>...] - ETA: 0s - loss: 0.0143 - accuracy: 0.8975 - jacard_coef: 0.631619/20 [===========================>..] - ETA: 0s - loss: 0.0140 - accuracy: 0.8996 - jacard_coef: 0.639020/20 [==============================] - ETA: 0s - loss: 0.0139 - accuracy: 0.9005 - jacard_coef: 0.633220/20 [==============================] - 6s 288ms/step - loss: 0.0139 - accuracy: 0.9005 - jacard_coef: 0.6332 - val_loss: 0.0240 - val_accuracy: 0.8725 - val_jacard_coef: 0.4106
Epoch 27/200
 1/20 [>.............................] - ETA: 5s - loss: 0.0126 - accuracy: 0.9104 - jacard_coef: 0.6717 2/20 [==>...........................] - ETA: 4s - loss: 0.0107 - accuracy: 0.9259 - jacard_coef: 0.7343 3/20 [===>..........................] - ETA: 4s - loss: 0.0218 - accuracy: 0.8478 - jacard_coef: 0.6434 4/20 [=====>........................] - ETA: 4s - loss: 0.0205 - accuracy: 0.8443 - jacard_coef: 0.6443 5/20 [======>.......................] - ETA: 4s - loss: 0.0196 - accuracy: 0.8460 - jacard_coef: 0.6137 6/20 [========>.....................] - ETA: 3s - loss: 0.0191 - accuracy: 0.8513 - jacard_coef: 0.5581 7/20 [=========>....................] - ETA: 3s - loss: 0.0180 - accuracy: 0.8699 - jacard_coef: 0.5703 8/20 [===========>..................] - ETA: 3s - loss: 0.0177 - accuracy: 0.8747 - jacard_coef: 0.5785 9/20 [============>.................] - ETA: 3s - loss: 0.0173 - accuracy: 0.8825 - jacard_coef: 0.555910/20 [==============>...............] - ETA: 2s - loss: 0.0165 - accuracy: 0.8930 - jacard_coef: 0.573011/20 [===============>..............] - ETA: 2s - loss: 0.0163 - accuracy: 0.8936 - jacard_coef: 0.574212/20 [=================>............] - ETA: 2s - loss: 0.0166 - accuracy: 0.8865 - jacard_coef: 0.570713/20 [==================>...........] - ETA: 1s - loss: 0.0164 - accuracy: 0.8858 - jacard_coef: 0.562814/20 [====================>.........] - ETA: 1s - loss: 0.0165 - accuracy: 0.8810 - jacard_coef: 0.563115/20 [=====================>........] - ETA: 1s - loss: 0.0173 - accuracy: 0.8710 - jacard_coef: 0.549316/20 [=======================>......] - ETA: 1s - loss: 0.0176 - accuracy: 0.8702 - jacard_coef: 0.541817/20 [========================>.....] - ETA: 0s - loss: 0.0174 - accuracy: 0.8749 - jacard_coef: 0.524018/20 [==========================>...] - ETA: 0s - loss: 0.0176 - accuracy: 0.8706 - jacard_coef: 0.521819/20 [===========================>..] - ETA: 0s - loss: 0.0172 - accuracy: 0.8736 - jacard_coef: 0.531520/20 [==============================] - ETA: 0s - loss: 0.0171 - accuracy: 0.8748 - jacard_coef: 0.528120/20 [==============================] - 6s 288ms/step - loss: 0.0171 - accuracy: 0.8748 - jacard_coef: 0.5281 - val_loss: 0.0477 - val_accuracy: 0.8174 - val_jacard_coef: 0.1682
Epoch 28/200
 1/20 [>.............................] - ETA: 5s - loss: 0.0150 - accuracy: 0.9007 - jacard_coef: 0.6288 2/20 [==>...........................] - ETA: 4s - loss: 0.0126 - accuracy: 0.9143 - jacard_coef: 0.6796 3/20 [===>..........................] - ETA: 4s - loss: 0.0202 - accuracy: 0.8345 - jacard_coef: 0.5924 4/20 [=====>........................] - ETA: 4s - loss: 0.0198 - accuracy: 0.8301 - jacard_coef: 0.5936 5/20 [======>.......................] - ETA: 4s - loss: 0.0188 - accuracy: 0.8338 - jacard_coef: 0.5692 6/20 [========>.....................] - ETA: 3s - loss: 0.0180 - accuracy: 0.8502 - jacard_coef: 0.5485 7/20 [=========>....................] - ETA: 3s - loss: 0.0171 - accuracy: 0.8667 - jacard_coef: 0.5438 8/20 [===========>..................] - ETA: 3s - loss: 0.0165 - accuracy: 0.8730 - jacard_coef: 0.5643 9/20 [============>.................] - ETA: 3s - loss: 0.0160 - accuracy: 0.8827 - jacard_coef: 0.559510/20 [==============>...............] - ETA: 2s - loss: 0.0152 - accuracy: 0.8921 - jacard_coef: 0.567411/20 [===============>..............] - ETA: 2s - loss: 0.0151 - accuracy: 0.8909 - jacard_coef: 0.562212/20 [=================>............] - ETA: 2s - loss: 0.0153 - accuracy: 0.8849 - jacard_coef: 0.561813/20 [==================>...........] - ETA: 1s - loss: 0.0149 - accuracy: 0.8881 - jacard_coef: 0.575214/20 [====================>.........] - ETA: 1s - loss: 0.0149 - accuracy: 0.8842 - jacard_coef: 0.577715/20 [=====================>........] - ETA: 1s - loss: 0.0153 - accuracy: 0.8775 - jacard_coef: 0.572816/20 [=======================>......] - ETA: 1s - loss: 0.0154 - accuracy: 0.8784 - jacard_coef: 0.574117/20 [========================>.....] - ETA: 0s - loss: 0.0154 - accuracy: 0.8822 - jacard_coef: 0.553018/20 [==========================>...] - ETA: 0s - loss: 0.0154 - accuracy: 0.8794 - jacard_coef: 0.555519/20 [===========================>..] - ETA: 0s - loss: 0.0150 - accuracy: 0.8824 - jacard_coef: 0.566320/20 [==============================] - ETA: 0s - loss: 0.0149 - accuracy: 0.8838 - jacard_coef: 0.564520/20 [==============================] - 6s 288ms/step - loss: 0.0149 - accuracy: 0.8838 - jacard_coef: 0.5645 - val_loss: 0.0577 - val_accuracy: 0.7842 - val_jacard_coef: 0.3173
Epoch 29/200
 1/20 [>.............................] - ETA: 5s - loss: 0.0139 - accuracy: 0.9068 - jacard_coef: 0.6571 2/20 [==>...........................] - ETA: 4s - loss: 0.0119 - accuracy: 0.9161 - jacard_coef: 0.6866 3/20 [===>..........................] - ETA: 4s - loss: 0.0196 - accuracy: 0.8300 - jacard_coef: 0.5842 4/20 [=====>........................] - ETA: 4s - loss: 0.0190 - accuracy: 0.8293 - jacard_coef: 0.5952 5/20 [======>.......................] - ETA: 4s - loss: 0.0170 - accuracy: 0.8503 - jacard_coef: 0.6271 6/20 [========>.....................] - ETA: 3s - loss: 0.0162 - accuracy: 0.8660 - jacard_coef: 0.6039 7/20 [=========>....................] - ETA: 3s - loss: 0.0152 - accuracy: 0.8814 - jacard_coef: 0.6005 8/20 [===========>..................] - ETA: 3s - loss: 0.0149 - accuracy: 0.8845 - jacard_coef: 0.6075 9/20 [============>.................] - ETA: 3s - loss: 0.0144 - accuracy: 0.8928 - jacard_coef: 0.596410/20 [==============>...............] - ETA: 2s - loss: 0.0137 - accuracy: 0.9023 - jacard_coef: 0.612311/20 [===============>..............] - ETA: 2s - loss: 0.0139 - accuracy: 0.9006 - jacard_coef: 0.604112/20 [=================>............] - ETA: 2s - loss: 0.0141 - accuracy: 0.8963 - jacard_coef: 0.608113/20 [==================>...........] - ETA: 1s - loss: 0.0137 - accuracy: 0.8989 - jacard_coef: 0.619314/20 [====================>.........] - ETA: 1s - loss: 0.0137 - accuracy: 0.8966 - jacard_coef: 0.626115/20 [=====================>........] - ETA: 1s - loss: 0.0142 - accuracy: 0.8903 - jacard_coef: 0.621616/20 [=======================>......] - ETA: 1s - loss: 0.0143 - accuracy: 0.8908 - jacard_coef: 0.621417/20 [========================>.....] - ETA: 0s - loss: 0.0142 - accuracy: 0.8951 - jacard_coef: 0.602318/20 [==========================>...] - ETA: 0s - loss: 0.0146 - accuracy: 0.8895 - jacard_coef: 0.595019/20 [===========================>..] - ETA: 0s - loss: 0.0143 - accuracy: 0.8922 - jacard_coef: 0.605020/20 [==============================] - ETA: 0s - loss: 0.0143 - accuracy: 0.8927 - jacard_coef: 0.598120/20 [==============================] - 6s 288ms/step - loss: 0.0143 - accuracy: 0.8927 - jacard_coef: 0.5981 - val_loss: 0.0588 - val_accuracy: 0.8487 - val_jacard_coef: 0.1820
Epoch 30/200
 1/20 [>.............................] - ETA: 5s - loss: 0.0132 - accuracy: 0.9093 - jacard_coef: 0.6682 2/20 [==>...........................] - ETA: 4s - loss: 0.0111 - accuracy: 0.9221 - jacard_coef: 0.7159 3/20 [===>..........................] - ETA: 4s - loss: 0.0199 - accuracy: 0.8384 - jacard_coef: 0.6128 4/20 [=====>........................] - ETA: 4s - loss: 0.0203 - accuracy: 0.8292 - jacard_coef: 0.5985 5/20 [======>.......................] - ETA: 4s - loss: 0.0180 - accuracy: 0.8504 - jacard_coef: 0.6311 6/20 [========>.....................] - ETA: 3s - loss: 0.0172 - accuracy: 0.8627 - jacard_coef: 0.5941 7/20 [=========>....................] - ETA: 3s - loss: 0.0160 - accuracy: 0.8796 - jacard_coef: 0.6035 8/20 [===========>..................] - ETA: 3s - loss: 0.0156 - accuracy: 0.8837 - jacard_coef: 0.6125 9/20 [============>.................] - ETA: 3s - loss: 0.0149 - accuracy: 0.8936 - jacard_coef: 0.612610/20 [==============>...............] - ETA: 2s - loss: 0.0143 - accuracy: 0.9032 - jacard_coef: 0.629511/20 [===============>..............] - ETA: 2s - loss: 0.0145 - accuracy: 0.8997 - jacard_coef: 0.612812/20 [=================>............] - ETA: 2s - loss: 0.0148 - accuracy: 0.8939 - jacard_coef: 0.610813/20 [==================>...........] - ETA: 1s - loss: 0.0143 - accuracy: 0.8968 - jacard_coef: 0.622014/20 [====================>.........] - ETA: 1s - loss: 0.0143 - accuracy: 0.8936 - jacard_coef: 0.625715/20 [=====================>........] - ETA: 1s - loss: 0.0147 - accuracy: 0.8883 - jacard_coef: 0.623016/20 [=======================>......] - ETA: 1s - loss: 0.0147 - accuracy: 0.8887 - jacard_coef: 0.622517/20 [========================>.....] - ETA: 0s - loss: 0.0148 - accuracy: 0.8917 - jacard_coef: 0.598018/20 [==========================>...] - ETA: 0s - loss: 0.0147 - accuracy: 0.8898 - jacard_coef: 0.602619/20 [===========================>..] - ETA: 0s - loss: 0.0143 - accuracy: 0.8921 - jacard_coef: 0.610320/20 [==============================] - ETA: 0s - loss: 0.0143 - accuracy: 0.8930 - jacard_coef: 0.604020/20 [==============================] - 6s 288ms/step - loss: 0.0143 - accuracy: 0.8930 - jacard_coef: 0.6040 - val_loss: 0.1551 - val_accuracy: 0.5242 - val_jacard_coef: 0.1636
Epoch 31/200
 1/20 [>.............................] - ETA: 5s - loss: 0.0153 - accuracy: 0.9075 - jacard_coef: 0.6546 2/20 [==>...........................] - ETA: 4s - loss: 0.0126 - accuracy: 0.9134 - jacard_coef: 0.6659 3/20 [===>..........................] - ETA: 4s - loss: 0.0237 - accuracy: 0.8154 - jacard_coef: 0.5418 4/20 [=====>........................] - ETA: 4s - loss: 0.0222 - accuracy: 0.8173 - jacard_coef: 0.5599 5/20 [======>.......................] - ETA: 4s - loss: 0.0201 - accuracy: 0.8318 - jacard_coef: 0.5646 6/20 [========>.....................] - ETA: 3s - loss: 0.0184 - accuracy: 0.8530 - jacard_coef: 0.5622 7/20 [=========>....................] - ETA: 3s - loss: 0.0169 - accuracy: 0.8715 - jacard_coef: 0.5793 8/20 [===========>..................] - ETA: 3s - loss: 0.0163 - accuracy: 0.8778 - jacard_coef: 0.5959 9/20 [============>.................] - ETA: 3s - loss: 0.0156 - accuracy: 0.8858 - jacard_coef: 0.580310/20 [==============>...............] - ETA: 2s - loss: 0.0147 - accuracy: 0.8963 - jacard_coef: 0.601611/20 [===============>..............] - ETA: 2s - loss: 0.0147 - accuracy: 0.8964 - jacard_coef: 0.598312/20 [=================>............] - ETA: 2s - loss: 0.0148 - accuracy: 0.8927 - jacard_coef: 0.603513/20 [==================>...........] - ETA: 1s - loss: 0.0145 - accuracy: 0.8935 - jacard_coef: 0.603814/20 [====================>.........] - ETA: 1s - loss: 0.0144 - accuracy: 0.8912 - jacard_coef: 0.610515/20 [=====================>........] - ETA: 1s - loss: 0.0150 - accuracy: 0.8838 - jacard_coef: 0.603016/20 [=======================>......] - ETA: 1s - loss: 0.0152 - accuracy: 0.8841 - jacard_coef: 0.600717/20 [========================>.....] - ETA: 0s - loss: 0.0151 - accuracy: 0.8888 - jacard_coef: 0.582718/20 [==========================>...] - ETA: 0s - loss: 0.0152 - accuracy: 0.8848 - jacard_coef: 0.581419/20 [===========================>..] - ETA: 0s - loss: 0.0149 - accuracy: 0.8878 - jacard_coef: 0.592320/20 [==============================] - ETA: 0s - loss: 0.0148 - accuracy: 0.8889 - jacard_coef: 0.588720/20 [==============================] - 6s 288ms/step - loss: 0.0148 - accuracy: 0.8889 - jacard_coef: 0.5887 - val_loss: 0.0397 - val_accuracy: 0.6881 - val_jacard_coef: 0.1909
Epoch 32/200
 1/20 [>.............................] - ETA: 5s - loss: 0.0176 - accuracy: 0.8842 - jacard_coef: 0.5695 2/20 [==>...........................] - ETA: 4s - loss: 0.0141 - accuracy: 0.9046 - jacard_coef: 0.6404 3/20 [===>..........................] - ETA: 4s - loss: 0.0228 - accuracy: 0.8168 - jacard_coef: 0.5408 4/20 [=====>........................] - ETA: 4s - loss: 0.0214 - accuracy: 0.8186 - jacard_coef: 0.5605 5/20 [======>.......................] - ETA: 4s - loss: 0.0188 - accuracy: 0.8422 - jacard_coef: 0.6016 6/20 [========>.....................] - ETA: 3s - loss: 0.0177 - accuracy: 0.8585 - jacard_coef: 0.5807 7/20 [=========>....................] - ETA: 3s - loss: 0.0164 - accuracy: 0.8754 - jacard_coef: 0.5866 8/20 [===========>..................] - ETA: 3s - loss: 0.0159 - accuracy: 0.8800 - jacard_coef: 0.5979 9/20 [============>.................] - ETA: 3s - loss: 0.0154 - accuracy: 0.8880 - jacard_coef: 0.583710/20 [==============>...............] - ETA: 2s - loss: 0.0147 - accuracy: 0.8980 - jacard_coef: 0.601711/20 [===============>..............] - ETA: 2s - loss: 0.0153 - accuracy: 0.8941 - jacard_coef: 0.582612/20 [=================>............] - ETA: 2s - loss: 0.0157 - accuracy: 0.8875 - jacard_coef: 0.579713/20 [==================>...........] - ETA: 1s - loss: 0.0152 - accuracy: 0.8907 - jacard_coef: 0.592114/20 [====================>.........] - ETA: 1s - loss: 0.0150 - accuracy: 0.8881 - jacard_coef: 0.598215/20 [=====================>........] - ETA: 1s - loss: 0.0153 - accuracy: 0.8826 - jacard_coef: 0.595716/20 [=======================>......] - ETA: 1s - loss: 0.0153 - accuracy: 0.8838 - jacard_coef: 0.598117/20 [========================>.....] - ETA: 0s - loss: 0.0152 - accuracy: 0.8881 - jacard_coef: 0.578518/20 [==========================>...] - ETA: 0s - loss: 0.0151 - accuracy: 0.8865 - jacard_coef: 0.584519/20 [===========================>..] - ETA: 0s - loss: 0.0148 - accuracy: 0.8894 - jacard_coef: 0.595220/20 [==============================] - ETA: 0s - loss: 0.0147 - accuracy: 0.8907 - jacard_coef: 0.592720/20 [==============================] - 6s 288ms/step - loss: 0.0147 - accuracy: 0.8907 - jacard_coef: 0.5927 - val_loss: 0.3551 - val_accuracy: 0.5478 - val_jacard_coef: 0.2110
Epoch 33/200
 1/20 [>.............................] - ETA: 5s - loss: 0.0138 - accuracy: 0.9068 - jacard_coef: 0.6535 2/20 [==>...........................] - ETA: 4s - loss: 0.0119 - accuracy: 0.9157 - jacard_coef: 0.6800 3/20 [===>..........................] - ETA: 4s - loss: 0.0209 - accuracy: 0.8251 - jacard_coef: 0.5691 4/20 [=====>........................] - ETA: 4s - loss: 0.0202 - accuracy: 0.8218 - jacard_coef: 0.5721 5/20 [======>.......................] - ETA: 4s - loss: 0.0176 - accuracy: 0.8460 - jacard_coef: 0.6186 6/20 [========>.....................] - ETA: 3s - loss: 0.0162 - accuracy: 0.8662 - jacard_coef: 0.6166 7/20 [=========>....................] - ETA: 3s - loss: 0.0150 - accuracy: 0.8828 - jacard_coef: 0.6246 8/20 [===========>..................] - ETA: 3s - loss: 0.0148 - accuracy: 0.8840 - jacard_coef: 0.6199 9/20 [============>.................] - ETA: 3s - loss: 0.0140 - accuracy: 0.8945 - jacard_coef: 0.625210/20 [==============>...............] - ETA: 2s - loss: 0.0132 - accuracy: 0.9040 - jacard_coef: 0.640211/20 [===============>..............] - ETA: 2s - loss: 0.0130 - accuracy: 0.9061 - jacard_coef: 0.645312/20 [=================>............] - ETA: 2s - loss: 0.0131 - accuracy: 0.9023 - jacard_coef: 0.648713/20 [==================>...........] - ETA: 1s - loss: 0.0127 - accuracy: 0.9045 - jacard_coef: 0.657314/20 [====================>.........] - ETA: 1s - loss: 0.0127 - accuracy: 0.9025 - jacard_coef: 0.664015/20 [=====================>........] - ETA: 1s - loss: 0.0131 - accuracy: 0.8975 - jacard_coef: 0.661816/20 [=======================>......] - ETA: 1s - loss: 0.0132 - accuracy: 0.8981 - jacard_coef: 0.661017/20 [========================>.....] - ETA: 0s - loss: 0.0134 - accuracy: 0.8998 - jacard_coef: 0.632218/20 [==========================>...] - ETA: 0s - loss: 0.0134 - accuracy: 0.8982 - jacard_coef: 0.637519/20 [===========================>..] - ETA: 0s - loss: 0.0131 - accuracy: 0.9003 - jacard_coef: 0.644820/20 [==============================] - ETA: 0s - loss: 0.0130 - accuracy: 0.9012 - jacard_coef: 0.640720/20 [==============================] - 6s 288ms/step - loss: 0.0130 - accuracy: 0.9012 - jacard_coef: 0.6407 - val_loss: 0.0162 - val_accuracy: 0.8919 - val_jacard_coef: 0.4081
Epoch 34/200
 1/20 [>.............................] - ETA: 5s - loss: 0.0118 - accuracy: 0.9180 - jacard_coef: 0.7084 2/20 [==>...........................] - ETA: 4s - loss: 0.0101 - accuracy: 0.9291 - jacard_coef: 0.7488 3/20 [===>..........................] - ETA: 4s - loss: 0.0171 - accuracy: 0.8473 - jacard_coef: 0.6440 4/20 [=====>........................] - ETA: 4s - loss: 0.0170 - accuracy: 0.8436 - jacard_coef: 0.6441 5/20 [======>.......................] - ETA: 4s - loss: 0.0150 - accuracy: 0.8634 - jacard_coef: 0.6761 6/20 [========>.....................] - ETA: 3s - loss: 0.0141 - accuracy: 0.8799 - jacard_coef: 0.6584 7/20 [=========>....................] - ETA: 3s - loss: 0.0132 - accuracy: 0.8948 - jacard_coef: 0.6641 8/20 [===========>..................] - ETA: 3s - loss: 0.0129 - accuracy: 0.8969 - jacard_coef: 0.6650 9/20 [============>.................] - ETA: 3s - loss: 0.0123 - accuracy: 0.9065 - jacard_coef: 0.669710/20 [==============>...............] - ETA: 2s - loss: 0.0117 - accuracy: 0.9148 - jacard_coef: 0.681411/20 [===============>..............] - ETA: 2s - loss: 0.0114 - accuracy: 0.9165 - jacard_coef: 0.686312/20 [=================>............] - ETA: 2s - loss: 0.0115 - accuracy: 0.9124 - jacard_coef: 0.688413/20 [==================>...........] - ETA: 1s - loss: 0.0113 - accuracy: 0.9141 - jacard_coef: 0.695014/20 [====================>.........] - ETA: 1s - loss: 0.0113 - accuracy: 0.9116 - jacard_coef: 0.699615/20 [=====================>........] - ETA: 1s - loss: 0.0117 - accuracy: 0.9065 - jacard_coef: 0.696516/20 [=======================>......] - ETA: 1s - loss: 0.0119 - accuracy: 0.9065 - jacard_coef: 0.694217/20 [========================>.....] - ETA: 0s - loss: 0.0119 - accuracy: 0.9101 - jacard_coef: 0.672318/20 [==========================>...] - ETA: 0s - loss: 0.0120 - accuracy: 0.9082 - jacard_coef: 0.676019/20 [===========================>..] - ETA: 0s - loss: 0.0117 - accuracy: 0.9100 - jacard_coef: 0.682820/20 [==============================] - ETA: 0s - loss: 0.0116 - accuracy: 0.9110 - jacard_coef: 0.679420/20 [==============================] - 6s 288ms/step - loss: 0.0116 - accuracy: 0.9110 - jacard_coef: 0.6794 - val_loss: 0.0225 - val_accuracy: 0.8760 - val_jacard_coef: 0.3366
Epoch 35/200
 1/20 [>.............................] - ETA: 5s - loss: 0.0119 - accuracy: 0.9198 - jacard_coef: 0.7182 2/20 [==>...........................] - ETA: 4s - loss: 0.0100 - accuracy: 0.9316 - jacard_coef: 0.7627 3/20 [===>..........................] - ETA: 4s - loss: 0.0168 - accuracy: 0.8530 - jacard_coef: 0.6626 4/20 [=====>........................] - ETA: 4s - loss: 0.0166 - accuracy: 0.8501 - jacard_coef: 0.6645 5/20 [======>.......................] - ETA: 4s - loss: 0.0146 - accuracy: 0.8694 - jacard_coef: 0.6974 6/20 [========>.....................] - ETA: 3s - loss: 0.0139 - accuracy: 0.8835 - jacard_coef: 0.6718 7/20 [=========>....................] - ETA: 3s - loss: 0.0129 - accuracy: 0.8979 - jacard_coef: 0.6767 8/20 [===========>..................] - ETA: 3s - loss: 0.0126 - accuracy: 0.9013 - jacard_coef: 0.6833 9/20 [============>.................] - ETA: 3s - loss: 0.0120 - accuracy: 0.9097 - jacard_coef: 0.679410/20 [==============>...............] - ETA: 2s - loss: 0.0115 - accuracy: 0.9177 - jacard_coef: 0.690011/20 [===============>..............] - ETA: 2s - loss: 0.0111 - accuracy: 0.9199 - jacard_coef: 0.697912/20 [=================>............] - ETA: 2s - loss: 0.0113 - accuracy: 0.9156 - jacard_coef: 0.699213/20 [==================>...........] - ETA: 1s - loss: 0.0111 - accuracy: 0.9167 - jacard_coef: 0.702914/20 [====================>.........] - ETA: 1s - loss: 0.0111 - accuracy: 0.9142 - jacard_coef: 0.707715/20 [=====================>........] - ETA: 1s - loss: 0.0115 - accuracy: 0.9091 - jacard_coef: 0.704216/20 [=======================>......] - ETA: 1s - loss: 0.0117 - accuracy: 0.9090 - jacard_coef: 0.701517/20 [========================>.....] - ETA: 0s - loss: 0.0118 - accuracy: 0.9126 - jacard_coef: 0.680018/20 [==========================>...] - ETA: 0s - loss: 0.0118 - accuracy: 0.9114 - jacard_coef: 0.686319/20 [===========================>..] - ETA: 0s - loss: 0.0115 - accuracy: 0.9131 - jacard_coef: 0.692420/20 [==============================] - ETA: 0s - loss: 0.0115 - accuracy: 0.9138 - jacard_coef: 0.686920/20 [==============================] - 6s 288ms/step - loss: 0.0115 - accuracy: 0.9138 - jacard_coef: 0.6869 - val_loss: 0.0133 - val_accuracy: 0.8944 - val_jacard_coef: 0.4193
Epoch 36/200
 1/20 [>.............................] - ETA: 5s - loss: 0.0114 - accuracy: 0.9194 - jacard_coef: 0.7144 2/20 [==>...........................] - ETA: 4s - loss: 0.0097 - accuracy: 0.9302 - jacard_coef: 0.7540 3/20 [===>..........................] - ETA: 4s - loss: 0.0145 - accuracy: 0.8614 - jacard_coef: 0.6761 4/20 [=====>........................] - ETA: 4s - loss: 0.0148 - accuracy: 0.8567 - jacard_coef: 0.6756 5/20 [======>.......................] - ETA: 4s - loss: 0.0132 - accuracy: 0.8744 - jacard_coef: 0.7042 6/20 [========>.....................] - ETA: 3s - loss: 0.0125 - accuracy: 0.8897 - jacard_coef: 0.6877 7/20 [=========>....................] - ETA: 3s - loss: 0.0116 - accuracy: 0.9035 - jacard_coef: 0.6928 8/20 [===========>..................] - ETA: 3s - loss: 0.0117 - accuracy: 0.9034 - jacard_coef: 0.6839 9/20 [============>.................] - ETA: 3s - loss: 0.0112 - accuracy: 0.9120 - jacard_coef: 0.684610/20 [==============>...............] - ETA: 2s - loss: 0.0106 - accuracy: 0.9198 - jacard_coef: 0.694311/20 [===============>..............] - ETA: 2s - loss: 0.0117 - accuracy: 0.9045 - jacard_coef: 0.659012/20 [=================>............] - ETA: 2s - loss: 0.0136 - accuracy: 0.8873 - jacard_coef: 0.631313/20 [==================>...........] - ETA: 1s - loss: 0.0132 - accuracy: 0.8909 - jacard_coef: 0.642714/20 [====================>.........] - ETA: 1s - loss: 0.0131 - accuracy: 0.8901 - jacard_coef: 0.651215/20 [=====================>........] - ETA: 1s - loss: 0.0135 - accuracy: 0.8857 - jacard_coef: 0.649616/20 [=======================>......] - ETA: 1s - loss: 0.0137 - accuracy: 0.8850 - jacard_coef: 0.644417/20 [========================>.....] - ETA: 0s - loss: 0.0139 - accuracy: 0.8874 - jacard_coef: 0.616318/20 [==========================>...] - ETA: 0s - loss: 0.0139 - accuracy: 0.8854 - jacard_coef: 0.618719/20 [===========================>..] - ETA: 0s - loss: 0.0139 - accuracy: 0.8867 - jacard_coef: 0.620420/20 [==============================] - ETA: 0s - loss: 0.0138 - accuracy: 0.8879 - jacard_coef: 0.615320/20 [==============================] - 6s 288ms/step - loss: 0.0138 - accuracy: 0.8879 - jacard_coef: 0.6153 - val_loss: 0.0421 - val_accuracy: 0.8514 - val_jacard_coef: 0.0727
Epoch 37/200
 1/20 [>.............................] - ETA: 5s - loss: 0.0167 - accuracy: 0.8836 - jacard_coef: 0.5508 2/20 [==>...........................] - ETA: 4s - loss: 0.0133 - accuracy: 0.9031 - jacard_coef: 0.6231 3/20 [===>..........................] - ETA: 4s - loss: 0.0189 - accuracy: 0.8151 - jacard_coef: 0.5280 4/20 [=====>........................] - ETA: 4s - loss: 0.0203 - accuracy: 0.8048 - jacard_coef: 0.5154 5/20 [======>.......................] - ETA: 4s - loss: 0.0180 - accuracy: 0.8308 - jacard_coef: 0.5639 6/20 [========>.....................] - ETA: 3s - loss: 0.0165 - accuracy: 0.8534 - jacard_coef: 0.5675 7/20 [=========>....................] - ETA: 3s - loss: 0.0154 - accuracy: 0.8710 - jacard_coef: 0.5734 8/20 [===========>..................] - ETA: 3s - loss: 0.0153 - accuracy: 0.8718 - jacard_coef: 0.5702 9/20 [============>.................] - ETA: 3s - loss: 0.0146 - accuracy: 0.8825 - jacard_coef: 0.569810/20 [==============>...............] - ETA: 2s - loss: 0.0138 - accuracy: 0.8927 - jacard_coef: 0.583411/20 [===============>..............] - ETA: 2s - loss: 0.0136 - accuracy: 0.8946 - jacard_coef: 0.587412/20 [=================>............] - ETA: 2s - loss: 0.0139 - accuracy: 0.8898 - jacard_coef: 0.589513/20 [==================>...........] - ETA: 1s - loss: 0.0135 - accuracy: 0.8925 - jacard_coef: 0.599914/20 [====================>.........] - ETA: 1s - loss: 0.0135 - accuracy: 0.8908 - jacard_coef: 0.609015/20 [=====================>........] - ETA: 1s - loss: 0.0138 - accuracy: 0.8866 - jacard_coef: 0.610516/20 [=======================>......] - ETA: 1s - loss: 0.0139 - accuracy: 0.8879 - jacard_coef: 0.613917/20 [========================>.....] - ETA: 0s - loss: 0.0139 - accuracy: 0.8903 - jacard_coef: 0.588218/20 [==========================>...] - ETA: 0s - loss: 0.0140 - accuracy: 0.8873 - jacard_coef: 0.589819/20 [===========================>..] - ETA: 0s - loss: 0.0137 - accuracy: 0.8900 - jacard_coef: 0.599320/20 [==============================] - ETA: 0s - loss: 0.0136 - accuracy: 0.8909 - jacard_coef: 0.592520/20 [==============================] - 6s 288ms/step - loss: 0.0136 - accuracy: 0.8909 - jacard_coef: 0.5925 - val_loss: 0.2217 - val_accuracy: 0.8425 - val_jacard_coef: 0.0044
Epoch 38/200
 1/20 [>.............................] - ETA: 5s - loss: 0.0125 - accuracy: 0.9139 - jacard_coef: 0.6883 2/20 [==>...........................] - ETA: 4s - loss: 0.0105 - accuracy: 0.9249 - jacard_coef: 0.7283 3/20 [===>..........................] - ETA: 4s - loss: 0.0176 - accuracy: 0.8402 - jacard_coef: 0.6214 4/20 [=====>........................] - ETA: 4s - loss: 0.0174 - accuracy: 0.8374 - jacard_coef: 0.6245 5/20 [======>.......................] - ETA: 4s - loss: 0.0154 - accuracy: 0.8571 - jacard_coef: 0.6524 6/20 [========>.....................] - ETA: 3s - loss: 0.0145 - accuracy: 0.8726 - jacard_coef: 0.6281 7/20 [=========>....................] - ETA: 3s - loss: 0.0134 - accuracy: 0.8888 - jacard_coef: 0.6414 8/20 [===========>..................] - ETA: 3s - loss: 0.0133 - accuracy: 0.8923 - jacard_coef: 0.6486 9/20 [============>.................] - ETA: 3s - loss: 0.0126 - accuracy: 0.9014 - jacard_coef: 0.646010/20 [==============>...............] - ETA: 2s - loss: 0.0120 - accuracy: 0.9101 - jacard_coef: 0.655411/20 [===============>..............] - ETA: 2s - loss: 0.0124 - accuracy: 0.9054 - jacard_coef: 0.637312/20 [=================>............] - ETA: 2s - loss: 0.0128 - accuracy: 0.8981 - jacard_coef: 0.632013/20 [==================>...........] - ETA: 1s - loss: 0.0125 - accuracy: 0.8999 - jacard_coef: 0.636814/20 [====================>.........] - ETA: 1s - loss: 0.0125 - accuracy: 0.8980 - jacard_coef: 0.644415/20 [=====================>........] - ETA: 1s - loss: 0.0129 - accuracy: 0.8938 - jacard_coef: 0.644916/20 [=======================>......] - ETA: 1s - loss: 0.0130 - accuracy: 0.8948 - jacard_coef: 0.646417/20 [========================>.....] - ETA: 0s - loss: 0.0129 - accuracy: 0.8987 - jacard_coef: 0.624818/20 [==========================>...] - ETA: 0s - loss: 0.0129 - accuracy: 0.8972 - jacard_coef: 0.630919/20 [===========================>..] - ETA: 0s - loss: 0.0126 - accuracy: 0.8994 - jacard_coef: 0.638220/20 [==============================] - ETA: 0s - loss: 0.0126 - accuracy: 0.9003 - jacard_coef: 0.630820/20 [==============================] - 6s 288ms/step - loss: 0.0126 - accuracy: 0.9003 - jacard_coef: 0.6308 - val_loss: 0.2198 - val_accuracy: 0.8425 - val_jacard_coef: 0.0072
Epoch 39/200
 1/20 [>.............................] - ETA: 5s - loss: 0.0133 - accuracy: 0.9104 - jacard_coef: 0.6679 2/20 [==>...........................] - ETA: 4s - loss: 0.0115 - accuracy: 0.9193 - jacard_coef: 0.6972 3/20 [===>..........................] - ETA: 4s - loss: 0.0179 - accuracy: 0.8274 - jacard_coef: 0.5797 4/20 [=====>........................] - ETA: 4s - loss: 0.0174 - accuracy: 0.8293 - jacard_coef: 0.5977 5/20 [======>.......................] - ETA: 4s - loss: 0.0153 - accuracy: 0.8525 - jacard_coef: 0.6424 6/20 [========>.....................] - ETA: 3s - loss: 0.0143 - accuracy: 0.8704 - jacard_coef: 0.6300 7/20 [=========>....................] - ETA: 3s - loss: 0.0132 - accuracy: 0.8870 - jacard_coef: 0.6436 8/20 [===========>..................] - ETA: 3s - loss: 0.0130 - accuracy: 0.8915 - jacard_coef: 0.6549 9/20 [============>.................] - ETA: 3s - loss: 0.0122 - accuracy: 0.9016 - jacard_coef: 0.660410/20 [==============>...............] - ETA: 2s - loss: 0.0116 - accuracy: 0.9104 - jacard_coef: 0.669711/20 [===============>..............] - ETA: 2s - loss: 0.0115 - accuracy: 0.9115 - jacard_coef: 0.670112/20 [=================>............] - ETA: 2s - loss: 0.0117 - accuracy: 0.9072 - jacard_coef: 0.671713/20 [==================>...........] - ETA: 1s - loss: 0.0115 - accuracy: 0.9087 - jacard_coef: 0.676114/20 [====================>.........] - ETA: 1s - loss: 0.0115 - accuracy: 0.9068 - jacard_coef: 0.682815/20 [=====================>........] - ETA: 1s - loss: 0.0119 - accuracy: 0.9022 - jacard_coef: 0.681516/20 [=======================>......] - ETA: 1s - loss: 0.0121 - accuracy: 0.9023 - jacard_coef: 0.679217/20 [========================>.....] - ETA: 0s - loss: 0.0120 - accuracy: 0.9065 - jacard_coef: 0.660918/20 [==========================>...] - ETA: 0s - loss: 0.0120 - accuracy: 0.9056 - jacard_coef: 0.667919/20 [===========================>..] - ETA: 0s - loss: 0.0117 - accuracy: 0.9077 - jacard_coef: 0.675520/20 [==============================] - ETA: 0s - loss: 0.0117 - accuracy: 0.9086 - jacard_coef: 0.670720/20 [==============================] - 6s 288ms/step - loss: 0.0117 - accuracy: 0.9086 - jacard_coef: 0.6707 - val_loss: 0.0815 - val_accuracy: 0.8390 - val_jacard_coef: 0.1667
Epoch 40/200
 1/20 [>.............................] - ETA: 5s - loss: 0.0116 - accuracy: 0.9182 - jacard_coef: 0.7097 2/20 [==>...........................] - ETA: 4s - loss: 0.0098 - accuracy: 0.9317 - jacard_coef: 0.7622 3/20 [===>..........................] - ETA: 4s - loss: 0.0146 - accuracy: 0.8664 - jacard_coef: 0.6915 4/20 [=====>........................] - ETA: 4s - loss: 0.0148 - accuracy: 0.8609 - jacard_coef: 0.6884 5/20 [======>.......................] - ETA: 4s - loss: 0.0131 - accuracy: 0.8782 - jacard_coef: 0.7173 6/20 [========>.....................] - ETA: 3s - loss: 0.0125 - accuracy: 0.8925 - jacard_coef: 0.6968 7/20 [=========>....................] - ETA: 3s - loss: 0.0116 - accuracy: 0.9060 - jacard_coef: 0.7022 8/20 [===========>..................] - ETA: 3s - loss: 0.0114 - accuracy: 0.9086 - jacard_coef: 0.7069 9/20 [============>.................] - ETA: 3s - loss: 0.0108 - accuracy: 0.9172 - jacard_coef: 0.710810/20 [==============>...............] - ETA: 2s - loss: 0.0103 - accuracy: 0.9244 - jacard_coef: 0.716211/20 [===============>..............] - ETA: 2s - loss: 0.0100 - accuracy: 0.9259 - jacard_coef: 0.720812/20 [=================>............] - ETA: 2s - loss: 0.0102 - accuracy: 0.9215 - jacard_coef: 0.721713/20 [==================>...........] - ETA: 1s - loss: 0.0100 - accuracy: 0.9226 - jacard_coef: 0.726114/20 [====================>.........] - ETA: 1s - loss: 0.0100 - accuracy: 0.9201 - jacard_coef: 0.730715/20 [=====================>........] - ETA: 1s - loss: 0.0105 - accuracy: 0.9156 - jacard_coef: 0.729016/20 [=======================>......] - ETA: 1s - loss: 0.0107 - accuracy: 0.9151 - jacard_coef: 0.724817/20 [========================>.....] - ETA: 0s - loss: 0.0108 - accuracy: 0.9185 - jacard_coef: 0.703418/20 [==========================>...] - ETA: 0s - loss: 0.0108 - accuracy: 0.9168 - jacard_coef: 0.707719/20 [===========================>..] - ETA: 0s - loss: 0.0106 - accuracy: 0.9182 - jacard_coef: 0.712520/20 [==============================] - ETA: 0s - loss: 0.0106 - accuracy: 0.9187 - jacard_coef: 0.704920/20 [==============================] - 6s 287ms/step - loss: 0.0106 - accuracy: 0.9187 - jacard_coef: 0.7049 - val_loss: 0.0361 - val_accuracy: 0.8544 - val_jacard_coef: 0.2516
Epoch 41/200
 1/20 [>.............................] - ETA: 5s - loss: 0.0112 - accuracy: 0.9206 - jacard_coef: 0.7230 2/20 [==>...........................] - ETA: 4s - loss: 0.0093 - accuracy: 0.9323 - jacard_coef: 0.7665 3/20 [===>..........................] - ETA: 4s - loss: 0.0139 - accuracy: 0.8747 - jacard_coef: 0.7128 4/20 [=====>........................] - ETA: 4s - loss: 0.0142 - accuracy: 0.8688 - jacard_coef: 0.7094 5/20 [======>.......................] - ETA: 4s - loss: 0.0125 - accuracy: 0.8843 - jacard_coef: 0.7329 6/20 [========>.....................] - ETA: 3s - loss: 0.0116 - accuracy: 0.8989 - jacard_coef: 0.7178 7/20 [=========>....................] - ETA: 3s - loss: 0.0108 - accuracy: 0.9116 - jacard_coef: 0.7221 8/20 [===========>..................] - ETA: 3s - loss: 0.0107 - accuracy: 0.9129 - jacard_coef: 0.7218 9/20 [============>.................] - ETA: 3s - loss: 0.0102 - accuracy: 0.9206 - jacard_coef: 0.720010/20 [==============>...............] - ETA: 2s - loss: 0.0097 - accuracy: 0.9275 - jacard_coef: 0.725211/20 [===============>..............] - ETA: 2s - loss: 0.0095 - accuracy: 0.9287 - jacard_coef: 0.730412/20 [=================>............] - ETA: 2s - loss: 0.0096 - accuracy: 0.9252 - jacard_coef: 0.734213/20 [==================>...........] - ETA: 1s - loss: 0.0094 - accuracy: 0.9267 - jacard_coef: 0.741114/20 [====================>.........] - ETA: 1s - loss: 0.0095 - accuracy: 0.9243 - jacard_coef: 0.745715/20 [=====================>........] - ETA: 1s - loss: 0.0099 - accuracy: 0.9201 - jacard_coef: 0.744816/20 [=======================>......] - ETA: 1s - loss: 0.0101 - accuracy: 0.9196 - jacard_coef: 0.741117/20 [========================>.....] - ETA: 0s - loss: 0.0101 - accuracy: 0.9230 - jacard_coef: 0.720718/20 [==========================>...] - ETA: 0s - loss: 0.0101 - accuracy: 0.9214 - jacard_coef: 0.725319/20 [===========================>..] - ETA: 0s - loss: 0.0099 - accuracy: 0.9225 - jacard_coef: 0.728920/20 [==============================] - ETA: 0s - loss: 0.0099 - accuracy: 0.9232 - jacard_coef: 0.722420/20 [==============================] - 6s 288ms/step - loss: 0.0099 - accuracy: 0.9232 - jacard_coef: 0.7224 - val_loss: 0.0670 - val_accuracy: 0.7404 - val_jacard_coef: 0.1083
Epoch 42/200
 1/20 [>.............................] - ETA: 5s - loss: 0.0108 - accuracy: 0.9211 - jacard_coef: 0.7254 2/20 [==>...........................] - ETA: 4s - loss: 0.0090 - accuracy: 0.9323 - jacard_coef: 0.7669 3/20 [===>..........................] - ETA: 4s - loss: 0.0136 - accuracy: 0.8772 - jacard_coef: 0.7188 4/20 [=====>........................] - ETA: 4s - loss: 0.0138 - accuracy: 0.8707 - jacard_coef: 0.7139 5/20 [======>.......................] - ETA: 4s - loss: 0.0122 - accuracy: 0.8860 - jacard_coef: 0.7376 6/20 [========>.....................] - ETA: 3s - loss: 0.0113 - accuracy: 0.9005 - jacard_coef: 0.7222 7/20 [=========>....................] - ETA: 3s - loss: 0.0105 - accuracy: 0.9133 - jacard_coef: 0.7290 8/20 [===========>..................] - ETA: 3s - loss: 0.0107 - accuracy: 0.9126 - jacard_coef: 0.7222 9/20 [============>.................] - ETA: 3s - loss: 0.0101 - accuracy: 0.9205 - jacard_coef: 0.722910/20 [==============>...............] - ETA: 2s - loss: 0.0096 - accuracy: 0.9273 - jacard_coef: 0.724611/20 [===============>..............] - ETA: 2s - loss: 0.0093 - accuracy: 0.9295 - jacard_coef: 0.734512/20 [=================>............] - ETA: 2s - loss: 0.0094 - accuracy: 0.9263 - jacard_coef: 0.739113/20 [==================>...........] - ETA: 1s - loss: 0.0092 - accuracy: 0.9274 - jacard_coef: 0.744214/20 [====================>.........] - ETA: 1s - loss: 0.0093 - accuracy: 0.9251 - jacard_coef: 0.749215/20 [=====================>........] - ETA: 1s - loss: 0.0097 - accuracy: 0.9207 - jacard_coef: 0.747616/20 [=======================>......] - ETA: 1s - loss: 0.0099 - accuracy: 0.9201 - jacard_coef: 0.743717/20 [========================>.....] - ETA: 0s - loss: 0.0099 - accuracy: 0.9236 - jacard_coef: 0.724418/20 [==========================>...] - ETA: 0s - loss: 0.0099 - accuracy: 0.9218 - jacard_coef: 0.728319/20 [===========================>..] - ETA: 0s - loss: 0.0097 - accuracy: 0.9230 - jacard_coef: 0.732320/20 [==============================] - ETA: 0s - loss: 0.0097 - accuracy: 0.9238 - jacard_coef: 0.726720/20 [==============================] - 6s 288ms/step - loss: 0.0097 - accuracy: 0.9238 - jacard_coef: 0.7267 - val_loss: 0.0246 - val_accuracy: 0.8572 - val_jacard_coef: 0.2486
Epoch 43/200
 1/20 [>.............................] - ETA: 5s - loss: 0.0109 - accuracy: 0.9176 - jacard_coef: 0.7093 2/20 [==>...........................] - ETA: 4s - loss: 0.0093 - accuracy: 0.9258 - jacard_coef: 0.7332 3/20 [===>..........................] - ETA: 4s - loss: 0.0135 - accuracy: 0.8741 - jacard_coef: 0.6989 4/20 [=====>........................] - ETA: 4s - loss: 0.0137 - accuracy: 0.8686 - jacard_coef: 0.6995 5/20 [======>.......................] - ETA: 4s - loss: 0.0121 - accuracy: 0.8842 - jacard_coef: 0.7251 6/20 [========>.....................] - ETA: 3s - loss: 0.0115 - accuracy: 0.8970 - jacard_coef: 0.7007 7/20 [=========>....................] - ETA: 3s - loss: 0.0106 - accuracy: 0.9102 - jacard_coef: 0.7111 8/20 [===========>..................] - ETA: 3s - loss: 0.0105 - accuracy: 0.9126 - jacard_coef: 0.7158 9/20 [============>.................] - ETA: 3s - loss: 0.0099 - accuracy: 0.9210 - jacard_coef: 0.720810/20 [==============>...............] - ETA: 2s - loss: 0.0094 - accuracy: 0.9276 - jacard_coef: 0.719311/20 [===============>..............] - ETA: 2s - loss: 0.0091 - accuracy: 0.9298 - jacard_coef: 0.730412/20 [=================>............] - ETA: 2s - loss: 0.0092 - accuracy: 0.9269 - jacard_coef: 0.736413/20 [==================>...........] - ETA: 1s - loss: 0.0090 - accuracy: 0.9278 - jacard_coef: 0.740414/20 [====================>.........] - ETA: 1s - loss: 0.0091 - accuracy: 0.9256 - jacard_coef: 0.746215/20 [=====================>........] - ETA: 1s - loss: 0.0095 - accuracy: 0.9215 - jacard_coef: 0.745716/20 [=======================>......] - ETA: 1s - loss: 0.0098 - accuracy: 0.9207 - jacard_coef: 0.741117/20 [========================>.....] - ETA: 0s - loss: 0.0098 - accuracy: 0.9242 - jacard_coef: 0.722218/20 [==========================>...] - ETA: 0s - loss: 0.0097 - accuracy: 0.9230 - jacard_coef: 0.728119/20 [===========================>..] - ETA: 0s - loss: 0.0096 - accuracy: 0.9241 - jacard_coef: 0.732620/20 [==============================] - ETA: 0s - loss: 0.0095 - accuracy: 0.9250 - jacard_coef: 0.728220/20 [==============================] - 6s 288ms/step - loss: 0.0095 - accuracy: 0.9250 - jacard_coef: 0.7282 - val_loss: 0.0272 - val_accuracy: 0.8424 - val_jacard_coef: 0.2475
Epoch 44/200
 1/20 [>.............................] - ETA: 5s - loss: 0.0101 - accuracy: 0.9230 - jacard_coef: 0.7377 2/20 [==>...........................] - ETA: 4s - loss: 0.0086 - accuracy: 0.9348 - jacard_coef: 0.7816 3/20 [===>..........................] - ETA: 4s - loss: 0.0129 - accuracy: 0.8889 - jacard_coef: 0.7517 4/20 [=====>........................] - ETA: 4s - loss: 0.0130 - accuracy: 0.8817 - jacard_coef: 0.7451 5/20 [======>.......................] - ETA: 4s - loss: 0.0116 - accuracy: 0.8951 - jacard_coef: 0.7643 6/20 [========>.....................] - ETA: 3s - loss: 0.0109 - accuracy: 0.9070 - jacard_coef: 0.7400 7/20 [=========>....................] - ETA: 3s - loss: 0.0102 - accuracy: 0.9184 - jacard_coef: 0.7396 8/20 [===========>..................] - ETA: 3s - loss: 0.0100 - accuracy: 0.9201 - jacard_coef: 0.7427 9/20 [============>.................] - ETA: 3s - loss: 0.0095 - accuracy: 0.9275 - jacard_coef: 0.743610/20 [==============>...............] - ETA: 2s - loss: 0.0091 - accuracy: 0.9335 - jacard_coef: 0.740611/20 [===============>..............] - ETA: 2s - loss: 0.0088 - accuracy: 0.9353 - jacard_coef: 0.750312/20 [=================>............] - ETA: 2s - loss: 0.0088 - accuracy: 0.9320 - jacard_coef: 0.754813/20 [==================>...........] - ETA: 1s - loss: 0.0087 - accuracy: 0.9326 - jacard_coef: 0.758414/20 [====================>.........] - ETA: 1s - loss: 0.0088 - accuracy: 0.9299 - jacard_coef: 0.762115/20 [=====================>........] - ETA: 1s - loss: 0.0092 - accuracy: 0.9254 - jacard_coef: 0.760316/20 [=======================>......] - ETA: 1s - loss: 0.0094 - accuracy: 0.9246 - jacard_coef: 0.755417/20 [========================>.....] - ETA: 0s - loss: 0.0094 - accuracy: 0.9280 - jacard_coef: 0.738118/20 [==========================>...] - ETA: 0s - loss: 0.0094 - accuracy: 0.9264 - jacard_coef: 0.742619/20 [===========================>..] - ETA: 0s - loss: 0.0092 - accuracy: 0.9272 - jacard_coef: 0.745420/20 [==============================] - ETA: 0s - loss: 0.0092 - accuracy: 0.9279 - jacard_coef: 0.738420/20 [==============================] - 6s 287ms/step - loss: 0.0092 - accuracy: 0.9279 - jacard_coef: 0.7384 - val_loss: 0.0238 - val_accuracy: 0.8562 - val_jacard_coef: 0.2735
Epoch 45/200
 1/20 [>.............................] - ETA: 5s - loss: 0.0103 - accuracy: 0.9200 - jacard_coef: 0.7216 2/20 [==>...........................] - ETA: 4s - loss: 0.0086 - accuracy: 0.9308 - jacard_coef: 0.7602 3/20 [===>..........................] - ETA: 4s - loss: 0.0125 - accuracy: 0.8868 - jacard_coef: 0.7387 4/20 [=====>........................] - ETA: 4s - loss: 0.0126 - accuracy: 0.8813 - jacard_coef: 0.7389 5/20 [======>.......................] - ETA: 4s - loss: 0.0112 - accuracy: 0.8950 - jacard_coef: 0.7602 6/20 [========>.....................] - ETA: 3s - loss: 0.0105 - accuracy: 0.9076 - jacard_coef: 0.7405 7/20 [=========>....................] - ETA: 3s - loss: 0.0098 - accuracy: 0.9191 - jacard_coef: 0.7424 8/20 [===========>..................] - ETA: 3s - loss: 0.0098 - accuracy: 0.9192 - jacard_coef: 0.7380 9/20 [============>.................] - ETA: 3s - loss: 0.0093 - accuracy: 0.9265 - jacard_coef: 0.737910/20 [==============>...............] - ETA: 2s - loss: 0.0092 - accuracy: 0.9300 - jacard_coef: 0.710711/20 [===============>..............] - ETA: 2s - loss: 0.0089 - accuracy: 0.9320 - jacard_coef: 0.722612/20 [=================>............] - ETA: 2s - loss: 0.0090 - accuracy: 0.9288 - jacard_coef: 0.729013/20 [==================>...........] - ETA: 1s - loss: 0.0088 - accuracy: 0.9297 - jacard_coef: 0.734614/20 [====================>.........] - ETA: 1s - loss: 0.0089 - accuracy: 0.9273 - jacard_coef: 0.740515/20 [=====================>........] - ETA: 1s - loss: 0.0094 - accuracy: 0.9223 - jacard_coef: 0.738316/20 [=======================>......] - ETA: 1s - loss: 0.0096 - accuracy: 0.9216 - jacard_coef: 0.734217/20 [========================>.....] - ETA: 0s - loss: 0.0096 - accuracy: 0.9253 - jacard_coef: 0.719618/20 [==========================>...] - ETA: 0s - loss: 0.0095 - accuracy: 0.9242 - jacard_coef: 0.726119/20 [===========================>..] - ETA: 0s - loss: 0.0094 - accuracy: 0.9250 - jacard_coef: 0.729020/20 [==============================] - ETA: 0s - loss: 0.0094 - accuracy: 0.9257 - jacard_coef: 0.721620/20 [==============================] - 6s 288ms/step - loss: 0.0094 - accuracy: 0.9257 - jacard_coef: 0.7216 - val_loss: 0.0236 - val_accuracy: 0.8612 - val_jacard_coef: 0.2608
Epoch 46/200
 1/20 [>.............................] - ETA: 5s - loss: 0.0105 - accuracy: 0.9199 - jacard_coef: 0.7209 2/20 [==>...........................] - ETA: 4s - loss: 0.0088 - accuracy: 0.9343 - jacard_coef: 0.7780 3/20 [===>..........................] - ETA: 4s - loss: 0.0132 - accuracy: 0.8833 - jacard_coef: 0.7378 4/20 [=====>........................] - ETA: 4s - loss: 0.0132 - accuracy: 0.8790 - jacard_coef: 0.7390 5/20 [======>.......................] - ETA: 4s - loss: 0.0118 - accuracy: 0.8922 - jacard_coef: 0.7554 6/20 [========>.....................] - ETA: 3s - loss: 0.0120 - accuracy: 0.8993 - jacard_coef: 0.7074 7/20 [=========>....................] - ETA: 3s - loss: 0.0111 - accuracy: 0.9118 - jacard_coef: 0.7114 8/20 [===========>..................] - ETA: 3s - loss: 0.0110 - accuracy: 0.9131 - jacard_coef: 0.7133 9/20 [============>.................] - ETA: 3s - loss: 0.0104 - accuracy: 0.9210 - jacard_coef: 0.715110/20 [==============>...............] - ETA: 2s - loss: 0.0098 - accuracy: 0.9279 - jacard_coef: 0.720711/20 [===============>..............] - ETA: 2s - loss: 0.0095 - accuracy: 0.9299 - jacard_coef: 0.729912/20 [=================>............] - ETA: 2s - loss: 0.0097 - accuracy: 0.9247 - jacard_coef: 0.729113/20 [==================>...........] - ETA: 1s - loss: 0.0097 - accuracy: 0.9240 - jacard_coef: 0.724514/20 [====================>.........] - ETA: 1s - loss: 0.0097 - accuracy: 0.9222 - jacard_coef: 0.731415/20 [=====================>........] - ETA: 1s - loss: 0.0101 - accuracy: 0.9182 - jacard_coef: 0.731816/20 [=======================>......] - ETA: 1s - loss: 0.0104 - accuracy: 0.9178 - jacard_coef: 0.728917/20 [========================>.....] - ETA: 0s - loss: 0.0105 - accuracy: 0.9206 - jacard_coef: 0.703518/20 [==========================>...] - ETA: 0s - loss: 0.0106 - accuracy: 0.9178 - jacard_coef: 0.705219/20 [===========================>..] - ETA: 0s - loss: 0.0104 - accuracy: 0.9189 - jacard_coef: 0.709020/20 [==============================] - ETA: 0s - loss: 0.0104 - accuracy: 0.9197 - jacard_coef: 0.702220/20 [==============================] - 6s 288ms/step - loss: 0.0104 - accuracy: 0.9197 - jacard_coef: 0.7022 - val_loss: 0.1213 - val_accuracy: 0.7890 - val_jacard_coef: 0.2074
Epoch 47/200
 1/20 [>.............................] - ETA: 5s - loss: 0.0102 - accuracy: 0.9245 - jacard_coef: 0.7422 2/20 [==>...........................] - ETA: 4s - loss: 0.0088 - accuracy: 0.9344 - jacard_coef: 0.7776 3/20 [===>..........................] - ETA: 4s - loss: 0.0129 - accuracy: 0.8914 - jacard_coef: 0.7552 4/20 [=====>........................] - ETA: 4s - loss: 0.0142 - accuracy: 0.8731 - jacard_coef: 0.7243 5/20 [======>.......................] - ETA: 4s - loss: 0.0126 - accuracy: 0.8867 - jacard_coef: 0.7386 6/20 [========>.....................] - ETA: 3s - loss: 0.0117 - accuracy: 0.9009 - jacard_coef: 0.7186 7/20 [=========>....................] - ETA: 3s - loss: 0.0108 - accuracy: 0.9138 - jacard_coef: 0.7301 8/20 [===========>..................] - ETA: 3s - loss: 0.0112 - accuracy: 0.9118 - jacard_coef: 0.7178 9/20 [============>.................] - ETA: 3s - loss: 0.0106 - accuracy: 0.9193 - jacard_coef: 0.712810/20 [==============>...............] - ETA: 2s - loss: 0.0101 - accuracy: 0.9263 - jacard_coef: 0.716411/20 [===============>..............] - ETA: 2s - loss: 0.0101 - accuracy: 0.9243 - jacard_coef: 0.709912/20 [=================>............] - ETA: 2s - loss: 0.0101 - accuracy: 0.9217 - jacard_coef: 0.717013/20 [==================>...........] - ETA: 1s - loss: 0.0100 - accuracy: 0.9222 - jacard_coef: 0.719814/20 [====================>.........] - ETA: 1s - loss: 0.0101 - accuracy: 0.9199 - jacard_coef: 0.725115/20 [=====================>........] - ETA: 1s - loss: 0.0106 - accuracy: 0.9155 - jacard_coef: 0.724216/20 [=======================>......] - ETA: 1s - loss: 0.0109 - accuracy: 0.9152 - jacard_coef: 0.720917/20 [========================>.....] - ETA: 0s - loss: 0.0108 - accuracy: 0.9193 - jacard_coef: 0.707918/20 [==========================>...] - ETA: 0s - loss: 0.0111 - accuracy: 0.9156 - jacard_coef: 0.705419/20 [===========================>..] - ETA: 0s - loss: 0.0109 - accuracy: 0.9167 - jacard_coef: 0.708420/20 [==============================] - ETA: 0s - loss: 0.0109 - accuracy: 0.9169 - jacard_coef: 0.698220/20 [==============================] - 6s 287ms/step - loss: 0.0109 - accuracy: 0.9169 - jacard_coef: 0.6982 - val_loss: 1.4260 - val_accuracy: 0.1341 - val_jacard_coef: 0.1414
Epoch 48/200
 1/20 [>.............................] - ETA: 5s - loss: 0.0108 - accuracy: 0.9189 - jacard_coef: 0.7127 2/20 [==>...........................] - ETA: 4s - loss: 0.0089 - accuracy: 0.9323 - jacard_coef: 0.7670 3/20 [===>..........................] - ETA: 4s - loss: 0.0146 - accuracy: 0.8780 - jacard_coef: 0.7224 4/20 [=====>........................] - ETA: 4s - loss: 0.0146 - accuracy: 0.8707 - jacard_coef: 0.7146 5/20 [======>.......................] - ETA: 4s - loss: 0.0132 - accuracy: 0.8838 - jacard_coef: 0.7258 6/20 [========>.....................] - ETA: 3s - loss: 0.0122 - accuracy: 0.8985 - jacard_coef: 0.7112 7/20 [=========>....................] - ETA: 3s - loss: 0.0112 - accuracy: 0.9117 - jacard_coef: 0.7230 8/20 [===========>..................] - ETA: 3s - loss: 0.0112 - accuracy: 0.9136 - jacard_coef: 0.7252 9/20 [============>.................] - ETA: 3s - loss: 0.0105 - accuracy: 0.9217 - jacard_coef: 0.729510/20 [==============>...............] - ETA: 2s - loss: 0.0100 - accuracy: 0.9283 - jacard_coef: 0.726211/20 [===============>..............] - ETA: 2s - loss: 0.0100 - accuracy: 0.9277 - jacard_coef: 0.723112/20 [=================>............] - ETA: 2s - loss: 0.0103 - accuracy: 0.9215 - jacard_coef: 0.720413/20 [==================>...........] - ETA: 1s - loss: 0.0101 - accuracy: 0.9219 - jacard_coef: 0.720714/20 [====================>.........] - ETA: 1s - loss: 0.0101 - accuracy: 0.9201 - jacard_coef: 0.727715/20 [=====================>........] - ETA: 1s - loss: 0.0105 - accuracy: 0.9164 - jacard_coef: 0.728616/20 [=======================>......] - ETA: 1s - loss: 0.0107 - accuracy: 0.9158 - jacard_coef: 0.724117/20 [========================>.....] - ETA: 0s - loss: 0.0107 - accuracy: 0.9195 - jacard_coef: 0.704918/20 [==========================>...] - ETA: 0s - loss: 0.0107 - accuracy: 0.9174 - jacard_coef: 0.708519/20 [===========================>..] - ETA: 0s - loss: 0.0105 - accuracy: 0.9183 - jacard_coef: 0.710820/20 [==============================] - ETA: 0s - loss: 0.0105 - accuracy: 0.9190 - jacard_coef: 0.702220/20 [==============================] - 6s 287ms/step - loss: 0.0105 - accuracy: 0.9190 - jacard_coef: 0.7022 - val_loss: 0.1482 - val_accuracy: 0.7871 - val_jacard_coef: 0.0878
Epoch 49/200
 1/20 [>.............................] - ETA: 5s - loss: 0.0123 - accuracy: 0.9157 - jacard_coef: 0.6932 2/20 [==>...........................] - ETA: 4s - loss: 0.0102 - accuracy: 0.9273 - jacard_coef: 0.7377 3/20 [===>..........................] - ETA: 4s - loss: 0.0154 - accuracy: 0.8621 - jacard_coef: 0.6733 4/20 [=====>........................] - ETA: 4s - loss: 0.0150 - accuracy: 0.8609 - jacard_coef: 0.6841 5/20 [======>.......................] - ETA: 4s - loss: 0.0131 - accuracy: 0.8779 - jacard_coef: 0.7126 6/20 [========>.....................] - ETA: 3s - loss: 0.0125 - accuracy: 0.8911 - jacard_coef: 0.6869 7/20 [=========>....................] - ETA: 3s - loss: 0.0114 - accuracy: 0.9053 - jacard_coef: 0.7014 8/20 [===========>..................] - ETA: 3s - loss: 0.0113 - accuracy: 0.9074 - jacard_coef: 0.7043 9/20 [============>.................] - ETA: 3s - loss: 0.0107 - accuracy: 0.9165 - jacard_coef: 0.712710/20 [==============>...............] - ETA: 2s - loss: 0.0101 - accuracy: 0.9235 - jacard_coef: 0.710411/20 [===============>..............] - ETA: 2s - loss: 0.0101 - accuracy: 0.9222 - jacard_coef: 0.697112/20 [=================>............] - ETA: 2s - loss: 0.0104 - accuracy: 0.9170 - jacard_coef: 0.697213/20 [==================>...........] - ETA: 1s - loss: 0.0101 - accuracy: 0.9187 - jacard_coef: 0.705014/20 [====================>.........] - ETA: 1s - loss: 0.0101 - accuracy: 0.9172 - jacard_coef: 0.713315/20 [=====================>........] - ETA: 1s - loss: 0.0105 - accuracy: 0.9138 - jacard_coef: 0.715516/20 [=======================>......] - ETA: 1s - loss: 0.0106 - accuracy: 0.9134 - jacard_coef: 0.713517/20 [========================>.....] - ETA: 0s - loss: 0.0108 - accuracy: 0.9154 - jacard_coef: 0.684818/20 [==========================>...] - ETA: 0s - loss: 0.0107 - accuracy: 0.9147 - jacard_coef: 0.692819/20 [===========================>..] - ETA: 0s - loss: 0.0105 - accuracy: 0.9164 - jacard_coef: 0.699620/20 [==============================] - ETA: 0s - loss: 0.0105 - accuracy: 0.9173 - jacard_coef: 0.694620/20 [==============================] - 6s 288ms/step - loss: 0.0105 - accuracy: 0.9173 - jacard_coef: 0.6946 - val_loss: 0.0617 - val_accuracy: 0.6103 - val_jacard_coef: 0.1179
Epoch 50/200
 1/20 [>.............................] - ETA: 5s - loss: 0.0121 - accuracy: 0.9216 - jacard_coef: 0.7266 2/20 [==>...........................] - ETA: 4s - loss: 0.0097 - accuracy: 0.9304 - jacard_coef: 0.7557 3/20 [===>..........................] - ETA: 4s - loss: 0.0135 - accuracy: 0.8897 - jacard_coef: 0.7426 4/20 [=====>........................] - ETA: 4s - loss: 0.0135 - accuracy: 0.8811 - jacard_coef: 0.7348 5/20 [======>.......................] - ETA: 4s - loss: 0.0120 - accuracy: 0.8936 - jacard_coef: 0.7498 6/20 [========>.....................] - ETA: 3s - loss: 0.0111 - accuracy: 0.9065 - jacard_coef: 0.7178 7/20 [=========>....................] - ETA: 3s - loss: 0.0102 - accuracy: 0.9183 - jacard_coef: 0.7229 8/20 [===========>..................] - ETA: 3s - loss: 0.0107 - accuracy: 0.9152 - jacard_coef: 0.7031 9/20 [============>.................] - ETA: 3s - loss: 0.0101 - accuracy: 0.9232 - jacard_coef: 0.708510/20 [==============>...............] - ETA: 2s - loss: 0.0095 - accuracy: 0.9296 - jacard_coef: 0.708911/20 [===============>..............] - ETA: 2s - loss: 0.0105 - accuracy: 0.9176 - jacard_coef: 0.681712/20 [=================>............] - ETA: 2s - loss: 0.0107 - accuracy: 0.9143 - jacard_coef: 0.688313/20 [==================>...........] - ETA: 1s - loss: 0.0108 - accuracy: 0.9132 - jacard_coef: 0.685914/20 [====================>.........] - ETA: 1s - loss: 0.0108 - accuracy: 0.9123 - jacard_coef: 0.696215/20 [=====================>........] - ETA: 1s - loss: 0.0112 - accuracy: 0.9088 - jacard_coef: 0.698316/20 [=======================>......] - ETA: 1s - loss: 0.0113 - accuracy: 0.9087 - jacard_coef: 0.697317/20 [========================>.....] - ETA: 0s - loss: 0.0122 - accuracy: 0.9018 - jacard_coef: 0.660018/20 [==========================>...] - ETA: 0s - loss: 0.0129 - accuracy: 0.8975 - jacard_coef: 0.656819/20 [===========================>..] - ETA: 0s - loss: 0.0126 - accuracy: 0.9003 - jacard_coef: 0.666420/20 [==============================] - ETA: 0s - loss: 0.0125 - accuracy: 0.9013 - jacard_coef: 0.661620/20 [==============================] - 6s 288ms/step - loss: 0.0125 - accuracy: 0.9013 - jacard_coef: 0.6616 - val_loss: 0.0894 - val_accuracy: 0.5891 - val_jacard_coef: 0.0772
Epoch 51/200
 1/20 [>.............................] - ETA: 5s - loss: 0.0159 - accuracy: 0.8937 - jacard_coef: 0.6050 2/20 [==>...........................] - ETA: 4s - loss: 0.0135 - accuracy: 0.8958 - jacard_coef: 0.5818 3/20 [===>..........................] - ETA: 4s - loss: 0.0192 - accuracy: 0.8333 - jacard_coef: 0.5526 4/20 [=====>........................] - ETA: 4s - loss: 0.0211 - accuracy: 0.8143 - jacard_coef: 0.5253 5/20 [======>.......................] - ETA: 4s - loss: 0.0189 - accuracy: 0.8357 - jacard_coef: 0.5613 6/20 [========>.....................] - ETA: 3s - loss: 0.0171 - accuracy: 0.8576 - jacard_coef: 0.5677 7/20 [=========>....................] - ETA: 3s - loss: 0.0155 - accuracy: 0.8763 - jacard_coef: 0.5957 8/20 [===========>..................] - ETA: 3s - loss: 0.0152 - accuracy: 0.8792 - jacard_coef: 0.5999 9/20 [============>.................] - ETA: 3s - loss: 0.0143 - accuracy: 0.8896 - jacard_coef: 0.602210/20 [==============>...............] - ETA: 2s - loss: 0.0135 - accuracy: 0.8995 - jacard_coef: 0.615711/20 [===============>..............] - ETA: 2s - loss: 0.0130 - accuracy: 0.9038 - jacard_coef: 0.633112/20 [=================>............] - ETA: 2s - loss: 0.0129 - accuracy: 0.9009 - jacard_coef: 0.640013/20 [==================>...........] - ETA: 1s - loss: 0.0125 - accuracy: 0.9031 - jacard_coef: 0.648514/20 [====================>.........] - ETA: 1s - loss: 0.0124 - accuracy: 0.9018 - jacard_coef: 0.657815/20 [=====================>........] - ETA: 1s - loss: 0.0127 - accuracy: 0.8978 - jacard_coef: 0.658516/20 [=======================>......] - ETA: 1s - loss: 0.0128 - accuracy: 0.8986 - jacard_coef: 0.659617/20 [========================>.....] - ETA: 0s - loss: 0.0127 - accuracy: 0.9037 - jacard_coef: 0.650218/20 [==========================>...] - ETA: 0s - loss: 0.0135 - accuracy: 0.8975 - jacard_coef: 0.639819/20 [===========================>..] - ETA: 0s - loss: 0.0132 - accuracy: 0.8996 - jacard_coef: 0.646520/20 [==============================] - ETA: 0s - loss: 0.0131 - accuracy: 0.9008 - jacard_coef: 0.641220/20 [==============================] - 6s 287ms/step - loss: 0.0131 - accuracy: 0.9008 - jacard_coef: 0.6412 - val_loss: 0.0185 - val_accuracy: 0.8742 - val_jacard_coef: 0.3348
Epoch 52/200
 1/20 [>.............................] - ETA: 5s - loss: 0.0108 - accuracy: 0.9230 - jacard_coef: 0.7352 2/20 [==>...........................] - ETA: 4s - loss: 0.0105 - accuracy: 0.9132 - jacard_coef: 0.6621 3/20 [===>..........................] - ETA: 4s - loss: 0.0161 - accuracy: 0.8375 - jacard_coef: 0.5879 4/20 [=====>........................] - ETA: 4s - loss: 0.0157 - accuracy: 0.8424 - jacard_coef: 0.6199 5/20 [======>.......................] - ETA: 4s - loss: 0.0140 - accuracy: 0.8630 - jacard_coef: 0.6609 6/20 [========>.....................] - ETA: 3s - loss: 0.0134 - accuracy: 0.8774 - jacard_coef: 0.6391 7/20 [=========>....................] - ETA: 3s - loss: 0.0123 - accuracy: 0.8934 - jacard_coef: 0.6582 8/20 [===========>..................] - ETA: 3s - loss: 0.0121 - accuracy: 0.8973 - jacard_coef: 0.6682 9/20 [============>.................] - ETA: 3s - loss: 0.0114 - accuracy: 0.9066 - jacard_coef: 0.670910/20 [==============>...............] - ETA: 2s - loss: 0.0107 - accuracy: 0.9149 - jacard_coef: 0.680711/20 [===============>..............] - ETA: 2s - loss: 0.0110 - accuracy: 0.9106 - jacard_coef: 0.667212/20 [=================>............] - ETA: 2s - loss: 0.0111 - accuracy: 0.9079 - jacard_coef: 0.674213/20 [==================>...........] - ETA: 1s - loss: 0.0110 - accuracy: 0.9082 - jacard_coef: 0.671814/20 [====================>.........] - ETA: 1s - loss: 0.0109 - accuracy: 0.9069 - jacard_coef: 0.680915/20 [=====================>........] - ETA: 1s - loss: 0.0114 - accuracy: 0.9023 - jacard_coef: 0.679416/20 [=======================>......] - ETA: 1s - loss: 0.0117 - accuracy: 0.9025 - jacard_coef: 0.677717/20 [========================>.....] - ETA: 0s - loss: 0.0116 - accuracy: 0.9069 - jacard_coef: 0.661518/20 [==========================>...] - ETA: 0s - loss: 0.0115 - accuracy: 0.9060 - jacard_coef: 0.668619/20 [===========================>..] - ETA: 0s - loss: 0.0113 - accuracy: 0.9079 - jacard_coef: 0.675320/20 [==============================] - ETA: 0s - loss: 0.0113 - accuracy: 0.9088 - jacard_coef: 0.669120/20 [==============================] - 6s 287ms/step - loss: 0.0113 - accuracy: 0.9088 - jacard_coef: 0.6691 - val_loss: 0.0739 - val_accuracy: 0.3955 - val_jacard_coef: 0.1447
Epoch 53/200
 1/20 [>.............................] - ETA: 5s - loss: 0.0116 - accuracy: 0.9226 - jacard_coef: 0.7294 2/20 [==>...........................] - ETA: 4s - loss: 0.0098 - accuracy: 0.9295 - jacard_coef: 0.7503 3/20 [===>..........................] - ETA: 4s - loss: 0.0199 - accuracy: 0.8530 - jacard_coef: 0.6590 4/20 [=====>........................] - ETA: 4s - loss: 0.0185 - accuracy: 0.8544 - jacard_coef: 0.6745 5/20 [======>.......................] - ETA: 4s - loss: 0.0161 - accuracy: 0.8723 - jacard_coef: 0.7020 6/20 [========>.....................] - ETA: 3s - loss: 0.0152 - accuracy: 0.8841 - jacard_coef: 0.6672 7/20 [=========>....................] - ETA: 3s - loss: 0.0138 - accuracy: 0.8991 - jacard_coef: 0.6812 8/20 [===========>..................] - ETA: 3s - loss: 0.0133 - accuracy: 0.9028 - jacard_coef: 0.6901 9/20 [============>.................] - ETA: 3s - loss: 0.0126 - accuracy: 0.9106 - jacard_coef: 0.680910/20 [==============>...............] - ETA: 2s - loss: 0.0119 - accuracy: 0.9184 - jacard_coef: 0.686511/20 [===============>..............] - ETA: 2s - loss: 0.0120 - accuracy: 0.9173 - jacard_coef: 0.678612/20 [=================>............] - ETA: 2s - loss: 0.0123 - accuracy: 0.9121 - jacard_coef: 0.678713/20 [==================>...........] - ETA: 1s - loss: 0.0121 - accuracy: 0.9111 - jacard_coef: 0.670314/20 [====================>.........] - ETA: 1s - loss: 0.0119 - accuracy: 0.9096 - jacard_coef: 0.679415/20 [=====================>........] - ETA: 1s - loss: 0.0123 - accuracy: 0.9045 - jacard_coef: 0.677616/20 [=======================>......] - ETA: 1s - loss: 0.0126 - accuracy: 0.9041 - jacard_coef: 0.673517/20 [========================>.....] - ETA: 0s - loss: 0.0124 - accuracy: 0.9087 - jacard_coef: 0.661318/20 [==========================>...] - ETA: 0s - loss: 0.0123 - accuracy: 0.9079 - jacard_coef: 0.669019/20 [===========================>..] - ETA: 0s - loss: 0.0121 - accuracy: 0.9100 - jacard_coef: 0.676820/20 [==============================] - ETA: 0s - loss: 0.0120 - accuracy: 0.9111 - jacard_coef: 0.675020/20 [==============================] - 6s 288ms/step - loss: 0.0120 - accuracy: 0.9111 - jacard_coef: 0.6750 - val_loss: 0.0706 - val_accuracy: 0.7795 - val_jacard_coef: 0.2303
Epoch 54/200
 1/20 [>.............................] - ETA: 5s - loss: 0.0152 - accuracy: 0.8926 - jacard_coef: 0.6248 2/20 [==>...........................] - ETA: 4s - loss: 0.0116 - accuracy: 0.9180 - jacard_coef: 0.7168 3/20 [===>..........................] - ETA: 4s - loss: 0.0151 - accuracy: 0.8663 - jacard_coef: 0.6819 4/20 [=====>........................] - ETA: 4s - loss: 0.0148 - accuracy: 0.8624 - jacard_coef: 0.6859 5/20 [======>.......................] - ETA: 4s - loss: 0.0130 - accuracy: 0.8789 - jacard_coef: 0.7120 6/20 [========>.....................] - ETA: 3s - loss: 0.0128 - accuracy: 0.8881 - jacard_coef: 0.6677 7/20 [=========>....................] - ETA: 3s - loss: 0.0116 - accuracy: 0.9026 - jacard_coef: 0.6820 8/20 [===========>..................] - ETA: 3s - loss: 0.0114 - accuracy: 0.9051 - jacard_coef: 0.6864 9/20 [============>.................] - ETA: 3s - loss: 0.0106 - accuracy: 0.9144 - jacard_coef: 0.696710/20 [==============>...............] - ETA: 2s - loss: 0.0101 - accuracy: 0.9217 - jacard_coef: 0.698311/20 [===============>..............] - ETA: 2s - loss: 0.0101 - accuracy: 0.9212 - jacard_coef: 0.689712/20 [=================>............] - ETA: 2s - loss: 0.0107 - accuracy: 0.9142 - jacard_coef: 0.684313/20 [==================>...........] - ETA: 1s - loss: 0.0104 - accuracy: 0.9157 - jacard_coef: 0.690714/20 [====================>.........] - ETA: 1s - loss: 0.0104 - accuracy: 0.9137 - jacard_coef: 0.697715/20 [=====================>........] - ETA: 1s - loss: 0.0107 - accuracy: 0.9097 - jacard_coef: 0.698516/20 [=======================>......] - ETA: 1s - loss: 0.0109 - accuracy: 0.9097 - jacard_coef: 0.697117/20 [========================>.....] - ETA: 0s - loss: 0.0108 - accuracy: 0.9138 - jacard_coef: 0.680618/20 [==========================>...] - ETA: 0s - loss: 0.0108 - accuracy: 0.9127 - jacard_coef: 0.687419/20 [===========================>..] - ETA: 0s - loss: 0.0106 - accuracy: 0.9143 - jacard_coef: 0.693220/20 [==============================] - ETA: 0s - loss: 0.0106 - accuracy: 0.9146 - jacard_coef: 0.685320/20 [==============================] - 6s 287ms/step - loss: 0.0106 - accuracy: 0.9146 - jacard_coef: 0.6853 - val_loss: 0.0266 - val_accuracy: 0.8486 - val_jacard_coef: 0.2581
Epoch 55/200
 1/20 [>.............................] - ETA: 5s - loss: 0.0125 - accuracy: 0.9211 - jacard_coef: 0.7248 2/20 [==>...........................] - ETA: 4s - loss: 0.0101 - accuracy: 0.9298 - jacard_coef: 0.7551 3/20 [===>..........................] - ETA: 4s - loss: 0.0147 - accuracy: 0.8736 - jacard_coef: 0.7074 4/20 [=====>........................] - ETA: 4s - loss: 0.0145 - accuracy: 0.8715 - jacard_coef: 0.7155 5/20 [======>.......................] - ETA: 4s - loss: 0.0127 - accuracy: 0.8867 - jacard_coef: 0.7395 6/20 [========>.....................] - ETA: 3s - loss: 0.0117 - accuracy: 0.9013 - jacard_coef: 0.7208 7/20 [=========>....................] - ETA: 3s - loss: 0.0107 - accuracy: 0.9140 - jacard_coef: 0.7277 8/20 [===========>..................] - ETA: 3s - loss: 0.0106 - accuracy: 0.9155 - jacard_coef: 0.7299 9/20 [============>.................] - ETA: 3s - loss: 0.0100 - accuracy: 0.9233 - jacard_coef: 0.730910/20 [==============>...............] - ETA: 2s - loss: 0.0094 - accuracy: 0.9299 - jacard_coef: 0.731911/20 [===============>..............] - ETA: 2s - loss: 0.0092 - accuracy: 0.9314 - jacard_coef: 0.738612/20 [=================>............] - ETA: 2s - loss: 0.0093 - accuracy: 0.9277 - jacard_coef: 0.742013/20 [==================>...........] - ETA: 1s - loss: 0.0091 - accuracy: 0.9292 - jacard_coef: 0.749614/20 [====================>.........] - ETA: 1s - loss: 0.0091 - accuracy: 0.9273 - jacard_coef: 0.756015/20 [=====================>........] - ETA: 1s - loss: 0.0094 - accuracy: 0.9234 - jacard_coef: 0.755916/20 [=======================>......] - ETA: 1s - loss: 0.0097 - accuracy: 0.9226 - jacard_coef: 0.751417/20 [========================>.....] - ETA: 0s - loss: 0.0097 - accuracy: 0.9261 - jacard_coef: 0.733118/20 [==========================>...] - ETA: 0s - loss: 0.0096 - accuracy: 0.9247 - jacard_coef: 0.738419/20 [===========================>..] - ETA: 0s - loss: 0.0094 - accuracy: 0.9256 - jacard_coef: 0.740720/20 [==============================] - ETA: 0s - loss: 0.0094 - accuracy: 0.9263 - jacard_coef: 0.733920/20 [==============================] - 6s 288ms/step - loss: 0.0094 - accuracy: 0.9263 - jacard_coef: 0.7339 - val_loss: 0.0134 - val_accuracy: 0.9093 - val_jacard_coef: 0.4858
Epoch 56/200
 1/20 [>.............................] - ETA: 5s - loss: 0.0105 - accuracy: 0.9225 - jacard_coef: 0.7318 2/20 [==>...........................] - ETA: 4s - loss: 0.0089 - accuracy: 0.9278 - jacard_coef: 0.7409 3/20 [===>..........................] - ETA: 4s - loss: 0.0127 - accuracy: 0.8858 - jacard_coef: 0.7278 4/20 [=====>........................] - ETA: 4s - loss: 0.0127 - accuracy: 0.8807 - jacard_coef: 0.7311 5/20 [======>.......................] - ETA: 4s - loss: 0.0112 - accuracy: 0.8942 - jacard_coef: 0.7519 6/20 [========>.....................] - ETA: 3s - loss: 0.0105 - accuracy: 0.9072 - jacard_coef: 0.7341 7/20 [=========>....................] - ETA: 3s - loss: 0.0096 - accuracy: 0.9189 - jacard_coef: 0.7376 8/20 [===========>..................] - ETA: 3s - loss: 0.0097 - accuracy: 0.9200 - jacard_coef: 0.7386 9/20 [============>.................] - ETA: 3s - loss: 0.0092 - accuracy: 0.9273 - jacard_coef: 0.739610/20 [==============>...............] - ETA: 2s - loss: 0.0087 - accuracy: 0.9333 - jacard_coef: 0.738911/20 [===============>..............] - ETA: 2s - loss: 0.0085 - accuracy: 0.9351 - jacard_coef: 0.748512/20 [=================>............] - ETA: 2s - loss: 0.0085 - accuracy: 0.9318 - jacard_coef: 0.753313/20 [==================>...........] - ETA: 1s - loss: 0.0084 - accuracy: 0.9330 - jacard_coef: 0.760114/20 [====================>.........] - ETA: 1s - loss: 0.0084 - accuracy: 0.9308 - jacard_coef: 0.765515/20 [=====================>........] - ETA: 1s - loss: 0.0088 - accuracy: 0.9265 - jacard_coef: 0.764416/20 [=======================>......] - ETA: 1s - loss: 0.0090 - accuracy: 0.9256 - jacard_coef: 0.759817/20 [========================>.....] - ETA: 0s - loss: 0.0089 - accuracy: 0.9292 - jacard_coef: 0.746318/20 [==========================>...] - ETA: 0s - loss: 0.0088 - accuracy: 0.9275 - jacard_coef: 0.750219/20 [===========================>..] - ETA: 0s - loss: 0.0087 - accuracy: 0.9284 - jacard_coef: 0.752920/20 [==============================] - ETA: 0s - loss: 0.0087 - accuracy: 0.9290 - jacard_coef: 0.744420/20 [==============================] - 6s 287ms/step - loss: 0.0087 - accuracy: 0.9290 - jacard_coef: 0.7444 - val_loss: 0.0160 - val_accuracy: 0.8905 - val_jacard_coef: 0.4066
Epoch 57/200
 1/20 [>.............................] - ETA: 5s - loss: 0.0102 - accuracy: 0.9182 - jacard_coef: 0.7142 2/20 [==>...........................] - ETA: 4s - loss: 0.0085 - accuracy: 0.9282 - jacard_coef: 0.7469 3/20 [===>..........................] - ETA: 4s - loss: 0.0125 - accuracy: 0.8852 - jacard_coef: 0.7306 4/20 [=====>........................] - ETA: 4s - loss: 0.0124 - accuracy: 0.8816 - jacard_coef: 0.7369 5/20 [======>.......................] - ETA: 4s - loss: 0.0110 - accuracy: 0.8950 - jacard_coef: 0.7575 6/20 [========>.....................] - ETA: 3s - loss: 0.0101 - accuracy: 0.9082 - jacard_coef: 0.7356 7/20 [=========>....................] - ETA: 3s - loss: 0.0093 - accuracy: 0.9199 - jacard_coef: 0.7400 8/20 [===========>..................] - ETA: 3s - loss: 0.0093 - accuracy: 0.9211 - jacard_coef: 0.7420 9/20 [============>.................] - ETA: 3s - loss: 0.0089 - accuracy: 0.9280 - jacard_coef: 0.739110/20 [==============>...............] - ETA: 2s - loss: 0.0085 - accuracy: 0.9339 - jacard_coef: 0.738411/20 [===============>..............] - ETA: 2s - loss: 0.0082 - accuracy: 0.9358 - jacard_coef: 0.748912/20 [=================>............] - ETA: 2s - loss: 0.0083 - accuracy: 0.9328 - jacard_coef: 0.755013/20 [==================>...........] - ETA: 1s - loss: 0.0081 - accuracy: 0.9338 - jacard_coef: 0.761114/20 [====================>.........] - ETA: 1s - loss: 0.0082 - accuracy: 0.9318 - jacard_coef: 0.767215/20 [=====================>........] - ETA: 1s - loss: 0.0086 - accuracy: 0.9276 - jacard_coef: 0.766716/20 [=======================>......] - ETA: 1s - loss: 0.0087 - accuracy: 0.9268 - jacard_coef: 0.762517/20 [========================>.....] - ETA: 0s - loss: 0.0087 - accuracy: 0.9297 - jacard_coef: 0.740718/20 [==========================>...] - ETA: 0s - loss: 0.0087 - accuracy: 0.9285 - jacard_coef: 0.746519/20 [===========================>..] - ETA: 0s - loss: 0.0085 - accuracy: 0.9293 - jacard_coef: 0.749320/20 [==============================] - ETA: 0s - loss: 0.0085 - accuracy: 0.9299 - jacard_coef: 0.741220/20 [==============================] - 6s 288ms/step - loss: 0.0085 - accuracy: 0.9299 - jacard_coef: 0.7412 - val_loss: 0.0159 - val_accuracy: 0.8903 - val_jacard_coef: 0.4100
Epoch 58/200
 1/20 [>.............................] - ETA: 5s - loss: 0.0102 - accuracy: 0.9154 - jacard_coef: 0.6938 2/20 [==>...........................] - ETA: 4s - loss: 0.0084 - accuracy: 0.9282 - jacard_coef: 0.7442 3/20 [===>..........................] - ETA: 4s - loss: 0.0121 - accuracy: 0.8869 - jacard_coef: 0.7321 4/20 [=====>........................] - ETA: 4s - loss: 0.0122 - accuracy: 0.8816 - jacard_coef: 0.7344 5/20 [======>.......................] - ETA: 4s - loss: 0.0108 - accuracy: 0.8942 - jacard_coef: 0.7504 6/20 [========>.....................] - ETA: 3s - loss: 0.0102 - accuracy: 0.9061 - jacard_coef: 0.7010 7/20 [=========>....................] - ETA: 3s - loss: 0.0094 - accuracy: 0.9176 - jacard_coef: 0.6965 8/20 [===========>..................] - ETA: 3s - loss: 0.0093 - accuracy: 0.9193 - jacard_coef: 0.7044 9/20 [============>.................] - ETA: 3s - loss: 0.0087 - accuracy: 0.9270 - jacard_coef: 0.710710/20 [==============>...............] - ETA: 2s - loss: 0.0083 - accuracy: 0.9333 - jacard_coef: 0.717111/20 [===============>..............] - ETA: 2s - loss: 0.0081 - accuracy: 0.9351 - jacard_coef: 0.729212/20 [=================>............] - ETA: 2s - loss: 0.0081 - accuracy: 0.9324 - jacard_coef: 0.737713/20 [==================>...........] - ETA: 1s - loss: 0.0080 - accuracy: 0.9332 - jacard_coef: 0.744414/20 [====================>.........] - ETA: 1s - loss: 0.0081 - accuracy: 0.9314 - jacard_coef: 0.752315/20 [=====================>........] - ETA: 1s - loss: 0.0085 - accuracy: 0.9275 - jacard_coef: 0.753416/20 [=======================>......] - ETA: 1s - loss: 0.0087 - accuracy: 0.9265 - jacard_coef: 0.750117/20 [========================>.....] - ETA: 0s - loss: 0.0090 - accuracy: 0.9274 - jacard_coef: 0.718318/20 [==========================>...] - ETA: 0s - loss: 0.0090 - accuracy: 0.9264 - jacard_coef: 0.725819/20 [===========================>..] - ETA: 0s - loss: 0.0088 - accuracy: 0.9274 - jacard_coef: 0.730320/20 [==============================] - ETA: 0s - loss: 0.0088 - accuracy: 0.9282 - jacard_coef: 0.726720/20 [==============================] - 6s 287ms/step - loss: 0.0088 - accuracy: 0.9282 - jacard_coef: 0.7267 - val_loss: 0.0143 - val_accuracy: 0.9050 - val_jacard_coef: 0.4676
Epoch 59/200
 1/20 [>.............................] - ETA: 5s - loss: 0.0103 - accuracy: 0.9192 - jacard_coef: 0.7128 2/20 [==>...........................] - ETA: 4s - loss: 0.0085 - accuracy: 0.9305 - jacard_coef: 0.7556 3/20 [===>..........................] - ETA: 4s - loss: 0.0123 - accuracy: 0.8873 - jacard_coef: 0.7368 4/20 [=====>........................] - ETA: 4s - loss: 0.0128 - accuracy: 0.8777 - jacard_coef: 0.7254 5/20 [======>.......................] - ETA: 4s - loss: 0.0116 - accuracy: 0.8879 - jacard_coef: 0.7238 6/20 [========>.....................] - ETA: 3s - loss: 0.0107 - accuracy: 0.9014 - jacard_coef: 0.6886 7/20 [=========>....................] - ETA: 3s - loss: 0.0099 - accuracy: 0.9137 - jacard_coef: 0.6913 8/20 [===========>..................] - ETA: 3s - loss: 0.0098 - accuracy: 0.9163 - jacard_coef: 0.7010 9/20 [============>.................] - ETA: 3s - loss: 0.0092 - accuracy: 0.9240 - jacard_coef: 0.700210/20 [==============>...............] - ETA: 2s - loss: 0.0087 - accuracy: 0.9304 - jacard_coef: 0.702011/20 [===============>..............] - ETA: 2s - loss: 0.0084 - accuracy: 0.9325 - jacard_coef: 0.715512/20 [=================>............] - ETA: 2s - loss: 0.0084 - accuracy: 0.9302 - jacard_coef: 0.725613/20 [==================>...........] - ETA: 1s - loss: 0.0083 - accuracy: 0.9315 - jacard_coef: 0.734214/20 [====================>.........] - ETA: 1s - loss: 0.0083 - accuracy: 0.9296 - jacard_coef: 0.742015/20 [=====================>........] - ETA: 1s - loss: 0.0087 - accuracy: 0.9259 - jacard_coef: 0.743816/20 [=======================>......] - ETA: 1s - loss: 0.0089 - accuracy: 0.9253 - jacard_coef: 0.741917/20 [========================>.....] - ETA: 0s - loss: 0.0090 - accuracy: 0.9284 - jacard_coef: 0.722318/20 [==========================>...] - ETA: 0s - loss: 0.0090 - accuracy: 0.9274 - jacard_coef: 0.729719/20 [===========================>..] - ETA: 0s - loss: 0.0088 - accuracy: 0.9285 - jacard_coef: 0.734920/20 [==============================] - ETA: 0s - loss: 0.0087 - accuracy: 0.9293 - jacard_coef: 0.732420/20 [==============================] - 6s 288ms/step - loss: 0.0087 - accuracy: 0.9293 - jacard_coef: 0.7324 - val_loss: 0.0116 - val_accuracy: 0.9173 - val_jacard_coef: 0.5280
Epoch 60/200
 1/20 [>.............................] - ETA: 5s - loss: 0.0096 - accuracy: 0.9253 - jacard_coef: 0.7483 2/20 [==>...........................] - ETA: 4s - loss: 0.0081 - accuracy: 0.9374 - jacard_coef: 0.7942 3/20 [===>..........................] - ETA: 4s - loss: 0.0116 - accuracy: 0.8968 - jacard_coef: 0.7740 4/20 [=====>........................] - ETA: 4s - loss: 0.0117 - accuracy: 0.8906 - jacard_coef: 0.7706 5/20 [======>.......................] - ETA: 4s - loss: 0.0104 - accuracy: 0.9019 - jacard_coef: 0.7825 6/20 [========>.....................] - ETA: 3s - loss: 0.0096 - accuracy: 0.9141 - jacard_coef: 0.7600 7/20 [=========>....................] - ETA: 3s - loss: 0.0089 - accuracy: 0.9249 - jacard_coef: 0.7600 8/20 [===========>..................] - ETA: 3s - loss: 0.0089 - accuracy: 0.9264 - jacard_coef: 0.7628 9/20 [============>.................] - ETA: 3s - loss: 0.0084 - accuracy: 0.9332 - jacard_coef: 0.762310/20 [==============>...............] - ETA: 2s - loss: 0.0080 - accuracy: 0.9386 - jacard_coef: 0.757311/20 [===============>..............] - ETA: 2s - loss: 0.0077 - accuracy: 0.9399 - jacard_coef: 0.765212/20 [=================>............] - ETA: 2s - loss: 0.0078 - accuracy: 0.9361 - jacard_coef: 0.768313/20 [==================>...........] - ETA: 1s - loss: 0.0077 - accuracy: 0.9367 - jacard_coef: 0.772514/20 [====================>.........] - ETA: 1s - loss: 0.0077 - accuracy: 0.9342 - jacard_coef: 0.776915/20 [=====================>........] - ETA: 1s - loss: 0.0081 - accuracy: 0.9298 - jacard_coef: 0.775516/20 [=======================>......] - ETA: 1s - loss: 0.0083 - accuracy: 0.9288 - jacard_coef: 0.770517/20 [========================>.....] - ETA: 0s - loss: 0.0082 - accuracy: 0.9321 - jacard_coef: 0.754118/20 [==========================>...] - ETA: 0s - loss: 0.0082 - accuracy: 0.9305 - jacard_coef: 0.758719/20 [===========================>..] - ETA: 0s - loss: 0.0081 - accuracy: 0.9314 - jacard_coef: 0.762120/20 [==============================] - ETA: 0s - loss: 0.0081 - accuracy: 0.9321 - jacard_coef: 0.756320/20 [==============================] - 6s 288ms/step - loss: 0.0081 - accuracy: 0.9321 - jacard_coef: 0.7563 - val_loss: 0.0125 - val_accuracy: 0.9213 - val_jacard_coef: 0.5905
Epoch 61/200
 1/20 [>.............................] - ETA: 5s - loss: 0.0098 - accuracy: 0.9209 - jacard_coef: 0.7278 2/20 [==>...........................] - ETA: 4s - loss: 0.0082 - accuracy: 0.9316 - jacard_coef: 0.7662 3/20 [===>..........................] - ETA: 4s - loss: 0.0115 - accuracy: 0.8946 - jacard_coef: 0.7594 4/20 [=====>........................] - ETA: 4s - loss: 0.0115 - accuracy: 0.8915 - jacard_coef: 0.7670 5/20 [======>.......................] - ETA: 4s - loss: 0.0102 - accuracy: 0.9032 - jacard_coef: 0.7832 6/20 [========>.....................] - ETA: 3s - loss: 0.0094 - accuracy: 0.9152 - jacard_coef: 0.7629 7/20 [=========>....................] - ETA: 3s - loss: 0.0087 - accuracy: 0.9258 - jacard_coef: 0.7604 8/20 [===========>..................] - ETA: 3s - loss: 0.0086 - accuracy: 0.9272 - jacard_coef: 0.7635 9/20 [============>.................] - ETA: 3s - loss: 0.0082 - accuracy: 0.9338 - jacard_coef: 0.763110/20 [==============>...............] - ETA: 2s - loss: 0.0078 - accuracy: 0.9392 - jacard_coef: 0.758511/20 [===============>..............] - ETA: 2s - loss: 0.0076 - accuracy: 0.9407 - jacard_coef: 0.767412/20 [=================>............] - ETA: 2s - loss: 0.0077 - accuracy: 0.9376 - jacard_coef: 0.772913/20 [==================>...........] - ETA: 1s - loss: 0.0075 - accuracy: 0.9384 - jacard_coef: 0.778714/20 [====================>.........] - ETA: 1s - loss: 0.0076 - accuracy: 0.9363 - jacard_coef: 0.784315/20 [=====================>........] - ETA: 1s - loss: 0.0079 - accuracy: 0.9320 - jacard_coef: 0.783316/20 [=======================>......] - ETA: 1s - loss: 0.0081 - accuracy: 0.9309 - jacard_coef: 0.778117/20 [========================>.....] - ETA: 0s - loss: 0.0080 - accuracy: 0.9339 - jacard_coef: 0.759818/20 [==========================>...] - ETA: 0s - loss: 0.0080 - accuracy: 0.9327 - jacard_coef: 0.765219/20 [===========================>..] - ETA: 0s - loss: 0.0079 - accuracy: 0.9332 - jacard_coef: 0.767220/20 [==============================] - ETA: 0s - loss: 0.0079 - accuracy: 0.9340 - jacard_coef: 0.762120/20 [==============================] - 6s 288ms/step - loss: 0.0079 - accuracy: 0.9340 - jacard_coef: 0.7621 - val_loss: 0.0125 - val_accuracy: 0.9112 - val_jacard_coef: 0.5194
Epoch 62/200
 1/20 [>.............................] - ETA: 5s - loss: 0.0097 - accuracy: 0.9168 - jacard_coef: 0.7054 2/20 [==>...........................] - ETA: 4s - loss: 0.0079 - accuracy: 0.9328 - jacard_coef: 0.7722 3/20 [===>..........................] - ETA: 4s - loss: 0.0112 - accuracy: 0.8962 - jacard_coef: 0.7652 4/20 [=====>........................] - ETA: 4s - loss: 0.0113 - accuracy: 0.8913 - jacard_coef: 0.7674 5/20 [======>.......................] - ETA: 4s - loss: 0.0100 - accuracy: 0.9022 - jacard_coef: 0.7784 6/20 [========>.....................] - ETA: 3s - loss: 0.0093 - accuracy: 0.9140 - jacard_coef: 0.7457 7/20 [=========>....................] - ETA: 3s - loss: 0.0086 - accuracy: 0.9246 - jacard_coef: 0.7389 8/20 [===========>..................] - ETA: 3s - loss: 0.0092 - accuracy: 0.9193 - jacard_coef: 0.7073 9/20 [============>.................] - ETA: 3s - loss: 0.0087 - accuracy: 0.9265 - jacard_coef: 0.709510/20 [==============>...............] - ETA: 2s - loss: 0.0084 - accuracy: 0.9317 - jacard_coef: 0.700611/20 [===============>..............] - ETA: 2s - loss: 0.0092 - accuracy: 0.9291 - jacard_coef: 0.695812/20 [=================>............] - ETA: 2s - loss: 0.0091 - accuracy: 0.9270 - jacard_coef: 0.707513/20 [==================>...........] - ETA: 1s - loss: 0.0090 - accuracy: 0.9283 - jacard_coef: 0.716914/20 [====================>.........] - ETA: 1s - loss: 0.0090 - accuracy: 0.9270 - jacard_coef: 0.727015/20 [=====================>........] - ETA: 1s - loss: 0.0108 - accuracy: 0.9194 - jacard_coef: 0.718416/20 [=======================>......] - ETA: 1s - loss: 0.0108 - accuracy: 0.9190 - jacard_coef: 0.717417/20 [========================>.....] - ETA: 0s - loss: 0.0115 - accuracy: 0.9187 - jacard_coef: 0.684318/20 [==========================>...] - ETA: 0s - loss: 0.0115 - accuracy: 0.9163 - jacard_coef: 0.687319/20 [===========================>..] - ETA: 0s - loss: 0.0113 - accuracy: 0.9170 - jacard_coef: 0.689120/20 [==============================] - ETA: 0s - loss: 0.0113 - accuracy: 0.9178 - jacard_coef: 0.685120/20 [==============================] - 6s 288ms/step - loss: 0.0113 - accuracy: 0.9178 - jacard_coef: 0.6851 - val_loss: 0.0427 - val_accuracy: 0.8507 - val_jacard_coef: 0.1587
Epoch 63/200
 1/20 [>.............................] - ETA: 5s - loss: 0.0128 - accuracy: 0.9050 - jacard_coef: 0.6497 2/20 [==>...........................] - ETA: 4s - loss: 0.0109 - accuracy: 0.9190 - jacard_coef: 0.7002 3/20 [===>..........................] - ETA: 4s - loss: 0.0184 - accuracy: 0.8465 - jacard_coef: 0.6269 4/20 [=====>........................] - ETA: 4s - loss: 0.0195 - accuracy: 0.8343 - jacard_coef: 0.6065 5/20 [======>.......................] - ETA: 4s - loss: 0.0176 - accuracy: 0.8510 - jacard_coef: 0.6149 6/20 [========>.....................] - ETA: 3s - loss: 0.0160 - accuracy: 0.8706 - jacard_coef: 0.6078 7/20 [=========>....................] - ETA: 3s - loss: 0.0145 - accuracy: 0.8877 - jacard_coef: 0.6332 8/20 [===========>..................] - ETA: 3s - loss: 0.0143 - accuracy: 0.8894 - jacard_coef: 0.6306 9/20 [============>.................] - ETA: 3s - loss: 0.0132 - accuracy: 0.9003 - jacard_coef: 0.646110/20 [==============>...............] - ETA: 2s - loss: 0.0123 - accuracy: 0.9092 - jacard_coef: 0.657611/20 [===============>..............] - ETA: 2s - loss: 0.0119 - accuracy: 0.9111 - jacard_coef: 0.664012/20 [=================>............] - ETA: 2s - loss: 0.0120 - accuracy: 0.9079 - jacard_coef: 0.669513/20 [==================>...........] - ETA: 1s - loss: 0.0118 - accuracy: 0.9096 - jacard_coef: 0.676314/20 [====================>.........] - ETA: 1s - loss: 0.0118 - accuracy: 0.9077 - jacard_coef: 0.683115/20 [=====================>........] - ETA: 1s - loss: 0.0123 - accuracy: 0.9040 - jacard_coef: 0.684616/20 [=======================>......] - ETA: 1s - loss: 0.0125 - accuracy: 0.9044 - jacard_coef: 0.683817/20 [========================>.....] - ETA: 0s - loss: 0.0124 - accuracy: 0.9090 - jacard_coef: 0.670718/20 [==========================>...] - ETA: 0s - loss: 0.0136 - accuracy: 0.9020 - jacard_coef: 0.657419/20 [===========================>..] - ETA: 0s - loss: 0.0133 - accuracy: 0.9035 - jacard_coef: 0.661520/20 [==============================] - ETA: 0s - loss: 0.0132 - accuracy: 0.9045 - jacard_coef: 0.653820/20 [==============================] - 6s 287ms/step - loss: 0.0132 - accuracy: 0.9045 - jacard_coef: 0.6538 - val_loss: 0.2087 - val_accuracy: 0.8403 - val_jacard_coef: 0.0240
Epoch 64/200
 1/20 [>.............................] - ETA: 5s - loss: 0.0130 - accuracy: 0.9215 - jacard_coef: 0.7236 2/20 [==>...........................] - ETA: 4s - loss: 0.0144 - accuracy: 0.8901 - jacard_coef: 0.5311 3/20 [===>..........................] - ETA: 4s - loss: 0.0211 - accuracy: 0.8033 - jacard_coef: 0.4597 4/20 [=====>........................] - ETA: 4s - loss: 0.0197 - accuracy: 0.8153 - jacard_coef: 0.5207 5/20 [======>.......................] - ETA: 4s - loss: 0.0200 - accuracy: 0.8121 - jacard_coef: 0.4874 6/20 [========>.....................] - ETA: 3s - loss: 0.0201 - accuracy: 0.8092 - jacard_coef: 0.4413 7/20 [=========>....................] - ETA: 3s - loss: 0.0191 - accuracy: 0.8225 - jacard_coef: 0.4186 8/20 [===========>..................] - ETA: 3s - loss: 0.0189 - accuracy: 0.8256 - jacard_coef: 0.4359 9/20 [============>.................] - ETA: 3s - loss: 0.0187 - accuracy: 0.8300 - jacard_coef: 0.414910/20 [==============>...............] - ETA: 2s - loss: 0.0179 - accuracy: 0.8458 - jacard_coef: 0.450911/20 [===============>..............] - ETA: 2s - loss: 0.0177 - accuracy: 0.8524 - jacard_coef: 0.466212/20 [=================>............] - ETA: 2s - loss: 0.0179 - accuracy: 0.8481 - jacard_coef: 0.467913/20 [==================>...........] - ETA: 1s - loss: 0.0174 - accuracy: 0.8535 - jacard_coef: 0.484214/20 [====================>.........] - ETA: 1s - loss: 0.0172 - accuracy: 0.8548 - jacard_coef: 0.502515/20 [=====================>........] - ETA: 1s - loss: 0.0174 - accuracy: 0.8541 - jacard_coef: 0.515016/20 [=======================>......] - ETA: 1s - loss: 0.0173 - accuracy: 0.8571 - jacard_coef: 0.523417/20 [========================>.....] - ETA: 0s - loss: 0.0170 - accuracy: 0.8635 - jacard_coef: 0.510718/20 [==========================>...] - ETA: 0s - loss: 0.0168 - accuracy: 0.8649 - jacard_coef: 0.526019/20 [===========================>..] - ETA: 0s - loss: 0.0164 - accuracy: 0.8688 - jacard_coef: 0.540120/20 [==============================] - ETA: 0s - loss: 0.0162 - accuracy: 0.8710 - jacard_coef: 0.543620/20 [==============================] - 6s 287ms/step - loss: 0.0162 - accuracy: 0.8710 - jacard_coef: 0.5436 - val_loss: 0.2173 - val_accuracy: 0.8329 - val_jacard_coef: 0.0324
Epoch 65/200
 1/20 [>.............................] - ETA: 5s - loss: 0.0127 - accuracy: 0.9156 - jacard_coef: 0.7093 2/20 [==>...........................] - ETA: 4s - loss: 0.0106 - accuracy: 0.9214 - jacard_coef: 0.7174 3/20 [===>..........................] - ETA: 4s - loss: 0.0237 - accuracy: 0.8228 - jacard_coef: 0.5825 4/20 [=====>........................] - ETA: 4s - loss: 0.0213 - accuracy: 0.8313 - jacard_coef: 0.6153 5/20 [======>.......................] - ETA: 4s - loss: 0.0184 - accuracy: 0.8530 - jacard_coef: 0.6493 6/20 [========>.....................] - ETA: 3s - loss: 0.0167 - accuracy: 0.8729 - jacard_coef: 0.6446 7/20 [=========>....................] - ETA: 3s - loss: 0.0151 - accuracy: 0.8894 - jacard_coef: 0.6572 8/20 [===========>..................] - ETA: 3s - loss: 0.0149 - accuracy: 0.8916 - jacard_coef: 0.6565 9/20 [============>.................] - ETA: 3s - loss: 0.0139 - accuracy: 0.9023 - jacard_coef: 0.668310/20 [==============>...............] - ETA: 2s - loss: 0.0131 - accuracy: 0.9108 - jacard_coef: 0.672911/20 [===============>..............] - ETA: 2s - loss: 0.0129 - accuracy: 0.9109 - jacard_coef: 0.669012/20 [=================>............] - ETA: 2s - loss: 0.0132 - accuracy: 0.9058 - jacard_coef: 0.667313/20 [==================>...........] - ETA: 1s - loss: 0.0128 - accuracy: 0.9080 - jacard_coef: 0.675314/20 [====================>.........] - ETA: 1s - loss: 0.0127 - accuracy: 0.9051 - jacard_coef: 0.678415/20 [=====================>........] - ETA: 1s - loss: 0.0131 - accuracy: 0.9004 - jacard_coef: 0.676416/20 [=======================>......] - ETA: 1s - loss: 0.0132 - accuracy: 0.9010 - jacard_coef: 0.676017/20 [========================>.....] - ETA: 0s - loss: 0.0130 - accuracy: 0.9052 - jacard_coef: 0.657518/20 [==========================>...] - ETA: 0s - loss: 0.0129 - accuracy: 0.9042 - jacard_coef: 0.664419/20 [===========================>..] - ETA: 0s - loss: 0.0126 - accuracy: 0.9060 - jacard_coef: 0.670120/20 [==============================] - ETA: 0s - loss: 0.0125 - accuracy: 0.9071 - jacard_coef: 0.666020/20 [==============================] - 6s 287ms/step - loss: 0.0125 - accuracy: 0.9071 - jacard_coef: 0.6660 - val_loss: 0.1715 - val_accuracy: 0.7721 - val_jacard_coef: 0.0244
Epoch 66/200
 1/20 [>.............................] - ETA: 5s - loss: 0.0119 - accuracy: 0.9196 - jacard_coef: 0.7157 2/20 [==>...........................] - ETA: 4s - loss: 0.0094 - accuracy: 0.9336 - jacard_coef: 0.7719 3/20 [===>..........................] - ETA: 4s - loss: 0.0178 - accuracy: 0.8524 - jacard_coef: 0.6649 4/20 [=====>........................] - ETA: 4s - loss: 0.0168 - accuracy: 0.8537 - jacard_coef: 0.6783 5/20 [======>.......................] - ETA: 4s - loss: 0.0147 - accuracy: 0.8720 - jacard_coef: 0.7066 6/20 [========>.....................] - ETA: 3s - loss: 0.0138 - accuracy: 0.8843 - jacard_coef: 0.6676 7/20 [=========>....................] - ETA: 3s - loss: 0.0126 - accuracy: 0.8990 - jacard_coef: 0.6739 8/20 [===========>..................] - ETA: 3s - loss: 0.0123 - accuracy: 0.9029 - jacard_coef: 0.6835 9/20 [============>.................] - ETA: 3s - loss: 0.0115 - accuracy: 0.9120 - jacard_coef: 0.684210/20 [==============>...............] - ETA: 2s - loss: 0.0108 - accuracy: 0.9195 - jacard_coef: 0.684911/20 [===============>..............] - ETA: 2s - loss: 0.0107 - accuracy: 0.9201 - jacard_coef: 0.684112/20 [=================>............] - ETA: 2s - loss: 0.0110 - accuracy: 0.9138 - jacard_coef: 0.681113/20 [==================>...........] - ETA: 1s - loss: 0.0111 - accuracy: 0.9111 - jacard_coef: 0.664014/20 [====================>.........] - ETA: 1s - loss: 0.0110 - accuracy: 0.9097 - jacard_coef: 0.673815/20 [=====================>........] - ETA: 1s - loss: 0.0114 - accuracy: 0.9059 - jacard_coef: 0.676116/20 [=======================>......] - ETA: 1s - loss: 0.0117 - accuracy: 0.9059 - jacard_coef: 0.675217/20 [========================>.....] - ETA: 0s - loss: 0.0116 - accuracy: 0.9101 - jacard_coef: 0.658418/20 [==========================>...] - ETA: 0s - loss: 0.0115 - accuracy: 0.9096 - jacard_coef: 0.667819/20 [===========================>..] - ETA: 0s - loss: 0.0113 - accuracy: 0.9116 - jacard_coef: 0.676120/20 [==============================] - ETA: 0s - loss: 0.0112 - accuracy: 0.9125 - jacard_coef: 0.673720/20 [==============================] - 6s 287ms/step - loss: 0.0112 - accuracy: 0.9125 - jacard_coef: 0.6737 - val_loss: 0.1313 - val_accuracy: 0.7564 - val_jacard_coef: 0.0598
Epoch 67/200
 1/20 [>.............................] - ETA: 5s - loss: 0.0118 - accuracy: 0.9240 - jacard_coef: 0.7411 2/20 [==>...........................] - ETA: 4s - loss: 0.0095 - accuracy: 0.9322 - jacard_coef: 0.7703 3/20 [===>..........................] - ETA: 4s - loss: 0.0139 - accuracy: 0.8722 - jacard_coef: 0.7106 4/20 [=====>........................] - ETA: 4s - loss: 0.0137 - accuracy: 0.8705 - jacard_coef: 0.7183 5/20 [======>.......................] - ETA: 4s - loss: 0.0122 - accuracy: 0.8859 - jacard_coef: 0.7405 6/20 [========>.....................] - ETA: 3s - loss: 0.0115 - accuracy: 0.8986 - jacard_coef: 0.7140 7/20 [=========>....................] - ETA: 3s - loss: 0.0106 - accuracy: 0.9113 - jacard_coef: 0.7138 8/20 [===========>..................] - ETA: 3s - loss: 0.0110 - accuracy: 0.9078 - jacard_coef: 0.6916 9/20 [============>.................] - ETA: 3s - loss: 0.0103 - accuracy: 0.9167 - jacard_coef: 0.697910/20 [==============>...............] - ETA: 2s - loss: 0.0096 - accuracy: 0.9238 - jacard_coef: 0.700011/20 [===============>..............] - ETA: 2s - loss: 0.0094 - accuracy: 0.9257 - jacard_coef: 0.708512/20 [=================>............] - ETA: 2s - loss: 0.0096 - accuracy: 0.9216 - jacard_coef: 0.711613/20 [==================>...........] - ETA: 1s - loss: 0.0094 - accuracy: 0.9234 - jacard_coef: 0.720614/20 [====================>.........] - ETA: 1s - loss: 0.0093 - accuracy: 0.9213 - jacard_coef: 0.726915/20 [=====================>........] - ETA: 1s - loss: 0.0097 - accuracy: 0.9174 - jacard_coef: 0.727416/20 [=======================>......] - ETA: 1s - loss: 0.0101 - accuracy: 0.9153 - jacard_coef: 0.719717/20 [========================>.....] - ETA: 0s - loss: 0.0102 - accuracy: 0.9178 - jacard_coef: 0.692718/20 [==========================>...] - ETA: 0s - loss: 0.0101 - accuracy: 0.9173 - jacard_coef: 0.701119/20 [===========================>..] - ETA: 0s - loss: 0.0100 - accuracy: 0.9185 - jacard_coef: 0.706120/20 [==============================] - ETA: 0s - loss: 0.0099 - accuracy: 0.9195 - jacard_coef: 0.701520/20 [==============================] - 6s 287ms/step - loss: 0.0099 - accuracy: 0.9195 - jacard_coef: 0.7015 - val_loss: 0.0255 - val_accuracy: 0.8662 - val_jacard_coef: 0.3006
Epoch 68/200
 1/20 [>.............................] - ETA: 5s - loss: 0.0119 - accuracy: 0.9117 - jacard_coef: 0.6815 2/20 [==>...........................] - ETA: 4s - loss: 0.0104 - accuracy: 0.9122 - jacard_coef: 0.6590 3/20 [===>..........................] - ETA: 4s - loss: 0.0198 - accuracy: 0.8490 - jacard_coef: 0.6162 4/20 [=====>........................] - ETA: 4s - loss: 0.0182 - accuracy: 0.8544 - jacard_coef: 0.6513 5/20 [======>.......................] - ETA: 4s - loss: 0.0156 - accuracy: 0.8738 - jacard_coef: 0.6922 6/20 [========>.....................] - ETA: 3s - loss: 0.0161 - accuracy: 0.8727 - jacard_coef: 0.6263 7/20 [=========>....................] - ETA: 3s - loss: 0.0147 - accuracy: 0.8891 - jacard_coef: 0.6410 8/20 [===========>..................] - ETA: 3s - loss: 0.0143 - accuracy: 0.8935 - jacard_coef: 0.6524 9/20 [============>.................] - ETA: 3s - loss: 0.0135 - accuracy: 0.9025 - jacard_coef: 0.648310/20 [==============>...............] - ETA: 2s - loss: 0.0126 - accuracy: 0.9108 - jacard_coef: 0.648611/20 [===============>..............] - ETA: 2s - loss: 0.0126 - accuracy: 0.9095 - jacard_coef: 0.642012/20 [=================>............] - ETA: 2s - loss: 0.0127 - accuracy: 0.9047 - jacard_coef: 0.644013/20 [==================>...........] - ETA: 1s - loss: 0.0127 - accuracy: 0.9026 - jacard_coef: 0.629214/20 [====================>.........] - ETA: 1s - loss: 0.0126 - accuracy: 0.8998 - jacard_coef: 0.634715/20 [=====================>........] - ETA: 1s - loss: 0.0133 - accuracy: 0.8920 - jacard_coef: 0.625616/20 [=======================>......] - ETA: 1s - loss: 0.0137 - accuracy: 0.8909 - jacard_coef: 0.616717/20 [========================>.....] - ETA: 0s - loss: 0.0134 - accuracy: 0.8965 - jacard_coef: 0.610318/20 [==========================>...] - ETA: 0s - loss: 0.0135 - accuracy: 0.8929 - jacard_coef: 0.610119/20 [===========================>..] - ETA: 0s - loss: 0.0133 - accuracy: 0.8949 - jacard_coef: 0.616620/20 [==============================] - ETA: 0s - loss: 0.0132 - accuracy: 0.8961 - jacard_coef: 0.613720/20 [==============================] - 6s 287ms/step - loss: 0.0132 - accuracy: 0.8961 - jacard_coef: 0.6137 - val_loss: 0.2847 - val_accuracy: 0.5181 - val_jacard_coef: 0.2018
Epoch 69/200
 1/20 [>.............................] - ETA: 5s - loss: 0.0133 - accuracy: 0.9106 - jacard_coef: 0.6754 2/20 [==>...........................] - ETA: 4s - loss: 0.0111 - accuracy: 0.9201 - jacard_coef: 0.7122 3/20 [===>..........................] - ETA: 4s - loss: 0.0154 - accuracy: 0.8474 - jacard_coef: 0.6346 4/20 [=====>........................] - ETA: 4s - loss: 0.0149 - accuracy: 0.8509 - jacard_coef: 0.6582 5/20 [======>.......................] - ETA: 4s - loss: 0.0133 - accuracy: 0.8696 - jacard_coef: 0.6895 6/20 [========>.....................] - ETA: 3s - loss: 0.0133 - accuracy: 0.8800 - jacard_coef: 0.6481 7/20 [=========>....................] - ETA: 3s - loss: 0.0122 - accuracy: 0.8948 - jacard_coef: 0.6536 8/20 [===========>..................] - ETA: 3s - loss: 0.0123 - accuracy: 0.8956 - jacard_coef: 0.6531 9/20 [============>.................] - ETA: 3s - loss: 0.0116 - accuracy: 0.9046 - jacard_coef: 0.653110/20 [==============>...............] - ETA: 2s - loss: 0.0110 - accuracy: 0.9131 - jacard_coef: 0.664311/20 [===============>..............] - ETA: 2s - loss: 0.0107 - accuracy: 0.9157 - jacard_coef: 0.674512/20 [=================>............] - ETA: 2s - loss: 0.0108 - accuracy: 0.9122 - jacard_coef: 0.679913/20 [==================>...........] - ETA: 1s - loss: 0.0106 - accuracy: 0.9142 - jacard_coef: 0.689014/20 [====================>.........] - ETA: 1s - loss: 0.0105 - accuracy: 0.9128 - jacard_coef: 0.697615/20 [=====================>........] - ETA: 1s - loss: 0.0109 - accuracy: 0.9090 - jacard_coef: 0.698816/20 [=======================>......] - ETA: 1s - loss: 0.0111 - accuracy: 0.9089 - jacard_coef: 0.696917/20 [========================>.....] - ETA: 0s - loss: 0.0111 - accuracy: 0.9121 - jacard_coef: 0.672818/20 [==========================>...] - ETA: 0s - loss: 0.0110 - accuracy: 0.9115 - jacard_coef: 0.681219/20 [===========================>..] - ETA: 0s - loss: 0.0107 - accuracy: 0.9131 - jacard_coef: 0.687420/20 [==============================] - ETA: 0s - loss: 0.0107 - accuracy: 0.9139 - jacard_coef: 0.681320/20 [==============================] - 6s 287ms/step - loss: 0.0107 - accuracy: 0.9139 - jacard_coef: 0.6813 - val_loss: 0.0358 - val_accuracy: 0.7857 - val_jacard_coef: 0.3789
Epoch 70/200
 1/20 [>.............................] - ETA: 5s - loss: 0.0116 - accuracy: 0.9194 - jacard_coef: 0.7198 2/20 [==>...........................] - ETA: 4s - loss: 0.0097 - accuracy: 0.9250 - jacard_coef: 0.7293 3/20 [===>..........................] - ETA: 4s - loss: 0.0145 - accuracy: 0.8719 - jacard_coef: 0.6939 4/20 [=====>........................] - ETA: 4s - loss: 0.0141 - accuracy: 0.8711 - jacard_coef: 0.7079 5/20 [======>.......................] - ETA: 4s - loss: 0.0123 - accuracy: 0.8867 - jacard_coef: 0.7349 6/20 [========>.....................] - ETA: 3s - loss: 0.0113 - accuracy: 0.9005 - jacard_coef: 0.7003 7/20 [=========>....................] - ETA: 3s - loss: 0.0103 - accuracy: 0.9130 - jacard_coef: 0.7009 8/20 [===========>..................] - ETA: 3s - loss: 0.0105 - accuracy: 0.9127 - jacard_coef: 0.6996 9/20 [============>.................] - ETA: 3s - loss: 0.0099 - accuracy: 0.9209 - jacard_coef: 0.702010/20 [==============>...............] - ETA: 2s - loss: 0.0093 - accuracy: 0.9274 - jacard_coef: 0.700411/20 [===============>..............] - ETA: 2s - loss: 0.0090 - accuracy: 0.9298 - jacard_coef: 0.713712/20 [=================>............] - ETA: 2s - loss: 0.0090 - accuracy: 0.9273 - jacard_coef: 0.722513/20 [==================>...........] - ETA: 1s - loss: 0.0088 - accuracy: 0.9284 - jacard_coef: 0.729914/20 [====================>.........] - ETA: 1s - loss: 0.0088 - accuracy: 0.9265 - jacard_coef: 0.737515/20 [=====================>........] - ETA: 1s - loss: 0.0092 - accuracy: 0.9224 - jacard_coef: 0.737916/20 [=======================>......] - ETA: 1s - loss: 0.0094 - accuracy: 0.9217 - jacard_coef: 0.734617/20 [========================>.....] - ETA: 0s - loss: 0.0093 - accuracy: 0.9254 - jacard_coef: 0.721018/20 [==========================>...] - ETA: 0s - loss: 0.0092 - accuracy: 0.9242 - jacard_coef: 0.727219/20 [===========================>..] - ETA: 0s - loss: 0.0091 - accuracy: 0.9253 - jacard_coef: 0.731720/20 [==============================] - ETA: 0s - loss: 0.0091 - accuracy: 0.9258 - jacard_coef: 0.723320/20 [==============================] - 6s 288ms/step - loss: 0.0091 - accuracy: 0.9258 - jacard_coef: 0.7233 - val_loss: 0.0711 - val_accuracy: 0.7738 - val_jacard_coef: 0.3956
Epoch 71/200
 1/20 [>.............................] - ETA: 5s - loss: 0.0102 - accuracy: 0.9202 - jacard_coef: 0.7243 2/20 [==>...........................] - ETA: 4s - loss: 0.0083 - accuracy: 0.9314 - jacard_coef: 0.7654 3/20 [===>..........................] - ETA: 4s - loss: 0.0124 - accuracy: 0.8822 - jacard_coef: 0.7312 4/20 [=====>........................] - ETA: 4s - loss: 0.0124 - accuracy: 0.8791 - jacard_coef: 0.7367 5/20 [======>.......................] - ETA: 4s - loss: 0.0110 - accuracy: 0.8931 - jacard_coef: 0.7579 6/20 [========>.....................] - ETA: 3s - loss: 0.0101 - accuracy: 0.9065 - jacard_coef: 0.7318 7/20 [=========>....................] - ETA: 3s - loss: 0.0093 - accuracy: 0.9182 - jacard_coef: 0.7306 8/20 [===========>..................] - ETA: 3s - loss: 0.0092 - accuracy: 0.9203 - jacard_coef: 0.7367 9/20 [============>.................] - ETA: 3s - loss: 0.0087 - accuracy: 0.9279 - jacard_coef: 0.740910/20 [==============>...............] - ETA: 2s - loss: 0.0082 - accuracy: 0.9339 - jacard_coef: 0.739811/20 [===============>..............] - ETA: 2s - loss: 0.0080 - accuracy: 0.9357 - jacard_coef: 0.749812/20 [=================>............] - ETA: 2s - loss: 0.0080 - accuracy: 0.9329 - jacard_coef: 0.756313/20 [==================>...........] - ETA: 1s - loss: 0.0079 - accuracy: 0.9337 - jacard_coef: 0.761814/20 [====================>.........] - ETA: 1s - loss: 0.0079 - accuracy: 0.9318 - jacard_coef: 0.767915/20 [=====================>........] - ETA: 1s - loss: 0.0084 - accuracy: 0.9276 - jacard_coef: 0.767216/20 [=======================>......] - ETA: 1s - loss: 0.0086 - accuracy: 0.9267 - jacard_coef: 0.763017/20 [========================>.....] - ETA: 0s - loss: 0.0085 - accuracy: 0.9296 - jacard_coef: 0.741418/20 [==========================>...] - ETA: 0s - loss: 0.0085 - accuracy: 0.9285 - jacard_coef: 0.747519/20 [===========================>..] - ETA: 0s - loss: 0.0084 - accuracy: 0.9295 - jacard_coef: 0.751820/20 [==============================] - ETA: 0s - loss: 0.0083 - accuracy: 0.9302 - jacard_coef: 0.745020/20 [==============================] - 6s 287ms/step - loss: 0.0083 - accuracy: 0.9302 - jacard_coef: 0.7450 - val_loss: 0.0378 - val_accuracy: 0.8243 - val_jacard_coef: 0.4191
Epoch 72/200
 1/20 [>.............................] - ETA: 5s - loss: 0.0097 - accuracy: 0.9197 - jacard_coef: 0.7217 2/20 [==>...........................] - ETA: 4s - loss: 0.0081 - accuracy: 0.9296 - jacard_coef: 0.7546 3/20 [===>..........................] - ETA: 4s - loss: 0.0117 - accuracy: 0.8899 - jacard_coef: 0.7437 4/20 [=====>........................] - ETA: 4s - loss: 0.0119 - accuracy: 0.8845 - jacard_coef: 0.7453 5/20 [======>.......................] - ETA: 4s - loss: 0.0106 - accuracy: 0.8968 - jacard_coef: 0.7607 6/20 [========>.....................] - ETA: 3s - loss: 0.0098 - accuracy: 0.9086 - jacard_coef: 0.7154 7/20 [=========>....................] - ETA: 3s - loss: 0.0090 - accuracy: 0.9198 - jacard_coef: 0.7090 8/20 [===========>..................] - ETA: 3s - loss: 0.0089 - accuracy: 0.9212 - jacard_coef: 0.7155 9/20 [============>.................] - ETA: 3s - loss: 0.0084 - accuracy: 0.9286 - jacard_coef: 0.717310/20 [==============>...............] - ETA: 2s - loss: 0.0080 - accuracy: 0.9344 - jacard_coef: 0.714311/20 [===============>..............] - ETA: 2s - loss: 0.0077 - accuracy: 0.9362 - jacard_coef: 0.727112/20 [=================>............] - ETA: 2s - loss: 0.0078 - accuracy: 0.9337 - jacard_coef: 0.736513/20 [==================>...........] - ETA: 1s - loss: 0.0077 - accuracy: 0.9346 - jacard_coef: 0.744314/20 [====================>.........] - ETA: 1s - loss: 0.0077 - accuracy: 0.9327 - jacard_coef: 0.752015/20 [=====================>........] - ETA: 1s - loss: 0.0081 - accuracy: 0.9288 - jacard_coef: 0.753216/20 [=======================>......] - ETA: 1s - loss: 0.0083 - accuracy: 0.9278 - jacard_coef: 0.749917/20 [========================>.....] - ETA: 0s - loss: 0.0083 - accuracy: 0.9300 - jacard_coef: 0.723918/20 [==========================>...] - ETA: 0s - loss: 0.0083 - accuracy: 0.9289 - jacard_coef: 0.731319/20 [===========================>..] - ETA: 0s - loss: 0.0082 - accuracy: 0.9297 - jacard_coef: 0.735720/20 [==============================] - ETA: 0s - loss: 0.0081 - accuracy: 0.9305 - jacard_coef: 0.732620/20 [==============================] - 6s 288ms/step - loss: 0.0081 - accuracy: 0.9305 - jacard_coef: 0.7326 - val_loss: 0.0184 - val_accuracy: 0.9086 - val_jacard_coef: 0.5220
Epoch 73/200
 1/20 [>.............................] - ETA: 5s - loss: 0.0095 - accuracy: 0.9176 - jacard_coef: 0.7126 2/20 [==>...........................] - ETA: 4s - loss: 0.0079 - accuracy: 0.9319 - jacard_coef: 0.7688 3/20 [===>..........................] - ETA: 4s - loss: 0.0115 - accuracy: 0.8932 - jacard_coef: 0.7576 4/20 [=====>........................] - ETA: 4s - loss: 0.0117 - accuracy: 0.8867 - jacard_coef: 0.7545 5/20 [======>.......................] - ETA: 4s - loss: 0.0104 - accuracy: 0.8978 - jacard_coef: 0.7637 6/20 [========>.....................] - ETA: 3s - loss: 0.0097 - accuracy: 0.9093 - jacard_coef: 0.7148 7/20 [=========>....................] - ETA: 3s - loss: 0.0090 - accuracy: 0.9203 - jacard_coef: 0.7078 8/20 [===========>..................] - ETA: 3s - loss: 0.0088 - accuracy: 0.9217 - jacard_coef: 0.7141 9/20 [============>.................] - ETA: 3s - loss: 0.0083 - accuracy: 0.9286 - jacard_coef: 0.706510/20 [==============>...............] - ETA: 2s - loss: 0.0079 - accuracy: 0.9343 - jacard_coef: 0.703011/20 [===============>..............] - ETA: 2s - loss: 0.0076 - accuracy: 0.9361 - jacard_coef: 0.716612/20 [=================>............] - ETA: 2s - loss: 0.0077 - accuracy: 0.9334 - jacard_coef: 0.726313/20 [==================>...........] - ETA: 1s - loss: 0.0076 - accuracy: 0.9344 - jacard_coef: 0.734814/20 [====================>.........] - ETA: 1s - loss: 0.0076 - accuracy: 0.9325 - jacard_coef: 0.743315/20 [=====================>........] - ETA: 1s - loss: 0.0080 - accuracy: 0.9286 - jacard_coef: 0.745216/20 [=======================>......] - ETA: 1s - loss: 0.0082 - accuracy: 0.9277 - jacard_coef: 0.742617/20 [========================>.....] - ETA: 0s - loss: 0.0081 - accuracy: 0.9308 - jacard_coef: 0.724818/20 [==========================>...] - ETA: 0s - loss: 0.0081 - accuracy: 0.9298 - jacard_coef: 0.732419/20 [===========================>..] - ETA: 0s - loss: 0.0080 - accuracy: 0.9307 - jacard_coef: 0.737420/20 [==============================] - ETA: 0s - loss: 0.0079 - accuracy: 0.9315 - jacard_coef: 0.734920/20 [==============================] - 6s 287ms/step - loss: 0.0079 - accuracy: 0.9315 - jacard_coef: 0.7349 - val_loss: 0.0129 - val_accuracy: 0.9183 - val_jacard_coef: 0.5427
Epoch 74/200
 1/20 [>.............................] - ETA: 5s - loss: 0.0093 - accuracy: 0.9227 - jacard_coef: 0.7410 2/20 [==>...........................] - ETA: 4s - loss: 0.0078 - accuracy: 0.9366 - jacard_coef: 0.7943 3/20 [===>..........................] - ETA: 4s - loss: 0.0113 - accuracy: 0.8999 - jacard_coef: 0.7831 4/20 [=====>........................] - ETA: 4s - loss: 0.0114 - accuracy: 0.8940 - jacard_coef: 0.7805 5/20 [======>.......................] - ETA: 4s - loss: 0.0101 - accuracy: 0.9045 - jacard_coef: 0.7893 6/20 [========>.....................] - ETA: 3s - loss: 0.0093 - accuracy: 0.9161 - jacard_coef: 0.7595 7/20 [=========>....................] - ETA: 3s - loss: 0.0086 - accuracy: 0.9264 - jacard_coef: 0.7539 8/20 [===========>..................] - ETA: 3s - loss: 0.0085 - accuracy: 0.9280 - jacard_coef: 0.7595 9/20 [============>.................] - ETA: 3s - loss: 0.0080 - accuracy: 0.9347 - jacard_coef: 0.760410/20 [==============>...............] - ETA: 2s - loss: 0.0076 - accuracy: 0.9400 - jacard_coef: 0.755111/20 [===============>..............] - ETA: 2s - loss: 0.0074 - accuracy: 0.9411 - jacard_coef: 0.763212/20 [=================>............] - ETA: 2s - loss: 0.0075 - accuracy: 0.9374 - jacard_coef: 0.767113/20 [==================>...........] - ETA: 1s - loss: 0.0074 - accuracy: 0.9375 - jacard_coef: 0.769614/20 [====================>.........] - ETA: 1s - loss: 0.0074 - accuracy: 0.9349 - jacard_coef: 0.773815/20 [=====================>........] - ETA: 1s - loss: 0.0078 - accuracy: 0.9303 - jacard_coef: 0.772216/20 [=======================>......] - ETA: 1s - loss: 0.0080 - accuracy: 0.9293 - jacard_coef: 0.767517/20 [========================>.....] - ETA: 0s - loss: 0.0079 - accuracy: 0.9323 - jacard_coef: 0.748618/20 [==========================>...] - ETA: 0s - loss: 0.0079 - accuracy: 0.9310 - jacard_coef: 0.754419/20 [===========================>..] - ETA: 0s - loss: 0.0078 - accuracy: 0.9319 - jacard_coef: 0.757920/20 [==============================] - ETA: 0s - loss: 0.0078 - accuracy: 0.9326 - jacard_coef: 0.754120/20 [==============================] - 6s 287ms/step - loss: 0.0078 - accuracy: 0.9326 - jacard_coef: 0.7541 - val_loss: 0.0109 - val_accuracy: 0.9241 - val_jacard_coef: 0.5724
Epoch 75/200
 1/20 [>.............................] - ETA: 5s - loss: 0.0093 - accuracy: 0.9245 - jacard_coef: 0.7453 2/20 [==>...........................] - ETA: 4s - loss: 0.0078 - accuracy: 0.9369 - jacard_coef: 0.7934 3/20 [===>..........................] - ETA: 4s - loss: 0.0111 - accuracy: 0.8998 - jacard_coef: 0.7816 4/20 [=====>........................] - ETA: 4s - loss: 0.0112 - accuracy: 0.8948 - jacard_coef: 0.7819 5/20 [======>.......................] - ETA: 4s - loss: 0.0100 - accuracy: 0.9054 - jacard_coef: 0.7924 6/20 [========>.....................] - ETA: 3s - loss: 0.0092 - accuracy: 0.9171 - jacard_coef: 0.7657 7/20 [=========>....................] - ETA: 3s - loss: 0.0085 - accuracy: 0.9273 - jacard_coef: 0.7604 8/20 [===========>..................] - ETA: 3s - loss: 0.0084 - accuracy: 0.9288 - jacard_coef: 0.7656 9/20 [============>.................] - ETA: 3s - loss: 0.0079 - accuracy: 0.9355 - jacard_coef: 0.766910/20 [==============>...............] - ETA: 2s - loss: 0.0075 - accuracy: 0.9407 - jacard_coef: 0.762211/20 [===============>..............] - ETA: 2s - loss: 0.0073 - accuracy: 0.9420 - jacard_coef: 0.770512/20 [=================>............] - ETA: 2s - loss: 0.0074 - accuracy: 0.9388 - jacard_coef: 0.775913/20 [==================>...........] - ETA: 1s - loss: 0.0073 - accuracy: 0.9390 - jacard_coef: 0.779214/20 [====================>.........] - ETA: 1s - loss: 0.0073 - accuracy: 0.9366 - jacard_coef: 0.783915/20 [=====================>........] - ETA: 1s - loss: 0.0077 - accuracy: 0.9321 - jacard_coef: 0.782116/20 [=======================>......] - ETA: 1s - loss: 0.0079 - accuracy: 0.9308 - jacard_coef: 0.776317/20 [========================>.....] - ETA: 0s - loss: 0.0078 - accuracy: 0.9339 - jacard_coef: 0.758718/20 [==========================>...] - ETA: 0s - loss: 0.0078 - accuracy: 0.9324 - jacard_coef: 0.763619/20 [===========================>..] - ETA: 0s - loss: 0.0077 - accuracy: 0.9331 - jacard_coef: 0.766620/20 [==============================] - ETA: 0s - loss: 0.0076 - accuracy: 0.9339 - jacard_coef: 0.762220/20 [==============================] - 6s 287ms/step - loss: 0.0076 - accuracy: 0.9339 - jacard_coef: 0.7622 - val_loss: 0.0113 - val_accuracy: 0.9216 - val_jacard_coef: 0.5615
Epoch 76/200
 1/20 [>.............................] - ETA: 5s - loss: 0.0094 - accuracy: 0.9206 - jacard_coef: 0.7236 2/20 [==>...........................] - ETA: 4s - loss: 0.0077 - accuracy: 0.9328 - jacard_coef: 0.7710 3/20 [===>..........................] - ETA: 4s - loss: 0.0110 - accuracy: 0.8981 - jacard_coef: 0.7689 4/20 [=====>........................] - ETA: 4s - loss: 0.0111 - accuracy: 0.8933 - jacard_coef: 0.7718 5/20 [======>.......................] - ETA: 4s - loss: 0.0099 - accuracy: 0.9039 - jacard_coef: 0.7820 6/20 [========>.....................] - ETA: 3s - loss: 0.0091 - accuracy: 0.9159 - jacard_coef: 0.7595 7/20 [=========>....................] - ETA: 3s - loss: 0.0084 - accuracy: 0.9263 - jacard_coef: 0.7543 8/20 [===========>..................] - ETA: 3s - loss: 0.0083 - accuracy: 0.9279 - jacard_coef: 0.7600 9/20 [============>.................] - ETA: 3s - loss: 0.0078 - accuracy: 0.9346 - jacard_coef: 0.761810/20 [==============>...............] - ETA: 2s - loss: 0.0074 - accuracy: 0.9400 - jacard_coef: 0.760011/20 [===============>..............] - ETA: 2s - loss: 0.0072 - accuracy: 0.9414 - jacard_coef: 0.769012/20 [=================>............] - ETA: 2s - loss: 0.0073 - accuracy: 0.9385 - jacard_coef: 0.775213/20 [==================>...........] - ETA: 1s - loss: 0.0072 - accuracy: 0.9389 - jacard_coef: 0.779214/20 [====================>.........] - ETA: 1s - loss: 0.0072 - accuracy: 0.9366 - jacard_coef: 0.784415/20 [=====================>........] - ETA: 1s - loss: 0.0076 - accuracy: 0.9322 - jacard_coef: 0.782916/20 [=======================>......] - ETA: 1s - loss: 0.0078 - accuracy: 0.9309 - jacard_coef: 0.777117/20 [========================>.....] - ETA: 0s - loss: 0.0077 - accuracy: 0.9338 - jacard_coef: 0.756818/20 [==========================>...] - ETA: 0s - loss: 0.0077 - accuracy: 0.9325 - jacard_coef: 0.762219/20 [===========================>..] - ETA: 0s - loss: 0.0075 - accuracy: 0.9331 - jacard_coef: 0.765120/20 [==============================] - ETA: 0s - loss: 0.0075 - accuracy: 0.9339 - jacard_coef: 0.761820/20 [==============================] - 6s 287ms/step - loss: 0.0075 - accuracy: 0.9339 - jacard_coef: 0.7618 - val_loss: 0.0096 - val_accuracy: 0.9262 - val_jacard_coef: 0.5820
Epoch 77/200
 1/20 [>.............................] - ETA: 5s - loss: 0.0092 - accuracy: 0.9193 - jacard_coef: 0.7186 2/20 [==>...........................] - ETA: 4s - loss: 0.0077 - accuracy: 0.9323 - jacard_coef: 0.7694 3/20 [===>..........................] - ETA: 4s - loss: 0.0108 - accuracy: 0.8982 - jacard_coef: 0.7690 4/20 [=====>........................] - ETA: 4s - loss: 0.0109 - accuracy: 0.8937 - jacard_coef: 0.7728 5/20 [======>.......................] - ETA: 4s - loss: 0.0097 - accuracy: 0.9041 - jacard_coef: 0.7820 6/20 [========>.....................] - ETA: 3s - loss: 0.0090 - accuracy: 0.9156 - jacard_coef: 0.7490 7/20 [=========>....................] - ETA: 3s - loss: 0.0083 - accuracy: 0.9258 - jacard_coef: 0.7393 8/20 [===========>..................] - ETA: 3s - loss: 0.0082 - accuracy: 0.9274 - jacard_coef: 0.7464 9/20 [============>.................] - ETA: 3s - loss: 0.0078 - accuracy: 0.9342 - jacard_coef: 0.748810/20 [==============>...............] - ETA: 2s - loss: 0.0074 - accuracy: 0.9396 - jacard_coef: 0.745411/20 [===============>..............] - ETA: 2s - loss: 0.0072 - accuracy: 0.9410 - jacard_coef: 0.756012/20 [=================>............] - ETA: 2s - loss: 0.0072 - accuracy: 0.9381 - jacard_coef: 0.763013/20 [==================>...........] - ETA: 1s - loss: 0.0071 - accuracy: 0.9386 - jacard_coef: 0.768514/20 [====================>.........] - ETA: 1s - loss: 0.0071 - accuracy: 0.9365 - jacard_coef: 0.774815/20 [=====================>........] - ETA: 1s - loss: 0.0075 - accuracy: 0.9322 - jacard_coef: 0.774416/20 [=======================>......] - ETA: 1s - loss: 0.0077 - accuracy: 0.9309 - jacard_coef: 0.769417/20 [========================>.....] - ETA: 0s - loss: 0.0076 - accuracy: 0.9339 - jacard_coef: 0.751118/20 [==========================>...] - ETA: 0s - loss: 0.0076 - accuracy: 0.9326 - jacard_coef: 0.757119/20 [===========================>..] - ETA: 0s - loss: 0.0075 - accuracy: 0.9334 - jacard_coef: 0.760620/20 [==============================] - ETA: 0s - loss: 0.0074 - accuracy: 0.9342 - jacard_coef: 0.758120/20 [==============================] - 6s 287ms/step - loss: 0.0074 - accuracy: 0.9342 - jacard_coef: 0.7581 - val_loss: 0.0104 - val_accuracy: 0.9187 - val_jacard_coef: 0.5580
Epoch 78/200
 1/20 [>.............................] - ETA: 5s - loss: 0.0091 - accuracy: 0.9208 - jacard_coef: 0.7286 2/20 [==>...........................] - ETA: 4s - loss: 0.0075 - accuracy: 0.9338 - jacard_coef: 0.7790 3/20 [===>..........................] - ETA: 4s - loss: 0.0106 - accuracy: 0.9008 - jacard_coef: 0.7788 4/20 [=====>........................] - ETA: 4s - loss: 0.0107 - accuracy: 0.8961 - jacard_coef: 0.7816 5/20 [======>.......................] - ETA: 4s - loss: 0.0096 - accuracy: 0.9058 - jacard_coef: 0.7880 6/20 [========>.....................] - ETA: 3s - loss: 0.0088 - accuracy: 0.9175 - jacard_coef: 0.7647 7/20 [=========>....................] - ETA: 3s - loss: 0.0081 - accuracy: 0.9277 - jacard_coef: 0.7575 8/20 [===========>..................] - ETA: 3s - loss: 0.0080 - accuracy: 0.9289 - jacard_coef: 0.7619 9/20 [============>.................] - ETA: 3s - loss: 0.0076 - accuracy: 0.9356 - jacard_coef: 0.764110/20 [==============>...............] - ETA: 2s - loss: 0.0072 - accuracy: 0.9409 - jacard_coef: 0.760811/20 [===============>..............] - ETA: 2s - loss: 0.0070 - accuracy: 0.9422 - jacard_coef: 0.770212/20 [=================>............] - ETA: 2s - loss: 0.0070 - accuracy: 0.9392 - jacard_coef: 0.775913/20 [==================>...........] - ETA: 1s - loss: 0.0069 - accuracy: 0.9396 - jacard_coef: 0.780314/20 [====================>.........] - ETA: 1s - loss: 0.0070 - accuracy: 0.9373 - jacard_coef: 0.785515/20 [=====================>........] - ETA: 1s - loss: 0.0074 - accuracy: 0.9330 - jacard_coef: 0.784216/20 [=======================>......] - ETA: 1s - loss: 0.0075 - accuracy: 0.9317 - jacard_coef: 0.778617/20 [========================>.....] - ETA: 0s - loss: 0.0075 - accuracy: 0.9345 - jacard_coef: 0.757718/20 [==========================>...] - ETA: 0s - loss: 0.0074 - accuracy: 0.9332 - jacard_coef: 0.763319/20 [===========================>..] - ETA: 0s - loss: 0.0073 - accuracy: 0.9339 - jacard_coef: 0.766520/20 [==============================] - ETA: 0s - loss: 0.0073 - accuracy: 0.9347 - jacard_coef: 0.764320/20 [==============================] - 6s 287ms/step - loss: 0.0073 - accuracy: 0.9347 - jacard_coef: 0.7643 - val_loss: 0.0107 - val_accuracy: 0.9167 - val_jacard_coef: 0.5517
Epoch 79/200
 1/20 [>.............................] - ETA: 5s - loss: 0.0089 - accuracy: 0.9211 - jacard_coef: 0.7305 2/20 [==>...........................] - ETA: 4s - loss: 0.0074 - accuracy: 0.9340 - jacard_coef: 0.7806 3/20 [===>..........................] - ETA: 4s - loss: 0.0105 - accuracy: 0.9014 - jacard_coef: 0.7810 4/20 [=====>........................] - ETA: 4s - loss: 0.0106 - accuracy: 0.8971 - jacard_coef: 0.7849 5/20 [======>.......................] - ETA: 4s - loss: 0.0094 - accuracy: 0.9068 - jacard_coef: 0.7920 6/20 [========>.....................] - ETA: 3s - loss: 0.0087 - accuracy: 0.9181 - jacard_coef: 0.7601 7/20 [=========>....................] - ETA: 3s - loss: 0.0081 - accuracy: 0.9278 - jacard_coef: 0.7468 8/20 [===========>..................] - ETA: 3s - loss: 0.0080 - accuracy: 0.9291 - jacard_coef: 0.7527 9/20 [============>.................] - ETA: 3s - loss: 0.0075 - accuracy: 0.9356 - jacard_coef: 0.752210/20 [==============>...............] - ETA: 2s - loss: 0.0071 - accuracy: 0.9408 - jacard_coef: 0.747211/20 [===============>..............] - ETA: 2s - loss: 0.0069 - accuracy: 0.9422 - jacard_coef: 0.758012/20 [=================>............] - ETA: 2s - loss: 0.0070 - accuracy: 0.9392 - jacard_coef: 0.764913/20 [==================>...........] - ETA: 1s - loss: 0.0069 - accuracy: 0.9397 - jacard_coef: 0.770414/20 [====================>.........] - ETA: 1s - loss: 0.0069 - accuracy: 0.9375 - jacard_coef: 0.776615/20 [=====================>........] - ETA: 1s - loss: 0.0073 - accuracy: 0.9331 - jacard_coef: 0.776116/20 [=======================>......] - ETA: 1s - loss: 0.0075 - accuracy: 0.9318 - jacard_coef: 0.771017/20 [========================>.....] - ETA: 0s - loss: 0.0074 - accuracy: 0.9349 - jacard_coef: 0.754518/20 [==========================>...] - ETA: 0s - loss: 0.0073 - accuracy: 0.9335 - jacard_coef: 0.760219/20 [===========================>..] - ETA: 0s - loss: 0.0072 - accuracy: 0.9342 - jacard_coef: 0.763420/20 [==============================] - ETA: 0s - loss: 0.0072 - accuracy: 0.9351 - jacard_coef: 0.761320/20 [==============================] - 6s 288ms/step - loss: 0.0072 - accuracy: 0.9351 - jacard_coef: 0.7613 - val_loss: 0.0101 - val_accuracy: 0.9217 - val_jacard_coef: 0.5761
Epoch 80/200
 1/20 [>.............................] - ETA: 5s - loss: 0.0088 - accuracy: 0.9214 - jacard_coef: 0.7325 2/20 [==>...........................] - ETA: 4s - loss: 0.0074 - accuracy: 0.9349 - jacard_coef: 0.7854 3/20 [===>..........................] - ETA: 4s - loss: 0.0104 - accuracy: 0.9032 - jacard_coef: 0.7871 4/20 [=====>........................] - ETA: 4s - loss: 0.0104 - accuracy: 0.8993 - jacard_coef: 0.7917 5/20 [======>.......................] - ETA: 4s - loss: 0.0093 - accuracy: 0.9088 - jacard_coef: 0.7990 6/20 [========>.....................] - ETA: 3s - loss: 0.0085 - accuracy: 0.9202 - jacard_coef: 0.7796 7/20 [=========>....................] - ETA: 3s - loss: 0.0079 - accuracy: 0.9300 - jacard_coef: 0.7737 8/20 [===========>..................] - ETA: 3s - loss: 0.0078 - accuracy: 0.9310 - jacard_coef: 0.7765 9/20 [============>.................] - ETA: 3s - loss: 0.0073 - accuracy: 0.9375 - jacard_coef: 0.777110/20 [==============>...............] - ETA: 2s - loss: 0.0069 - accuracy: 0.9425 - jacard_coef: 0.772411/20 [===============>..............] - ETA: 2s - loss: 0.0068 - accuracy: 0.9438 - jacard_coef: 0.781112/20 [=================>............] - ETA: 2s - loss: 0.0068 - accuracy: 0.9407 - jacard_coef: 0.786213/20 [==================>...........] - ETA: 1s - loss: 0.0067 - accuracy: 0.9410 - jacard_coef: 0.789314/20 [====================>.........] - ETA: 1s - loss: 0.0068 - accuracy: 0.9386 - jacard_coef: 0.793915/20 [=====================>........] - ETA: 1s - loss: 0.0071 - accuracy: 0.9341 - jacard_coef: 0.792016/20 [=======================>......] - ETA: 1s - loss: 0.0073 - accuracy: 0.9328 - jacard_coef: 0.785717/20 [========================>.....] - ETA: 0s - loss: 0.0072 - accuracy: 0.9359 - jacard_coef: 0.768718/20 [==========================>...] - ETA: 0s - loss: 0.0072 - accuracy: 0.9344 - jacard_coef: 0.773619/20 [===========================>..] - ETA: 0s - loss: 0.0071 - accuracy: 0.9350 - jacard_coef: 0.775620/20 [==============================] - ETA: 0s - loss: 0.0071 - accuracy: 0.9358 - jacard_coef: 0.772920/20 [==============================] - 6s 288ms/step - loss: 0.0071 - accuracy: 0.9358 - jacard_coef: 0.7729 - val_loss: 0.0097 - val_accuracy: 0.9241 - val_jacard_coef: 0.5875
Epoch 81/200
 1/20 [>.............................] - ETA: 5s - loss: 0.0087 - accuracy: 0.9224 - jacard_coef: 0.7370 2/20 [==>...........................] - ETA: 4s - loss: 0.0073 - accuracy: 0.9352 - jacard_coef: 0.7865 3/20 [===>..........................] - ETA: 4s - loss: 0.0102 - accuracy: 0.9034 - jacard_coef: 0.7879 4/20 [=====>........................] - ETA: 4s - loss: 0.0103 - accuracy: 0.8999 - jacard_coef: 0.7936 5/20 [======>.......................] - ETA: 4s - loss: 0.0092 - accuracy: 0.9095 - jacard_coef: 0.8018 6/20 [========>.....................] - ETA: 3s - loss: 0.0085 - accuracy: 0.9207 - jacard_coef: 0.7772 7/20 [=========>....................] - ETA: 3s - loss: 0.0078 - accuracy: 0.9303 - jacard_coef: 0.7657 8/20 [===========>..................] - ETA: 3s - loss: 0.0077 - accuracy: 0.9314 - jacard_coef: 0.7702 9/20 [============>.................] - ETA: 3s - loss: 0.0073 - accuracy: 0.9378 - jacard_coef: 0.771810/20 [==============>...............] - ETA: 2s - loss: 0.0069 - accuracy: 0.9429 - jacard_coef: 0.769311/20 [===============>..............] - ETA: 2s - loss: 0.0067 - accuracy: 0.9442 - jacard_coef: 0.778212/20 [=================>............] - ETA: 2s - loss: 0.0068 - accuracy: 0.9410 - jacard_coef: 0.783613/20 [==================>...........] - ETA: 1s - loss: 0.0067 - accuracy: 0.9413 - jacard_coef: 0.787414/20 [====================>.........] - ETA: 1s - loss: 0.0068 - accuracy: 0.9390 - jacard_coef: 0.792615/20 [=====================>........] - ETA: 1s - loss: 0.0071 - accuracy: 0.9346 - jacard_coef: 0.791116/20 [=======================>......] - ETA: 1s - loss: 0.0073 - accuracy: 0.9332 - jacard_coef: 0.784917/20 [========================>.....] - ETA: 0s - loss: 0.0072 - accuracy: 0.9363 - jacard_coef: 0.768418/20 [==========================>...] - ETA: 0s - loss: 0.0071 - accuracy: 0.9348 - jacard_coef: 0.773019/20 [===========================>..] - ETA: 0s - loss: 0.0071 - accuracy: 0.9352 - jacard_coef: 0.774220/20 [==============================] - ETA: 0s - loss: 0.0070 - accuracy: 0.9360 - jacard_coef: 0.771720/20 [==============================] - 6s 287ms/step - loss: 0.0070 - accuracy: 0.9360 - jacard_coef: 0.7717 - val_loss: 0.0096 - val_accuracy: 0.9263 - val_jacard_coef: 0.5964
Epoch 82/200
 1/20 [>.............................] - ETA: 5s - loss: 0.0088 - accuracy: 0.9213 - jacard_coef: 0.7289 2/20 [==>...........................] - ETA: 4s - loss: 0.0073 - accuracy: 0.9343 - jacard_coef: 0.7799 3/20 [===>..........................] - ETA: 4s - loss: 0.0102 - accuracy: 0.9040 - jacard_coef: 0.7861 4/20 [=====>........................] - ETA: 4s - loss: 0.0103 - accuracy: 0.9004 - jacard_coef: 0.7926 5/20 [======>.......................] - ETA: 4s - loss: 0.0091 - accuracy: 0.9097 - jacard_coef: 0.7995 6/20 [========>.....................] - ETA: 3s - loss: 0.0084 - accuracy: 0.9211 - jacard_coef: 0.7811 7/20 [=========>....................] - ETA: 3s - loss: 0.0077 - accuracy: 0.9308 - jacard_coef: 0.7743 8/20 [===========>..................] - ETA: 3s - loss: 0.0076 - accuracy: 0.9316 - jacard_coef: 0.7768 9/20 [============>.................] - ETA: 3s - loss: 0.0072 - accuracy: 0.9380 - jacard_coef: 0.777710/20 [==============>...............] - ETA: 2s - loss: 0.0068 - accuracy: 0.9431 - jacard_coef: 0.774711/20 [===============>..............] - ETA: 2s - loss: 0.0067 - accuracy: 0.9444 - jacard_coef: 0.783412/20 [=================>............] - ETA: 2s - loss: 0.0067 - accuracy: 0.9414 - jacard_coef: 0.788813/20 [==================>...........] - ETA: 1s - loss: 0.0067 - accuracy: 0.9416 - jacard_coef: 0.791914/20 [====================>.........] - ETA: 1s - loss: 0.0067 - accuracy: 0.9393 - jacard_coef: 0.796915/20 [=====================>........] - ETA: 1s - loss: 0.0071 - accuracy: 0.9349 - jacard_coef: 0.795116/20 [=======================>......] - ETA: 1s - loss: 0.0072 - accuracy: 0.9335 - jacard_coef: 0.788717/20 [========================>.....] - ETA: 0s - loss: 0.0071 - accuracy: 0.9366 - jacard_coef: 0.773118/20 [==========================>...] - ETA: 0s - loss: 0.0071 - accuracy: 0.9351 - jacard_coef: 0.777819/20 [===========================>..] - ETA: 0s - loss: 0.0070 - accuracy: 0.9355 - jacard_coef: 0.778920/20 [==============================] - ETA: 0s - loss: 0.0070 - accuracy: 0.9364 - jacard_coef: 0.776620/20 [==============================] - 6s 288ms/step - loss: 0.0070 - accuracy: 0.9364 - jacard_coef: 0.7766 - val_loss: 0.0083 - val_accuracy: 0.9349 - val_jacard_coef: 0.6323
Epoch 83/200
 1/20 [>.............................] - ETA: 5s - loss: 0.0088 - accuracy: 0.9223 - jacard_coef: 0.7327 2/20 [==>...........................] - ETA: 4s - loss: 0.0073 - accuracy: 0.9352 - jacard_coef: 0.7842 3/20 [===>..........................] - ETA: 4s - loss: 0.0101 - accuracy: 0.9041 - jacard_coef: 0.7878 4/20 [=====>........................] - ETA: 4s - loss: 0.0103 - accuracy: 0.9002 - jacard_coef: 0.7928 5/20 [======>.......................] - ETA: 4s - loss: 0.0091 - accuracy: 0.9092 - jacard_coef: 0.7980 6/20 [========>.....................] - ETA: 3s - loss: 0.0084 - accuracy: 0.9206 - jacard_coef: 0.7762 7/20 [=========>....................] - ETA: 3s - loss: 0.0078 - accuracy: 0.9303 - jacard_coef: 0.7666 8/20 [===========>..................] - ETA: 3s - loss: 0.0077 - accuracy: 0.9314 - jacard_coef: 0.7710 9/20 [============>.................] - ETA: 3s - loss: 0.0072 - accuracy: 0.9377 - jacard_coef: 0.772310/20 [==============>...............] - ETA: 2s - loss: 0.0068 - accuracy: 0.9430 - jacard_coef: 0.772311/20 [===============>..............] - ETA: 2s - loss: 0.0067 - accuracy: 0.9442 - jacard_coef: 0.780912/20 [=================>............] - ETA: 2s - loss: 0.0068 - accuracy: 0.9412 - jacard_coef: 0.786513/20 [==================>...........] - ETA: 1s - loss: 0.0067 - accuracy: 0.9414 - jacard_coef: 0.789714/20 [====================>.........] - ETA: 1s - loss: 0.0067 - accuracy: 0.9392 - jacard_coef: 0.795015/20 [=====================>........] - ETA: 1s - loss: 0.0071 - accuracy: 0.9348 - jacard_coef: 0.793416/20 [=======================>......] - ETA: 1s - loss: 0.0073 - accuracy: 0.9333 - jacard_coef: 0.787017/20 [========================>.....] - ETA: 0s - loss: 0.0071 - accuracy: 0.9363 - jacard_coef: 0.769818/20 [==========================>...] - ETA: 0s - loss: 0.0071 - accuracy: 0.9349 - jacard_coef: 0.774719/20 [===========================>..] - ETA: 0s - loss: 0.0070 - accuracy: 0.9353 - jacard_coef: 0.776220/20 [==============================] - ETA: 0s - loss: 0.0070 - accuracy: 0.9362 - jacard_coef: 0.774620/20 [==============================] - 6s 287ms/step - loss: 0.0070 - accuracy: 0.9362 - jacard_coef: 0.7746 - val_loss: 0.0083 - val_accuracy: 0.9317 - val_jacard_coef: 0.6164
Epoch 84/200
 1/20 [>.............................] - ETA: 5s - loss: 0.0088 - accuracy: 0.9214 - jacard_coef: 0.7269 2/20 [==>...........................] - ETA: 4s - loss: 0.0074 - accuracy: 0.9334 - jacard_coef: 0.7736 3/20 [===>..........................] - ETA: 4s - loss: 0.0101 - accuracy: 0.9037 - jacard_coef: 0.7825 4/20 [=====>........................] - ETA: 4s - loss: 0.0102 - accuracy: 0.9000 - jacard_coef: 0.7892 5/20 [======>.......................] - ETA: 4s - loss: 0.0091 - accuracy: 0.9090 - jacard_coef: 0.7947 6/20 [========>.....................] - ETA: 3s - loss: 0.0084 - accuracy: 0.9205 - jacard_coef: 0.7747 7/20 [=========>....................] - ETA: 3s - loss: 0.0077 - accuracy: 0.9302 - jacard_coef: 0.7665 8/20 [===========>..................] - ETA: 3s - loss: 0.0076 - accuracy: 0.9312 - jacard_coef: 0.7699 9/20 [============>.................] - ETA: 3s - loss: 0.0071 - accuracy: 0.9376 - jacard_coef: 0.772310/20 [==============>...............] - ETA: 2s - loss: 0.0067 - accuracy: 0.9428 - jacard_coef: 0.770511/20 [===============>..............] - ETA: 2s - loss: 0.0066 - accuracy: 0.9441 - jacard_coef: 0.779612/20 [=================>............] - ETA: 2s - loss: 0.0067 - accuracy: 0.9411 - jacard_coef: 0.785413/20 [==================>...........] - ETA: 1s - loss: 0.0066 - accuracy: 0.9413 - jacard_coef: 0.788614/20 [====================>.........] - ETA: 1s - loss: 0.0066 - accuracy: 0.9390 - jacard_coef: 0.793815/20 [=====================>........] - ETA: 1s - loss: 0.0070 - accuracy: 0.9346 - jacard_coef: 0.792216/20 [=======================>......] - ETA: 1s - loss: 0.0072 - accuracy: 0.9331 - jacard_coef: 0.785917/20 [========================>.....] - ETA: 0s - loss: 0.0071 - accuracy: 0.9361 - jacard_coef: 0.768518/20 [==========================>...] - ETA: 0s - loss: 0.0070 - accuracy: 0.9348 - jacard_coef: 0.773819/20 [===========================>..] - ETA: 0s - loss: 0.0070 - accuracy: 0.9354 - jacard_coef: 0.776220/20 [==============================] - ETA: 0s - loss: 0.0069 - accuracy: 0.9363 - jacard_coef: 0.774920/20 [==============================] - 6s 288ms/step - loss: 0.0069 - accuracy: 0.9363 - jacard_coef: 0.7749 - val_loss: 0.0073 - val_accuracy: 0.9433 - val_jacard_coef: 0.6742
Epoch 85/200
 1/20 [>.............................] - ETA: 5s - loss: 0.0089 - accuracy: 0.9229 - jacard_coef: 0.7333 2/20 [==>...........................] - ETA: 4s - loss: 0.0073 - accuracy: 0.9360 - jacard_coef: 0.7869 3/20 [===>..........................] - ETA: 4s - loss: 0.0101 - accuracy: 0.9046 - jacard_coef: 0.7894 4/20 [=====>........................] - ETA: 4s - loss: 0.0103 - accuracy: 0.8996 - jacard_coef: 0.7912 5/20 [======>.......................] - ETA: 4s - loss: 0.0092 - accuracy: 0.9078 - jacard_coef: 0.7910 6/20 [========>.....................] - ETA: 3s - loss: 0.0085 - accuracy: 0.9191 - jacard_coef: 0.7622 7/20 [=========>....................] - ETA: 3s - loss: 0.0078 - accuracy: 0.9286 - jacard_coef: 0.7458 8/20 [===========>..................] - ETA: 3s - loss: 0.0077 - accuracy: 0.9295 - jacard_coef: 0.7505 9/20 [============>.................] - ETA: 3s - loss: 0.0073 - accuracy: 0.9362 - jacard_coef: 0.754710/20 [==============>...............] - ETA: 2s - loss: 0.0069 - accuracy: 0.9415 - jacard_coef: 0.754511/20 [===============>..............] - ETA: 2s - loss: 0.0067 - accuracy: 0.9427 - jacard_coef: 0.763612/20 [=================>............] - ETA: 2s - loss: 0.0068 - accuracy: 0.9396 - jacard_coef: 0.770113/20 [==================>...........] - ETA: 1s - loss: 0.0067 - accuracy: 0.9399 - jacard_coef: 0.774614/20 [====================>.........] - ETA: 1s - loss: 0.0067 - accuracy: 0.9377 - jacard_coef: 0.780615/20 [=====================>........] - ETA: 1s - loss: 0.0071 - accuracy: 0.9333 - jacard_coef: 0.780016/20 [=======================>......] - ETA: 1s - loss: 0.0072 - accuracy: 0.9319 - jacard_coef: 0.774417/20 [========================>.....] - ETA: 0s - loss: 0.0071 - accuracy: 0.9347 - jacard_coef: 0.754618/20 [==========================>...] - ETA: 0s - loss: 0.0071 - accuracy: 0.9335 - jacard_coef: 0.760819/20 [===========================>..] - ETA: 0s - loss: 0.0070 - accuracy: 0.9343 - jacard_coef: 0.764820/20 [==============================] - ETA: 0s - loss: 0.0070 - accuracy: 0.9353 - jacard_coef: 0.763820/20 [==============================] - 6s 287ms/step - loss: 0.0070 - accuracy: 0.9353 - jacard_coef: 0.7638 - val_loss: 0.0078 - val_accuracy: 0.9365 - val_jacard_coef: 0.6433
Epoch 86/200
 1/20 [>.............................] - ETA: 5s - loss: 0.0086 - accuracy: 0.9238 - jacard_coef: 0.7407 2/20 [==>...........................] - ETA: 4s - loss: 0.0072 - accuracy: 0.9349 - jacard_coef: 0.7825 3/20 [===>..........................] - ETA: 4s - loss: 0.0099 - accuracy: 0.9060 - jacard_coef: 0.7914 4/20 [=====>........................] - ETA: 4s - loss: 0.0100 - accuracy: 0.9016 - jacard_coef: 0.7955 5/20 [======>.......................] - ETA: 4s - loss: 0.0090 - accuracy: 0.9098 - jacard_coef: 0.7964 6/20 [========>.....................] - ETA: 3s - loss: 0.0083 - accuracy: 0.9211 - jacard_coef: 0.7746 7/20 [=========>....................] - ETA: 3s - loss: 0.0076 - accuracy: 0.9307 - jacard_coef: 0.7651 8/20 [===========>..................] - ETA: 3s - loss: 0.0076 - accuracy: 0.9315 - jacard_coef: 0.7680 9/20 [============>.................] - ETA: 3s - loss: 0.0071 - accuracy: 0.9379 - jacard_coef: 0.768810/20 [==============>...............] - ETA: 2s - loss: 0.0067 - accuracy: 0.9429 - jacard_coef: 0.764011/20 [===============>..............] - ETA: 2s - loss: 0.0065 - accuracy: 0.9441 - jacard_coef: 0.773012/20 [=================>............] - ETA: 2s - loss: 0.0066 - accuracy: 0.9411 - jacard_coef: 0.779213/20 [==================>...........] - ETA: 1s - loss: 0.0065 - accuracy: 0.9413 - jacard_coef: 0.783014/20 [====================>.........] - ETA: 1s - loss: 0.0065 - accuracy: 0.9390 - jacard_coef: 0.788515/20 [=====================>........] - ETA: 1s - loss: 0.0069 - accuracy: 0.9345 - jacard_coef: 0.787216/20 [=======================>......] - ETA: 1s - loss: 0.0071 - accuracy: 0.9329 - jacard_coef: 0.780817/20 [========================>.....] - ETA: 0s - loss: 0.0070 - accuracy: 0.9359 - jacard_coef: 0.763518/20 [==========================>...] - ETA: 0s - loss: 0.0070 - accuracy: 0.9348 - jacard_coef: 0.769519/20 [===========================>..] - ETA: 0s - loss: 0.0069 - accuracy: 0.9356 - jacard_coef: 0.773620/20 [==============================] - ETA: 0s - loss: 0.0068 - accuracy: 0.9365 - jacard_coef: 0.772820/20 [==============================] - 6s 287ms/step - loss: 0.0068 - accuracy: 0.9365 - jacard_coef: 0.7728 - val_loss: 0.0077 - val_accuracy: 0.9446 - val_jacard_coef: 0.6798
Epoch 87/200
 1/20 [>.............................] - ETA: 5s - loss: 0.0085 - accuracy: 0.9249 - jacard_coef: 0.7462 2/20 [==>...........................] - ETA: 4s - loss: 0.0073 - accuracy: 0.9367 - jacard_coef: 0.7925 3/20 [===>..........................] - ETA: 4s - loss: 0.0100 - accuracy: 0.9045 - jacard_coef: 0.7915 4/20 [=====>........................] - ETA: 4s - loss: 0.0102 - accuracy: 0.8998 - jacard_coef: 0.7936 5/20 [======>.......................] - ETA: 4s - loss: 0.0092 - accuracy: 0.9078 - jacard_coef: 0.7917 6/20 [========>.....................] - ETA: 3s - loss: 0.0085 - accuracy: 0.9188 - jacard_coef: 0.7587 7/20 [=========>....................] - ETA: 3s - loss: 0.0079 - accuracy: 0.9281 - jacard_coef: 0.7373 8/20 [===========>..................] - ETA: 3s - loss: 0.0078 - accuracy: 0.9290 - jacard_coef: 0.7421 9/20 [============>.................] - ETA: 3s - loss: 0.0073 - accuracy: 0.9356 - jacard_coef: 0.743310/20 [==============>...............] - ETA: 2s - loss: 0.0069 - accuracy: 0.9408 - jacard_coef: 0.739411/20 [===============>..............] - ETA: 2s - loss: 0.0068 - accuracy: 0.9419 - jacard_coef: 0.749312/20 [=================>............] - ETA: 2s - loss: 0.0068 - accuracy: 0.9388 - jacard_coef: 0.756713/20 [==================>...........] - ETA: 1s - loss: 0.0067 - accuracy: 0.9392 - jacard_coef: 0.762414/20 [====================>.........] - ETA: 1s - loss: 0.0068 - accuracy: 0.9371 - jacard_coef: 0.769315/20 [=====================>........] - ETA: 1s - loss: 0.0071 - accuracy: 0.9328 - jacard_coef: 0.769716/20 [=======================>......] - ETA: 1s - loss: 0.0073 - accuracy: 0.9314 - jacard_coef: 0.764617/20 [========================>.....] - ETA: 0s - loss: 0.0072 - accuracy: 0.9343 - jacard_coef: 0.746118/20 [==========================>...] - ETA: 0s - loss: 0.0071 - accuracy: 0.9331 - jacard_coef: 0.752819/20 [===========================>..] - ETA: 0s - loss: 0.0070 - accuracy: 0.9342 - jacard_coef: 0.758420/20 [==============================] - ETA: 0s - loss: 0.0070 - accuracy: 0.9351 - jacard_coef: 0.757720/20 [==============================] - 6s 288ms/step - loss: 0.0070 - accuracy: 0.9351 - jacard_coef: 0.7577 - val_loss: 0.0087 - val_accuracy: 0.9320 - val_jacard_coef: 0.6262
Epoch 88/200
 1/20 [>.............................] - ETA: 5s - loss: 0.0084 - accuracy: 0.9237 - jacard_coef: 0.7416 2/20 [==>...........................] - ETA: 4s - loss: 0.0070 - accuracy: 0.9333 - jacard_coef: 0.7746 3/20 [===>..........................] - ETA: 4s - loss: 0.0100 - accuracy: 0.9056 - jacard_coef: 0.7878 4/20 [=====>........................] - ETA: 4s - loss: 0.0101 - accuracy: 0.9021 - jacard_coef: 0.7950 5/20 [======>.......................] - ETA: 4s - loss: 0.0090 - accuracy: 0.9107 - jacard_coef: 0.7993 6/20 [========>.....................] - ETA: 3s - loss: 0.0083 - accuracy: 0.9219 - jacard_coef: 0.7831 7/20 [=========>....................] - ETA: 3s - loss: 0.0076 - accuracy: 0.9315 - jacard_coef: 0.7742 8/20 [===========>..................] - ETA: 3s - loss: 0.0075 - accuracy: 0.9322 - jacard_coef: 0.7759 9/20 [============>.................] - ETA: 3s - loss: 0.0071 - accuracy: 0.9386 - jacard_coef: 0.777710/20 [==============>...............] - ETA: 2s - loss: 0.0067 - accuracy: 0.9435 - jacard_coef: 0.772011/20 [===============>..............] - ETA: 2s - loss: 0.0065 - accuracy: 0.9446 - jacard_coef: 0.780312/20 [=================>............] - ETA: 2s - loss: 0.0066 - accuracy: 0.9413 - jacard_coef: 0.784913/20 [==================>...........] - ETA: 1s - loss: 0.0065 - accuracy: 0.9417 - jacard_coef: 0.788814/20 [====================>.........] - ETA: 1s - loss: 0.0065 - accuracy: 0.9392 - jacard_coef: 0.793415/20 [=====================>........] - ETA: 1s - loss: 0.0068 - accuracy: 0.9348 - jacard_coef: 0.791916/20 [=======================>......] - ETA: 1s - loss: 0.0071 - accuracy: 0.9332 - jacard_coef: 0.785217/20 [========================>.....] - ETA: 0s - loss: 0.0069 - accuracy: 0.9364 - jacard_coef: 0.770118/20 [==========================>...] - ETA: 0s - loss: 0.0069 - accuracy: 0.9352 - jacard_coef: 0.775819/20 [===========================>..] - ETA: 0s - loss: 0.0068 - accuracy: 0.9360 - jacard_coef: 0.779420/20 [==============================] - ETA: 0s - loss: 0.0068 - accuracy: 0.9369 - jacard_coef: 0.778320/20 [==============================] - 6s 287ms/step - loss: 0.0068 - accuracy: 0.9369 - jacard_coef: 0.7783 - val_loss: 0.0122 - val_accuracy: 0.9223 - val_jacard_coef: 0.5814
Epoch 89/200
 1/20 [>.............................] - ETA: 5s - loss: 0.0082 - accuracy: 0.9250 - jacard_coef: 0.7527 2/20 [==>...........................] - ETA: 4s - loss: 0.0072 - accuracy: 0.9369 - jacard_coef: 0.7972 3/20 [===>..........................] - ETA: 4s - loss: 0.0101 - accuracy: 0.9041 - jacard_coef: 0.7937 4/20 [=====>........................] - ETA: 4s - loss: 0.0102 - accuracy: 0.9009 - jacard_coef: 0.7991 5/20 [======>.......................] - ETA: 4s - loss: 0.0091 - accuracy: 0.9092 - jacard_coef: 0.7993 6/20 [========>.....................] - ETA: 3s - loss: 0.0084 - accuracy: 0.9206 - jacard_coef: 0.7763 7/20 [=========>....................] - ETA: 3s - loss: 0.0077 - accuracy: 0.9302 - jacard_coef: 0.7657 8/20 [===========>..................] - ETA: 3s - loss: 0.0076 - accuracy: 0.9307 - jacard_coef: 0.7663 9/20 [============>.................] - ETA: 3s - loss: 0.0072 - accuracy: 0.9373 - jacard_coef: 0.770210/20 [==============>...............] - ETA: 2s - loss: 0.0068 - accuracy: 0.9424 - jacard_coef: 0.765811/20 [===============>..............] - ETA: 2s - loss: 0.0066 - accuracy: 0.9435 - jacard_coef: 0.773512/20 [=================>............] - ETA: 2s - loss: 0.0066 - accuracy: 0.9405 - jacard_coef: 0.779713/20 [==================>...........] - ETA: 1s - loss: 0.0065 - accuracy: 0.9409 - jacard_coef: 0.783314/20 [====================>.........] - ETA: 1s - loss: 0.0066 - accuracy: 0.9387 - jacard_coef: 0.789215/20 [=====================>........] - ETA: 1s - loss: 0.0069 - accuracy: 0.9343 - jacard_coef: 0.788016/20 [=======================>......] - ETA: 1s - loss: 0.0071 - accuracy: 0.9328 - jacard_coef: 0.781417/20 [========================>.....] - ETA: 0s - loss: 0.0070 - accuracy: 0.9356 - jacard_coef: 0.761118/20 [==========================>...] - ETA: 0s - loss: 0.0070 - accuracy: 0.9342 - jacard_coef: 0.766519/20 [===========================>..] - ETA: 0s - loss: 0.0069 - accuracy: 0.9351 - jacard_coef: 0.771020/20 [==============================] - ETA: 0s - loss: 0.0068 - accuracy: 0.9360 - jacard_coef: 0.770320/20 [==============================] - 6s 287ms/step - loss: 0.0068 - accuracy: 0.9360 - jacard_coef: 0.7703 - val_loss: 0.0217 - val_accuracy: 0.8818 - val_jacard_coef: 0.3929
Epoch 90/200
 1/20 [>.............................] - ETA: 5s - loss: 0.0081 - accuracy: 0.9215 - jacard_coef: 0.7340 2/20 [==>...........................] - ETA: 4s - loss: 0.0068 - accuracy: 0.9331 - jacard_coef: 0.7765 3/20 [===>..........................] - ETA: 4s - loss: 0.0098 - accuracy: 0.9058 - jacard_coef: 0.7896 4/20 [=====>........................] - ETA: 4s - loss: 0.0099 - accuracy: 0.9028 - jacard_coef: 0.7978 5/20 [======>.......................] - ETA: 4s - loss: 0.0088 - accuracy: 0.9118 - jacard_coef: 0.8048 6/20 [========>.....................] - ETA: 3s - loss: 0.0081 - accuracy: 0.9229 - jacard_coef: 0.7830 7/20 [=========>....................] - ETA: 3s - loss: 0.0074 - accuracy: 0.9321 - jacard_coef: 0.7710 8/20 [===========>..................] - ETA: 3s - loss: 0.0074 - accuracy: 0.9328 - jacard_coef: 0.7734 9/20 [============>.................] - ETA: 3s - loss: 0.0069 - accuracy: 0.9389 - jacard_coef: 0.769510/20 [==============>...............] - ETA: 2s - loss: 0.0065 - accuracy: 0.9438 - jacard_coef: 0.763011/20 [===============>..............] - ETA: 2s - loss: 0.0064 - accuracy: 0.9449 - jacard_coef: 0.772212/20 [=================>............] - ETA: 2s - loss: 0.0064 - accuracy: 0.9416 - jacard_coef: 0.777713/20 [==================>...........] - ETA: 1s - loss: 0.0063 - accuracy: 0.9421 - jacard_coef: 0.783014/20 [====================>.........] - ETA: 1s - loss: 0.0064 - accuracy: 0.9396 - jacard_coef: 0.787915/20 [=====================>........] - ETA: 1s - loss: 0.0067 - accuracy: 0.9352 - jacard_coef: 0.786916/20 [=======================>......] - ETA: 1s - loss: 0.0069 - accuracy: 0.9338 - jacard_coef: 0.781317/20 [========================>.....] - ETA: 0s - loss: 0.0068 - accuracy: 0.9368 - jacard_coef: 0.764918/20 [==========================>...] - ETA: 0s - loss: 0.0068 - accuracy: 0.9354 - jacard_coef: 0.770319/20 [===========================>..] - ETA: 0s - loss: 0.0067 - accuracy: 0.9362 - jacard_coef: 0.774420/20 [==============================] - ETA: 0s - loss: 0.0066 - accuracy: 0.9371 - jacard_coef: 0.774120/20 [==============================] - 6s 288ms/step - loss: 0.0066 - accuracy: 0.9371 - jacard_coef: 0.7741 - val_loss: 0.0127 - val_accuracy: 0.9131 - val_jacard_coef: 0.5395
Epoch 91/200
 1/20 [>.............................] - ETA: 5s - loss: 0.0081 - accuracy: 0.9232 - jacard_coef: 0.7446 2/20 [==>...........................] - ETA: 4s - loss: 0.0070 - accuracy: 0.9333 - jacard_coef: 0.7808 3/20 [===>..........................] - ETA: 4s - loss: 0.0097 - accuracy: 0.9023 - jacard_coef: 0.7842 4/20 [=====>........................] - ETA: 4s - loss: 0.0100 - accuracy: 0.8997 - jacard_coef: 0.7925 5/20 [======>.......................] - ETA: 4s - loss: 0.0089 - accuracy: 0.9081 - jacard_coef: 0.7929 6/20 [========>.....................] - ETA: 3s - loss: 0.0082 - accuracy: 0.9200 - jacard_coef: 0.7770 7/20 [=========>....................] - ETA: 3s - loss: 0.0075 - accuracy: 0.9296 - jacard_coef: 0.7631 8/20 [===========>..................] - ETA: 3s - loss: 0.0074 - accuracy: 0.9303 - jacard_coef: 0.7649 9/20 [============>.................] - ETA: 3s - loss: 0.0070 - accuracy: 0.9363 - jacard_coef: 0.753610/20 [==============>...............] - ETA: 2s - loss: 0.0066 - accuracy: 0.9413 - jacard_coef: 0.745411/20 [===============>..............] - ETA: 2s - loss: 0.0065 - accuracy: 0.9426 - jacard_coef: 0.755812/20 [=================>............] - ETA: 2s - loss: 0.0065 - accuracy: 0.9401 - jacard_coef: 0.764513/20 [==================>...........] - ETA: 1s - loss: 0.0065 - accuracy: 0.9407 - jacard_coef: 0.770414/20 [====================>.........] - ETA: 1s - loss: 0.0065 - accuracy: 0.9387 - jacard_coef: 0.777615/20 [=====================>........] - ETA: 1s - loss: 0.0068 - accuracy: 0.9345 - jacard_coef: 0.777516/20 [=======================>......] - ETA: 1s - loss: 0.0070 - accuracy: 0.9330 - jacard_coef: 0.771517/20 [========================>.....] - ETA: 0s - loss: 0.0068 - accuracy: 0.9361 - jacard_coef: 0.756918/20 [==========================>...] - ETA: 0s - loss: 0.0068 - accuracy: 0.9347 - jacard_coef: 0.762819/20 [===========================>..] - ETA: 0s - loss: 0.0067 - accuracy: 0.9354 - jacard_coef: 0.766520/20 [==============================] - ETA: 0s - loss: 0.0067 - accuracy: 0.9364 - jacard_coef: 0.766620/20 [==============================] - 6s 288ms/step - loss: 0.0067 - accuracy: 0.9364 - jacard_coef: 0.7666 - val_loss: 0.0196 - val_accuracy: 0.8791 - val_jacard_coef: 0.3803
Epoch 92/200
 1/20 [>.............................] - ETA: 5s - loss: 0.0082 - accuracy: 0.9185 - jacard_coef: 0.7233 2/20 [==>...........................] - ETA: 4s - loss: 0.0069 - accuracy: 0.9320 - jacard_coef: 0.7751 3/20 [===>..........................] - ETA: 4s - loss: 0.0095 - accuracy: 0.9048 - jacard_coef: 0.7883 4/20 [=====>........................] - ETA: 4s - loss: 0.0096 - accuracy: 0.9022 - jacard_coef: 0.7977 5/20 [======>.......................] - ETA: 4s - loss: 0.0085 - accuracy: 0.9115 - jacard_coef: 0.8060 6/20 [========>.....................] - ETA: 3s - loss: 0.0078 - accuracy: 0.9226 - jacard_coef: 0.7907 7/20 [=========>....................] - ETA: 3s - loss: 0.0072 - accuracy: 0.9323 - jacard_coef: 0.7855 8/20 [===========>..................] - ETA: 3s - loss: 0.0071 - accuracy: 0.9329 - jacard_coef: 0.7861 9/20 [============>.................] - ETA: 3s - loss: 0.0067 - accuracy: 0.9390 - jacard_coef: 0.779310/20 [==============>...............] - ETA: 2s - loss: 0.0064 - accuracy: 0.9437 - jacard_coef: 0.769511/20 [===============>..............] - ETA: 2s - loss: 0.0062 - accuracy: 0.9448 - jacard_coef: 0.778012/20 [=================>............] - ETA: 2s - loss: 0.0063 - accuracy: 0.9419 - jacard_coef: 0.784013/20 [==================>...........] - ETA: 1s - loss: 0.0062 - accuracy: 0.9421 - jacard_coef: 0.787314/20 [====================>.........] - ETA: 1s - loss: 0.0062 - accuracy: 0.9396 - jacard_coef: 0.791815/20 [=====================>........] - ETA: 1s - loss: 0.0065 - accuracy: 0.9353 - jacard_coef: 0.790816/20 [=======================>......] - ETA: 1s - loss: 0.0068 - accuracy: 0.9339 - jacard_coef: 0.784717/20 [========================>.....] - ETA: 0s - loss: 0.0066 - accuracy: 0.9372 - jacard_coef: 0.773218/20 [==========================>...] - ETA: 0s - loss: 0.0066 - accuracy: 0.9358 - jacard_coef: 0.778219/20 [===========================>..] - ETA: 0s - loss: 0.0065 - accuracy: 0.9366 - jacard_coef: 0.781920/20 [==============================] - ETA: 0s - loss: 0.0065 - accuracy: 0.9374 - jacard_coef: 0.779420/20 [==============================] - 6s 288ms/step - loss: 0.0065 - accuracy: 0.9374 - jacard_coef: 0.7794 - val_loss: 0.0177 - val_accuracy: 0.9052 - val_jacard_coef: 0.4988
Epoch 93/200
 1/20 [>.............................] - ETA: 5s - loss: 0.0079 - accuracy: 0.9242 - jacard_coef: 0.7510 2/20 [==>...........................] - ETA: 4s - loss: 0.0070 - accuracy: 0.9348 - jacard_coef: 0.7895 3/20 [===>..........................] - ETA: 4s - loss: 0.0095 - accuracy: 0.9066 - jacard_coef: 0.7979 4/20 [=====>........................] - ETA: 4s - loss: 0.0096 - accuracy: 0.9049 - jacard_coef: 0.8089 5/20 [======>.......................] - ETA: 4s - loss: 0.0085 - accuracy: 0.9140 - jacard_coef: 0.8169 6/20 [========>.....................] - ETA: 3s - loss: 0.0078 - accuracy: 0.9246 - jacard_coef: 0.7985 7/20 [=========>....................] - ETA: 3s - loss: 0.0072 - accuracy: 0.9339 - jacard_coef: 0.7911 8/20 [===========>..................] - ETA: 3s - loss: 0.0071 - accuracy: 0.9340 - jacard_coef: 0.7896 9/20 [============>.................] - ETA: 3s - loss: 0.0067 - accuracy: 0.9402 - jacard_coef: 0.788010/20 [==============>...............] - ETA: 2s - loss: 0.0063 - accuracy: 0.9449 - jacard_coef: 0.779711/20 [===============>..............] - ETA: 2s - loss: 0.0061 - accuracy: 0.9459 - jacard_coef: 0.787512/20 [=================>............] - ETA: 2s - loss: 0.0062 - accuracy: 0.9431 - jacard_coef: 0.793513/20 [==================>...........] - ETA: 1s - loss: 0.0061 - accuracy: 0.9435 - jacard_coef: 0.797414/20 [====================>.........] - ETA: 1s - loss: 0.0061 - accuracy: 0.9410 - jacard_coef: 0.801515/20 [=====================>........] - ETA: 1s - loss: 0.0065 - accuracy: 0.9367 - jacard_coef: 0.800216/20 [=======================>......] - ETA: 1s - loss: 0.0067 - accuracy: 0.9352 - jacard_coef: 0.793017/20 [========================>.....] - ETA: 0s - loss: 0.0065 - accuracy: 0.9384 - jacard_coef: 0.781118/20 [==========================>...] - ETA: 0s - loss: 0.0065 - accuracy: 0.9369 - jacard_coef: 0.785419/20 [===========================>..] - ETA: 0s - loss: 0.0064 - accuracy: 0.9375 - jacard_coef: 0.788020/20 [==============================] - ETA: 0s - loss: 0.0064 - accuracy: 0.9383 - jacard_coef: 0.786720/20 [==============================] - 6s 288ms/step - loss: 0.0064 - accuracy: 0.9383 - jacard_coef: 0.7867 - val_loss: 0.0263 - val_accuracy: 0.8703 - val_jacard_coef: 0.3345
Epoch 94/200
 1/20 [>.............................] - ETA: 5s - loss: 0.0080 - accuracy: 0.9205 - jacard_coef: 0.7294 2/20 [==>...........................] - ETA: 4s - loss: 0.0067 - accuracy: 0.9333 - jacard_coef: 0.7783 3/20 [===>..........................] - ETA: 4s - loss: 0.0093 - accuracy: 0.9050 - jacard_coef: 0.7889 4/20 [=====>........................] - ETA: 4s - loss: 0.0094 - accuracy: 0.9028 - jacard_coef: 0.7997 5/20 [======>.......................] - ETA: 4s - loss: 0.0084 - accuracy: 0.9126 - jacard_coef: 0.8115 6/20 [========>.....................] - ETA: 3s - loss: 0.0077 - accuracy: 0.9237 - jacard_coef: 0.7907 7/20 [=========>....................] - ETA: 3s - loss: 0.0070 - accuracy: 0.9333 - jacard_coef: 0.7901 8/20 [===========>..................] - ETA: 3s - loss: 0.0070 - accuracy: 0.9343 - jacard_coef: 0.7929 9/20 [============>.................] - ETA: 3s - loss: 0.0065 - accuracy: 0.9405 - jacard_coef: 0.793810/20 [==============>...............] - ETA: 2s - loss: 0.0062 - accuracy: 0.9455 - jacard_coef: 0.792711/20 [===============>..............] - ETA: 2s - loss: 0.0060 - accuracy: 0.9467 - jacard_coef: 0.800712/20 [=================>............] - ETA: 2s - loss: 0.0061 - accuracy: 0.9439 - jacard_coef: 0.805913/20 [==================>...........] - ETA: 1s - loss: 0.0061 - accuracy: 0.9443 - jacard_coef: 0.809014/20 [====================>.........] - ETA: 1s - loss: 0.0061 - accuracy: 0.9418 - jacard_coef: 0.812615/20 [=====================>........] - ETA: 1s - loss: 0.0064 - accuracy: 0.9373 - jacard_coef: 0.810016/20 [=======================>......] - ETA: 1s - loss: 0.0066 - accuracy: 0.9357 - jacard_coef: 0.802117/20 [========================>.....] - ETA: 0s - loss: 0.0064 - accuracy: 0.9387 - jacard_coef: 0.786918/20 [==========================>...] - ETA: 0s - loss: 0.0064 - accuracy: 0.9372 - jacard_coef: 0.791019/20 [===========================>..] - ETA: 0s - loss: 0.0064 - accuracy: 0.9374 - jacard_coef: 0.790720/20 [==============================] - ETA: 0s - loss: 0.0063 - accuracy: 0.9383 - jacard_coef: 0.789820/20 [==============================] - 6s 288ms/step - loss: 0.0063 - accuracy: 0.9383 - jacard_coef: 0.7898 - val_loss: 0.0184 - val_accuracy: 0.8887 - val_jacard_coef: 0.4208
Epoch 95/200
 1/20 [>.............................] - ETA: 5s - loss: 0.0078 - accuracy: 0.9242 - jacard_coef: 0.7453 2/20 [==>...........................] - ETA: 4s - loss: 0.0067 - accuracy: 0.9339 - jacard_coef: 0.7796 3/20 [===>..........................] - ETA: 4s - loss: 0.0092 - accuracy: 0.9065 - jacard_coef: 0.7921 4/20 [=====>........................] - ETA: 4s - loss: 0.0093 - accuracy: 0.9047 - jacard_coef: 0.8041 5/20 [======>.......................] - ETA: 4s - loss: 0.0083 - accuracy: 0.9142 - jacard_coef: 0.8153 6/20 [========>.....................] - ETA: 3s - loss: 0.0076 - accuracy: 0.9252 - jacard_coef: 0.7967 7/20 [=========>....................] - ETA: 3s - loss: 0.0069 - accuracy: 0.9345 - jacard_coef: 0.7932 8/20 [===========>..................] - ETA: 3s - loss: 0.0068 - accuracy: 0.9347 - jacard_coef: 0.7924 9/20 [============>.................] - ETA: 3s - loss: 0.0064 - accuracy: 0.9409 - jacard_coef: 0.794110/20 [==============>...............] - ETA: 2s - loss: 0.0061 - accuracy: 0.9458 - jacard_coef: 0.792011/20 [===============>..............] - ETA: 2s - loss: 0.0060 - accuracy: 0.9469 - jacard_coef: 0.799512/20 [=================>............] - ETA: 2s - loss: 0.0061 - accuracy: 0.9438 - jacard_coef: 0.803713/20 [==================>...........] - ETA: 1s - loss: 0.0060 - accuracy: 0.9442 - jacard_coef: 0.807514/20 [====================>.........] - ETA: 1s - loss: 0.0061 - accuracy: 0.9418 - jacard_coef: 0.811615/20 [=====================>........] - ETA: 1s - loss: 0.0064 - accuracy: 0.9375 - jacard_coef: 0.809616/20 [=======================>......] - ETA: 1s - loss: 0.0066 - accuracy: 0.9361 - jacard_coef: 0.802817/20 [========================>.....] - ETA: 0s - loss: 0.0064 - accuracy: 0.9393 - jacard_coef: 0.792518/20 [==========================>...] - ETA: 0s - loss: 0.0064 - accuracy: 0.9378 - jacard_coef: 0.796319/20 [===========================>..] - ETA: 0s - loss: 0.0063 - accuracy: 0.9381 - jacard_coef: 0.796620/20 [==============================] - ETA: 0s - loss: 0.0063 - accuracy: 0.9390 - jacard_coef: 0.795520/20 [==============================] - 6s 288ms/step - loss: 0.0063 - accuracy: 0.9390 - jacard_coef: 0.7955 - val_loss: 0.0181 - val_accuracy: 0.8949 - val_jacard_coef: 0.4507
Epoch 96/200
 1/20 [>.............................] - ETA: 5s - loss: 0.0077 - accuracy: 0.9223 - jacard_coef: 0.7329 2/20 [==>...........................] - ETA: 4s - loss: 0.0066 - accuracy: 0.9359 - jacard_coef: 0.7892 3/20 [===>..........................] - ETA: 4s - loss: 0.0091 - accuracy: 0.9075 - jacard_coef: 0.7976 4/20 [=====>........................] - ETA: 4s - loss: 0.0092 - accuracy: 0.9038 - jacard_coef: 0.8035 5/20 [======>.......................] - ETA: 4s - loss: 0.0082 - accuracy: 0.9122 - jacard_coef: 0.8071 6/20 [========>.....................] - ETA: 3s - loss: 0.0075 - accuracy: 0.9237 - jacard_coef: 0.7929 7/20 [=========>....................] - ETA: 3s - loss: 0.0069 - accuracy: 0.9333 - jacard_coef: 0.7920 8/20 [===========>..................] - ETA: 3s - loss: 0.0068 - accuracy: 0.9338 - jacard_coef: 0.7922 9/20 [============>.................] - ETA: 3s - loss: 0.0064 - accuracy: 0.9401 - jacard_coef: 0.793610/20 [==============>...............] - ETA: 2s - loss: 0.0060 - accuracy: 0.9451 - jacard_coef: 0.791411/20 [===============>..............] - ETA: 2s - loss: 0.0059 - accuracy: 0.9463 - jacard_coef: 0.799112/20 [=================>............] - ETA: 2s - loss: 0.0060 - accuracy: 0.9436 - jacard_coef: 0.804413/20 [==================>...........] - ETA: 1s - loss: 0.0059 - accuracy: 0.9439 - jacard_coef: 0.807414/20 [====================>.........] - ETA: 1s - loss: 0.0060 - accuracy: 0.9416 - jacard_coef: 0.811715/20 [=====================>........] - ETA: 1s - loss: 0.0063 - accuracy: 0.9373 - jacard_coef: 0.809716/20 [=======================>......] - ETA: 1s - loss: 0.0065 - accuracy: 0.9359 - jacard_coef: 0.802817/20 [========================>.....] - ETA: 0s - loss: 0.0063 - accuracy: 0.9391 - jacard_coef: 0.791018/20 [==========================>...] - ETA: 0s - loss: 0.0063 - accuracy: 0.9374 - jacard_coef: 0.794419/20 [===========================>..] - ETA: 0s - loss: 0.0063 - accuracy: 0.9377 - jacard_coef: 0.794320/20 [==============================] - ETA: 0s - loss: 0.0062 - accuracy: 0.9385 - jacard_coef: 0.792620/20 [==============================] - 6s 288ms/step - loss: 0.0062 - accuracy: 0.9385 - jacard_coef: 0.7926 - val_loss: 0.0238 - val_accuracy: 0.8841 - val_jacard_coef: 0.4021
Epoch 97/200
 1/20 [>.............................] - ETA: 5s - loss: 0.0077 - accuracy: 0.9248 - jacard_coef: 0.7471 2/20 [==>...........................] - ETA: 4s - loss: 0.0066 - accuracy: 0.9356 - jacard_coef: 0.7867 3/20 [===>..........................] - ETA: 4s - loss: 0.0093 - accuracy: 0.9090 - jacard_coef: 0.7997 4/20 [=====>........................] - ETA: 4s - loss: 0.0093 - accuracy: 0.9062 - jacard_coef: 0.8084 5/20 [======>.......................] - ETA: 4s - loss: 0.0083 - accuracy: 0.9148 - jacard_coef: 0.8154 6/20 [========>.....................] - ETA: 3s - loss: 0.0077 - accuracy: 0.9250 - jacard_coef: 0.7969 7/20 [=========>....................] - ETA: 3s - loss: 0.0070 - accuracy: 0.9346 - jacard_coef: 0.7979 8/20 [===========>..................] - ETA: 3s - loss: 0.0070 - accuracy: 0.9343 - jacard_coef: 0.7939 9/20 [============>.................] - ETA: 3s - loss: 0.0065 - accuracy: 0.9403 - jacard_coef: 0.789010/20 [==============>...............] - ETA: 2s - loss: 0.0062 - accuracy: 0.9450 - jacard_coef: 0.781611/20 [===============>..............] - ETA: 2s - loss: 0.0061 - accuracy: 0.9461 - jacard_coef: 0.789012/20 [=================>............] - ETA: 2s - loss: 0.0063 - accuracy: 0.9426 - jacard_coef: 0.792613/20 [==================>...........] - ETA: 1s - loss: 0.0062 - accuracy: 0.9430 - jacard_coef: 0.796614/20 [====================>.........] - ETA: 1s - loss: 0.0062 - accuracy: 0.9409 - jacard_coef: 0.801815/20 [=====================>........] - ETA: 1s - loss: 0.0066 - accuracy: 0.9368 - jacard_coef: 0.801116/20 [=======================>......] - ETA: 1s - loss: 0.0068 - accuracy: 0.9355 - jacard_coef: 0.794817/20 [========================>.....] - ETA: 0s - loss: 0.0066 - accuracy: 0.9387 - jacard_coef: 0.784218/20 [==========================>...] - ETA: 0s - loss: 0.0066 - accuracy: 0.9372 - jacard_coef: 0.788319/20 [===========================>..] - ETA: 0s - loss: 0.0066 - accuracy: 0.9376 - jacard_coef: 0.789320/20 [==============================] - ETA: 0s - loss: 0.0066 - accuracy: 0.9383 - jacard_coef: 0.784720/20 [==============================] - 6s 288ms/step - loss: 0.0066 - accuracy: 0.9383 - jacard_coef: 0.7847 - val_loss: 0.0164 - val_accuracy: 0.9011 - val_jacard_coef: 0.4730
Epoch 98/200
 1/20 [>.............................] - ETA: 5s - loss: 0.0078 - accuracy: 0.9242 - jacard_coef: 0.7394 2/20 [==>...........................] - ETA: 4s - loss: 0.0069 - accuracy: 0.9364 - jacard_coef: 0.7893 3/20 [===>..........................] - ETA: 4s - loss: 0.0097 - accuracy: 0.9037 - jacard_coef: 0.7884 4/20 [=====>........................] - ETA: 4s - loss: 0.0101 - accuracy: 0.8986 - jacard_coef: 0.7902 5/20 [======>.......................] - ETA: 4s - loss: 0.0089 - accuracy: 0.9087 - jacard_coef: 0.8001 6/20 [========>.....................] - ETA: 3s - loss: 0.0082 - accuracy: 0.9203 - jacard_coef: 0.7824 7/20 [=========>....................] - ETA: 3s - loss: 0.0074 - accuracy: 0.9304 - jacard_coef: 0.7831 8/20 [===========>..................] - ETA: 3s - loss: 0.0079 - accuracy: 0.9298 - jacard_coef: 0.7769 9/20 [============>.................] - ETA: 3s - loss: 0.0074 - accuracy: 0.9362 - jacard_coef: 0.776710/20 [==============>...............] - ETA: 2s - loss: 0.0069 - accuracy: 0.9417 - jacard_coef: 0.780511/20 [===============>..............] - ETA: 2s - loss: 0.0067 - accuracy: 0.9431 - jacard_coef: 0.788412/20 [=================>............] - ETA: 2s - loss: 0.0068 - accuracy: 0.9405 - jacard_coef: 0.794213/20 [==================>...........] - ETA: 1s - loss: 0.0068 - accuracy: 0.9408 - jacard_coef: 0.797014/20 [====================>.........] - ETA: 1s - loss: 0.0068 - accuracy: 0.9385 - jacard_coef: 0.801215/20 [=====================>........] - ETA: 1s - loss: 0.0073 - accuracy: 0.9336 - jacard_coef: 0.797816/20 [=======================>......] - ETA: 1s - loss: 0.0074 - accuracy: 0.9321 - jacard_coef: 0.790417/20 [========================>.....] - ETA: 0s - loss: 0.0074 - accuracy: 0.9350 - jacard_coef: 0.769118/20 [==========================>...] - ETA: 0s - loss: 0.0075 - accuracy: 0.9326 - jacard_coef: 0.770419/20 [===========================>..] - ETA: 0s - loss: 0.0073 - accuracy: 0.9329 - jacard_coef: 0.770720/20 [==============================] - ETA: 0s - loss: 0.0074 - accuracy: 0.9330 - jacard_coef: 0.752520/20 [==============================] - 6s 287ms/step - loss: 0.0074 - accuracy: 0.9330 - jacard_coef: 0.7525 - val_loss: 0.0144 - val_accuracy: 0.9009 - val_jacard_coef: 0.4805
Epoch 99/200
 1/20 [>.............................] - ETA: 5s - loss: 0.0096 - accuracy: 0.9123 - jacard_coef: 0.6792 2/20 [==>...........................] - ETA: 4s - loss: 0.0143 - accuracy: 0.8743 - jacard_coef: 0.4366 3/20 [===>..........................] - ETA: 4s - loss: 0.0158 - accuracy: 0.8617 - jacard_coef: 0.5517 4/20 [=====>........................] - ETA: 4s - loss: 0.0149 - accuracy: 0.8659 - jacard_coef: 0.6106 5/20 [======>.......................] - ETA: 4s - loss: 0.0134 - accuracy: 0.8792 - jacard_coef: 0.6439 6/20 [========>.....................] - ETA: 3s - loss: 0.0154 - accuracy: 0.8778 - jacard_coef: 0.5899 7/20 [=========>....................] - ETA: 3s - loss: 0.0137 - accuracy: 0.8939 - jacard_coef: 0.6188 8/20 [===========>..................] - ETA: 3s - loss: 0.0136 - accuracy: 0.8961 - jacard_coef: 0.6271 9/20 [============>.................] - ETA: 3s - loss: 0.0125 - accuracy: 0.9063 - jacard_coef: 0.643310/20 [==============>...............] - ETA: 2s - loss: 0.0115 - accuracy: 0.9147 - jacard_coef: 0.657211/20 [===============>..............] - ETA: 2s - loss: 0.0121 - accuracy: 0.9105 - jacard_coef: 0.624212/20 [=================>............] - ETA: 2s - loss: 0.0153 - accuracy: 0.8934 - jacard_coef: 0.587113/20 [==================>...........] - ETA: 1s - loss: 0.0155 - accuracy: 0.8917 - jacard_coef: 0.574914/20 [====================>.........] - ETA: 1s - loss: 0.0158 - accuracy: 0.8866 - jacard_coef: 0.575315/20 [=====================>........] - ETA: 1s - loss: 0.0169 - accuracy: 0.8804 - jacard_coef: 0.573016/20 [=======================>......] - ETA: 1s - loss: 0.0171 - accuracy: 0.8794 - jacard_coef: 0.572417/20 [========================>.....] - ETA: 0s - loss: 0.0181 - accuracy: 0.8703 - jacard_coef: 0.541318/20 [==========================>...] - ETA: 0s - loss: 0.0183 - accuracy: 0.8646 - jacard_coef: 0.539219/20 [===========================>..] - ETA: 0s - loss: 0.0187 - accuracy: 0.8573 - jacard_coef: 0.529020/20 [==============================] - ETA: 0s - loss: 0.0188 - accuracy: 0.8590 - jacard_coef: 0.518620/20 [==============================] - 6s 287ms/step - loss: 0.0188 - accuracy: 0.8590 - jacard_coef: 0.5186 - val_loss: 1.4890 - val_accuracy: 0.1336 - val_jacard_coef: 0.1413
Epoch 100/200
 1/20 [>.............................] - ETA: 5s - loss: 0.0204 - accuracy: 0.8416 - jacard_coef: 0.3556 2/20 [==>...........................] - ETA: 4s - loss: 0.0222 - accuracy: 0.8313 - jacard_coef: 0.2336 3/20 [===>..........................] - ETA: 4s - loss: 0.0354 - accuracy: 0.7297 - jacard_coef: 0.1816 4/20 [=====>........................] - ETA: 4s - loss: 0.0347 - accuracy: 0.7099 - jacard_coef: 0.1604 5/20 [======>.......................] - ETA: 4s - loss: 0.0310 - accuracy: 0.7395 - jacard_coef: 0.1865 6/20 [========>.....................] - ETA: 3s - loss: 0.0278 - accuracy: 0.7774 - jacard_coef: 0.2388 7/20 [=========>....................] - ETA: 3s - loss: 0.0250 - accuracy: 0.8078 - jacard_coef: 0.3165 8/20 [===========>..................] - ETA: 3s - loss: 0.0243 - accuracy: 0.8169 - jacard_coef: 0.3381 9/20 [============>.................] - ETA: 3s - loss: 0.0225 - accuracy: 0.8356 - jacard_coef: 0.381310/20 [==============>...............] - ETA: 2s - loss: 0.0210 - accuracy: 0.8507 - jacard_coef: 0.411011/20 [===============>..............] - ETA: 2s - loss: 0.0211 - accuracy: 0.8473 - jacard_coef: 0.390212/20 [=================>............] - ETA: 2s - loss: 0.0239 - accuracy: 0.8317 - jacard_coef: 0.368713/20 [==================>...........] - ETA: 1s - loss: 0.0234 - accuracy: 0.8318 - jacard_coef: 0.359014/20 [====================>.........] - ETA: 1s - loss: 0.0237 - accuracy: 0.8230 - jacard_coef: 0.348115/20 [=====================>........] - ETA: 1s - loss: 0.0240 - accuracy: 0.8133 - jacard_coef: 0.338316/20 [=======================>......] - ETA: 1s - loss: 0.0239 - accuracy: 0.8125 - jacard_coef: 0.325417/20 [========================>.....] - ETA: 0s - loss: 0.0234 - accuracy: 0.8216 - jacard_coef: 0.322818/20 [==========================>...] - ETA: 0s - loss: 0.0232 - accuracy: 0.8187 - jacard_coef: 0.326219/20 [===========================>..] - ETA: 0s - loss: 0.0229 - accuracy: 0.8223 - jacard_coef: 0.334820/20 [==============================] - ETA: 0s - loss: 0.0227 - accuracy: 0.8249 - jacard_coef: 0.336620/20 [==============================] - 6s 287ms/step - loss: 0.0227 - accuracy: 0.8249 - jacard_coef: 0.3366 - val_loss: 1.2365 - val_accuracy: 0.1790 - val_jacard_coef: 0.1138
Epoch 101/200
 1/20 [>.............................] - ETA: 5s - loss: 0.0205 - accuracy: 0.8374 - jacard_coef: 0.3251 2/20 [==>...........................] - ETA: 4s - loss: 0.0193 - accuracy: 0.8445 - jacard_coef: 0.3151 3/20 [===>..........................] - ETA: 4s - loss: 0.0360 - accuracy: 0.7555 - jacard_coef: 0.2722 4/20 [=====>........................] - ETA: 4s - loss: 0.0324 - accuracy: 0.7639 - jacard_coef: 0.3333 5/20 [======>.......................] - ETA: 4s - loss: 0.0301 - accuracy: 0.7725 - jacard_coef: 0.3319 6/20 [========>.....................] - ETA: 3s - loss: 0.0279 - accuracy: 0.7943 - jacard_coef: 0.3369 7/20 [=========>....................] - ETA: 3s - loss: 0.0257 - accuracy: 0.8177 - jacard_coef: 0.3570 8/20 [===========>..................] - ETA: 3s - loss: 0.0243 - accuracy: 0.8291 - jacard_coef: 0.3982 9/20 [============>.................] - ETA: 3s - loss: 0.0233 - accuracy: 0.8387 - jacard_coef: 0.392010/20 [==============>...............] - ETA: 2s - loss: 0.0222 - accuracy: 0.8491 - jacard_coef: 0.393511/20 [===============>..............] - ETA: 2s - loss: 0.0226 - accuracy: 0.8448 - jacard_coef: 0.383412/20 [=================>............] - ETA: 2s - loss: 0.0252 - accuracy: 0.8324 - jacard_coef: 0.371013/20 [==================>...........] - ETA: 1s - loss: 0.0251 - accuracy: 0.8336 - jacard_coef: 0.366914/20 [====================>.........] - ETA: 1s - loss: 0.0250 - accuracy: 0.8277 - jacard_coef: 0.365215/20 [=====================>........] - ETA: 1s - loss: 0.0253 - accuracy: 0.8215 - jacard_coef: 0.365116/20 [=======================>......] - ETA: 1s - loss: 0.0255 - accuracy: 0.8188 - jacard_coef: 0.354317/20 [========================>.....] - ETA: 0s - loss: 0.0249 - accuracy: 0.8244 - jacard_coef: 0.341418/20 [==========================>...] - ETA: 0s - loss: 0.0256 - accuracy: 0.8208 - jacard_coef: 0.342319/20 [===========================>..] - ETA: 0s - loss: 0.0250 - accuracy: 0.8261 - jacard_coef: 0.359620/20 [==============================] - ETA: 0s - loss: 0.0247 - accuracy: 0.8285 - jacard_coef: 0.358120/20 [==============================] - 6s 287ms/step - loss: 0.0247 - accuracy: 0.8285 - jacard_coef: 0.3581 - val_loss: 0.2539 - val_accuracy: 0.8212 - val_jacard_coef: 0.0209
Epoch 102/200
 1/20 [>.............................] - ETA: 5s - loss: 0.0203 - accuracy: 0.8598 - jacard_coef: 0.4014 2/20 [==>...........................] - ETA: 4s - loss: 0.0221 - accuracy: 0.8474 - jacard_coef: 0.2964 3/20 [===>..........................] - ETA: 4s - loss: 0.0328 - accuracy: 0.7549 - jacard_coef: 0.2558 4/20 [=====>........................] - ETA: 4s - loss: 0.0318 - accuracy: 0.7385 - jacard_coef: 0.2454 5/20 [======>.......................] - ETA: 4s - loss: 0.0279 - accuracy: 0.7734 - jacard_coef: 0.3219 6/20 [========>.....................] - ETA: 3s - loss: 0.0248 - accuracy: 0.8061 - jacard_coef: 0.3644 7/20 [=========>....................] - ETA: 3s - loss: 0.0224 - accuracy: 0.8320 - jacard_coef: 0.4165 8/20 [===========>..................] - ETA: 3s - loss: 0.0214 - accuracy: 0.8390 - jacard_coef: 0.4301 9/20 [============>.................] - ETA: 3s - loss: 0.0201 - accuracy: 0.8536 - jacard_coef: 0.448410/20 [==============>...............] - ETA: 2s - loss: 0.0189 - accuracy: 0.8671 - jacard_coef: 0.478311/20 [===============>..............] - ETA: 2s - loss: 0.0189 - accuracy: 0.8668 - jacard_coef: 0.477012/20 [=================>............] - ETA: 2s - loss: 0.0198 - accuracy: 0.8539 - jacard_coef: 0.459513/20 [==================>...........] - ETA: 1s - loss: 0.0193 - accuracy: 0.8566 - jacard_coef: 0.465414/20 [====================>.........] - ETA: 1s - loss: 0.0196 - accuracy: 0.8501 - jacard_coef: 0.459715/20 [=====================>........] - ETA: 1s - loss: 0.0202 - accuracy: 0.8416 - jacard_coef: 0.449616/20 [=======================>......] - ETA: 1s - loss: 0.0200 - accuracy: 0.8442 - jacard_coef: 0.455017/20 [========================>.....] - ETA: 0s - loss: 0.0196 - accuracy: 0.8514 - jacard_coef: 0.446318/20 [==========================>...] - ETA: 0s - loss: 0.0198 - accuracy: 0.8476 - jacard_coef: 0.445919/20 [===========================>..] - ETA: 0s - loss: 0.0195 - accuracy: 0.8512 - jacard_coef: 0.457020/20 [==============================] - ETA: 0s - loss: 0.0194 - accuracy: 0.8525 - jacard_coef: 0.453620/20 [==============================] - 6s 287ms/step - loss: 0.0194 - accuracy: 0.8525 - jacard_coef: 0.4536 - val_loss: 0.0442 - val_accuracy: 0.6285 - val_jacard_coef: 0.2239
Epoch 103/200
 1/20 [>.............................] - ETA: 5s - loss: 0.0141 - accuracy: 0.9004 - jacard_coef: 0.6185 2/20 [==>...........................] - ETA: 4s - loss: 0.0182 - accuracy: 0.8532 - jacard_coef: 0.4264 3/20 [===>..........................] - ETA: 4s - loss: 0.0275 - accuracy: 0.7711 - jacard_coef: 0.3735 4/20 [=====>........................] - ETA: 4s - loss: 0.0265 - accuracy: 0.7677 - jacard_coef: 0.3856 5/20 [======>.......................] - ETA: 4s - loss: 0.0232 - accuracy: 0.8021 - jacard_coef: 0.4660 6/20 [========>.....................] - ETA: 3s - loss: 0.0213 - accuracy: 0.8242 - jacard_coef: 0.4645 7/20 [=========>....................] - ETA: 3s - loss: 0.0196 - accuracy: 0.8462 - jacard_coef: 0.4898 8/20 [===========>..................] - ETA: 3s - loss: 0.0192 - accuracy: 0.8497 - jacard_coef: 0.4921 9/20 [============>.................] - ETA: 3s - loss: 0.0183 - accuracy: 0.8608 - jacard_coef: 0.489410/20 [==============>...............] - ETA: 2s - loss: 0.0172 - accuracy: 0.8737 - jacard_coef: 0.518311/20 [===============>..............] - ETA: 2s - loss: 0.0171 - accuracy: 0.8735 - jacard_coef: 0.518612/20 [=================>............] - ETA: 2s - loss: 0.0179 - accuracy: 0.8611 - jacard_coef: 0.498313/20 [==================>...........] - ETA: 1s - loss: 0.0174 - accuracy: 0.8654 - jacard_coef: 0.513814/20 [====================>.........] - ETA: 1s - loss: 0.0179 - accuracy: 0.8582 - jacard_coef: 0.504315/20 [=====================>........] - ETA: 1s - loss: 0.0185 - accuracy: 0.8490 - jacard_coef: 0.490916/20 [=======================>......] - ETA: 1s - loss: 0.0183 - accuracy: 0.8518 - jacard_coef: 0.497317/20 [========================>.....] - ETA: 0s - loss: 0.0179 - accuracy: 0.8589 - jacard_coef: 0.488718/20 [==========================>...] - ETA: 0s - loss: 0.0180 - accuracy: 0.8554 - jacard_coef: 0.487919/20 [===========================>..] - ETA: 0s - loss: 0.0175 - accuracy: 0.8597 - jacard_coef: 0.502720/20 [==============================] - ETA: 0s - loss: 0.0174 - accuracy: 0.8618 - jacard_coef: 0.504520/20 [==============================] - 6s 287ms/step - loss: 0.0174 - accuracy: 0.8618 - jacard_coef: 0.5045 - val_loss: 0.0498 - val_accuracy: 0.6695 - val_jacard_coef: 0.0994
Epoch 104/200
 1/20 [>.............................] - ETA: 5s - loss: 0.0122 - accuracy: 0.9170 - jacard_coef: 0.7010 2/20 [==>...........................] - ETA: 4s - loss: 0.0146 - accuracy: 0.8894 - jacard_coef: 0.5339 3/20 [===>..........................] - ETA: 4s - loss: 0.0223 - accuracy: 0.8010 - jacard_coef: 0.4577 4/20 [=====>........................] - ETA: 4s - loss: 0.0216 - accuracy: 0.8007 - jacard_coef: 0.4801 5/20 [======>.......................] - ETA: 4s - loss: 0.0189 - accuracy: 0.8286 - jacard_coef: 0.5427 6/20 [========>.....................] - ETA: 3s - loss: 0.0182 - accuracy: 0.8419 - jacard_coef: 0.5122 7/20 [=========>....................] - ETA: 3s - loss: 0.0167 - accuracy: 0.8620 - jacard_coef: 0.5358 8/20 [===========>..................] - ETA: 3s - loss: 0.0166 - accuracy: 0.8640 - jacard_coef: 0.5346 9/20 [============>.................] - ETA: 3s - loss: 0.0157 - accuracy: 0.8754 - jacard_coef: 0.538410/20 [==============>...............] - ETA: 2s - loss: 0.0146 - accuracy: 0.8869 - jacard_coef: 0.563611/20 [===============>..............] - ETA: 2s - loss: 0.0143 - accuracy: 0.8902 - jacard_coef: 0.575312/20 [=================>............] - ETA: 2s - loss: 0.0148 - accuracy: 0.8827 - jacard_coef: 0.570813/20 [==================>...........] - ETA: 1s - loss: 0.0144 - accuracy: 0.8863 - jacard_coef: 0.584814/20 [====================>.........] - ETA: 1s - loss: 0.0145 - accuracy: 0.8828 - jacard_coef: 0.587515/20 [=====================>........] - ETA: 1s - loss: 0.0151 - accuracy: 0.8761 - jacard_coef: 0.581916/20 [=======================>......] - ETA: 1s - loss: 0.0151 - accuracy: 0.8779 - jacard_coef: 0.586417/20 [========================>.....] - ETA: 0s - loss: 0.0150 - accuracy: 0.8830 - jacard_coef: 0.569718/20 [==========================>...] - ETA: 0s - loss: 0.0151 - accuracy: 0.8795 - jacard_coef: 0.569319/20 [===========================>..] - ETA: 0s - loss: 0.0147 - accuracy: 0.8830 - jacard_coef: 0.582420/20 [==============================] - ETA: 0s - loss: 0.0146 - accuracy: 0.8848 - jacard_coef: 0.585720/20 [==============================] - 6s 287ms/step - loss: 0.0146 - accuracy: 0.8848 - jacard_coef: 0.5857 - val_loss: 0.0434 - val_accuracy: 0.6886 - val_jacard_coef: 0.1662
Epoch 105/200
 1/20 [>.............................] - ETA: 5s - loss: 0.0126 - accuracy: 0.9184 - jacard_coef: 0.7100 2/20 [==>...........................] - ETA: 4s - loss: 0.0133 - accuracy: 0.9017 - jacard_coef: 0.6016 3/20 [===>..........................] - ETA: 4s - loss: 0.0207 - accuracy: 0.8160 - jacard_coef: 0.5182 4/20 [=====>........................] - ETA: 4s - loss: 0.0197 - accuracy: 0.8182 - jacard_coef: 0.5441 5/20 [======>.......................] - ETA: 4s - loss: 0.0173 - accuracy: 0.8436 - jacard_coef: 0.5996 6/20 [========>.....................] - ETA: 3s - loss: 0.0161 - accuracy: 0.8612 - jacard_coef: 0.5856 7/20 [=========>....................] - ETA: 3s - loss: 0.0147 - accuracy: 0.8788 - jacard_coef: 0.6024 8/20 [===========>..................] - ETA: 3s - loss: 0.0146 - accuracy: 0.8806 - jacard_coef: 0.6018 9/20 [============>.................] - ETA: 3s - loss: 0.0139 - accuracy: 0.8900 - jacard_coef: 0.596310/20 [==============>...............] - ETA: 2s - loss: 0.0131 - accuracy: 0.8998 - jacard_coef: 0.610111/20 [===============>..............] - ETA: 2s - loss: 0.0130 - accuracy: 0.9022 - jacard_coef: 0.617412/20 [=================>............] - ETA: 2s - loss: 0.0134 - accuracy: 0.8978 - jacard_coef: 0.619913/20 [==================>...........] - ETA: 1s - loss: 0.0130 - accuracy: 0.9006 - jacard_coef: 0.632114/20 [====================>.........] - ETA: 1s - loss: 0.0129 - accuracy: 0.8993 - jacard_coef: 0.641815/20 [=====================>........] - ETA: 1s - loss: 0.0132 - accuracy: 0.8950 - jacard_coef: 0.642416/20 [=======================>......] - ETA: 1s - loss: 0.0131 - accuracy: 0.8960 - jacard_coef: 0.645017/20 [========================>.....] - ETA: 0s - loss: 0.0129 - accuracy: 0.9004 - jacard_coef: 0.626618/20 [==========================>...] - ETA: 0s - loss: 0.0132 - accuracy: 0.8954 - jacard_coef: 0.620819/20 [===========================>..] - ETA: 0s - loss: 0.0128 - accuracy: 0.8978 - jacard_coef: 0.629620/20 [==============================] - ETA: 0s - loss: 0.0127 - accuracy: 0.8993 - jacard_coef: 0.629620/20 [==============================] - 6s 287ms/step - loss: 0.0127 - accuracy: 0.8993 - jacard_coef: 0.6296 - val_loss: 0.0650 - val_accuracy: 0.5362 - val_jacard_coef: 0.1820
Epoch 106/200
 1/20 [>.............................] - ETA: 5s - loss: 0.0114 - accuracy: 0.9205 - jacard_coef: 0.7237 2/20 [==>...........................] - ETA: 4s - loss: 0.0122 - accuracy: 0.9036 - jacard_coef: 0.6083 3/20 [===>..........................] - ETA: 4s - loss: 0.0201 - accuracy: 0.8253 - jacard_coef: 0.5417 4/20 [=====>........................] - ETA: 4s - loss: 0.0189 - accuracy: 0.8309 - jacard_coef: 0.5784 5/20 [======>.......................] - ETA: 4s - loss: 0.0164 - accuracy: 0.8546 - jacard_coef: 0.6319 6/20 [========>.....................] - ETA: 3s - loss: 0.0151 - accuracy: 0.8731 - jacard_coef: 0.6267 7/20 [=========>....................] - ETA: 3s - loss: 0.0136 - accuracy: 0.8897 - jacard_coef: 0.6455 8/20 [===========>..................] - ETA: 3s - loss: 0.0133 - accuracy: 0.8925 - jacard_coef: 0.6498 9/20 [============>.................] - ETA: 3s - loss: 0.0126 - accuracy: 0.9018 - jacard_coef: 0.648910/20 [==============>...............] - ETA: 2s - loss: 0.0119 - accuracy: 0.9104 - jacard_coef: 0.656411/20 [===============>..............] - ETA: 2s - loss: 0.0119 - accuracy: 0.9106 - jacard_coef: 0.655412/20 [=================>............] - ETA: 2s - loss: 0.0122 - accuracy: 0.9059 - jacard_coef: 0.657013/20 [==================>...........] - ETA: 1s - loss: 0.0119 - accuracy: 0.9079 - jacard_coef: 0.665514/20 [====================>.........] - ETA: 1s - loss: 0.0118 - accuracy: 0.9070 - jacard_coef: 0.675815/20 [=====================>........] - ETA: 1s - loss: 0.0121 - accuracy: 0.9031 - jacard_coef: 0.677116/20 [=======================>......] - ETA: 1s - loss: 0.0122 - accuracy: 0.9035 - jacard_coef: 0.676917/20 [========================>.....] - ETA: 0s - loss: 0.0121 - accuracy: 0.9077 - jacard_coef: 0.658018/20 [==========================>...] - ETA: 0s - loss: 0.0123 - accuracy: 0.9038 - jacard_coef: 0.655819/20 [===========================>..] - ETA: 0s - loss: 0.0120 - accuracy: 0.9056 - jacard_coef: 0.662120/20 [==============================] - ETA: 0s - loss: 0.0119 - accuracy: 0.9068 - jacard_coef: 0.659220/20 [==============================] - 6s 287ms/step - loss: 0.0119 - accuracy: 0.9068 - jacard_coef: 0.6592 - val_loss: 0.0442 - val_accuracy: 0.7073 - val_jacard_coef: 0.2593
Epoch 107/200
 1/20 [>.............................] - ETA: 5s - loss: 0.0108 - accuracy: 0.9226 - jacard_coef: 0.7330 2/20 [==>...........................] - ETA: 4s - loss: 0.0112 - accuracy: 0.9089 - jacard_coef: 0.6358 3/20 [===>..........................] - ETA: 4s - loss: 0.0188 - accuracy: 0.8362 - jacard_coef: 0.5789 4/20 [=====>........................] - ETA: 4s - loss: 0.0178 - accuracy: 0.8399 - jacard_coef: 0.6088 5/20 [======>.......................] - ETA: 4s - loss: 0.0154 - accuracy: 0.8614 - jacard_coef: 0.6536 6/20 [========>.....................] - ETA: 3s - loss: 0.0141 - accuracy: 0.8799 - jacard_coef: 0.6512 7/20 [=========>....................] - ETA: 3s - loss: 0.0128 - accuracy: 0.8955 - jacard_coef: 0.6659 8/20 [===========>..................] - ETA: 3s - loss: 0.0126 - accuracy: 0.8968 - jacard_coef: 0.6642 9/20 [============>.................] - ETA: 3s - loss: 0.0118 - accuracy: 0.9065 - jacard_coef: 0.671110/20 [==============>...............] - ETA: 2s - loss: 0.0111 - accuracy: 0.9148 - jacard_coef: 0.679811/20 [===============>..............] - ETA: 2s - loss: 0.0109 - accuracy: 0.9167 - jacard_coef: 0.686912/20 [=================>............] - ETA: 2s - loss: 0.0110 - accuracy: 0.9136 - jacard_coef: 0.693013/20 [==================>...........] - ETA: 1s - loss: 0.0107 - accuracy: 0.9157 - jacard_coef: 0.702314/20 [====================>.........] - ETA: 1s - loss: 0.0106 - accuracy: 0.9149 - jacard_coef: 0.712315/20 [=====================>........] - ETA: 1s - loss: 0.0109 - accuracy: 0.9117 - jacard_coef: 0.714816/20 [=======================>......] - ETA: 1s - loss: 0.0110 - accuracy: 0.9117 - jacard_coef: 0.712917/20 [========================>.....] - ETA: 0s - loss: 0.0109 - accuracy: 0.9150 - jacard_coef: 0.689318/20 [==========================>...] - ETA: 0s - loss: 0.0109 - accuracy: 0.9128 - jacard_coef: 0.692119/20 [===========================>..] - ETA: 0s - loss: 0.0108 - accuracy: 0.9141 - jacard_coef: 0.696220/20 [==============================] - ETA: 0s - loss: 0.0107 - accuracy: 0.9151 - jacard_coef: 0.692820/20 [==============================] - 6s 287ms/step - loss: 0.0107 - accuracy: 0.9151 - jacard_coef: 0.6928 - val_loss: 0.0480 - val_accuracy: 0.6011 - val_jacard_coef: 0.1561
Epoch 108/200
 1/20 [>.............................] - ETA: 5s - loss: 0.0107 - accuracy: 0.9190 - jacard_coef: 0.7202 2/20 [==>...........................] - ETA: 4s - loss: 0.0095 - accuracy: 0.9209 - jacard_coef: 0.7072 3/20 [===>..........................] - ETA: 4s - loss: 0.0162 - accuracy: 0.8477 - jacard_coef: 0.6312 4/20 [=====>........................] - ETA: 4s - loss: 0.0155 - accuracy: 0.8509 - jacard_coef: 0.6548 5/20 [======>.......................] - ETA: 4s - loss: 0.0136 - accuracy: 0.8702 - jacard_coef: 0.6905 6/20 [========>.....................] - ETA: 3s - loss: 0.0124 - accuracy: 0.8872 - jacard_coef: 0.6809 7/20 [=========>....................] - ETA: 3s - loss: 0.0112 - accuracy: 0.9018 - jacard_coef: 0.6918 8/20 [===========>..................] - ETA: 3s - loss: 0.0116 - accuracy: 0.9000 - jacard_coef: 0.6845 9/20 [============>.................] - ETA: 3s - loss: 0.0109 - accuracy: 0.9090 - jacard_coef: 0.684510/20 [==============>...............] - ETA: 2s - loss: 0.0104 - accuracy: 0.9168 - jacard_coef: 0.688211/20 [===============>..............] - ETA: 2s - loss: 0.0109 - accuracy: 0.9123 - jacard_coef: 0.674412/20 [=================>............] - ETA: 2s - loss: 0.0110 - accuracy: 0.9090 - jacard_coef: 0.679413/20 [==================>...........] - ETA: 1s - loss: 0.0107 - accuracy: 0.9107 - jacard_coef: 0.685514/20 [====================>.........] - ETA: 1s - loss: 0.0106 - accuracy: 0.9100 - jacard_coef: 0.695915/20 [=====================>........] - ETA: 1s - loss: 0.0109 - accuracy: 0.9067 - jacard_coef: 0.698016/20 [=======================>......] - ETA: 1s - loss: 0.0112 - accuracy: 0.9068 - jacard_coef: 0.695717/20 [========================>.....] - ETA: 0s - loss: 0.0110 - accuracy: 0.9114 - jacard_coef: 0.684318/20 [==========================>...] - ETA: 0s - loss: 0.0115 - accuracy: 0.9062 - jacard_coef: 0.677019/20 [===========================>..] - ETA: 0s - loss: 0.0113 - accuracy: 0.9081 - jacard_coef: 0.683220/20 [==============================] - ETA: 0s - loss: 0.0112 - accuracy: 0.9092 - jacard_coef: 0.678020/20 [==============================] - 6s 287ms/step - loss: 0.0112 - accuracy: 0.9092 - jacard_coef: 0.6780 - val_loss: 0.2594 - val_accuracy: 0.4014 - val_jacard_coef: 0.1621
Epoch 109/200
 1/20 [>.............................] - ETA: 5s - loss: 0.0115 - accuracy: 0.9185 - jacard_coef: 0.7111 2/20 [==>...........................] - ETA: 4s - loss: 0.0130 - accuracy: 0.8951 - jacard_coef: 0.5560 3/20 [===>..........................] - ETA: 4s - loss: 0.0215 - accuracy: 0.8115 - jacard_coef: 0.4870 4/20 [=====>........................] - ETA: 4s - loss: 0.0200 - accuracy: 0.8180 - jacard_coef: 0.5313 5/20 [======>.......................] - ETA: 4s - loss: 0.0175 - accuracy: 0.8434 - jacard_coef: 0.5882 6/20 [========>.....................] - ETA: 3s - loss: 0.0162 - accuracy: 0.8624 - jacard_coef: 0.5801 7/20 [=========>....................] - ETA: 3s - loss: 0.0146 - accuracy: 0.8803 - jacard_coef: 0.6034 8/20 [===========>..................] - ETA: 3s - loss: 0.0142 - accuracy: 0.8856 - jacard_coef: 0.6195 9/20 [============>.................] - ETA: 3s - loss: 0.0135 - accuracy: 0.8952 - jacard_coef: 0.617810/20 [==============>...............] - ETA: 2s - loss: 0.0127 - accuracy: 0.9045 - jacard_coef: 0.628911/20 [===============>..............] - ETA: 2s - loss: 0.0126 - accuracy: 0.9075 - jacard_coef: 0.640012/20 [=================>............] - ETA: 2s - loss: 0.0129 - accuracy: 0.9032 - jacard_coef: 0.643213/20 [==================>...........] - ETA: 1s - loss: 0.0125 - accuracy: 0.9048 - jacard_coef: 0.649314/20 [====================>.........] - ETA: 1s - loss: 0.0124 - accuracy: 0.9042 - jacard_coef: 0.661115/20 [=====================>........] - ETA: 1s - loss: 0.0126 - accuracy: 0.9011 - jacard_coef: 0.665316/20 [=======================>......] - ETA: 1s - loss: 0.0126 - accuracy: 0.9018 - jacard_coef: 0.666617/20 [========================>.....] - ETA: 0s - loss: 0.0124 - accuracy: 0.9053 - jacard_coef: 0.643718/20 [==========================>...] - ETA: 0s - loss: 0.0125 - accuracy: 0.9013 - jacard_coef: 0.641419/20 [===========================>..] - ETA: 0s - loss: 0.0122 - accuracy: 0.9036 - jacard_coef: 0.650420/20 [==============================] - ETA: 0s - loss: 0.0121 - accuracy: 0.9047 - jacard_coef: 0.647620/20 [==============================] - 6s 287ms/step - loss: 0.0121 - accuracy: 0.9047 - jacard_coef: 0.6476 - val_loss: 0.0303 - val_accuracy: 0.7557 - val_jacard_coef: 0.2925
Epoch 110/200
 1/20 [>.............................] - ETA: 5s - loss: 0.0105 - accuracy: 0.9209 - jacard_coef: 0.7306 2/20 [==>...........................] - ETA: 4s - loss: 0.0109 - accuracy: 0.9066 - jacard_coef: 0.6276 3/20 [===>..........................] - ETA: 4s - loss: 0.0171 - accuracy: 0.8337 - jacard_coef: 0.5691 4/20 [=====>........................] - ETA: 4s - loss: 0.0162 - accuracy: 0.8407 - jacard_coef: 0.6091 5/20 [======>.......................] - ETA: 4s - loss: 0.0142 - accuracy: 0.8625 - jacard_coef: 0.6567 6/20 [========>.....................] - ETA: 3s - loss: 0.0130 - accuracy: 0.8807 - jacard_coef: 0.6533 7/20 [=========>....................] - ETA: 3s - loss: 0.0117 - accuracy: 0.8962 - jacard_coef: 0.6696 8/20 [===========>..................] - ETA: 3s - loss: 0.0117 - accuracy: 0.8973 - jacard_coef: 0.6657 9/20 [============>.................] - ETA: 3s - loss: 0.0109 - accuracy: 0.9072 - jacard_coef: 0.675510/20 [==============>...............] - ETA: 2s - loss: 0.0102 - accuracy: 0.9155 - jacard_coef: 0.685611/20 [===============>..............] - ETA: 2s - loss: 0.0100 - accuracy: 0.9170 - jacard_coef: 0.691412/20 [=================>............] - ETA: 2s - loss: 0.0102 - accuracy: 0.9135 - jacard_coef: 0.696013/20 [==================>...........] - ETA: 1s - loss: 0.0100 - accuracy: 0.9150 - jacard_coef: 0.702814/20 [====================>.........] - ETA: 1s - loss: 0.0099 - accuracy: 0.9145 - jacard_coef: 0.713515/20 [=====================>........] - ETA: 1s - loss: 0.0103 - accuracy: 0.9114 - jacard_coef: 0.716416/20 [=======================>......] - ETA: 1s - loss: 0.0105 - accuracy: 0.9113 - jacard_coef: 0.714617/20 [========================>.....] - ETA: 0s - loss: 0.0105 - accuracy: 0.9150 - jacard_coef: 0.693618/20 [==========================>...] - ETA: 0s - loss: 0.0104 - accuracy: 0.9133 - jacard_coef: 0.697919/20 [===========================>..] - ETA: 0s - loss: 0.0102 - accuracy: 0.9151 - jacard_coef: 0.704820/20 [==============================] - ETA: 0s - loss: 0.0101 - accuracy: 0.9163 - jacard_coef: 0.702520/20 [==============================] - 6s 287ms/step - loss: 0.0101 - accuracy: 0.9163 - jacard_coef: 0.7025 - val_loss: 0.0262 - val_accuracy: 0.8163 - val_jacard_coef: 0.3177
Epoch 111/200
 1/20 [>.............................] - ETA: 5s - loss: 0.0107 - accuracy: 0.9198 - jacard_coef: 0.7239 2/20 [==>...........................] - ETA: 4s - loss: 0.0097 - accuracy: 0.9173 - jacard_coef: 0.6860 3/20 [===>..........................] - ETA: 4s - loss: 0.0152 - accuracy: 0.8579 - jacard_coef: 0.6454 4/20 [=====>........................] - ETA: 4s - loss: 0.0146 - accuracy: 0.8607 - jacard_coef: 0.6719 5/20 [======>.......................] - ETA: 4s - loss: 0.0129 - accuracy: 0.8774 - jacard_coef: 0.6999 6/20 [========>.....................] - ETA: 3s - loss: 0.0118 - accuracy: 0.8932 - jacard_coef: 0.6857 7/20 [=========>....................] - ETA: 3s - loss: 0.0107 - accuracy: 0.9069 - jacard_coef: 0.6947 8/20 [===========>..................] - ETA: 3s - loss: 0.0105 - accuracy: 0.9095 - jacard_coef: 0.7004 9/20 [============>.................] - ETA: 3s - loss: 0.0099 - accuracy: 0.9182 - jacard_coef: 0.707410/20 [==============>...............] - ETA: 2s - loss: 0.0093 - accuracy: 0.9252 - jacard_coef: 0.708811/20 [===============>..............] - ETA: 2s - loss: 0.0091 - accuracy: 0.9267 - jacard_coef: 0.714612/20 [=================>............] - ETA: 2s - loss: 0.0092 - accuracy: 0.9237 - jacard_coef: 0.721313/20 [==================>...........] - ETA: 1s - loss: 0.0090 - accuracy: 0.9251 - jacard_coef: 0.728714/20 [====================>.........] - ETA: 1s - loss: 0.0090 - accuracy: 0.9237 - jacard_coef: 0.736915/20 [=====================>........] - ETA: 1s - loss: 0.0093 - accuracy: 0.9202 - jacard_coef: 0.738816/20 [=======================>......] - ETA: 1s - loss: 0.0094 - accuracy: 0.9197 - jacard_coef: 0.735917/20 [========================>.....] - ETA: 0s - loss: 0.0095 - accuracy: 0.9213 - jacard_coef: 0.705418/20 [==========================>...] - ETA: 0s - loss: 0.0095 - accuracy: 0.9206 - jacard_coef: 0.713219/20 [===========================>..] - ETA: 0s - loss: 0.0093 - accuracy: 0.9219 - jacard_coef: 0.718520/20 [==============================] - ETA: 0s - loss: 0.0092 - accuracy: 0.9229 - jacard_coef: 0.716120/20 [==============================] - 6s 287ms/step - loss: 0.0092 - accuracy: 0.9229 - jacard_coef: 0.7161 - val_loss: 0.0110 - val_accuracy: 0.9239 - val_jacard_coef: 0.6060
Epoch 112/200
 1/20 [>.............................] - ETA: 5s - loss: 0.0102 - accuracy: 0.9184 - jacard_coef: 0.7199 2/20 [==>...........................] - ETA: 4s - loss: 0.0088 - accuracy: 0.9241 - jacard_coef: 0.7260 3/20 [===>..........................] - ETA: 4s - loss: 0.0139 - accuracy: 0.8653 - jacard_coef: 0.6784 4/20 [=====>........................] - ETA: 4s - loss: 0.0135 - accuracy: 0.8667 - jacard_coef: 0.6979 5/20 [======>.......................] - ETA: 4s - loss: 0.0118 - accuracy: 0.8830 - jacard_coef: 0.7257 6/20 [========>.....................] - ETA: 3s - loss: 0.0107 - accuracy: 0.8983 - jacard_coef: 0.7100 7/20 [=========>....................] - ETA: 3s - loss: 0.0097 - accuracy: 0.9112 - jacard_coef: 0.7134 8/20 [===========>..................] - ETA: 3s - loss: 0.0097 - accuracy: 0.9139 - jacard_coef: 0.7202 9/20 [============>.................] - ETA: 3s - loss: 0.0090 - accuracy: 0.9223 - jacard_coef: 0.728010/20 [==============>...............] - ETA: 2s - loss: 0.0085 - accuracy: 0.9288 - jacard_coef: 0.726011/20 [===============>..............] - ETA: 2s - loss: 0.0082 - accuracy: 0.9309 - jacard_coef: 0.736112/20 [=================>............] - ETA: 2s - loss: 0.0083 - accuracy: 0.9281 - jacard_coef: 0.742213/20 [==================>...........] - ETA: 1s - loss: 0.0081 - accuracy: 0.9291 - jacard_coef: 0.748014/20 [====================>.........] - ETA: 1s - loss: 0.0081 - accuracy: 0.9274 - jacard_coef: 0.755015/20 [=====================>........] - ETA: 1s - loss: 0.0085 - accuracy: 0.9236 - jacard_coef: 0.755216/20 [=======================>......] - ETA: 1s - loss: 0.0088 - accuracy: 0.9227 - jacard_coef: 0.751117/20 [========================>.....] - ETA: 0s - loss: 0.0087 - accuracy: 0.9261 - jacard_coef: 0.731818/20 [==========================>...] - ETA: 0s - loss: 0.0087 - accuracy: 0.9252 - jacard_coef: 0.738619/20 [===========================>..] - ETA: 0s - loss: 0.0085 - accuracy: 0.9265 - jacard_coef: 0.744020/20 [==============================] - ETA: 0s - loss: 0.0085 - accuracy: 0.9273 - jacard_coef: 0.738820/20 [==============================] - 6s 287ms/step - loss: 0.0085 - accuracy: 0.9273 - jacard_coef: 0.7388 - val_loss: 0.0099 - val_accuracy: 0.9303 - val_jacard_coef: 0.6000
Epoch 113/200
 1/20 [>.............................] - ETA: 5s - loss: 0.0100 - accuracy: 0.9192 - jacard_coef: 0.7256 2/20 [==>...........................] - ETA: 4s - loss: 0.0082 - accuracy: 0.9305 - jacard_coef: 0.7635 3/20 [===>..........................] - ETA: 4s - loss: 0.0126 - accuracy: 0.8824 - jacard_coef: 0.7320 4/20 [=====>........................] - ETA: 4s - loss: 0.0124 - accuracy: 0.8792 - jacard_coef: 0.7370 5/20 [======>.......................] - ETA: 4s - loss: 0.0109 - accuracy: 0.8930 - jacard_coef: 0.7571 6/20 [========>.....................] - ETA: 3s - loss: 0.0100 - accuracy: 0.9067 - jacard_coef: 0.7362 7/20 [=========>....................] - ETA: 3s - loss: 0.0091 - accuracy: 0.9182 - jacard_coef: 0.7304 8/20 [===========>..................] - ETA: 3s - loss: 0.0090 - accuracy: 0.9200 - jacard_coef: 0.7346 9/20 [============>.................] - ETA: 3s - loss: 0.0084 - accuracy: 0.9278 - jacard_coef: 0.740910/20 [==============>...............] - ETA: 2s - loss: 0.0079 - accuracy: 0.9337 - jacard_coef: 0.735711/20 [===============>..............] - ETA: 2s - loss: 0.0076 - accuracy: 0.9352 - jacard_coef: 0.744312/20 [=================>............] - ETA: 2s - loss: 0.0078 - accuracy: 0.9318 - jacard_coef: 0.749213/20 [==================>...........] - ETA: 1s - loss: 0.0076 - accuracy: 0.9328 - jacard_coef: 0.755514/20 [====================>.........] - ETA: 1s - loss: 0.0076 - accuracy: 0.9308 - jacard_coef: 0.761815/20 [=====================>........] - ETA: 1s - loss: 0.0080 - accuracy: 0.9267 - jacard_coef: 0.761416/20 [=======================>......] - ETA: 1s - loss: 0.0082 - accuracy: 0.9259 - jacard_coef: 0.757717/20 [========================>.....] - ETA: 0s - loss: 0.0082 - accuracy: 0.9287 - jacard_coef: 0.734218/20 [==========================>...] - ETA: 0s - loss: 0.0082 - accuracy: 0.9275 - jacard_coef: 0.740519/20 [===========================>..] - ETA: 0s - loss: 0.0080 - accuracy: 0.9287 - jacard_coef: 0.746120/20 [==============================] - ETA: 0s - loss: 0.0080 - accuracy: 0.9295 - jacard_coef: 0.741320/20 [==============================] - 6s 287ms/step - loss: 0.0080 - accuracy: 0.9295 - jacard_coef: 0.7413 - val_loss: 0.0096 - val_accuracy: 0.9257 - val_jacard_coef: 0.5799
Epoch 114/200
 1/20 [>.............................] - ETA: 5s - loss: 0.0097 - accuracy: 0.9208 - jacard_coef: 0.7335 2/20 [==>...........................] - ETA: 4s - loss: 0.0079 - accuracy: 0.9320 - jacard_coef: 0.7721 3/20 [===>..........................] - ETA: 4s - loss: 0.0123 - accuracy: 0.8793 - jacard_coef: 0.7280 4/20 [=====>........................] - ETA: 4s - loss: 0.0121 - accuracy: 0.8775 - jacard_coef: 0.7359 5/20 [======>.......................] - ETA: 4s - loss: 0.0107 - accuracy: 0.8920 - jacard_coef: 0.7580 6/20 [========>.....................] - ETA: 3s - loss: 0.0097 - accuracy: 0.9057 - jacard_coef: 0.7335 7/20 [=========>....................] - ETA: 3s - loss: 0.0088 - accuracy: 0.9173 - jacard_coef: 0.7273 8/20 [===========>..................] - ETA: 3s - loss: 0.0087 - accuracy: 0.9198 - jacard_coef: 0.7348 9/20 [============>.................] - ETA: 3s - loss: 0.0082 - accuracy: 0.9272 - jacard_coef: 0.732610/20 [==============>...............] - ETA: 2s - loss: 0.0077 - accuracy: 0.9331 - jacard_coef: 0.727311/20 [===============>..............] - ETA: 2s - loss: 0.0074 - accuracy: 0.9344 - jacard_coef: 0.734712/20 [=================>............] - ETA: 2s - loss: 0.0076 - accuracy: 0.9311 - jacard_coef: 0.740513/20 [==================>...........] - ETA: 1s - loss: 0.0075 - accuracy: 0.9320 - jacard_coef: 0.746814/20 [====================>.........] - ETA: 1s - loss: 0.0075 - accuracy: 0.9301 - jacard_coef: 0.754015/20 [=====================>........] - ETA: 1s - loss: 0.0079 - accuracy: 0.9261 - jacard_coef: 0.754216/20 [=======================>......] - ETA: 1s - loss: 0.0081 - accuracy: 0.9251 - jacard_coef: 0.750517/20 [========================>.....] - ETA: 0s - loss: 0.0080 - accuracy: 0.9287 - jacard_coef: 0.737118/20 [==========================>...] - ETA: 0s - loss: 0.0080 - accuracy: 0.9278 - jacard_coef: 0.744019/20 [===========================>..] - ETA: 0s - loss: 0.0079 - accuracy: 0.9291 - jacard_coef: 0.749720/20 [==============================] - ETA: 0s - loss: 0.0078 - accuracy: 0.9298 - jacard_coef: 0.744420/20 [==============================] - 6s 287ms/step - loss: 0.0078 - accuracy: 0.9298 - jacard_coef: 0.7444 - val_loss: 0.0094 - val_accuracy: 0.9296 - val_jacard_coef: 0.5773
Epoch 115/200
 1/20 [>.............................] - ETA: 5s - loss: 0.0098 - accuracy: 0.9211 - jacard_coef: 0.7360 2/20 [==>...........................] - ETA: 4s - loss: 0.0080 - accuracy: 0.9316 - jacard_coef: 0.7703 3/20 [===>..........................] - ETA: 4s - loss: 0.0116 - accuracy: 0.8886 - jacard_coef: 0.7485 4/20 [=====>........................] - ETA: 4s - loss: 0.0116 - accuracy: 0.8848 - jacard_coef: 0.7523 5/20 [======>.......................] - ETA: 4s - loss: 0.0102 - accuracy: 0.8981 - jacard_coef: 0.7731 6/20 [========>.....................] - ETA: 3s - loss: 0.0093 - accuracy: 0.9112 - jacard_coef: 0.7552 7/20 [=========>....................] - ETA: 3s - loss: 0.0084 - accuracy: 0.9220 - jacard_coef: 0.7457 8/20 [===========>..................] - ETA: 3s - loss: 0.0084 - accuracy: 0.9238 - jacard_coef: 0.7503 9/20 [============>.................] - ETA: 3s - loss: 0.0078 - accuracy: 0.9311 - jacard_coef: 0.754110/20 [==============>...............] - ETA: 2s - loss: 0.0073 - accuracy: 0.9367 - jacard_coef: 0.747311/20 [===============>..............] - ETA: 2s - loss: 0.0071 - accuracy: 0.9378 - jacard_coef: 0.754312/20 [=================>............] - ETA: 2s - loss: 0.0072 - accuracy: 0.9342 - jacard_coef: 0.758313/20 [==================>...........] - ETA: 1s - loss: 0.0071 - accuracy: 0.9349 - jacard_coef: 0.763314/20 [====================>.........] - ETA: 1s - loss: 0.0071 - accuracy: 0.9327 - jacard_coef: 0.768815/20 [=====================>........] - ETA: 1s - loss: 0.0075 - accuracy: 0.9284 - jacard_coef: 0.767916/20 [=======================>......] - ETA: 1s - loss: 0.0078 - accuracy: 0.9273 - jacard_coef: 0.763317/20 [========================>.....] - ETA: 0s - loss: 0.0076 - accuracy: 0.9306 - jacard_coef: 0.745918/20 [==========================>...] - ETA: 0s - loss: 0.0076 - accuracy: 0.9296 - jacard_coef: 0.752319/20 [===========================>..] - ETA: 0s - loss: 0.0075 - accuracy: 0.9307 - jacard_coef: 0.757420/20 [==============================] - ETA: 0s - loss: 0.0075 - accuracy: 0.9315 - jacard_coef: 0.752720/20 [==============================] - 6s 287ms/step - loss: 0.0075 - accuracy: 0.9315 - jacard_coef: 0.7527 - val_loss: 0.0099 - val_accuracy: 0.9243 - val_jacard_coef: 0.5468
Epoch 116/200
 1/20 [>.............................] - ETA: 5s - loss: 0.0092 - accuracy: 0.9219 - jacard_coef: 0.7381 2/20 [==>...........................] - ETA: 4s - loss: 0.0075 - accuracy: 0.9336 - jacard_coef: 0.7803 3/20 [===>..........................] - ETA: 4s - loss: 0.0111 - accuracy: 0.8937 - jacard_coef: 0.7638 4/20 [=====>........................] - ETA: 4s - loss: 0.0112 - accuracy: 0.8892 - jacard_coef: 0.7653 5/20 [======>.......................] - ETA: 4s - loss: 0.0098 - accuracy: 0.9014 - jacard_coef: 0.7822 6/20 [========>.....................] - ETA: 3s - loss: 0.0089 - accuracy: 0.9136 - jacard_coef: 0.7548 7/20 [=========>....................] - ETA: 3s - loss: 0.0081 - accuracy: 0.9242 - jacard_coef: 0.7452 8/20 [===========>..................] - ETA: 3s - loss: 0.0081 - accuracy: 0.9254 - jacard_coef: 0.7482 9/20 [============>.................] - ETA: 3s - loss: 0.0075 - accuracy: 0.9325 - jacard_coef: 0.751510/20 [==============>...............] - ETA: 2s - loss: 0.0071 - accuracy: 0.9380 - jacard_coef: 0.747011/20 [===============>..............] - ETA: 2s - loss: 0.0068 - accuracy: 0.9394 - jacard_coef: 0.756212/20 [=================>............] - ETA: 2s - loss: 0.0069 - accuracy: 0.9362 - jacard_coef: 0.761913/20 [==================>...........] - ETA: 1s - loss: 0.0068 - accuracy: 0.9369 - jacard_coef: 0.767514/20 [====================>.........] - ETA: 1s - loss: 0.0069 - accuracy: 0.9347 - jacard_coef: 0.773315/20 [=====================>........] - ETA: 1s - loss: 0.0073 - accuracy: 0.9303 - jacard_coef: 0.772416/20 [=======================>......] - ETA: 1s - loss: 0.0075 - accuracy: 0.9291 - jacard_coef: 0.767417/20 [========================>.....] - ETA: 0s - loss: 0.0074 - accuracy: 0.9320 - jacard_coef: 0.745918/20 [==========================>...] - ETA: 0s - loss: 0.0074 - accuracy: 0.9309 - jacard_coef: 0.752419/20 [===========================>..] - ETA: 0s - loss: 0.0073 - accuracy: 0.9318 - jacard_coef: 0.756920/20 [==============================] - ETA: 0s - loss: 0.0072 - accuracy: 0.9326 - jacard_coef: 0.753620/20 [==============================] - 6s 287ms/step - loss: 0.0072 - accuracy: 0.9326 - jacard_coef: 0.7536 - val_loss: 0.0105 - val_accuracy: 0.9201 - val_jacard_coef: 0.5285
Epoch 117/200
 1/20 [>.............................] - ETA: 5s - loss: 0.0089 - accuracy: 0.9210 - jacard_coef: 0.7326 2/20 [==>...........................] - ETA: 4s - loss: 0.0074 - accuracy: 0.9331 - jacard_coef: 0.7766 3/20 [===>..........................] - ETA: 4s - loss: 0.0108 - accuracy: 0.8967 - jacard_coef: 0.7691 4/20 [=====>........................] - ETA: 4s - loss: 0.0109 - accuracy: 0.8919 - jacard_coef: 0.7705 5/20 [======>.......................] - ETA: 4s - loss: 0.0096 - accuracy: 0.9029 - jacard_coef: 0.7824 6/20 [========>.....................] - ETA: 3s - loss: 0.0087 - accuracy: 0.9148 - jacard_coef: 0.7529 7/20 [=========>....................] - ETA: 3s - loss: 0.0080 - accuracy: 0.9251 - jacard_coef: 0.7422 8/20 [===========>..................] - ETA: 3s - loss: 0.0079 - accuracy: 0.9263 - jacard_coef: 0.7463 9/20 [============>.................] - ETA: 3s - loss: 0.0074 - accuracy: 0.9332 - jacard_coef: 0.746410/20 [==============>...............] - ETA: 2s - loss: 0.0069 - accuracy: 0.9386 - jacard_coef: 0.742011/20 [===============>..............] - ETA: 2s - loss: 0.0067 - accuracy: 0.9400 - jacard_coef: 0.751812/20 [=================>............] - ETA: 2s - loss: 0.0068 - accuracy: 0.9371 - jacard_coef: 0.759113/20 [==================>...........] - ETA: 1s - loss: 0.0067 - accuracy: 0.9379 - jacard_coef: 0.765614/20 [====================>.........] - ETA: 1s - loss: 0.0067 - accuracy: 0.9358 - jacard_coef: 0.772215/20 [=====================>........] - ETA: 1s - loss: 0.0071 - accuracy: 0.9316 - jacard_coef: 0.771916/20 [=======================>......] - ETA: 1s - loss: 0.0073 - accuracy: 0.9303 - jacard_coef: 0.767117/20 [========================>.....] - ETA: 0s - loss: 0.0072 - accuracy: 0.9333 - jacard_coef: 0.748118/20 [==========================>...] - ETA: 0s - loss: 0.0072 - accuracy: 0.9322 - jacard_coef: 0.754719/20 [===========================>..] - ETA: 0s - loss: 0.0071 - accuracy: 0.9331 - jacard_coef: 0.759220/20 [==============================] - ETA: 0s - loss: 0.0070 - accuracy: 0.9339 - jacard_coef: 0.757020/20 [==============================] - 6s 287ms/step - loss: 0.0070 - accuracy: 0.9339 - jacard_coef: 0.7570 - val_loss: 0.0111 - val_accuracy: 0.9192 - val_jacard_coef: 0.5269
Epoch 118/200
 1/20 [>.............................] - ETA: 5s - loss: 0.0087 - accuracy: 0.9207 - jacard_coef: 0.7327 2/20 [==>...........................] - ETA: 4s - loss: 0.0073 - accuracy: 0.9337 - jacard_coef: 0.7817 3/20 [===>..........................] - ETA: 4s - loss: 0.0105 - accuracy: 0.8998 - jacard_coef: 0.7786 4/20 [=====>........................] - ETA: 4s - loss: 0.0106 - accuracy: 0.8943 - jacard_coef: 0.7782 5/20 [======>.......................] - ETA: 4s - loss: 0.0094 - accuracy: 0.9048 - jacard_coef: 0.7879 6/20 [========>.....................] - ETA: 3s - loss: 0.0086 - accuracy: 0.9166 - jacard_coef: 0.7604 7/20 [=========>....................] - ETA: 3s - loss: 0.0078 - accuracy: 0.9267 - jacard_coef: 0.7499 8/20 [===========>..................] - ETA: 3s - loss: 0.0077 - accuracy: 0.9280 - jacard_coef: 0.7546 9/20 [============>.................] - ETA: 3s - loss: 0.0072 - accuracy: 0.9346 - jacard_coef: 0.753010/20 [==============>...............] - ETA: 2s - loss: 0.0068 - accuracy: 0.9399 - jacard_coef: 0.748211/20 [===============>..............] - ETA: 2s - loss: 0.0065 - accuracy: 0.9411 - jacard_coef: 0.756812/20 [=================>............] - ETA: 2s - loss: 0.0066 - accuracy: 0.9380 - jacard_coef: 0.763313/20 [==================>...........] - ETA: 1s - loss: 0.0065 - accuracy: 0.9386 - jacard_coef: 0.769114/20 [====================>.........] - ETA: 1s - loss: 0.0066 - accuracy: 0.9364 - jacard_coef: 0.775115/20 [=====================>........] - ETA: 1s - loss: 0.0070 - accuracy: 0.9321 - jacard_coef: 0.774516/20 [=======================>......] - ETA: 1s - loss: 0.0072 - accuracy: 0.9309 - jacard_coef: 0.769717/20 [========================>.....] - ETA: 0s - loss: 0.0070 - accuracy: 0.9341 - jacard_coef: 0.754218/20 [==========================>...] - ETA: 0s - loss: 0.0070 - accuracy: 0.9329 - jacard_coef: 0.760319/20 [===========================>..] - ETA: 0s - loss: 0.0069 - accuracy: 0.9339 - jacard_coef: 0.765220/20 [==============================] - ETA: 0s - loss: 0.0069 - accuracy: 0.9348 - jacard_coef: 0.763320/20 [==============================] - 6s 287ms/step - loss: 0.0069 - accuracy: 0.9348 - jacard_coef: 0.7633 - val_loss: 0.0118 - val_accuracy: 0.9158 - val_jacard_coef: 0.5194
Epoch 119/200
 1/20 [>.............................] - ETA: 5s - loss: 0.0085 - accuracy: 0.9235 - jacard_coef: 0.7460 2/20 [==>...........................] - ETA: 4s - loss: 0.0072 - accuracy: 0.9344 - jacard_coef: 0.7846 3/20 [===>..........................] - ETA: 4s - loss: 0.0104 - accuracy: 0.8998 - jacard_coef: 0.7795 4/20 [=====>........................] - ETA: 4s - loss: 0.0105 - accuracy: 0.8953 - jacard_coef: 0.7818 5/20 [======>.......................] - ETA: 4s - loss: 0.0093 - accuracy: 0.9061 - jacard_coef: 0.7936 6/20 [========>.....................] - ETA: 3s - loss: 0.0084 - accuracy: 0.9180 - jacard_coef: 0.7753 7/20 [=========>....................] - ETA: 3s - loss: 0.0077 - accuracy: 0.9280 - jacard_coef: 0.7654 8/20 [===========>..................] - ETA: 3s - loss: 0.0076 - accuracy: 0.9290 - jacard_coef: 0.7678 9/20 [============>.................] - ETA: 3s - loss: 0.0071 - accuracy: 0.9357 - jacard_coef: 0.768810/20 [==============>...............] - ETA: 2s - loss: 0.0066 - accuracy: 0.9409 - jacard_coef: 0.762311/20 [===============>..............] - ETA: 2s - loss: 0.0064 - accuracy: 0.9419 - jacard_coef: 0.769512/20 [=================>............] - ETA: 2s - loss: 0.0065 - accuracy: 0.9388 - jacard_coef: 0.774913/20 [==================>...........] - ETA: 1s - loss: 0.0064 - accuracy: 0.9392 - jacard_coef: 0.778814/20 [====================>.........] - ETA: 1s - loss: 0.0065 - accuracy: 0.9369 - jacard_coef: 0.784115/20 [=====================>........] - ETA: 1s - loss: 0.0069 - accuracy: 0.9326 - jacard_coef: 0.783016/20 [=======================>......] - ETA: 1s - loss: 0.0071 - accuracy: 0.9313 - jacard_coef: 0.777617/20 [========================>.....] - ETA: 0s - loss: 0.0069 - accuracy: 0.9346 - jacard_coef: 0.763718/20 [==========================>...] - ETA: 0s - loss: 0.0069 - accuracy: 0.9335 - jacard_coef: 0.769619/20 [===========================>..] - ETA: 0s - loss: 0.0068 - accuracy: 0.9345 - jacard_coef: 0.774220/20 [==============================] - ETA: 0s - loss: 0.0068 - accuracy: 0.9353 - jacard_coef: 0.771320/20 [==============================] - 6s 287ms/step - loss: 0.0068 - accuracy: 0.9353 - jacard_coef: 0.7713 - val_loss: 0.0105 - val_accuracy: 0.9212 - val_jacard_coef: 0.5465
Epoch 120/200
 1/20 [>.............................] - ETA: 5s - loss: 0.0085 - accuracy: 0.9237 - jacard_coef: 0.7460 2/20 [==>...........................] - ETA: 4s - loss: 0.0072 - accuracy: 0.9343 - jacard_coef: 0.7835 3/20 [===>..........................] - ETA: 4s - loss: 0.0102 - accuracy: 0.9028 - jacard_coef: 0.7859 4/20 [=====>........................] - ETA: 4s - loss: 0.0103 - accuracy: 0.8984 - jacard_coef: 0.7888 5/20 [======>.......................] - ETA: 4s - loss: 0.0091 - accuracy: 0.9088 - jacard_coef: 0.8009 6/20 [========>.....................] - ETA: 3s - loss: 0.0083 - accuracy: 0.9202 - jacard_coef: 0.7817 7/20 [=========>....................] - ETA: 3s - loss: 0.0075 - accuracy: 0.9299 - jacard_coef: 0.7711 8/20 [===========>..................] - ETA: 3s - loss: 0.0075 - accuracy: 0.9304 - jacard_coef: 0.7711 9/20 [============>.................] - ETA: 3s - loss: 0.0070 - accuracy: 0.9371 - jacard_coef: 0.774510/20 [==============>...............] - ETA: 2s - loss: 0.0065 - accuracy: 0.9422 - jacard_coef: 0.769311/20 [===============>..............] - ETA: 2s - loss: 0.0064 - accuracy: 0.9433 - jacard_coef: 0.776912/20 [=================>............] - ETA: 2s - loss: 0.0065 - accuracy: 0.9401 - jacard_coef: 0.782113/20 [==================>...........] - ETA: 1s - loss: 0.0064 - accuracy: 0.9403 - jacard_coef: 0.785114/20 [====================>.........] - ETA: 1s - loss: 0.0064 - accuracy: 0.9380 - jacard_coef: 0.790215/20 [=====================>........] - ETA: 1s - loss: 0.0068 - accuracy: 0.9337 - jacard_coef: 0.789016/20 [=======================>......] - ETA: 1s - loss: 0.0070 - accuracy: 0.9324 - jacard_coef: 0.783217/20 [========================>.....] - ETA: 0s - loss: 0.0069 - accuracy: 0.9352 - jacard_coef: 0.763018/20 [==========================>...] - ETA: 0s - loss: 0.0069 - accuracy: 0.9341 - jacard_coef: 0.768919/20 [===========================>..] - ETA: 0s - loss: 0.0068 - accuracy: 0.9350 - jacard_coef: 0.773020/20 [==============================] - ETA: 0s - loss: 0.0067 - accuracy: 0.9357 - jacard_coef: 0.768820/20 [==============================] - 6s 287ms/step - loss: 0.0067 - accuracy: 0.9357 - jacard_coef: 0.7688 - val_loss: 0.0105 - val_accuracy: 0.9215 - val_jacard_coef: 0.5399
Epoch 121/200
 1/20 [>.............................] - ETA: 5s - loss: 0.0084 - accuracy: 0.9224 - jacard_coef: 0.7371 2/20 [==>...........................] - ETA: 4s - loss: 0.0070 - accuracy: 0.9344 - jacard_coef: 0.7827 3/20 [===>..........................] - ETA: 4s - loss: 0.0101 - accuracy: 0.9013 - jacard_coef: 0.7818 4/20 [=====>........................] - ETA: 4s - loss: 0.0102 - accuracy: 0.8972 - jacard_coef: 0.7857 5/20 [======>.......................] - ETA: 4s - loss: 0.0090 - accuracy: 0.9075 - jacard_coef: 0.7960 6/20 [========>.....................] - ETA: 3s - loss: 0.0083 - accuracy: 0.9183 - jacard_coef: 0.7576 7/20 [=========>....................] - ETA: 3s - loss: 0.0075 - accuracy: 0.9281 - jacard_coef: 0.7464 8/20 [===========>..................] - ETA: 3s - loss: 0.0076 - accuracy: 0.9286 - jacard_coef: 0.7482 9/20 [============>.................] - ETA: 3s - loss: 0.0071 - accuracy: 0.9353 - jacard_coef: 0.750610/20 [==============>...............] - ETA: 2s - loss: 0.0066 - accuracy: 0.9406 - jacard_coef: 0.747611/20 [===============>..............] - ETA: 2s - loss: 0.0064 - accuracy: 0.9418 - jacard_coef: 0.757212/20 [=================>............] - ETA: 2s - loss: 0.0065 - accuracy: 0.9389 - jacard_coef: 0.764613/20 [==================>...........] - ETA: 1s - loss: 0.0065 - accuracy: 0.9395 - jacard_coef: 0.770514/20 [====================>.........] - ETA: 1s - loss: 0.0065 - accuracy: 0.9373 - jacard_coef: 0.777015/20 [=====================>........] - ETA: 1s - loss: 0.0069 - accuracy: 0.9332 - jacard_coef: 0.776916/20 [=======================>......] - ETA: 1s - loss: 0.0071 - accuracy: 0.9317 - jacard_coef: 0.771817/20 [========================>.....] - ETA: 0s - loss: 0.0070 - accuracy: 0.9343 - jacard_coef: 0.748918/20 [==========================>...] - ETA: 0s - loss: 0.0070 - accuracy: 0.9331 - jacard_coef: 0.755319/20 [===========================>..] - ETA: 0s - loss: 0.0069 - accuracy: 0.9339 - jacard_coef: 0.759620/20 [==============================] - ETA: 0s - loss: 0.0068 - accuracy: 0.9347 - jacard_coef: 0.756820/20 [==============================] - 6s 287ms/step - loss: 0.0068 - accuracy: 0.9347 - jacard_coef: 0.7568 - val_loss: 0.0112 - val_accuracy: 0.9225 - val_jacard_coef: 0.5630
Epoch 122/200
 1/20 [>.............................] - ETA: 5s - loss: 0.0087 - accuracy: 0.9194 - jacard_coef: 0.7186 2/20 [==>...........................] - ETA: 4s - loss: 0.0072 - accuracy: 0.9329 - jacard_coef: 0.7730 3/20 [===>..........................] - ETA: 4s - loss: 0.0101 - accuracy: 0.9000 - jacard_coef: 0.7745 4/20 [=====>........................] - ETA: 4s - loss: 0.0103 - accuracy: 0.8953 - jacard_coef: 0.7775 5/20 [======>.......................] - ETA: 4s - loss: 0.0092 - accuracy: 0.9045 - jacard_coef: 0.7804 6/20 [========>.....................] - ETA: 3s - loss: 0.0084 - accuracy: 0.9159 - jacard_coef: 0.7467 7/20 [=========>....................] - ETA: 3s - loss: 0.0076 - accuracy: 0.9263 - jacard_coef: 0.7425 8/20 [===========>..................] - ETA: 3s - loss: 0.0076 - accuracy: 0.9269 - jacard_coef: 0.7444 9/20 [============>.................] - ETA: 3s - loss: 0.0071 - accuracy: 0.9336 - jacard_coef: 0.742610/20 [==============>...............] - ETA: 2s - loss: 0.0066 - accuracy: 0.9392 - jacard_coef: 0.743111/20 [===============>..............] - ETA: 2s - loss: 0.0065 - accuracy: 0.9408 - jacard_coef: 0.754712/20 [=================>............] - ETA: 2s - loss: 0.0066 - accuracy: 0.9383 - jacard_coef: 0.763013/20 [==================>...........] - ETA: 1s - loss: 0.0065 - accuracy: 0.9392 - jacard_coef: 0.769914/20 [====================>.........] - ETA: 1s - loss: 0.0065 - accuracy: 0.9371 - jacard_coef: 0.776615/20 [=====================>........] - ETA: 1s - loss: 0.0069 - accuracy: 0.9330 - jacard_coef: 0.776616/20 [=======================>......] - ETA: 1s - loss: 0.0071 - accuracy: 0.9318 - jacard_coef: 0.772217/20 [========================>.....] - ETA: 0s - loss: 0.0070 - accuracy: 0.9349 - jacard_coef: 0.756518/20 [==========================>...] - ETA: 0s - loss: 0.0070 - accuracy: 0.9337 - jacard_coef: 0.762519/20 [===========================>..] - ETA: 0s - loss: 0.0069 - accuracy: 0.9346 - jacard_coef: 0.766820/20 [==============================] - ETA: 0s - loss: 0.0068 - accuracy: 0.9355 - jacard_coef: 0.765820/20 [==============================] - 6s 287ms/step - loss: 0.0068 - accuracy: 0.9355 - jacard_coef: 0.7658 - val_loss: 0.0107 - val_accuracy: 0.9222 - val_jacard_coef: 0.5508
Epoch 123/200
 1/20 [>.............................] - ETA: 5s - loss: 0.0083 - accuracy: 0.9230 - jacard_coef: 0.7410 2/20 [==>...........................] - ETA: 4s - loss: 0.0073 - accuracy: 0.9359 - jacard_coef: 0.7902 3/20 [===>..........................] - ETA: 4s - loss: 0.0101 - accuracy: 0.9037 - jacard_coef: 0.7900 4/20 [=====>........................] - ETA: 4s - loss: 0.0102 - accuracy: 0.8979 - jacard_coef: 0.7885 5/20 [======>.......................] - ETA: 4s - loss: 0.0091 - accuracy: 0.9073 - jacard_coef: 0.7939 6/20 [========>.....................] - ETA: 3s - loss: 0.0083 - accuracy: 0.9191 - jacard_coef: 0.7758 7/20 [=========>....................] - ETA: 3s - loss: 0.0075 - accuracy: 0.9290 - jacard_coef: 0.7667 8/20 [===========>..................] - ETA: 3s - loss: 0.0074 - accuracy: 0.9299 - jacard_coef: 0.7696 9/20 [============>.................] - ETA: 3s - loss: 0.0069 - accuracy: 0.9365 - jacard_coef: 0.770110/20 [==============>...............] - ETA: 2s - loss: 0.0065 - accuracy: 0.9416 - jacard_coef: 0.763511/20 [===============>..............] - ETA: 2s - loss: 0.0064 - accuracy: 0.9421 - jacard_coef: 0.767512/20 [=================>............] - ETA: 2s - loss: 0.0064 - accuracy: 0.9388 - jacard_coef: 0.772713/20 [==================>...........] - ETA: 1s - loss: 0.0063 - accuracy: 0.9390 - jacard_coef: 0.775814/20 [====================>.........] - ETA: 1s - loss: 0.0064 - accuracy: 0.9367 - jacard_coef: 0.781115/20 [=====================>........] - ETA: 1s - loss: 0.0068 - accuracy: 0.9325 - jacard_coef: 0.780516/20 [=======================>......] - ETA: 1s - loss: 0.0070 - accuracy: 0.9313 - jacard_coef: 0.775717/20 [========================>.....] - ETA: 0s - loss: 0.0068 - accuracy: 0.9347 - jacard_coef: 0.764318/20 [==========================>...] - ETA: 0s - loss: 0.0068 - accuracy: 0.9336 - jacard_coef: 0.770219/20 [===========================>..] - ETA: 0s - loss: 0.0067 - accuracy: 0.9347 - jacard_coef: 0.775220/20 [==============================] - ETA: 0s - loss: 0.0067 - accuracy: 0.9355 - jacard_coef: 0.772620/20 [==============================] - 6s 287ms/step - loss: 0.0067 - accuracy: 0.9355 - jacard_coef: 0.7726 - val_loss: 0.0095 - val_accuracy: 0.9284 - val_jacard_coef: 0.5811
Epoch 124/200
 1/20 [>.............................] - ETA: 5s - loss: 0.0084 - accuracy: 0.9252 - jacard_coef: 0.7499 2/20 [==>...........................] - ETA: 4s - loss: 0.0072 - accuracy: 0.9373 - jacard_coef: 0.7963 3/20 [===>..........................] - ETA: 4s - loss: 0.0099 - accuracy: 0.9063 - jacard_coef: 0.7978 4/20 [=====>........................] - ETA: 4s - loss: 0.0100 - accuracy: 0.9016 - jacard_coef: 0.7995 5/20 [======>.......................] - ETA: 4s - loss: 0.0089 - accuracy: 0.9113 - jacard_coef: 0.8097 6/20 [========>.....................] - ETA: 3s - loss: 0.0081 - accuracy: 0.9224 - jacard_coef: 0.7854 7/20 [=========>....................] - ETA: 3s - loss: 0.0073 - accuracy: 0.9318 - jacard_coef: 0.7758 8/20 [===========>..................] - ETA: 3s - loss: 0.0073 - accuracy: 0.9329 - jacard_coef: 0.7794 9/20 [============>.................] - ETA: 3s - loss: 0.0068 - accuracy: 0.9393 - jacard_coef: 0.781810/20 [==============>...............] - ETA: 2s - loss: 0.0064 - accuracy: 0.9442 - jacard_coef: 0.777211/20 [===============>..............] - ETA: 2s - loss: 0.0062 - accuracy: 0.9447 - jacard_coef: 0.781412/20 [=================>............] - ETA: 2s - loss: 0.0063 - accuracy: 0.9410 - jacard_coef: 0.784813/20 [==================>...........] - ETA: 1s - loss: 0.0063 - accuracy: 0.9407 - jacard_coef: 0.785514/20 [====================>.........] - ETA: 1s - loss: 0.0063 - accuracy: 0.9381 - jacard_coef: 0.789615/20 [=====================>........] - ETA: 1s - loss: 0.0067 - accuracy: 0.9337 - jacard_coef: 0.788216/20 [=======================>......] - ETA: 1s - loss: 0.0069 - accuracy: 0.9322 - jacard_coef: 0.782017/20 [========================>.....] - ETA: 0s - loss: 0.0067 - accuracy: 0.9354 - jacard_coef: 0.767518/20 [==========================>...] - ETA: 0s - loss: 0.0067 - accuracy: 0.9342 - jacard_coef: 0.772919/20 [===========================>..] - ETA: 0s - loss: 0.0066 - accuracy: 0.9352 - jacard_coef: 0.777420/20 [==============================] - ETA: 0s - loss: 0.0065 - accuracy: 0.9360 - jacard_coef: 0.775020/20 [==============================] - 6s 287ms/step - loss: 0.0065 - accuracy: 0.9360 - jacard_coef: 0.7750 - val_loss: 0.0096 - val_accuracy: 0.9322 - val_jacard_coef: 0.6113
Epoch 125/200
 1/20 [>.............................] - ETA: 5s - loss: 0.0083 - accuracy: 0.9267 - jacard_coef: 0.7579 2/20 [==>...........................] - ETA: 4s - loss: 0.0070 - accuracy: 0.9352 - jacard_coef: 0.7864 3/20 [===>..........................] - ETA: 4s - loss: 0.0099 - accuracy: 0.9038 - jacard_coef: 0.7886 4/20 [=====>........................] - ETA: 4s - loss: 0.0101 - accuracy: 0.9004 - jacard_coef: 0.7946 5/20 [======>.......................] - ETA: 4s - loss: 0.0089 - accuracy: 0.9107 - jacard_coef: 0.8069 6/20 [========>.....................] - ETA: 3s - loss: 0.0082 - accuracy: 0.9218 - jacard_coef: 0.7883 7/20 [=========>....................] - ETA: 3s - loss: 0.0074 - accuracy: 0.9314 - jacard_coef: 0.7813 8/20 [===========>..................] - ETA: 3s - loss: 0.0073 - accuracy: 0.9320 - jacard_coef: 0.7819 9/20 [============>.................] - ETA: 3s - loss: 0.0068 - accuracy: 0.9384 - jacard_coef: 0.781410/20 [==============>...............] - ETA: 2s - loss: 0.0064 - accuracy: 0.9434 - jacard_coef: 0.774811/20 [===============>..............] - ETA: 2s - loss: 0.0062 - accuracy: 0.9441 - jacard_coef: 0.780212/20 [=================>............] - ETA: 2s - loss: 0.0063 - accuracy: 0.9410 - jacard_coef: 0.785613/20 [==================>...........] - ETA: 1s - loss: 0.0062 - accuracy: 0.9408 - jacard_coef: 0.786514/20 [====================>.........] - ETA: 1s - loss: 0.0063 - accuracy: 0.9386 - jacard_coef: 0.791615/20 [=====================>........] - ETA: 1s - loss: 0.0067 - accuracy: 0.9343 - jacard_coef: 0.790516/20 [=======================>......] - ETA: 1s - loss: 0.0068 - accuracy: 0.9328 - jacard_coef: 0.784017/20 [========================>.....] - ETA: 0s - loss: 0.0067 - accuracy: 0.9362 - jacard_coef: 0.772618/20 [==========================>...] - ETA: 0s - loss: 0.0067 - accuracy: 0.9350 - jacard_coef: 0.778219/20 [===========================>..] - ETA: 0s - loss: 0.0066 - accuracy: 0.9360 - jacard_coef: 0.782420/20 [==============================] - ETA: 0s - loss: 0.0065 - accuracy: 0.9369 - jacard_coef: 0.780820/20 [==============================] - 6s 287ms/step - loss: 0.0065 - accuracy: 0.9369 - jacard_coef: 0.7808 - val_loss: 0.0082 - val_accuracy: 0.9346 - val_jacard_coef: 0.6247
Epoch 126/200
 1/20 [>.............................] - ETA: 5s - loss: 0.0083 - accuracy: 0.9255 - jacard_coef: 0.7527 2/20 [==>...........................] - ETA: 4s - loss: 0.0071 - accuracy: 0.9373 - jacard_coef: 0.7979 3/20 [===>..........................] - ETA: 4s - loss: 0.0099 - accuracy: 0.9065 - jacard_coef: 0.7994 4/20 [=====>........................] - ETA: 4s - loss: 0.0099 - accuracy: 0.9026 - jacard_coef: 0.8034 5/20 [======>.......................] - ETA: 4s - loss: 0.0087 - accuracy: 0.9125 - jacard_coef: 0.8148 6/20 [========>.....................] - ETA: 3s - loss: 0.0080 - accuracy: 0.9232 - jacard_coef: 0.7940 7/20 [=========>....................] - ETA: 3s - loss: 0.0073 - accuracy: 0.9325 - jacard_coef: 0.7838 8/20 [===========>..................] - ETA: 3s - loss: 0.0072 - accuracy: 0.9331 - jacard_coef: 0.7845 9/20 [============>.................] - ETA: 3s - loss: 0.0067 - accuracy: 0.9393 - jacard_coef: 0.783110/20 [==============>...............] - ETA: 2s - loss: 0.0063 - accuracy: 0.9442 - jacard_coef: 0.777711/20 [===============>..............] - ETA: 2s - loss: 0.0061 - accuracy: 0.9448 - jacard_coef: 0.782612/20 [=================>............] - ETA: 2s - loss: 0.0062 - accuracy: 0.9412 - jacard_coef: 0.786413/20 [==================>...........] - ETA: 1s - loss: 0.0061 - accuracy: 0.9414 - jacard_coef: 0.788914/20 [====================>.........] - ETA: 1s - loss: 0.0062 - accuracy: 0.9389 - jacard_coef: 0.793215/20 [=====================>........] - ETA: 1s - loss: 0.0065 - accuracy: 0.9346 - jacard_coef: 0.792016/20 [=======================>......] - ETA: 1s - loss: 0.0067 - accuracy: 0.9333 - jacard_coef: 0.786117/20 [========================>.....] - ETA: 0s - loss: 0.0066 - accuracy: 0.9367 - jacard_coef: 0.776118/20 [==========================>...] - ETA: 0s - loss: 0.0065 - accuracy: 0.9353 - jacard_coef: 0.781019/20 [===========================>..] - ETA: 0s - loss: 0.0065 - accuracy: 0.9363 - jacard_coef: 0.785120/20 [==============================] - ETA: 0s - loss: 0.0064 - accuracy: 0.9371 - jacard_coef: 0.782820/20 [==============================] - 6s 287ms/step - loss: 0.0064 - accuracy: 0.9371 - jacard_coef: 0.7828 - val_loss: 0.0091 - val_accuracy: 0.9330 - val_jacard_coef: 0.6188
Epoch 127/200
 1/20 [>.............................] - ETA: 5s - loss: 0.0081 - accuracy: 0.9256 - jacard_coef: 0.7520 2/20 [==>...........................] - ETA: 4s - loss: 0.0069 - accuracy: 0.9361 - jacard_coef: 0.7910 3/20 [===>..........................] - ETA: 4s - loss: 0.0095 - accuracy: 0.9068 - jacard_coef: 0.7973 4/20 [=====>........................] - ETA: 4s - loss: 0.0097 - accuracy: 0.9040 - jacard_coef: 0.8051 5/20 [======>.......................] - ETA: 4s - loss: 0.0085 - accuracy: 0.9138 - jacard_coef: 0.8167 6/20 [========>.....................] - ETA: 3s - loss: 0.0078 - accuracy: 0.9245 - jacard_coef: 0.7962 7/20 [=========>....................] - ETA: 3s - loss: 0.0071 - accuracy: 0.9339 - jacard_coef: 0.7911 8/20 [===========>..................] - ETA: 3s - loss: 0.0070 - accuracy: 0.9346 - jacard_coef: 0.7928 9/20 [============>.................] - ETA: 3s - loss: 0.0065 - accuracy: 0.9408 - jacard_coef: 0.794110/20 [==============>...............] - ETA: 2s - loss: 0.0061 - accuracy: 0.9458 - jacard_coef: 0.794411/20 [===============>..............] - ETA: 2s - loss: 0.0060 - accuracy: 0.9465 - jacard_coef: 0.799212/20 [=================>............] - ETA: 2s - loss: 0.0061 - accuracy: 0.9434 - jacard_coef: 0.803713/20 [==================>...........] - ETA: 1s - loss: 0.0060 - accuracy: 0.9435 - jacard_coef: 0.805414/20 [====================>.........] - ETA: 1s - loss: 0.0060 - accuracy: 0.9410 - jacard_coef: 0.809015/20 [=====================>........] - ETA: 1s - loss: 0.0064 - accuracy: 0.9366 - jacard_coef: 0.806916/20 [=======================>......] - ETA: 1s - loss: 0.0066 - accuracy: 0.9350 - jacard_coef: 0.799117/20 [========================>.....] - ETA: 0s - loss: 0.0064 - accuracy: 0.9380 - jacard_coef: 0.783718/20 [==========================>...] - ETA: 0s - loss: 0.0064 - accuracy: 0.9366 - jacard_coef: 0.788019/20 [===========================>..] - ETA: 0s - loss: 0.0063 - accuracy: 0.9373 - jacard_coef: 0.790720/20 [==============================] - ETA: 0s - loss: 0.0063 - accuracy: 0.9382 - jacard_coef: 0.789120/20 [==============================] - 6s 287ms/step - loss: 0.0063 - accuracy: 0.9382 - jacard_coef: 0.7891 - val_loss: 0.0102 - val_accuracy: 0.9270 - val_jacard_coef: 0.5901
Epoch 128/200
 1/20 [>.............................] - ETA: 5s - loss: 0.0082 - accuracy: 0.9235 - jacard_coef: 0.7398 2/20 [==>...........................] - ETA: 4s - loss: 0.0069 - accuracy: 0.9343 - jacard_coef: 0.7798 3/20 [===>..........................] - ETA: 4s - loss: 0.0095 - accuracy: 0.9052 - jacard_coef: 0.7891 4/20 [=====>........................] - ETA: 4s - loss: 0.0096 - accuracy: 0.9023 - jacard_coef: 0.7973 5/20 [======>.......................] - ETA: 4s - loss: 0.0085 - accuracy: 0.9127 - jacard_coef: 0.8123 6/20 [========>.....................] - ETA: 3s - loss: 0.0078 - accuracy: 0.9230 - jacard_coef: 0.7777 7/20 [=========>....................] - ETA: 3s - loss: 0.0071 - accuracy: 0.9322 - jacard_coef: 0.7653 8/20 [===========>..................] - ETA: 3s - loss: 0.0071 - accuracy: 0.9333 - jacard_coef: 0.7710 9/20 [============>.................] - ETA: 3s - loss: 0.0066 - accuracy: 0.9396 - jacard_coef: 0.772910/20 [==============>...............] - ETA: 2s - loss: 0.0062 - accuracy: 0.9446 - jacard_coef: 0.771411/20 [===============>..............] - ETA: 2s - loss: 0.0060 - accuracy: 0.9453 - jacard_coef: 0.778112/20 [=================>............] - ETA: 2s - loss: 0.0062 - accuracy: 0.9421 - jacard_coef: 0.783613/20 [==================>...........] - ETA: 1s - loss: 0.0061 - accuracy: 0.9420 - jacard_coef: 0.786214/20 [====================>.........] - ETA: 1s - loss: 0.0061 - accuracy: 0.9396 - jacard_coef: 0.791115/20 [=====================>........] - ETA: 1s - loss: 0.0065 - accuracy: 0.9353 - jacard_coef: 0.790316/20 [=======================>......] - ETA: 1s - loss: 0.0067 - accuracy: 0.9337 - jacard_coef: 0.783517/20 [========================>.....] - ETA: 0s - loss: 0.0065 - accuracy: 0.9370 - jacard_coef: 0.771318/20 [==========================>...] - ETA: 0s - loss: 0.0065 - accuracy: 0.9355 - jacard_coef: 0.776219/20 [===========================>..] - ETA: 0s - loss: 0.0064 - accuracy: 0.9361 - jacard_coef: 0.778420/20 [==============================] - ETA: 0s - loss: 0.0063 - accuracy: 0.9370 - jacard_coef: 0.777520/20 [==============================] - 6s 287ms/step - loss: 0.0063 - accuracy: 0.9370 - jacard_coef: 0.7775 - val_loss: 0.0111 - val_accuracy: 0.9262 - val_jacard_coef: 0.5869
Epoch 129/200
 1/20 [>.............................] - ETA: 5s - loss: 0.0081 - accuracy: 0.9227 - jacard_coef: 0.7317 2/20 [==>...........................] - ETA: 4s - loss: 0.0069 - accuracy: 0.9341 - jacard_coef: 0.7767 3/20 [===>..........................] - ETA: 4s - loss: 0.0095 - accuracy: 0.9070 - jacard_coef: 0.7911 4/20 [=====>........................] - ETA: 4s - loss: 0.0096 - accuracy: 0.9034 - jacard_coef: 0.7982 5/20 [======>.......................] - ETA: 4s - loss: 0.0085 - accuracy: 0.9132 - jacard_coef: 0.8111 6/20 [========>.....................] - ETA: 3s - loss: 0.0078 - accuracy: 0.9241 - jacard_coef: 0.7932 7/20 [=========>....................] - ETA: 3s - loss: 0.0070 - accuracy: 0.9337 - jacard_coef: 0.7913 8/20 [===========>..................] - ETA: 3s - loss: 0.0069 - accuracy: 0.9339 - jacard_coef: 0.7901 9/20 [============>.................] - ETA: 3s - loss: 0.0064 - accuracy: 0.9402 - jacard_coef: 0.792610/20 [==============>...............] - ETA: 2s - loss: 0.0060 - accuracy: 0.9453 - jacard_coef: 0.793311/20 [===============>..............] - ETA: 2s - loss: 0.0059 - accuracy: 0.9463 - jacard_coef: 0.800112/20 [=================>............] - ETA: 2s - loss: 0.0060 - accuracy: 0.9434 - jacard_coef: 0.804813/20 [==================>...........] - ETA: 1s - loss: 0.0059 - accuracy: 0.9438 - jacard_coef: 0.808114/20 [====================>.........] - ETA: 1s - loss: 0.0060 - accuracy: 0.9413 - jacard_coef: 0.811815/20 [=====================>........] - ETA: 1s - loss: 0.0063 - accuracy: 0.9368 - jacard_coef: 0.809416/20 [=======================>......] - ETA: 1s - loss: 0.0065 - accuracy: 0.9353 - jacard_coef: 0.802217/20 [========================>.....] - ETA: 0s - loss: 0.0064 - accuracy: 0.9385 - jacard_coef: 0.789718/20 [==========================>...] - ETA: 0s - loss: 0.0064 - accuracy: 0.9369 - jacard_coef: 0.793319/20 [===========================>..] - ETA: 0s - loss: 0.0063 - accuracy: 0.9374 - jacard_coef: 0.794720/20 [==============================] - ETA: 0s - loss: 0.0062 - accuracy: 0.9383 - jacard_coef: 0.793220/20 [==============================] - 6s 287ms/step - loss: 0.0062 - accuracy: 0.9383 - jacard_coef: 0.7932 - val_loss: 0.0113 - val_accuracy: 0.9232 - val_jacard_coef: 0.5743
Epoch 130/200
 1/20 [>.............................] - ETA: 5s - loss: 0.0080 - accuracy: 0.9250 - jacard_coef: 0.7472 2/20 [==>...........................] - ETA: 4s - loss: 0.0067 - accuracy: 0.9360 - jacard_coef: 0.7892 3/20 [===>..........................] - ETA: 4s - loss: 0.0094 - accuracy: 0.9047 - jacard_coef: 0.7914 4/20 [=====>........................] - ETA: 4s - loss: 0.0096 - accuracy: 0.9016 - jacard_coef: 0.7982 5/20 [======>.......................] - ETA: 4s - loss: 0.0085 - accuracy: 0.9115 - jacard_coef: 0.8089 6/20 [========>.....................] - ETA: 3s - loss: 0.0077 - accuracy: 0.9227 - jacard_coef: 0.7892 7/20 [=========>....................] - ETA: 3s - loss: 0.0070 - accuracy: 0.9322 - jacard_coef: 0.7818 8/20 [===========>..................] - ETA: 3s - loss: 0.0069 - accuracy: 0.9333 - jacard_coef: 0.7849 9/20 [============>.................] - ETA: 3s - loss: 0.0064 - accuracy: 0.9396 - jacard_coef: 0.788310/20 [==============>...............] - ETA: 2s - loss: 0.0060 - accuracy: 0.9448 - jacard_coef: 0.789811/20 [===============>..............] - ETA: 2s - loss: 0.0059 - accuracy: 0.9458 - jacard_coef: 0.796112/20 [=================>............] - ETA: 2s - loss: 0.0060 - accuracy: 0.9428 - jacard_coef: 0.801113/20 [==================>...........] - ETA: 1s - loss: 0.0059 - accuracy: 0.9430 - jacard_coef: 0.803414/20 [====================>.........] - ETA: 1s - loss: 0.0060 - accuracy: 0.9406 - jacard_coef: 0.807715/20 [=====================>........] - ETA: 1s - loss: 0.0064 - accuracy: 0.9363 - jacard_coef: 0.805816/20 [=======================>......] - ETA: 1s - loss: 0.0066 - accuracy: 0.9347 - jacard_coef: 0.798317/20 [========================>.....] - ETA: 0s - loss: 0.0064 - accuracy: 0.9378 - jacard_coef: 0.783618/20 [==========================>...] - ETA: 0s - loss: 0.0064 - accuracy: 0.9364 - jacard_coef: 0.788019/20 [===========================>..] - ETA: 0s - loss: 0.0063 - accuracy: 0.9370 - jacard_coef: 0.790420/20 [==============================] - ETA: 0s - loss: 0.0062 - accuracy: 0.9379 - jacard_coef: 0.788920/20 [==============================] - 6s 287ms/step - loss: 0.0062 - accuracy: 0.9379 - jacard_coef: 0.7889 - val_loss: 0.0100 - val_accuracy: 0.9258 - val_jacard_coef: 0.5896
Epoch 131/200
 1/20 [>.............................] - ETA: 5s - loss: 0.0080 - accuracy: 0.9200 - jacard_coef: 0.7175 2/20 [==>...........................] - ETA: 4s - loss: 0.0068 - accuracy: 0.9311 - jacard_coef: 0.7602 3/20 [===>..........................] - ETA: 4s - loss: 0.0095 - accuracy: 0.9034 - jacard_coef: 0.7764 4/20 [=====>........................] - ETA: 4s - loss: 0.0097 - accuracy: 0.8991 - jacard_coef: 0.7825 5/20 [======>.......................] - ETA: 4s - loss: 0.0086 - accuracy: 0.9094 - jacard_coef: 0.7957 6/20 [========>.....................] - ETA: 3s - loss: 0.0079 - accuracy: 0.9202 - jacard_coef: 0.7624 7/20 [=========>....................] - ETA: 3s - loss: 0.0072 - accuracy: 0.9297 - jacard_coef: 0.7511 8/20 [===========>..................] - ETA: 3s - loss: 0.0072 - accuracy: 0.9308 - jacard_coef: 0.7570 9/20 [============>.................] - ETA: 3s - loss: 0.0067 - accuracy: 0.9375 - jacard_coef: 0.762210/20 [==============>...............] - ETA: 2s - loss: 0.0063 - accuracy: 0.9427 - jacard_coef: 0.763211/20 [===============>..............] - ETA: 2s - loss: 0.0061 - accuracy: 0.9438 - jacard_coef: 0.771512/20 [=================>............] - ETA: 2s - loss: 0.0062 - accuracy: 0.9408 - jacard_coef: 0.778013/20 [==================>...........] - ETA: 1s - loss: 0.0062 - accuracy: 0.9412 - jacard_coef: 0.782414/20 [====================>.........] - ETA: 1s - loss: 0.0062 - accuracy: 0.9389 - jacard_coef: 0.788015/20 [=====================>........] - ETA: 1s - loss: 0.0066 - accuracy: 0.9345 - jacard_coef: 0.786916/20 [=======================>......] - ETA: 1s - loss: 0.0068 - accuracy: 0.9331 - jacard_coef: 0.781417/20 [========================>.....] - ETA: 0s - loss: 0.0066 - accuracy: 0.9364 - jacard_coef: 0.769218/20 [==========================>...] - ETA: 0s - loss: 0.0066 - accuracy: 0.9349 - jacard_coef: 0.774119/20 [===========================>..] - ETA: 0s - loss: 0.0065 - accuracy: 0.9358 - jacard_coef: 0.778120/20 [==============================] - ETA: 0s - loss: 0.0064 - accuracy: 0.9367 - jacard_coef: 0.776520/20 [==============================] - 6s 287ms/step - loss: 0.0064 - accuracy: 0.9367 - jacard_coef: 0.7765 - val_loss: 0.0134 - val_accuracy: 0.9175 - val_jacard_coef: 0.5563
Epoch 132/200
 1/20 [>.............................] - ETA: 5s - loss: 0.0086 - accuracy: 0.9230 - jacard_coef: 0.7369 2/20 [==>...........................] - ETA: 4s - loss: 0.0071 - accuracy: 0.9336 - jacard_coef: 0.7756 3/20 [===>..........................] - ETA: 4s - loss: 0.0100 - accuracy: 0.9031 - jacard_coef: 0.7817 4/20 [=====>........................] - ETA: 4s - loss: 0.0102 - accuracy: 0.8980 - jacard_coef: 0.7840 5/20 [======>.......................] - ETA: 4s - loss: 0.0090 - accuracy: 0.9078 - jacard_coef: 0.7930 6/20 [========>.....................] - ETA: 3s - loss: 0.0081 - accuracy: 0.9197 - jacard_coef: 0.7779 7/20 [=========>....................] - ETA: 3s - loss: 0.0073 - accuracy: 0.9299 - jacard_coef: 0.7780 8/20 [===========>..................] - ETA: 3s - loss: 0.0072 - accuracy: 0.9306 - jacard_coef: 0.7785 9/20 [============>.................] - ETA: 3s - loss: 0.0067 - accuracy: 0.9371 - jacard_coef: 0.780410/20 [==============>...............] - ETA: 2s - loss: 0.0063 - accuracy: 0.9425 - jacard_coef: 0.781911/20 [===============>..............] - ETA: 2s - loss: 0.0061 - accuracy: 0.9436 - jacard_coef: 0.788412/20 [=================>............] - ETA: 2s - loss: 0.0062 - accuracy: 0.9407 - jacard_coef: 0.793513/20 [==================>...........] - ETA: 1s - loss: 0.0061 - accuracy: 0.9413 - jacard_coef: 0.797514/20 [====================>.........] - ETA: 1s - loss: 0.0062 - accuracy: 0.9392 - jacard_coef: 0.802615/20 [=====================>........] - ETA: 1s - loss: 0.0066 - accuracy: 0.9353 - jacard_coef: 0.802016/20 [=======================>......] - ETA: 1s - loss: 0.0068 - accuracy: 0.9339 - jacard_coef: 0.795317/20 [========================>.....] - ETA: 0s - loss: 0.0066 - accuracy: 0.9371 - jacard_coef: 0.781918/20 [==========================>...] - ETA: 0s - loss: 0.0066 - accuracy: 0.9356 - jacard_coef: 0.786219/20 [===========================>..] - ETA: 0s - loss: 0.0065 - accuracy: 0.9363 - jacard_coef: 0.788420/20 [==============================] - ETA: 0s - loss: 0.0064 - accuracy: 0.9372 - jacard_coef: 0.787220/20 [==============================] - 6s 287ms/step - loss: 0.0064 - accuracy: 0.9372 - jacard_coef: 0.7872 - val_loss: 0.0095 - val_accuracy: 0.9304 - val_jacard_coef: 0.6067
Epoch 133/200
 1/20 [>.............................] - ETA: 5s - loss: 0.0076 - accuracy: 0.9232 - jacard_coef: 0.7375 2/20 [==>...........................] - ETA: 4s - loss: 0.0065 - accuracy: 0.9347 - jacard_coef: 0.7831 3/20 [===>..........................] - ETA: 4s - loss: 0.0101 - accuracy: 0.8992 - jacard_coef: 0.7765 4/20 [=====>........................] - ETA: 4s - loss: 0.0103 - accuracy: 0.8957 - jacard_coef: 0.7821 5/20 [======>.......................] - ETA: 4s - loss: 0.0092 - accuracy: 0.9058 - jacard_coef: 0.7902 6/20 [========>.....................] - ETA: 3s - loss: 0.0084 - accuracy: 0.9175 - jacard_coef: 0.7717 7/20 [=========>....................] - ETA: 3s - loss: 0.0076 - accuracy: 0.9275 - jacard_coef: 0.7586 8/20 [===========>..................] - ETA: 3s - loss: 0.0075 - accuracy: 0.9290 - jacard_coef: 0.7637 9/20 [============>.................] - ETA: 3s - loss: 0.0071 - accuracy: 0.9354 - jacard_coef: 0.759410/20 [==============>...............] - ETA: 2s - loss: 0.0066 - accuracy: 0.9407 - jacard_coef: 0.755311/20 [===============>..............] - ETA: 2s - loss: 0.0067 - accuracy: 0.9393 - jacard_coef: 0.751012/20 [=================>............] - ETA: 2s - loss: 0.0068 - accuracy: 0.9364 - jacard_coef: 0.758113/20 [==================>...........] - ETA: 1s - loss: 0.0066 - accuracy: 0.9369 - jacard_coef: 0.762214/20 [====================>.........] - ETA: 1s - loss: 0.0067 - accuracy: 0.9345 - jacard_coef: 0.767815/20 [=====================>........] - ETA: 1s - loss: 0.0071 - accuracy: 0.9304 - jacard_coef: 0.767916/20 [=======================>......] - ETA: 1s - loss: 0.0075 - accuracy: 0.9292 - jacard_coef: 0.763417/20 [========================>.....] - ETA: 0s - loss: 0.0073 - accuracy: 0.9328 - jacard_coef: 0.753318/20 [==========================>...] - ETA: 0s - loss: 0.0077 - accuracy: 0.9287 - jacard_coef: 0.749519/20 [===========================>..] - ETA: 0s - loss: 0.0076 - accuracy: 0.9298 - jacard_coef: 0.754220/20 [==============================] - ETA: 0s - loss: 0.0076 - accuracy: 0.9305 - jacard_coef: 0.751520/20 [==============================] - 6s 287ms/step - loss: 0.0076 - accuracy: 0.9305 - jacard_coef: 0.7515 - val_loss: 0.0198 - val_accuracy: 0.8935 - val_jacard_coef: 0.4448
Epoch 134/200
 1/20 [>.............................] - ETA: 5s - loss: 0.0080 - accuracy: 0.9215 - jacard_coef: 0.7351 2/20 [==>...........................] - ETA: 4s - loss: 0.0073 - accuracy: 0.9353 - jacard_coef: 0.7889 3/20 [===>..........................] - ETA: 4s - loss: 0.0120 - accuracy: 0.8840 - jacard_coef: 0.7459 4/20 [=====>........................] - ETA: 4s - loss: 0.0124 - accuracy: 0.8799 - jacard_coef: 0.7482 5/20 [======>.......................] - ETA: 4s - loss: 0.0115 - accuracy: 0.8872 - jacard_coef: 0.7270 6/20 [========>.....................] - ETA: 3s - loss: 0.0103 - accuracy: 0.9020 - jacard_coef: 0.7115 7/20 [=========>....................] - ETA: 3s - loss: 0.0092 - accuracy: 0.9145 - jacard_coef: 0.7158 8/20 [===========>..................] - ETA: 3s - loss: 0.0094 - accuracy: 0.9158 - jacard_coef: 0.7192 9/20 [============>.................] - ETA: 3s - loss: 0.0088 - accuracy: 0.9240 - jacard_coef: 0.728110/20 [==============>...............] - ETA: 2s - loss: 0.0082 - accuracy: 0.9304 - jacard_coef: 0.725811/20 [===============>..............] - ETA: 2s - loss: 0.0086 - accuracy: 0.9252 - jacard_coef: 0.702212/20 [=================>............] - ETA: 2s - loss: 0.0087 - accuracy: 0.9221 - jacard_coef: 0.709013/20 [==================>...........] - ETA: 1s - loss: 0.0088 - accuracy: 0.9202 - jacard_coef: 0.698414/20 [====================>.........] - ETA: 1s - loss: 0.0088 - accuracy: 0.9184 - jacard_coef: 0.706415/20 [=====================>........] - ETA: 1s - loss: 0.0092 - accuracy: 0.9152 - jacard_coef: 0.710116/20 [=======================>......] - ETA: 1s - loss: 0.0097 - accuracy: 0.9144 - jacard_coef: 0.706417/20 [========================>.....] - ETA: 0s - loss: 0.0094 - accuracy: 0.9189 - jacard_coef: 0.700618/20 [==========================>...] - ETA: 0s - loss: 0.0097 - accuracy: 0.9157 - jacard_coef: 0.700919/20 [===========================>..] - ETA: 0s - loss: 0.0096 - accuracy: 0.9170 - jacard_coef: 0.705620/20 [==============================] - ETA: 0s - loss: 0.0095 - accuracy: 0.9178 - jacard_coef: 0.698620/20 [==============================] - 6s 287ms/step - loss: 0.0095 - accuracy: 0.9178 - jacard_coef: 0.6986 - val_loss: 0.0340 - val_accuracy: 0.8067 - val_jacard_coef: 0.3208
Epoch 135/200
 1/20 [>.............................] - ETA: 5s - loss: 0.0108 - accuracy: 0.9256 - jacard_coef: 0.7452 2/20 [==>...........................] - ETA: 4s - loss: 0.0093 - accuracy: 0.9341 - jacard_coef: 0.7756 3/20 [===>..........................] - ETA: 4s - loss: 0.0133 - accuracy: 0.8887 - jacard_coef: 0.7502 4/20 [=====>........................] - ETA: 4s - loss: 0.0129 - accuracy: 0.8876 - jacard_coef: 0.7623 5/20 [======>.......................] - ETA: 4s - loss: 0.0114 - accuracy: 0.8989 - jacard_coef: 0.7722 6/20 [========>.....................] - ETA: 3s - loss: 0.0102 - accuracy: 0.9116 - jacard_coef: 0.7473 7/20 [=========>....................] - ETA: 3s - loss: 0.0092 - accuracy: 0.9226 - jacard_coef: 0.7436 8/20 [===========>..................] - ETA: 3s - loss: 0.0092 - accuracy: 0.9241 - jacard_coef: 0.7479 9/20 [============>.................] - ETA: 3s - loss: 0.0085 - accuracy: 0.9312 - jacard_coef: 0.750810/20 [==============>...............] - ETA: 2s - loss: 0.0080 - accuracy: 0.9365 - jacard_coef: 0.739011/20 [===============>..............] - ETA: 2s - loss: 0.0086 - accuracy: 0.9297 - jacard_coef: 0.715312/20 [=================>............] - ETA: 2s - loss: 0.0097 - accuracy: 0.9174 - jacard_coef: 0.701713/20 [==================>...........] - ETA: 1s - loss: 0.0096 - accuracy: 0.9175 - jacard_coef: 0.700314/20 [====================>.........] - ETA: 1s - loss: 0.0095 - accuracy: 0.9164 - jacard_coef: 0.709915/20 [=====================>........] - ETA: 1s - loss: 0.0100 - accuracy: 0.9120 - jacard_coef: 0.708916/20 [=======================>......] - ETA: 1s - loss: 0.0101 - accuracy: 0.9119 - jacard_coef: 0.706317/20 [========================>.....] - ETA: 0s - loss: 0.0098 - accuracy: 0.9163 - jacard_coef: 0.695418/20 [==========================>...] - ETA: 0s - loss: 0.0097 - accuracy: 0.9156 - jacard_coef: 0.703019/20 [===========================>..] - ETA: 0s - loss: 0.0095 - accuracy: 0.9173 - jacard_coef: 0.709420/20 [==============================] - ETA: 0s - loss: 0.0095 - accuracy: 0.9180 - jacard_coef: 0.701920/20 [==============================] - 6s 287ms/step - loss: 0.0095 - accuracy: 0.9180 - jacard_coef: 0.7019 - val_loss: 0.1478 - val_accuracy: 0.2692 - val_jacard_coef: 0.1543
Epoch 136/200
 1/20 [>.............................] - ETA: 5s - loss: 0.0123 - accuracy: 0.9172 - jacard_coef: 0.7120 2/20 [==>...........................] - ETA: 4s - loss: 0.0094 - accuracy: 0.9304 - jacard_coef: 0.7614 3/20 [===>..........................] - ETA: 4s - loss: 0.0133 - accuracy: 0.8756 - jacard_coef: 0.7162 4/20 [=====>........................] - ETA: 4s - loss: 0.0131 - accuracy: 0.8753 - jacard_coef: 0.7286 5/20 [======>.......................] - ETA: 4s - loss: 0.0114 - accuracy: 0.8901 - jacard_coef: 0.7514 6/20 [========>.....................] - ETA: 3s - loss: 0.0105 - accuracy: 0.9030 - jacard_coef: 0.7268 7/20 [=========>....................] - ETA: 3s - loss: 0.0094 - accuracy: 0.9151 - jacard_coef: 0.7247 8/20 [===========>..................] - ETA: 3s - loss: 0.0092 - accuracy: 0.9169 - jacard_coef: 0.7276 9/20 [============>.................] - ETA: 3s - loss: 0.0086 - accuracy: 0.9247 - jacard_coef: 0.731310/20 [==============>...............] - ETA: 2s - loss: 0.0080 - accuracy: 0.9310 - jacard_coef: 0.729411/20 [===============>..............] - ETA: 2s - loss: 0.0079 - accuracy: 0.9309 - jacard_coef: 0.726212/20 [=================>............] - ETA: 2s - loss: 0.0081 - accuracy: 0.9279 - jacard_coef: 0.733213/20 [==================>...........] - ETA: 1s - loss: 0.0079 - accuracy: 0.9290 - jacard_coef: 0.740114/20 [====================>.........] - ETA: 1s - loss: 0.0079 - accuracy: 0.9276 - jacard_coef: 0.748415/20 [=====================>........] - ETA: 1s - loss: 0.0083 - accuracy: 0.9240 - jacard_coef: 0.750216/20 [=======================>......] - ETA: 1s - loss: 0.0086 - accuracy: 0.9232 - jacard_coef: 0.746817/20 [========================>.....] - ETA: 0s - loss: 0.0085 - accuracy: 0.9266 - jacard_coef: 0.729418/20 [==========================>...] - ETA: 0s - loss: 0.0084 - accuracy: 0.9259 - jacard_coef: 0.737019/20 [===========================>..] - ETA: 0s - loss: 0.0083 - accuracy: 0.9272 - jacard_coef: 0.742520/20 [==============================] - ETA: 0s - loss: 0.0082 - accuracy: 0.9280 - jacard_coef: 0.738520/20 [==============================] - 6s 287ms/step - loss: 0.0082 - accuracy: 0.9280 - jacard_coef: 0.7385 - val_loss: 0.0216 - val_accuracy: 0.8792 - val_jacard_coef: 0.3964
Epoch 137/200
 1/20 [>.............................] - ETA: 5s - loss: 0.0097 - accuracy: 0.9209 - jacard_coef: 0.7282 2/20 [==>...........................] - ETA: 4s - loss: 0.0079 - accuracy: 0.9291 - jacard_coef: 0.7513 3/20 [===>..........................] - ETA: 4s - loss: 0.0106 - accuracy: 0.8960 - jacard_coef: 0.7566 4/20 [=====>........................] - ETA: 4s - loss: 0.0109 - accuracy: 0.8914 - jacard_coef: 0.7616 5/20 [======>.......................] - ETA: 4s - loss: 0.0096 - accuracy: 0.9032 - jacard_coef: 0.7790 6/20 [========>.....................] - ETA: 3s - loss: 0.0088 - accuracy: 0.9155 - jacard_coef: 0.7599 7/20 [=========>....................] - ETA: 3s - loss: 0.0079 - accuracy: 0.9257 - jacard_coef: 0.7495 8/20 [===========>..................] - ETA: 3s - loss: 0.0080 - accuracy: 0.9270 - jacard_coef: 0.7534 9/20 [============>.................] - ETA: 3s - loss: 0.0075 - accuracy: 0.9338 - jacard_coef: 0.755910/20 [==============>...............] - ETA: 2s - loss: 0.0070 - accuracy: 0.9393 - jacard_coef: 0.753211/20 [===============>..............] - ETA: 2s - loss: 0.0068 - accuracy: 0.9406 - jacard_coef: 0.761912/20 [=================>............] - ETA: 2s - loss: 0.0069 - accuracy: 0.9376 - jacard_coef: 0.768113/20 [==================>...........] - ETA: 1s - loss: 0.0068 - accuracy: 0.9377 - jacard_coef: 0.769814/20 [====================>.........] - ETA: 1s - loss: 0.0069 - accuracy: 0.9352 - jacard_coef: 0.774615/20 [=====================>........] - ETA: 1s - loss: 0.0072 - accuracy: 0.9309 - jacard_coef: 0.773616/20 [=======================>......] - ETA: 1s - loss: 0.0074 - accuracy: 0.9294 - jacard_coef: 0.766317/20 [========================>.....] - ETA: 0s - loss: 0.0074 - accuracy: 0.9314 - jacard_coef: 0.738518/20 [==========================>...] - ETA: 0s - loss: 0.0074 - accuracy: 0.9304 - jacard_coef: 0.745619/20 [===========================>..] - ETA: 0s - loss: 0.0073 - accuracy: 0.9304 - jacard_coef: 0.744220/20 [==============================] - ETA: 0s - loss: 0.0073 - accuracy: 0.9306 - jacard_coef: 0.729520/20 [==============================] - 6s 287ms/step - loss: 0.0073 - accuracy: 0.9306 - jacard_coef: 0.7295 - val_loss: 0.0206 - val_accuracy: 0.8841 - val_jacard_coef: 0.3564
Epoch 138/200
 1/20 [>.............................] - ETA: 5s - loss: 0.0127 - accuracy: 0.8931 - jacard_coef: 0.5809 2/20 [==>...........................] - ETA: 4s - loss: 0.0160 - accuracy: 0.8690 - jacard_coef: 0.4122 3/20 [===>..........................] - ETA: 4s - loss: 0.0166 - accuracy: 0.8489 - jacard_coef: 0.5152 4/20 [=====>........................] - ETA: 4s - loss: 0.0153 - accuracy: 0.8567 - jacard_coef: 0.5837 5/20 [======>.......................] - ETA: 4s - loss: 0.0132 - accuracy: 0.8756 - jacard_coef: 0.6384 6/20 [========>.....................] - ETA: 3s - loss: 0.0119 - accuracy: 0.8910 - jacard_coef: 0.6388 7/20 [=========>....................] - ETA: 3s - loss: 0.0107 - accuracy: 0.9049 - jacard_coef: 0.6559 8/20 [===========>..................] - ETA: 3s - loss: 0.0107 - accuracy: 0.9074 - jacard_coef: 0.6671 9/20 [============>.................] - ETA: 3s - loss: 0.0099 - accuracy: 0.9156 - jacard_coef: 0.670910/20 [==============>...............] - ETA: 2s - loss: 0.0092 - accuracy: 0.9232 - jacard_coef: 0.685311/20 [===============>..............] - ETA: 2s - loss: 0.0089 - accuracy: 0.9250 - jacard_coef: 0.695212/20 [=================>............] - ETA: 2s - loss: 0.0089 - accuracy: 0.9236 - jacard_coef: 0.707913/20 [==================>...........] - ETA: 1s - loss: 0.0087 - accuracy: 0.9248 - jacard_coef: 0.714814/20 [====================>.........] - ETA: 1s - loss: 0.0087 - accuracy: 0.9234 - jacard_coef: 0.723815/20 [=====================>........] - ETA: 1s - loss: 0.0090 - accuracy: 0.9197 - jacard_coef: 0.725816/20 [=======================>......] - ETA: 1s - loss: 0.0092 - accuracy: 0.9188 - jacard_coef: 0.721817/20 [========================>.....] - ETA: 0s - loss: 0.0089 - accuracy: 0.9228 - jacard_coef: 0.710618/20 [==========================>...] - ETA: 0s - loss: 0.0089 - accuracy: 0.9214 - jacard_coef: 0.716319/20 [===========================>..] - ETA: 0s - loss: 0.0088 - accuracy: 0.9213 - jacard_coef: 0.712820/20 [==============================] - ETA: 0s - loss: 0.0088 - accuracy: 0.9220 - jacard_coef: 0.705920/20 [==============================] - 6s 287ms/step - loss: 0.0088 - accuracy: 0.9220 - jacard_coef: 0.7059 - val_loss: 0.0194 - val_accuracy: 0.9140 - val_jacard_coef: 0.5204
Epoch 139/200
 1/20 [>.............................] - ETA: 5s - loss: 0.0115 - accuracy: 0.9054 - jacard_coef: 0.6353 2/20 [==>...........................] - ETA: 4s - loss: 0.0099 - accuracy: 0.9089 - jacard_coef: 0.6328 3/20 [===>..........................] - ETA: 4s - loss: 0.0135 - accuracy: 0.8703 - jacard_coef: 0.6501 4/20 [=====>........................] - ETA: 4s - loss: 0.0135 - accuracy: 0.8680 - jacard_coef: 0.6694 5/20 [======>.......................] - ETA: 4s - loss: 0.0118 - accuracy: 0.8839 - jacard_coef: 0.7011 6/20 [========>.....................] - ETA: 3s - loss: 0.0106 - accuracy: 0.8992 - jacard_coef: 0.6898 7/20 [=========>....................] - ETA: 3s - loss: 0.0095 - accuracy: 0.9122 - jacard_coef: 0.7003 8/20 [===========>..................] - ETA: 3s - loss: 0.0092 - accuracy: 0.9156 - jacard_coef: 0.7134 9/20 [============>.................] - ETA: 3s - loss: 0.0087 - accuracy: 0.9232 - jacard_coef: 0.715010/20 [==============>...............] - ETA: 2s - loss: 0.0080 - accuracy: 0.9299 - jacard_coef: 0.722511/20 [===============>..............] - ETA: 2s - loss: 0.0078 - accuracy: 0.9318 - jacard_coef: 0.732412/20 [=================>............] - ETA: 2s - loss: 0.0085 - accuracy: 0.9237 - jacard_coef: 0.727213/20 [==================>...........] - ETA: 1s - loss: 0.0083 - accuracy: 0.9251 - jacard_coef: 0.734114/20 [====================>.........] - ETA: 1s - loss: 0.0083 - accuracy: 0.9240 - jacard_coef: 0.743115/20 [=====================>........] - ETA: 1s - loss: 0.0086 - accuracy: 0.9205 - jacard_coef: 0.744916/20 [=======================>......] - ETA: 1s - loss: 0.0089 - accuracy: 0.9199 - jacard_coef: 0.741617/20 [========================>.....] - ETA: 0s - loss: 0.0087 - accuracy: 0.9239 - jacard_coef: 0.729318/20 [==========================>...] - ETA: 0s - loss: 0.0086 - accuracy: 0.9232 - jacard_coef: 0.736419/20 [===========================>..] - ETA: 0s - loss: 0.0085 - accuracy: 0.9244 - jacard_coef: 0.741220/20 [==============================] - ETA: 0s - loss: 0.0084 - accuracy: 0.9252 - jacard_coef: 0.733520/20 [==============================] - 6s 287ms/step - loss: 0.0084 - accuracy: 0.9252 - jacard_coef: 0.7335 - val_loss: 0.0593 - val_accuracy: 0.6121 - val_jacard_coef: 0.2450
Epoch 140/200
 1/20 [>.............................] - ETA: 5s - loss: 0.0103 - accuracy: 0.9187 - jacard_coef: 0.7179 2/20 [==>...........................] - ETA: 4s - loss: 0.0083 - accuracy: 0.9291 - jacard_coef: 0.7523 3/20 [===>..........................] - ETA: 4s - loss: 0.0112 - accuracy: 0.8931 - jacard_coef: 0.7515 4/20 [=====>........................] - ETA: 4s - loss: 0.0115 - accuracy: 0.8893 - jacard_coef: 0.7578 5/20 [======>.......................] - ETA: 4s - loss: 0.0100 - accuracy: 0.9011 - jacard_coef: 0.7734 6/20 [========>.....................] - ETA: 3s - loss: 0.0091 - accuracy: 0.9131 - jacard_coef: 0.7415 7/20 [=========>....................] - ETA: 3s - loss: 0.0082 - accuracy: 0.9238 - jacard_coef: 0.7375 8/20 [===========>..................] - ETA: 3s - loss: 0.0081 - accuracy: 0.9253 - jacard_coef: 0.7431 9/20 [============>.................] - ETA: 3s - loss: 0.0075 - accuracy: 0.9325 - jacard_coef: 0.748410/20 [==============>...............] - ETA: 2s - loss: 0.0070 - accuracy: 0.9381 - jacard_coef: 0.748011/20 [===============>..............] - ETA: 2s - loss: 0.0069 - accuracy: 0.9390 - jacard_coef: 0.754312/20 [=================>............] - ETA: 2s - loss: 0.0071 - accuracy: 0.9359 - jacard_coef: 0.760413/20 [==================>...........] - ETA: 1s - loss: 0.0070 - accuracy: 0.9369 - jacard_coef: 0.767314/20 [====================>.........] - ETA: 1s - loss: 0.0070 - accuracy: 0.9351 - jacard_coef: 0.774515/20 [=====================>........] - ETA: 1s - loss: 0.0073 - accuracy: 0.9315 - jacard_coef: 0.775716/20 [=======================>......] - ETA: 1s - loss: 0.0076 - accuracy: 0.9296 - jacard_coef: 0.768917/20 [========================>.....] - ETA: 0s - loss: 0.0074 - accuracy: 0.9331 - jacard_coef: 0.757718/20 [==========================>...] - ETA: 0s - loss: 0.0074 - accuracy: 0.9319 - jacard_coef: 0.763619/20 [===========================>..] - ETA: 0s - loss: 0.0073 - accuracy: 0.9327 - jacard_coef: 0.766420/20 [==============================] - ETA: 0s - loss: 0.0072 - accuracy: 0.9334 - jacard_coef: 0.760820/20 [==============================] - 6s 287ms/step - loss: 0.0072 - accuracy: 0.9334 - jacard_coef: 0.7608 - val_loss: 0.0338 - val_accuracy: 0.7254 - val_jacard_coef: 0.2889
Epoch 141/200
 1/20 [>.............................] - ETA: 5s - loss: 0.0091 - accuracy: 0.9199 - jacard_coef: 0.7213 2/20 [==>...........................] - ETA: 4s - loss: 0.0075 - accuracy: 0.9293 - jacard_coef: 0.7515 3/20 [===>..........................] - ETA: 4s - loss: 0.0102 - accuracy: 0.8985 - jacard_coef: 0.7624 4/20 [=====>........................] - ETA: 4s - loss: 0.0102 - accuracy: 0.8952 - jacard_coef: 0.7712 5/20 [======>.......................] - ETA: 4s - loss: 0.0091 - accuracy: 0.9051 - jacard_coef: 0.7798 6/20 [========>.....................] - ETA: 3s - loss: 0.0083 - accuracy: 0.9170 - jacard_coef: 0.7564 7/20 [=========>....................] - ETA: 3s - loss: 0.0075 - accuracy: 0.9276 - jacard_coef: 0.7593 8/20 [===========>..................] - ETA: 3s - loss: 0.0074 - accuracy: 0.9278 - jacard_coef: 0.7579 9/20 [============>.................] - ETA: 3s - loss: 0.0069 - accuracy: 0.9347 - jacard_coef: 0.763510/20 [==============>...............] - ETA: 2s - loss: 0.0065 - accuracy: 0.9404 - jacard_coef: 0.768311/20 [===============>..............] - ETA: 2s - loss: 0.0063 - accuracy: 0.9417 - jacard_coef: 0.776312/20 [=================>............] - ETA: 2s - loss: 0.0064 - accuracy: 0.9386 - jacard_coef: 0.781213/20 [==================>...........] - ETA: 1s - loss: 0.0063 - accuracy: 0.9394 - jacard_coef: 0.786814/20 [====================>.........] - ETA: 1s - loss: 0.0064 - accuracy: 0.9374 - jacard_coef: 0.792215/20 [=====================>........] - ETA: 1s - loss: 0.0067 - accuracy: 0.9332 - jacard_coef: 0.791316/20 [=======================>......] - ETA: 1s - loss: 0.0070 - accuracy: 0.9320 - jacard_coef: 0.785817/20 [========================>.....] - ETA: 0s - loss: 0.0068 - accuracy: 0.9348 - jacard_coef: 0.764618/20 [==========================>...] - ETA: 0s - loss: 0.0068 - accuracy: 0.9336 - jacard_coef: 0.770219/20 [===========================>..] - ETA: 0s - loss: 0.0067 - accuracy: 0.9345 - jacard_coef: 0.774520/20 [==============================] - ETA: 0s - loss: 0.0067 - accuracy: 0.9355 - jacard_coef: 0.774320/20 [==============================] - 6s 287ms/step - loss: 0.0067 - accuracy: 0.9355 - jacard_coef: 0.7743 - val_loss: 0.0196 - val_accuracy: 0.9126 - val_jacard_coef: 0.5053
Epoch 142/200
 1/20 [>.............................] - ETA: 5s - loss: 0.0084 - accuracy: 0.9224 - jacard_coef: 0.7355 2/20 [==>...........................] - ETA: 4s - loss: 0.0070 - accuracy: 0.9355 - jacard_coef: 0.7864 3/20 [===>..........................] - ETA: 4s - loss: 0.0095 - accuracy: 0.9085 - jacard_coef: 0.7987 4/20 [=====>........................] - ETA: 4s - loss: 0.0098 - accuracy: 0.9022 - jacard_coef: 0.7972 5/20 [======>.......................] - ETA: 4s - loss: 0.0087 - accuracy: 0.9099 - jacard_coef: 0.7954 6/20 [========>.....................] - ETA: 3s - loss: 0.0081 - accuracy: 0.9203 - jacard_coef: 0.7574 7/20 [=========>....................] - ETA: 3s - loss: 0.0073 - accuracy: 0.9300 - jacard_coef: 0.7488 8/20 [===========>..................] - ETA: 3s - loss: 0.0073 - accuracy: 0.9294 - jacard_coef: 0.7453 9/20 [============>.................] - ETA: 3s - loss: 0.0068 - accuracy: 0.9358 - jacard_coef: 0.743210/20 [==============>...............] - ETA: 2s - loss: 0.0063 - accuracy: 0.9412 - jacard_coef: 0.745111/20 [===============>..............] - ETA: 2s - loss: 0.0061 - accuracy: 0.9424 - jacard_coef: 0.755112/20 [=================>............] - ETA: 2s - loss: 0.0062 - accuracy: 0.9395 - jacard_coef: 0.762813/20 [==================>...........] - ETA: 1s - loss: 0.0062 - accuracy: 0.9403 - jacard_coef: 0.769814/20 [====================>.........] - ETA: 1s - loss: 0.0062 - accuracy: 0.9383 - jacard_coef: 0.776715/20 [=====================>........] - ETA: 1s - loss: 0.0066 - accuracy: 0.9342 - jacard_coef: 0.777316/20 [=======================>......] - ETA: 1s - loss: 0.0068 - accuracy: 0.9329 - jacard_coef: 0.772917/20 [========================>.....] - ETA: 0s - loss: 0.0066 - accuracy: 0.9358 - jacard_coef: 0.754118/20 [==========================>...] - ETA: 0s - loss: 0.0066 - accuracy: 0.9346 - jacard_coef: 0.760519/20 [===========================>..] - ETA: 0s - loss: 0.0065 - accuracy: 0.9356 - jacard_coef: 0.765820/20 [==============================] - ETA: 0s - loss: 0.0065 - accuracy: 0.9365 - jacard_coef: 0.766420/20 [==============================] - 6s 287ms/step - loss: 0.0065 - accuracy: 0.9365 - jacard_coef: 0.7664 - val_loss: 0.0116 - val_accuracy: 0.9272 - val_jacard_coef: 0.5658
Epoch 143/200
 1/20 [>.............................] - ETA: 5s - loss: 0.0080 - accuracy: 0.9242 - jacard_coef: 0.7453 2/20 [==>...........................] - ETA: 4s - loss: 0.0068 - accuracy: 0.9373 - jacard_coef: 0.7965 3/20 [===>..........................] - ETA: 4s - loss: 0.0092 - accuracy: 0.9093 - jacard_coef: 0.8044 4/20 [=====>........................] - ETA: 4s - loss: 0.0095 - accuracy: 0.9031 - jacard_coef: 0.8025 5/20 [======>.......................] - ETA: 4s - loss: 0.0085 - accuracy: 0.9111 - jacard_coef: 0.8027 6/20 [========>.....................] - ETA: 3s - loss: 0.0078 - accuracy: 0.9220 - jacard_coef: 0.7749 7/20 [=========>....................] - ETA: 3s - loss: 0.0070 - accuracy: 0.9317 - jacard_coef: 0.7715 8/20 [===========>..................] - ETA: 3s - loss: 0.0070 - accuracy: 0.9317 - jacard_coef: 0.7698 9/20 [============>.................] - ETA: 3s - loss: 0.0065 - accuracy: 0.9381 - jacard_coef: 0.769310/20 [==============>...............] - ETA: 2s - loss: 0.0061 - accuracy: 0.9432 - jacard_coef: 0.768611/20 [===============>..............] - ETA: 2s - loss: 0.0059 - accuracy: 0.9440 - jacard_coef: 0.774912/20 [=================>............] - ETA: 2s - loss: 0.0060 - accuracy: 0.9410 - jacard_coef: 0.780713/20 [==================>...........] - ETA: 1s - loss: 0.0059 - accuracy: 0.9412 - jacard_coef: 0.784014/20 [====================>.........] - ETA: 1s - loss: 0.0060 - accuracy: 0.9389 - jacard_coef: 0.789515/20 [=====================>........] - ETA: 1s - loss: 0.0063 - accuracy: 0.9348 - jacard_coef: 0.789016/20 [=======================>......] - ETA: 1s - loss: 0.0065 - accuracy: 0.9335 - jacard_coef: 0.783617/20 [========================>.....] - ETA: 0s - loss: 0.0064 - accuracy: 0.9366 - jacard_coef: 0.768118/20 [==========================>...] - ETA: 0s - loss: 0.0064 - accuracy: 0.9354 - jacard_coef: 0.773919/20 [===========================>..] - ETA: 0s - loss: 0.0063 - accuracy: 0.9364 - jacard_coef: 0.779020/20 [==============================] - ETA: 0s - loss: 0.0062 - accuracy: 0.9374 - jacard_coef: 0.779220/20 [==============================] - 6s 287ms/step - loss: 0.0062 - accuracy: 0.9374 - jacard_coef: 0.7792 - val_loss: 0.0093 - val_accuracy: 0.9363 - val_jacard_coef: 0.6246
Epoch 144/200
 1/20 [>.............................] - ETA: 5s - loss: 0.0079 - accuracy: 0.9266 - jacard_coef: 0.7576 2/20 [==>...........................] - ETA: 4s - loss: 0.0068 - accuracy: 0.9385 - jacard_coef: 0.8032 3/20 [===>..........................] - ETA: 4s - loss: 0.0091 - accuracy: 0.9102 - jacard_coef: 0.8095 4/20 [=====>........................] - ETA: 4s - loss: 0.0093 - accuracy: 0.9053 - jacard_coef: 0.8106 5/20 [======>.......................] - ETA: 4s - loss: 0.0083 - accuracy: 0.9139 - jacard_coef: 0.8157 6/20 [========>.....................] - ETA: 3s - loss: 0.0076 - accuracy: 0.9247 - jacard_coef: 0.7931 7/20 [=========>....................] - ETA: 3s - loss: 0.0068 - accuracy: 0.9341 - jacard_coef: 0.7891 8/20 [===========>..................] - ETA: 3s - loss: 0.0068 - accuracy: 0.9342 - jacard_coef: 0.7877 9/20 [============>.................] - ETA: 3s - loss: 0.0063 - accuracy: 0.9405 - jacard_coef: 0.789910/20 [==============>...............] - ETA: 2s - loss: 0.0059 - accuracy: 0.9455 - jacard_coef: 0.788811/20 [===============>..............] - ETA: 2s - loss: 0.0057 - accuracy: 0.9462 - jacard_coef: 0.793912/20 [=================>............] - ETA: 2s - loss: 0.0059 - accuracy: 0.9426 - jacard_coef: 0.797213/20 [==================>...........] - ETA: 1s - loss: 0.0058 - accuracy: 0.9426 - jacard_coef: 0.798314/20 [====================>.........] - ETA: 1s - loss: 0.0059 - accuracy: 0.9401 - jacard_coef: 0.802315/20 [=====================>........] - ETA: 1s - loss: 0.0062 - accuracy: 0.9358 - jacard_coef: 0.800816/20 [=======================>......] - ETA: 1s - loss: 0.0064 - accuracy: 0.9344 - jacard_coef: 0.794117/20 [========================>.....] - ETA: 0s - loss: 0.0062 - accuracy: 0.9375 - jacard_coef: 0.779418/20 [==========================>...] - ETA: 0s - loss: 0.0062 - accuracy: 0.9362 - jacard_coef: 0.784519/20 [===========================>..] - ETA: 0s - loss: 0.0061 - accuracy: 0.9372 - jacard_coef: 0.788920/20 [==============================] - ETA: 0s - loss: 0.0061 - accuracy: 0.9382 - jacard_coef: 0.788820/20 [==============================] - 6s 287ms/step - loss: 0.0061 - accuracy: 0.9382 - jacard_coef: 0.7888 - val_loss: 0.0090 - val_accuracy: 0.9305 - val_jacard_coef: 0.5834
Epoch 145/200
 1/20 [>.............................] - ETA: 5s - loss: 0.0078 - accuracy: 0.9265 - jacard_coef: 0.7568 2/20 [==>...........................] - ETA: 4s - loss: 0.0066 - accuracy: 0.9385 - jacard_coef: 0.8032 3/20 [===>..........................] - ETA: 4s - loss: 0.0089 - accuracy: 0.9106 - jacard_coef: 0.8104 4/20 [=====>........................] - ETA: 4s - loss: 0.0091 - accuracy: 0.9067 - jacard_coef: 0.8145 5/20 [======>.......................] - ETA: 4s - loss: 0.0081 - accuracy: 0.9153 - jacard_coef: 0.8206 6/20 [========>.....................] - ETA: 3s - loss: 0.0074 - accuracy: 0.9259 - jacard_coef: 0.7976 7/20 [=========>....................] - ETA: 3s - loss: 0.0067 - accuracy: 0.9351 - jacard_coef: 0.7929 8/20 [===========>..................] - ETA: 3s - loss: 0.0066 - accuracy: 0.9351 - jacard_coef: 0.7911 9/20 [============>.................] - ETA: 3s - loss: 0.0062 - accuracy: 0.9413 - jacard_coef: 0.793610/20 [==============>...............] - ETA: 2s - loss: 0.0058 - accuracy: 0.9462 - jacard_coef: 0.792911/20 [===============>..............] - ETA: 2s - loss: 0.0056 - accuracy: 0.9469 - jacard_coef: 0.798212/20 [=================>............] - ETA: 2s - loss: 0.0057 - accuracy: 0.9436 - jacard_coef: 0.802113/20 [==================>...........] - ETA: 1s - loss: 0.0057 - accuracy: 0.9436 - jacard_coef: 0.803414/20 [====================>.........] - ETA: 1s - loss: 0.0057 - accuracy: 0.9412 - jacard_coef: 0.807515/20 [=====================>........] - ETA: 1s - loss: 0.0061 - accuracy: 0.9369 - jacard_coef: 0.805916/20 [=======================>......] - ETA: 1s - loss: 0.0063 - accuracy: 0.9354 - jacard_coef: 0.798817/20 [========================>.....] - ETA: 0s - loss: 0.0061 - accuracy: 0.9385 - jacard_coef: 0.784618/20 [==========================>...] - ETA: 0s - loss: 0.0061 - accuracy: 0.9371 - jacard_coef: 0.789319/20 [===========================>..] - ETA: 0s - loss: 0.0060 - accuracy: 0.9380 - jacard_coef: 0.793120/20 [==============================] - ETA: 0s - loss: 0.0059 - accuracy: 0.9389 - jacard_coef: 0.792820/20 [==============================] - 6s 287ms/step - loss: 0.0059 - accuracy: 0.9389 - jacard_coef: 0.7928 - val_loss: 0.0097 - val_accuracy: 0.9249 - val_jacard_coef: 0.5517
Epoch 146/200
 1/20 [>.............................] - ETA: 5s - loss: 0.0076 - accuracy: 0.9263 - jacard_coef: 0.7536 2/20 [==>...........................] - ETA: 4s - loss: 0.0065 - accuracy: 0.9381 - jacard_coef: 0.7998 3/20 [===>..........................] - ETA: 4s - loss: 0.0088 - accuracy: 0.9105 - jacard_coef: 0.8085 4/20 [=====>........................] - ETA: 4s - loss: 0.0090 - accuracy: 0.9067 - jacard_coef: 0.8132 5/20 [======>.......................] - ETA: 4s - loss: 0.0080 - accuracy: 0.9155 - jacard_coef: 0.8206 6/20 [========>.....................] - ETA: 3s - loss: 0.0073 - accuracy: 0.9261 - jacard_coef: 0.8003 7/20 [=========>....................] - ETA: 3s - loss: 0.0066 - accuracy: 0.9354 - jacard_coef: 0.7966 8/20 [===========>..................] - ETA: 3s - loss: 0.0065 - accuracy: 0.9357 - jacard_coef: 0.7966 9/20 [============>.................] - ETA: 3s - loss: 0.0061 - accuracy: 0.9419 - jacard_coef: 0.798510/20 [==============>...............] - ETA: 2s - loss: 0.0057 - accuracy: 0.9468 - jacard_coef: 0.798011/20 [===============>..............] - ETA: 2s - loss: 0.0055 - accuracy: 0.9475 - jacard_coef: 0.803212/20 [=================>............] - ETA: 2s - loss: 0.0057 - accuracy: 0.9442 - jacard_coef: 0.807013/20 [==================>...........] - ETA: 1s - loss: 0.0056 - accuracy: 0.9442 - jacard_coef: 0.808414/20 [====================>.........] - ETA: 1s - loss: 0.0057 - accuracy: 0.9418 - jacard_coef: 0.812315/20 [=====================>........] - ETA: 1s - loss: 0.0060 - accuracy: 0.9375 - jacard_coef: 0.810416/20 [=======================>......] - ETA: 1s - loss: 0.0062 - accuracy: 0.9359 - jacard_coef: 0.803017/20 [========================>.....] - ETA: 0s - loss: 0.0060 - accuracy: 0.9391 - jacard_coef: 0.790818/20 [==========================>...] - ETA: 0s - loss: 0.0060 - accuracy: 0.9377 - jacard_coef: 0.795019/20 [===========================>..] - ETA: 0s - loss: 0.0059 - accuracy: 0.9385 - jacard_coef: 0.798220/20 [==============================] - ETA: 0s - loss: 0.0059 - accuracy: 0.9394 - jacard_coef: 0.797620/20 [==============================] - 6s 287ms/step - loss: 0.0059 - accuracy: 0.9394 - jacard_coef: 0.7976 - val_loss: 0.0104 - val_accuracy: 0.9227 - val_jacard_coef: 0.5520
Epoch 147/200
 1/20 [>.............................] - ETA: 5s - loss: 0.0075 - accuracy: 0.9259 - jacard_coef: 0.7514 2/20 [==>...........................] - ETA: 4s - loss: 0.0064 - accuracy: 0.9376 - jacard_coef: 0.7975 3/20 [===>..........................] - ETA: 4s - loss: 0.0087 - accuracy: 0.9103 - jacard_coef: 0.8071 4/20 [=====>........................] - ETA: 4s - loss: 0.0089 - accuracy: 0.9068 - jacard_coef: 0.8128 5/20 [======>.......................] - ETA: 4s - loss: 0.0079 - accuracy: 0.9158 - jacard_coef: 0.8215 6/20 [========>.....................] - ETA: 3s - loss: 0.0072 - accuracy: 0.9264 - jacard_coef: 0.8016 7/20 [=========>....................] - ETA: 3s - loss: 0.0065 - accuracy: 0.9356 - jacard_coef: 0.7978 8/20 [===========>..................] - ETA: 3s - loss: 0.0064 - accuracy: 0.9358 - jacard_coef: 0.7969 9/20 [============>.................] - ETA: 3s - loss: 0.0060 - accuracy: 0.9419 - jacard_coef: 0.799010/20 [==============>...............] - ETA: 2s - loss: 0.0056 - accuracy: 0.9469 - jacard_coef: 0.799411/20 [===============>..............] - ETA: 2s - loss: 0.0055 - accuracy: 0.9476 - jacard_coef: 0.805012/20 [=================>............] - ETA: 2s - loss: 0.0056 - accuracy: 0.9445 - jacard_coef: 0.809013/20 [==================>...........] - ETA: 1s - loss: 0.0055 - accuracy: 0.9446 - jacard_coef: 0.811214/20 [====================>.........] - ETA: 1s - loss: 0.0056 - accuracy: 0.9422 - jacard_coef: 0.815015/20 [=====================>........] - ETA: 1s - loss: 0.0059 - accuracy: 0.9379 - jacard_coef: 0.813116/20 [=======================>......] - ETA: 1s - loss: 0.0061 - accuracy: 0.9364 - jacard_coef: 0.805717/20 [========================>.....] - ETA: 0s - loss: 0.0059 - accuracy: 0.9395 - jacard_coef: 0.793918/20 [==========================>...] - ETA: 0s - loss: 0.0059 - accuracy: 0.9380 - jacard_coef: 0.797719/20 [===========================>..] - ETA: 0s - loss: 0.0058 - accuracy: 0.9387 - jacard_coef: 0.800320/20 [==============================] - ETA: 0s - loss: 0.0058 - accuracy: 0.9397 - jacard_coef: 0.799920/20 [==============================] - 6s 287ms/step - loss: 0.0058 - accuracy: 0.9397 - jacard_coef: 0.7999 - val_loss: 0.0101 - val_accuracy: 0.9249 - val_jacard_coef: 0.5611
Epoch 148/200
 1/20 [>.............................] - ETA: 5s - loss: 0.0074 - accuracy: 0.9259 - jacard_coef: 0.7507 2/20 [==>...........................] - ETA: 4s - loss: 0.0063 - accuracy: 0.9374 - jacard_coef: 0.7958 3/20 [===>..........................] - ETA: 4s - loss: 0.0086 - accuracy: 0.9103 - jacard_coef: 0.8062 4/20 [=====>........................] - ETA: 4s - loss: 0.0088 - accuracy: 0.9068 - jacard_coef: 0.8123 5/20 [======>.......................] - ETA: 4s - loss: 0.0078 - accuracy: 0.9157 - jacard_coef: 0.8205 6/20 [========>.....................] - ETA: 3s - loss: 0.0071 - accuracy: 0.9263 - jacard_coef: 0.8005 7/20 [=========>....................] - ETA: 3s - loss: 0.0064 - accuracy: 0.9356 - jacard_coef: 0.7973 8/20 [===========>..................] - ETA: 3s - loss: 0.0064 - accuracy: 0.9359 - jacard_coef: 0.7971 9/20 [============>.................] - ETA: 3s - loss: 0.0059 - accuracy: 0.9420 - jacard_coef: 0.799310/20 [==============>...............] - ETA: 2s - loss: 0.0055 - accuracy: 0.9470 - jacard_coef: 0.800411/20 [===============>..............] - ETA: 2s - loss: 0.0054 - accuracy: 0.9477 - jacard_coef: 0.805912/20 [=================>............] - ETA: 2s - loss: 0.0055 - accuracy: 0.9446 - jacard_coef: 0.810013/20 [==================>...........] - ETA: 1s - loss: 0.0055 - accuracy: 0.9448 - jacard_coef: 0.812614/20 [====================>.........] - ETA: 1s - loss: 0.0055 - accuracy: 0.9425 - jacard_coef: 0.816515/20 [=====================>........] - ETA: 1s - loss: 0.0059 - accuracy: 0.9382 - jacard_coef: 0.814616/20 [=======================>......] - ETA: 1s - loss: 0.0061 - accuracy: 0.9367 - jacard_coef: 0.807217/20 [========================>.....] - ETA: 0s - loss: 0.0059 - accuracy: 0.9398 - jacard_coef: 0.795118/20 [==========================>...] - ETA: 0s - loss: 0.0059 - accuracy: 0.9383 - jacard_coef: 0.798919/20 [===========================>..] - ETA: 0s - loss: 0.0058 - accuracy: 0.9390 - jacard_coef: 0.801620/20 [==============================] - ETA: 0s - loss: 0.0057 - accuracy: 0.9399 - jacard_coef: 0.801220/20 [==============================] - 6s 287ms/step - loss: 0.0057 - accuracy: 0.9399 - jacard_coef: 0.8012 - val_loss: 0.0097 - val_accuracy: 0.9282 - val_jacard_coef: 0.5781
Epoch 149/200
 1/20 [>.............................] - ETA: 5s - loss: 0.0074 - accuracy: 0.9252 - jacard_coef: 0.7453 2/20 [==>...........................] - ETA: 4s - loss: 0.0063 - accuracy: 0.9368 - jacard_coef: 0.7915 3/20 [===>..........................] - ETA: 4s - loss: 0.0085 - accuracy: 0.9100 - jacard_coef: 0.8035 4/20 [=====>........................] - ETA: 4s - loss: 0.0088 - accuracy: 0.9064 - jacard_coef: 0.8098 5/20 [======>.......................] - ETA: 4s - loss: 0.0077 - accuracy: 0.9154 - jacard_coef: 0.8185 6/20 [========>.....................] - ETA: 3s - loss: 0.0071 - accuracy: 0.9261 - jacard_coef: 0.7991 7/20 [=========>....................] - ETA: 3s - loss: 0.0064 - accuracy: 0.9354 - jacard_coef: 0.7959 8/20 [===========>..................] - ETA: 3s - loss: 0.0063 - accuracy: 0.9357 - jacard_coef: 0.7958 9/20 [============>.................] - ETA: 3s - loss: 0.0059 - accuracy: 0.9418 - jacard_coef: 0.798010/20 [==============>...............] - ETA: 2s - loss: 0.0055 - accuracy: 0.9468 - jacard_coef: 0.799511/20 [===============>..............] - ETA: 2s - loss: 0.0054 - accuracy: 0.9476 - jacard_coef: 0.805212/20 [=================>............] - ETA: 2s - loss: 0.0055 - accuracy: 0.9446 - jacard_coef: 0.809513/20 [==================>...........] - ETA: 1s - loss: 0.0054 - accuracy: 0.9448 - jacard_coef: 0.812314/20 [====================>.........] - ETA: 1s - loss: 0.0055 - accuracy: 0.9425 - jacard_coef: 0.816315/20 [=====================>........] - ETA: 1s - loss: 0.0058 - accuracy: 0.9382 - jacard_coef: 0.814416/20 [=======================>......] - ETA: 1s - loss: 0.0060 - accuracy: 0.9366 - jacard_coef: 0.807217/20 [========================>.....] - ETA: 0s - loss: 0.0058 - accuracy: 0.9398 - jacard_coef: 0.795818/20 [==========================>...] - ETA: 0s - loss: 0.0058 - accuracy: 0.9383 - jacard_coef: 0.799519/20 [===========================>..] - ETA: 0s - loss: 0.0057 - accuracy: 0.9390 - jacard_coef: 0.802120/20 [==============================] - ETA: 0s - loss: 0.0057 - accuracy: 0.9399 - jacard_coef: 0.801820/20 [==============================] - 6s 287ms/step - loss: 0.0057 - accuracy: 0.9399 - jacard_coef: 0.8018 - val_loss: 0.0095 - val_accuracy: 0.9301 - val_jacard_coef: 0.5926
Epoch 150/200
 1/20 [>.............................] - ETA: 5s - loss: 0.0074 - accuracy: 0.9250 - jacard_coef: 0.7437 2/20 [==>...........................] - ETA: 4s - loss: 0.0063 - accuracy: 0.9368 - jacard_coef: 0.7914 3/20 [===>..........................] - ETA: 4s - loss: 0.0085 - accuracy: 0.9103 - jacard_coef: 0.8039 4/20 [=====>........................] - ETA: 4s - loss: 0.0087 - accuracy: 0.9066 - jacard_coef: 0.8100 5/20 [======>.......................] - ETA: 4s - loss: 0.0077 - accuracy: 0.9155 - jacard_coef: 0.8184 6/20 [========>.....................] - ETA: 3s - loss: 0.0070 - accuracy: 0.9262 - jacard_coef: 0.7993 7/20 [=========>....................] - ETA: 3s - loss: 0.0063 - accuracy: 0.9355 - jacard_coef: 0.7969 8/20 [===========>..................] - ETA: 3s - loss: 0.0063 - accuracy: 0.9358 - jacard_coef: 0.7965 9/20 [============>.................] - ETA: 3s - loss: 0.0058 - accuracy: 0.9419 - jacard_coef: 0.798910/20 [==============>...............] - ETA: 2s - loss: 0.0055 - accuracy: 0.9469 - jacard_coef: 0.800811/20 [===============>..............] - ETA: 2s - loss: 0.0053 - accuracy: 0.9477 - jacard_coef: 0.806212/20 [=================>............] - ETA: 2s - loss: 0.0055 - accuracy: 0.9446 - jacard_coef: 0.810513/20 [==================>...........] - ETA: 1s - loss: 0.0054 - accuracy: 0.9449 - jacard_coef: 0.813314/20 [====================>.........] - ETA: 1s - loss: 0.0055 - accuracy: 0.9426 - jacard_coef: 0.817315/20 [=====================>........] - ETA: 1s - loss: 0.0058 - accuracy: 0.9383 - jacard_coef: 0.815516/20 [=======================>......] - ETA: 1s - loss: 0.0060 - accuracy: 0.9367 - jacard_coef: 0.808117/20 [========================>.....] - ETA: 0s - loss: 0.0058 - accuracy: 0.9399 - jacard_coef: 0.796518/20 [==========================>...] - ETA: 0s - loss: 0.0058 - accuracy: 0.9384 - jacard_coef: 0.800219/20 [===========================>..] - ETA: 0s - loss: 0.0057 - accuracy: 0.9391 - jacard_coef: 0.803020/20 [==============================] - ETA: 0s - loss: 0.0057 - accuracy: 0.9401 - jacard_coef: 0.802820/20 [==============================] - 6s 287ms/step - loss: 0.0057 - accuracy: 0.9401 - jacard_coef: 0.8028 - val_loss: 0.0098 - val_accuracy: 0.9299 - val_jacard_coef: 0.5945
Epoch 151/200
 1/20 [>.............................] - ETA: 5s - loss: 0.0074 - accuracy: 0.9245 - jacard_coef: 0.7399 2/20 [==>...........................] - ETA: 4s - loss: 0.0062 - accuracy: 0.9367 - jacard_coef: 0.7899 3/20 [===>..........................] - ETA: 4s - loss: 0.0084 - accuracy: 0.9101 - jacard_coef: 0.8029 4/20 [=====>........................] - ETA: 4s - loss: 0.0087 - accuracy: 0.9062 - jacard_coef: 0.8084 5/20 [======>.......................] - ETA: 4s - loss: 0.0077 - accuracy: 0.9150 - jacard_coef: 0.8159 6/20 [========>.....................] - ETA: 3s - loss: 0.0070 - accuracy: 0.9258 - jacard_coef: 0.7969 7/20 [=========>....................] - ETA: 3s - loss: 0.0063 - accuracy: 0.9351 - jacard_coef: 0.7937 8/20 [===========>..................] - ETA: 3s - loss: 0.0063 - accuracy: 0.9354 - jacard_coef: 0.7935 9/20 [============>.................] - ETA: 3s - loss: 0.0058 - accuracy: 0.9416 - jacard_coef: 0.796310/20 [==============>...............] - ETA: 2s - loss: 0.0054 - accuracy: 0.9466 - jacard_coef: 0.798711/20 [===============>..............] - ETA: 2s - loss: 0.0053 - accuracy: 0.9475 - jacard_coef: 0.804712/20 [=================>............] - ETA: 2s - loss: 0.0054 - accuracy: 0.9444 - jacard_coef: 0.809013/20 [==================>...........] - ETA: 1s - loss: 0.0054 - accuracy: 0.9447 - jacard_coef: 0.812014/20 [====================>.........] - ETA: 1s - loss: 0.0054 - accuracy: 0.9423 - jacard_coef: 0.815915/20 [=====================>........] - ETA: 1s - loss: 0.0058 - accuracy: 0.9381 - jacard_coef: 0.814116/20 [=======================>......] - ETA: 1s - loss: 0.0060 - accuracy: 0.9365 - jacard_coef: 0.806817/20 [========================>.....] - ETA: 0s - loss: 0.0058 - accuracy: 0.9397 - jacard_coef: 0.795418/20 [==========================>...] - ETA: 0s - loss: 0.0058 - accuracy: 0.9382 - jacard_coef: 0.799319/20 [===========================>..] - ETA: 0s - loss: 0.0057 - accuracy: 0.9389 - jacard_coef: 0.802020/20 [==============================] - ETA: 0s - loss: 0.0056 - accuracy: 0.9399 - jacard_coef: 0.802120/20 [==============================] - 6s 287ms/step - loss: 0.0056 - accuracy: 0.9399 - jacard_coef: 0.8021 - val_loss: 0.0095 - val_accuracy: 0.9309 - val_jacard_coef: 0.5980
Epoch 152/200
 1/20 [>.............................] - ETA: 5s - loss: 0.0073 - accuracy: 0.9257 - jacard_coef: 0.7468 2/20 [==>...........................] - ETA: 4s - loss: 0.0062 - accuracy: 0.9375 - jacard_coef: 0.7944 3/20 [===>..........................] - ETA: 4s - loss: 0.0083 - accuracy: 0.9110 - jacard_coef: 0.8066 4/20 [=====>........................] - ETA: 4s - loss: 0.0086 - accuracy: 0.9069 - jacard_coef: 0.8114 5/20 [======>.......................] - ETA: 4s - loss: 0.0076 - accuracy: 0.9152 - jacard_coef: 0.8161 6/20 [========>.....................] - ETA: 3s - loss: 0.0070 - accuracy: 0.9260 - jacard_coef: 0.7970 7/20 [=========>....................] - ETA: 3s - loss: 0.0063 - accuracy: 0.9353 - jacard_coef: 0.7946 8/20 [===========>..................] - ETA: 3s - loss: 0.0062 - accuracy: 0.9356 - jacard_coef: 0.7941 9/20 [============>.................] - ETA: 3s - loss: 0.0058 - accuracy: 0.9417 - jacard_coef: 0.797110/20 [==============>...............] - ETA: 2s - loss: 0.0054 - accuracy: 0.9468 - jacard_coef: 0.799811/20 [===============>..............] - ETA: 2s - loss: 0.0053 - accuracy: 0.9475 - jacard_coef: 0.805112/20 [=================>............] - ETA: 2s - loss: 0.0054 - accuracy: 0.9445 - jacard_coef: 0.809513/20 [==================>...........] - ETA: 1s - loss: 0.0054 - accuracy: 0.9448 - jacard_coef: 0.812614/20 [====================>.........] - ETA: 1s - loss: 0.0054 - accuracy: 0.9425 - jacard_coef: 0.816815/20 [=====================>........] - ETA: 1s - loss: 0.0058 - accuracy: 0.9383 - jacard_coef: 0.815116/20 [=======================>......] - ETA: 1s - loss: 0.0059 - accuracy: 0.9367 - jacard_coef: 0.807917/20 [========================>.....] - ETA: 0s - loss: 0.0058 - accuracy: 0.9397 - jacard_coef: 0.793818/20 [==========================>...] - ETA: 0s - loss: 0.0058 - accuracy: 0.9383 - jacard_coef: 0.798019/20 [===========================>..] - ETA: 0s - loss: 0.0057 - accuracy: 0.9391 - jacard_coef: 0.801420/20 [==============================] - ETA: 0s - loss: 0.0056 - accuracy: 0.9401 - jacard_coef: 0.801720/20 [==============================] - 6s 287ms/step - loss: 0.0056 - accuracy: 0.9401 - jacard_coef: 0.8017 - val_loss: 0.0097 - val_accuracy: 0.9284 - val_jacard_coef: 0.5878
Epoch 153/200
 1/20 [>.............................] - ETA: 5s - loss: 0.0073 - accuracy: 0.9242 - jacard_coef: 0.7373 2/20 [==>...........................] - ETA: 4s - loss: 0.0062 - accuracy: 0.9365 - jacard_coef: 0.7887 3/20 [===>..........................] - ETA: 4s - loss: 0.0083 - accuracy: 0.9097 - jacard_coef: 0.8013 4/20 [=====>........................] - ETA: 4s - loss: 0.0086 - accuracy: 0.9053 - jacard_coef: 0.8056 5/20 [======>.......................] - ETA: 4s - loss: 0.0077 - accuracy: 0.9137 - jacard_coef: 0.8099 6/20 [========>.....................] - ETA: 3s - loss: 0.0070 - accuracy: 0.9246 - jacard_coef: 0.7897 7/20 [=========>....................] - ETA: 3s - loss: 0.0063 - accuracy: 0.9340 - jacard_coef: 0.7844 8/20 [===========>..................] - ETA: 3s - loss: 0.0063 - accuracy: 0.9343 - jacard_coef: 0.7847 9/20 [============>.................] - ETA: 3s - loss: 0.0058 - accuracy: 0.9407 - jacard_coef: 0.788510/20 [==============>...............] - ETA: 2s - loss: 0.0054 - accuracy: 0.9458 - jacard_coef: 0.791011/20 [===============>..............] - ETA: 2s - loss: 0.0053 - accuracy: 0.9468 - jacard_coef: 0.798112/20 [=================>............] - ETA: 2s - loss: 0.0054 - accuracy: 0.9439 - jacard_coef: 0.803213/20 [==================>...........] - ETA: 1s - loss: 0.0054 - accuracy: 0.9442 - jacard_coef: 0.806614/20 [====================>.........] - ETA: 1s - loss: 0.0054 - accuracy: 0.9419 - jacard_coef: 0.810915/20 [=====================>........] - ETA: 1s - loss: 0.0058 - accuracy: 0.9376 - jacard_coef: 0.809416/20 [=======================>......] - ETA: 1s - loss: 0.0059 - accuracy: 0.9360 - jacard_coef: 0.802317/20 [========================>.....] - ETA: 0s - loss: 0.0057 - accuracy: 0.9392 - jacard_coef: 0.789718/20 [==========================>...] - ETA: 0s - loss: 0.0057 - accuracy: 0.9378 - jacard_coef: 0.794119/20 [===========================>..] - ETA: 0s - loss: 0.0057 - accuracy: 0.9385 - jacard_coef: 0.797020/20 [==============================] - ETA: 0s - loss: 0.0056 - accuracy: 0.9395 - jacard_coef: 0.797820/20 [==============================] - 6s 287ms/step - loss: 0.0056 - accuracy: 0.9395 - jacard_coef: 0.7978 - val_loss: 0.0098 - val_accuracy: 0.9280 - val_jacard_coef: 0.5930
Epoch 154/200
 1/20 [>.............................] - ETA: 5s - loss: 0.0071 - accuracy: 0.9284 - jacard_coef: 0.7637 2/20 [==>...........................] - ETA: 4s - loss: 0.0060 - accuracy: 0.9391 - jacard_coef: 0.8051 3/20 [===>..........................] - ETA: 4s - loss: 0.0082 - accuracy: 0.9125 - jacard_coef: 0.8147 4/20 [=====>........................] - ETA: 4s - loss: 0.0085 - accuracy: 0.9078 - jacard_coef: 0.8169 5/20 [======>.......................] - ETA: 4s - loss: 0.0076 - accuracy: 0.9153 - jacard_coef: 0.8165 6/20 [========>.....................] - ETA: 3s - loss: 0.0069 - accuracy: 0.9260 - jacard_coef: 0.7960 7/20 [=========>....................] - ETA: 3s - loss: 0.0063 - accuracy: 0.9353 - jacard_coef: 0.7926 8/20 [===========>..................] - ETA: 3s - loss: 0.0062 - accuracy: 0.9354 - jacard_coef: 0.7914 9/20 [============>.................] - ETA: 3s - loss: 0.0058 - accuracy: 0.9416 - jacard_coef: 0.794510/20 [==============>...............] - ETA: 2s - loss: 0.0054 - accuracy: 0.9466 - jacard_coef: 0.796111/20 [===============>..............] - ETA: 2s - loss: 0.0052 - accuracy: 0.9473 - jacard_coef: 0.801112/20 [=================>............] - ETA: 2s - loss: 0.0054 - accuracy: 0.9444 - jacard_coef: 0.806013/20 [==================>...........] - ETA: 1s - loss: 0.0053 - accuracy: 0.9447 - jacard_coef: 0.809414/20 [====================>.........] - ETA: 1s - loss: 0.0053 - accuracy: 0.9425 - jacard_coef: 0.814015/20 [=====================>........] - ETA: 1s - loss: 0.0057 - accuracy: 0.9384 - jacard_coef: 0.812816/20 [=======================>......] - ETA: 1s - loss: 0.0059 - accuracy: 0.9368 - jacard_coef: 0.806017/20 [========================>.....] - ETA: 0s - loss: 0.0057 - accuracy: 0.9397 - jacard_coef: 0.789418/20 [==========================>...] - ETA: 0s - loss: 0.0057 - accuracy: 0.9384 - jacard_coef: 0.794119/20 [===========================>..] - ETA: 0s - loss: 0.0057 - accuracy: 0.9393 - jacard_coef: 0.798120/20 [==============================] - ETA: 0s - loss: 0.0056 - accuracy: 0.9402 - jacard_coef: 0.798720/20 [==============================] - 6s 287ms/step - loss: 0.0056 - accuracy: 0.9402 - jacard_coef: 0.7987 - val_loss: 0.0091 - val_accuracy: 0.9310 - val_jacard_coef: 0.6097
Epoch 155/200
 1/20 [>.............................] - ETA: 5s - loss: 0.0071 - accuracy: 0.9264 - jacard_coef: 0.7518 2/20 [==>...........................] - ETA: 4s - loss: 0.0060 - accuracy: 0.9374 - jacard_coef: 0.7954 3/20 [===>..........................] - ETA: 4s - loss: 0.0082 - accuracy: 0.9097 - jacard_coef: 0.8043 4/20 [=====>........................] - ETA: 4s - loss: 0.0086 - accuracy: 0.9048 - jacard_coef: 0.8064 5/20 [======>.......................] - ETA: 4s - loss: 0.0077 - accuracy: 0.9126 - jacard_coef: 0.8063 6/20 [========>.....................] - ETA: 3s - loss: 0.0070 - accuracy: 0.9238 - jacard_coef: 0.7873 7/20 [=========>....................] - ETA: 3s - loss: 0.0064 - accuracy: 0.9331 - jacard_coef: 0.7798 8/20 [===========>..................] - ETA: 3s - loss: 0.0063 - accuracy: 0.9338 - jacard_coef: 0.7818 9/20 [============>.................] - ETA: 3s - loss: 0.0059 - accuracy: 0.9401 - jacard_coef: 0.784110/20 [==============>...............] - ETA: 2s - loss: 0.0055 - accuracy: 0.9452 - jacard_coef: 0.784011/20 [===============>..............] - ETA: 2s - loss: 0.0053 - accuracy: 0.9462 - jacard_coef: 0.791612/20 [=================>............] - ETA: 2s - loss: 0.0054 - accuracy: 0.9434 - jacard_coef: 0.797313/20 [==================>...........] - ETA: 1s - loss: 0.0054 - accuracy: 0.9436 - jacard_coef: 0.800414/20 [====================>.........] - ETA: 1s - loss: 0.0054 - accuracy: 0.9413 - jacard_coef: 0.805115/20 [=====================>........] - ETA: 1s - loss: 0.0058 - accuracy: 0.9372 - jacard_coef: 0.804216/20 [=======================>......] - ETA: 1s - loss: 0.0059 - accuracy: 0.9357 - jacard_coef: 0.797317/20 [========================>.....] - ETA: 0s - loss: 0.0058 - accuracy: 0.9388 - jacard_coef: 0.785218/20 [==========================>...] - ETA: 0s - loss: 0.0057 - accuracy: 0.9375 - jacard_coef: 0.790219/20 [===========================>..] - ETA: 0s - loss: 0.0057 - accuracy: 0.9383 - jacard_coef: 0.793520/20 [==============================] - ETA: 0s - loss: 0.0056 - accuracy: 0.9393 - jacard_coef: 0.794420/20 [==============================] - 6s 287ms/step - loss: 0.0056 - accuracy: 0.9393 - jacard_coef: 0.7944 - val_loss: 0.0101 - val_accuracy: 0.9244 - val_jacard_coef: 0.5831
Epoch 156/200
 1/20 [>.............................] - ETA: 5s - loss: 0.0071 - accuracy: 0.9269 - jacard_coef: 0.7656 2/20 [==>...........................] - ETA: 4s - loss: 0.0061 - accuracy: 0.9373 - jacard_coef: 0.8017 3/20 [===>..........................] - ETA: 4s - loss: 0.0083 - accuracy: 0.9115 - jacard_coef: 0.8130 4/20 [=====>........................] - ETA: 4s - loss: 0.0086 - accuracy: 0.9071 - jacard_coef: 0.8157 5/20 [======>.......................] - ETA: 4s - loss: 0.0077 - accuracy: 0.9147 - jacard_coef: 0.8154 6/20 [========>.....................] - ETA: 3s - loss: 0.0070 - accuracy: 0.9256 - jacard_coef: 0.7965 7/20 [=========>....................] - ETA: 3s - loss: 0.0063 - accuracy: 0.9349 - jacard_coef: 0.7933 8/20 [===========>..................] - ETA: 3s - loss: 0.0063 - accuracy: 0.9350 - jacard_coef: 0.7913 9/20 [============>.................] - ETA: 3s - loss: 0.0059 - accuracy: 0.9412 - jacard_coef: 0.794310/20 [==============>...............] - ETA: 2s - loss: 0.0055 - accuracy: 0.9462 - jacard_coef: 0.795111/20 [===============>..............] - ETA: 2s - loss: 0.0053 - accuracy: 0.9470 - jacard_coef: 0.800512/20 [=================>............] - ETA: 2s - loss: 0.0054 - accuracy: 0.9439 - jacard_coef: 0.804913/20 [==================>...........] - ETA: 1s - loss: 0.0054 - accuracy: 0.9442 - jacard_coef: 0.807814/20 [====================>.........] - ETA: 1s - loss: 0.0054 - accuracy: 0.9420 - jacard_coef: 0.812215/20 [=====================>........] - ETA: 1s - loss: 0.0058 - accuracy: 0.9381 - jacard_coef: 0.811416/20 [=======================>......] - ETA: 1s - loss: 0.0060 - accuracy: 0.9368 - jacard_coef: 0.805217/20 [========================>.....] - ETA: 0s - loss: 0.0058 - accuracy: 0.9398 - jacard_coef: 0.790618/20 [==========================>...] - ETA: 0s - loss: 0.0058 - accuracy: 0.9384 - jacard_coef: 0.795219/20 [===========================>..] - ETA: 0s - loss: 0.0057 - accuracy: 0.9391 - jacard_coef: 0.798320/20 [==============================] - ETA: 0s - loss: 0.0057 - accuracy: 0.9401 - jacard_coef: 0.798920/20 [==============================] - 6s 287ms/step - loss: 0.0057 - accuracy: 0.9401 - jacard_coef: 0.7989 - val_loss: 0.0100 - val_accuracy: 0.9226 - val_jacard_coef: 0.5793
Epoch 157/200
 1/20 [>.............................] - ETA: 5s - loss: 0.0071 - accuracy: 0.9261 - jacard_coef: 0.7592 2/20 [==>...........................] - ETA: 4s - loss: 0.0063 - accuracy: 0.9350 - jacard_coef: 0.7902 3/20 [===>..........................] - ETA: 4s - loss: 0.0083 - accuracy: 0.9092 - jacard_coef: 0.8037 4/20 [=====>........................] - ETA: 4s - loss: 0.0087 - accuracy: 0.9052 - jacard_coef: 0.8084 5/20 [======>.......................] - ETA: 4s - loss: 0.0077 - accuracy: 0.9134 - jacard_coef: 0.8105 6/20 [========>.....................] - ETA: 3s - loss: 0.0070 - accuracy: 0.9246 - jacard_coef: 0.7956 7/20 [=========>....................] - ETA: 3s - loss: 0.0063 - accuracy: 0.9341 - jacard_coef: 0.7915 8/20 [===========>..................] - ETA: 3s - loss: 0.0063 - accuracy: 0.9346 - jacard_coef: 0.7918 9/20 [============>.................] - ETA: 3s - loss: 0.0058 - accuracy: 0.9408 - jacard_coef: 0.791410/20 [==============>...............] - ETA: 2s - loss: 0.0055 - accuracy: 0.9457 - jacard_coef: 0.788511/20 [===============>..............] - ETA: 2s - loss: 0.0053 - accuracy: 0.9465 - jacard_coef: 0.794712/20 [=================>............] - ETA: 2s - loss: 0.0054 - accuracy: 0.9435 - jacard_coef: 0.799713/20 [==================>...........] - ETA: 1s - loss: 0.0053 - accuracy: 0.9435 - jacard_coef: 0.801014/20 [====================>.........] - ETA: 1s - loss: 0.0054 - accuracy: 0.9411 - jacard_coef: 0.805115/20 [=====================>........] - ETA: 1s - loss: 0.0057 - accuracy: 0.9372 - jacard_coef: 0.804516/20 [=======================>......] - ETA: 1s - loss: 0.0059 - accuracy: 0.9360 - jacard_coef: 0.798617/20 [========================>.....] - ETA: 0s - loss: 0.0057 - accuracy: 0.9392 - jacard_coef: 0.789018/20 [==========================>...] - ETA: 0s - loss: 0.0057 - accuracy: 0.9379 - jacard_coef: 0.793819/20 [===========================>..] - ETA: 0s - loss: 0.0056 - accuracy: 0.9389 - jacard_coef: 0.798020/20 [==============================] - ETA: 0s - loss: 0.0056 - accuracy: 0.9399 - jacard_coef: 0.798620/20 [==============================] - 6s 287ms/step - loss: 0.0056 - accuracy: 0.9399 - jacard_coef: 0.7986 - val_loss: 0.0105 - val_accuracy: 0.9187 - val_jacard_coef: 0.5622
Epoch 158/200
 1/20 [>.............................] - ETA: 5s - loss: 0.0071 - accuracy: 0.9292 - jacard_coef: 0.7736 2/20 [==>...........................] - ETA: 4s - loss: 0.0061 - accuracy: 0.9385 - jacard_coef: 0.8064 3/20 [===>..........................] - ETA: 4s - loss: 0.0082 - accuracy: 0.9103 - jacard_coef: 0.8117 4/20 [=====>........................] - ETA: 4s - loss: 0.0084 - accuracy: 0.9075 - jacard_coef: 0.8186 5/20 [======>.......................] - ETA: 4s - loss: 0.0075 - accuracy: 0.9159 - jacard_coef: 0.8229 6/20 [========>.....................] - ETA: 3s - loss: 0.0068 - accuracy: 0.9267 - jacard_coef: 0.8081 7/20 [=========>....................] - ETA: 3s - loss: 0.0061 - accuracy: 0.9360 - jacard_coef: 0.8084 8/20 [===========>..................] - ETA: 3s - loss: 0.0061 - accuracy: 0.9357 - jacard_coef: 0.8035 9/20 [============>.................] - ETA: 3s - loss: 0.0057 - accuracy: 0.9419 - jacard_coef: 0.805210/20 [==============>...............] - ETA: 2s - loss: 0.0053 - accuracy: 0.9468 - jacard_coef: 0.804011/20 [===============>..............] - ETA: 2s - loss: 0.0052 - accuracy: 0.9473 - jacard_coef: 0.807612/20 [=================>............] - ETA: 2s - loss: 0.0053 - accuracy: 0.9443 - jacard_coef: 0.811413/20 [==================>...........] - ETA: 1s - loss: 0.0053 - accuracy: 0.9439 - jacard_coef: 0.810414/20 [====================>.........] - ETA: 1s - loss: 0.0053 - accuracy: 0.9416 - jacard_coef: 0.814215/20 [=====================>........] - ETA: 1s - loss: 0.0057 - accuracy: 0.9378 - jacard_coef: 0.813316/20 [=======================>......] - ETA: 1s - loss: 0.0058 - accuracy: 0.9368 - jacard_coef: 0.807217/20 [========================>.....] - ETA: 0s - loss: 0.0056 - accuracy: 0.9401 - jacard_coef: 0.800018/20 [==========================>...] - ETA: 0s - loss: 0.0056 - accuracy: 0.9386 - jacard_coef: 0.803819/20 [===========================>..] - ETA: 0s - loss: 0.0056 - accuracy: 0.9394 - jacard_coef: 0.806420/20 [==============================] - ETA: 0s - loss: 0.0055 - accuracy: 0.9403 - jacard_coef: 0.805620/20 [==============================] - 6s 287ms/step - loss: 0.0055 - accuracy: 0.9403 - jacard_coef: 0.8056 - val_loss: 0.0088 - val_accuracy: 0.9238 - val_jacard_coef: 0.5816
Epoch 159/200
 1/20 [>.............................] - ETA: 5s - loss: 0.0070 - accuracy: 0.9280 - jacard_coef: 0.7649 2/20 [==>...........................] - ETA: 4s - loss: 0.0060 - accuracy: 0.9371 - jacard_coef: 0.7961 3/20 [===>..........................] - ETA: 4s - loss: 0.0083 - accuracy: 0.9114 - jacard_coef: 0.8094 4/20 [=====>........................] - ETA: 4s - loss: 0.0085 - accuracy: 0.9079 - jacard_coef: 0.8158 5/20 [======>.......................] - ETA: 4s - loss: 0.0075 - accuracy: 0.9168 - jacard_coef: 0.8251 6/20 [========>.....................] - ETA: 3s - loss: 0.0068 - accuracy: 0.9274 - jacard_coef: 0.8089 7/20 [=========>....................] - ETA: 3s - loss: 0.0061 - accuracy: 0.9366 - jacard_coef: 0.8102 8/20 [===========>..................] - ETA: 3s - loss: 0.0062 - accuracy: 0.9374 - jacard_coef: 0.8117 9/20 [============>.................] - ETA: 3s - loss: 0.0057 - accuracy: 0.9434 - jacard_coef: 0.812810/20 [==============>...............] - ETA: 2s - loss: 0.0053 - accuracy: 0.9482 - jacard_coef: 0.812211/20 [===============>..............] - ETA: 2s - loss: 0.0052 - accuracy: 0.9484 - jacard_coef: 0.813812/20 [=================>............] - ETA: 2s - loss: 0.0054 - accuracy: 0.9447 - jacard_coef: 0.815413/20 [==================>...........] - ETA: 1s - loss: 0.0053 - accuracy: 0.9445 - jacard_coef: 0.814714/20 [====================>.........] - ETA: 1s - loss: 0.0054 - accuracy: 0.9416 - jacard_coef: 0.816715/20 [=====================>........] - ETA: 1s - loss: 0.0057 - accuracy: 0.9377 - jacard_coef: 0.815216/20 [=======================>......] - ETA: 1s - loss: 0.0059 - accuracy: 0.9365 - jacard_coef: 0.808917/20 [========================>.....] - ETA: 0s - loss: 0.0057 - accuracy: 0.9399 - jacard_coef: 0.803318/20 [==========================>...] - ETA: 0s - loss: 0.0057 - accuracy: 0.9386 - jacard_coef: 0.807419/20 [===========================>..] - ETA: 0s - loss: 0.0056 - accuracy: 0.9396 - jacard_coef: 0.811020/20 [==============================] - ETA: 0s - loss: 0.0056 - accuracy: 0.9405 - jacard_coef: 0.810120/20 [==============================] - 6s 287ms/step - loss: 0.0056 - accuracy: 0.9405 - jacard_coef: 0.8101 - val_loss: 0.0097 - val_accuracy: 0.9316 - val_jacard_coef: 0.6071
Epoch 160/200
 1/20 [>.............................] - ETA: 5s - loss: 0.0069 - accuracy: 0.9316 - jacard_coef: 0.7810 2/20 [==>...........................] - ETA: 4s - loss: 0.0061 - accuracy: 0.9392 - jacard_coef: 0.8049 3/20 [===>..........................] - ETA: 4s - loss: 0.0082 - accuracy: 0.9122 - jacard_coef: 0.8136 4/20 [=====>........................] - ETA: 4s - loss: 0.0085 - accuracy: 0.9091 - jacard_coef: 0.8211 5/20 [======>.......................] - ETA: 4s - loss: 0.0075 - accuracy: 0.9175 - jacard_coef: 0.8273 6/20 [========>.....................] - ETA: 3s - loss: 0.0068 - accuracy: 0.9281 - jacard_coef: 0.8111 7/20 [=========>....................] - ETA: 3s - loss: 0.0061 - accuracy: 0.9373 - jacard_coef: 0.8122 8/20 [===========>..................] - ETA: 3s - loss: 0.0061 - accuracy: 0.9371 - jacard_coef: 0.8082 9/20 [============>.................] - ETA: 3s - loss: 0.0056 - accuracy: 0.9431 - jacard_coef: 0.809710/20 [==============>...............] - ETA: 2s - loss: 0.0053 - accuracy: 0.9480 - jacard_coef: 0.812911/20 [===============>..............] - ETA: 2s - loss: 0.0051 - accuracy: 0.9486 - jacard_coef: 0.816712/20 [=================>............] - ETA: 2s - loss: 0.0053 - accuracy: 0.9456 - jacard_coef: 0.820313/20 [==================>...........] - ETA: 1s - loss: 0.0052 - accuracy: 0.9458 - jacard_coef: 0.822514/20 [====================>.........] - ETA: 1s - loss: 0.0053 - accuracy: 0.9435 - jacard_coef: 0.826015/20 [=====================>........] - ETA: 1s - loss: 0.0056 - accuracy: 0.9394 - jacard_coef: 0.824216/20 [=======================>......] - ETA: 1s - loss: 0.0058 - accuracy: 0.9379 - jacard_coef: 0.816117/20 [========================>.....] - ETA: 0s - loss: 0.0055 - accuracy: 0.9412 - jacard_coef: 0.810318/20 [==========================>...] - ETA: 0s - loss: 0.0056 - accuracy: 0.9397 - jacard_coef: 0.813719/20 [===========================>..] - ETA: 0s - loss: 0.0055 - accuracy: 0.9402 - jacard_coef: 0.814620/20 [==============================] - ETA: 0s - loss: 0.0054 - accuracy: 0.9412 - jacard_coef: 0.814220/20 [==============================] - 6s 287ms/step - loss: 0.0054 - accuracy: 0.9412 - jacard_coef: 0.8142 - val_loss: 0.0103 - val_accuracy: 0.9274 - val_jacard_coef: 0.5843
Epoch 161/200
 1/20 [>.............................] - ETA: 5s - loss: 0.0071 - accuracy: 0.9272 - jacard_coef: 0.7533 2/20 [==>...........................] - ETA: 4s - loss: 0.0059 - accuracy: 0.9397 - jacard_coef: 0.8057 3/20 [===>..........................] - ETA: 4s - loss: 0.0080 - accuracy: 0.9142 - jacard_coef: 0.8179 4/20 [=====>........................] - ETA: 4s - loss: 0.0082 - accuracy: 0.9109 - jacard_coef: 0.8247 5/20 [======>.......................] - ETA: 4s - loss: 0.0073 - accuracy: 0.9193 - jacard_coef: 0.8327 6/20 [========>.....................] - ETA: 3s - loss: 0.0066 - accuracy: 0.9296 - jacard_coef: 0.8135 7/20 [=========>....................] - ETA: 3s - loss: 0.0060 - accuracy: 0.9385 - jacard_coef: 0.8134 8/20 [===========>..................] - ETA: 3s - loss: 0.0059 - accuracy: 0.9388 - jacard_coef: 0.8129 9/20 [============>.................] - ETA: 3s - loss: 0.0055 - accuracy: 0.9446 - jacard_coef: 0.814410/20 [==============>...............] - ETA: 2s - loss: 0.0051 - accuracy: 0.9494 - jacard_coef: 0.816211/20 [===============>..............] - ETA: 2s - loss: 0.0050 - accuracy: 0.9500 - jacard_coef: 0.820412/20 [=================>............] - ETA: 2s - loss: 0.0052 - accuracy: 0.9465 - jacard_coef: 0.822813/20 [==================>...........] - ETA: 1s - loss: 0.0051 - accuracy: 0.9464 - jacard_coef: 0.823414/20 [====================>.........] - ETA: 1s - loss: 0.0052 - accuracy: 0.9435 - jacard_coef: 0.825115/20 [=====================>........] - ETA: 1s - loss: 0.0055 - accuracy: 0.9391 - jacard_coef: 0.822516/20 [=======================>......] - ETA: 1s - loss: 0.0057 - accuracy: 0.9377 - jacard_coef: 0.815017/20 [========================>.....] - ETA: 0s - loss: 0.0055 - accuracy: 0.9410 - jacard_coef: 0.809018/20 [==========================>...] - ETA: 0s - loss: 0.0055 - accuracy: 0.9395 - jacard_coef: 0.812219/20 [===========================>..] - ETA: 0s - loss: 0.0054 - accuracy: 0.9403 - jacard_coef: 0.815220/20 [==============================] - ETA: 0s - loss: 0.0054 - accuracy: 0.9412 - jacard_coef: 0.814620/20 [==============================] - 6s 287ms/step - loss: 0.0054 - accuracy: 0.9412 - jacard_coef: 0.8146 - val_loss: 0.0090 - val_accuracy: 0.9315 - val_jacard_coef: 0.5958
Epoch 162/200
 1/20 [>.............................] - ETA: 5s - loss: 0.0079 - accuracy: 0.9297 - jacard_coef: 0.7660 2/20 [==>...........................] - ETA: 4s - loss: 0.0064 - accuracy: 0.9385 - jacard_coef: 0.7978 3/20 [===>..........................] - ETA: 4s - loss: 0.0083 - accuracy: 0.9119 - jacard_coef: 0.8096 4/20 [=====>........................] - ETA: 4s - loss: 0.0085 - accuracy: 0.9094 - jacard_coef: 0.8184 5/20 [======>.......................] - ETA: 4s - loss: 0.0075 - accuracy: 0.9178 - jacard_coef: 0.8253 6/20 [========>.....................] - ETA: 3s - loss: 0.0068 - accuracy: 0.9283 - jacard_coef: 0.8099 7/20 [=========>....................] - ETA: 3s - loss: 0.0061 - accuracy: 0.9375 - jacard_coef: 0.8129 8/20 [===========>..................] - ETA: 3s - loss: 0.0060 - accuracy: 0.9375 - jacard_coef: 0.8103 9/20 [============>.................] - ETA: 3s - loss: 0.0056 - accuracy: 0.9434 - jacard_coef: 0.811110/20 [==============>...............] - ETA: 2s - loss: 0.0052 - accuracy: 0.9483 - jacard_coef: 0.813811/20 [===============>..............] - ETA: 2s - loss: 0.0051 - accuracy: 0.9483 - jacard_coef: 0.813712/20 [=================>............] - ETA: 2s - loss: 0.0053 - accuracy: 0.9449 - jacard_coef: 0.816613/20 [==================>...........] - ETA: 1s - loss: 0.0053 - accuracy: 0.9449 - jacard_coef: 0.817714/20 [====================>.........] - ETA: 1s - loss: 0.0053 - accuracy: 0.9424 - jacard_coef: 0.821015/20 [=====================>........] - ETA: 1s - loss: 0.0057 - accuracy: 0.9383 - jacard_coef: 0.819416/20 [=======================>......] - ETA: 1s - loss: 0.0058 - accuracy: 0.9369 - jacard_coef: 0.812117/20 [========================>.....] - ETA: 0s - loss: 0.0056 - accuracy: 0.9403 - jacard_coef: 0.807418/20 [==========================>...] - ETA: 0s - loss: 0.0056 - accuracy: 0.9390 - jacard_coef: 0.811319/20 [===========================>..] - ETA: 0s - loss: 0.0055 - accuracy: 0.9398 - jacard_coef: 0.814020/20 [==============================] - ETA: 0s - loss: 0.0055 - accuracy: 0.9407 - jacard_coef: 0.813620/20 [==============================] - 6s 287ms/step - loss: 0.0055 - accuracy: 0.9407 - jacard_coef: 0.8136 - val_loss: 0.0087 - val_accuracy: 0.9340 - val_jacard_coef: 0.6195
Epoch 163/200
 1/20 [>.............................] - ETA: 5s - loss: 0.0072 - accuracy: 0.9248 - jacard_coef: 0.7385 2/20 [==>...........................] - ETA: 4s - loss: 0.0061 - accuracy: 0.9386 - jacard_coef: 0.7977 3/20 [===>..........................] - ETA: 4s - loss: 0.0081 - accuracy: 0.9124 - jacard_coef: 0.8104 4/20 [=====>........................] - ETA: 4s - loss: 0.0083 - accuracy: 0.9083 - jacard_coef: 0.8151 5/20 [======>.......................] - ETA: 4s - loss: 0.0073 - accuracy: 0.9169 - jacard_coef: 0.8233 6/20 [========>.....................] - ETA: 3s - loss: 0.0067 - accuracy: 0.9274 - jacard_coef: 0.8017 7/20 [=========>....................] - ETA: 3s - loss: 0.0060 - accuracy: 0.9366 - jacard_coef: 0.8022 8/20 [===========>..................] - ETA: 3s - loss: 0.0060 - accuracy: 0.9372 - jacard_coef: 0.8030 9/20 [============>.................] - ETA: 3s - loss: 0.0055 - accuracy: 0.9432 - jacard_coef: 0.805410/20 [==============>...............] - ETA: 2s - loss: 0.0052 - accuracy: 0.9481 - jacard_coef: 0.808811/20 [===============>..............] - ETA: 2s - loss: 0.0051 - accuracy: 0.9489 - jacard_coef: 0.814312/20 [=================>............] - ETA: 2s - loss: 0.0053 - accuracy: 0.9454 - jacard_coef: 0.816613/20 [==================>...........] - ETA: 1s - loss: 0.0053 - accuracy: 0.9450 - jacard_coef: 0.815614/20 [====================>.........] - ETA: 1s - loss: 0.0053 - accuracy: 0.9421 - jacard_coef: 0.817615/20 [=====================>........] - ETA: 1s - loss: 0.0056 - accuracy: 0.9378 - jacard_coef: 0.815416/20 [=======================>......] - ETA: 1s - loss: 0.0058 - accuracy: 0.9362 - jacard_coef: 0.807517/20 [========================>.....] - ETA: 0s - loss: 0.0056 - accuracy: 0.9396 - jacard_coef: 0.800518/20 [==========================>...] - ETA: 0s - loss: 0.0056 - accuracy: 0.9382 - jacard_coef: 0.804419/20 [===========================>..] - ETA: 0s - loss: 0.0055 - accuracy: 0.9390 - jacard_coef: 0.807520/20 [==============================] - ETA: 0s - loss: 0.0055 - accuracy: 0.9400 - jacard_coef: 0.807720/20 [==============================] - 6s 287ms/step - loss: 0.0055 - accuracy: 0.9400 - jacard_coef: 0.8077 - val_loss: 0.0093 - val_accuracy: 0.9309 - val_jacard_coef: 0.5917
Epoch 164/200
 1/20 [>.............................] - ETA: 5s - loss: 0.0072 - accuracy: 0.9319 - jacard_coef: 0.7766 2/20 [==>...........................] - ETA: 4s - loss: 0.0060 - accuracy: 0.9408 - jacard_coef: 0.8109 3/20 [===>..........................] - ETA: 4s - loss: 0.0081 - accuracy: 0.9152 - jacard_coef: 0.8220 4/20 [=====>........................] - ETA: 4s - loss: 0.0084 - accuracy: 0.9116 - jacard_coef: 0.8275 5/20 [======>.......................] - ETA: 4s - loss: 0.0074 - accuracy: 0.9192 - jacard_coef: 0.8305 6/20 [========>.....................] - ETA: 3s - loss: 0.0068 - accuracy: 0.9293 - jacard_coef: 0.8069 7/20 [=========>....................] - ETA: 3s - loss: 0.0061 - accuracy: 0.9380 - jacard_coef: 0.8002 8/20 [===========>..................] - ETA: 3s - loss: 0.0060 - accuracy: 0.9381 - jacard_coef: 0.7998 9/20 [============>.................] - ETA: 3s - loss: 0.0056 - accuracy: 0.9441 - jacard_coef: 0.802610/20 [==============>...............] - ETA: 2s - loss: 0.0052 - accuracy: 0.9489 - jacard_coef: 0.805211/20 [===============>..............] - ETA: 2s - loss: 0.0051 - accuracy: 0.9493 - jacard_coef: 0.809312/20 [=================>............] - ETA: 2s - loss: 0.0052 - accuracy: 0.9462 - jacard_coef: 0.813313/20 [==================>...........] - ETA: 1s - loss: 0.0052 - accuracy: 0.9463 - jacard_coef: 0.816114/20 [====================>.........] - ETA: 1s - loss: 0.0052 - accuracy: 0.9439 - jacard_coef: 0.820115/20 [=====================>........] - ETA: 1s - loss: 0.0056 - accuracy: 0.9397 - jacard_coef: 0.818416/20 [=======================>......] - ETA: 1s - loss: 0.0058 - accuracy: 0.9377 - jacard_coef: 0.810017/20 [========================>.....] - ETA: 0s - loss: 0.0056 - accuracy: 0.9408 - jacard_coef: 0.797318/20 [==========================>...] - ETA: 0s - loss: 0.0056 - accuracy: 0.9392 - jacard_coef: 0.801219/20 [===========================>..] - ETA: 0s - loss: 0.0055 - accuracy: 0.9398 - jacard_coef: 0.803320/20 [==============================] - ETA: 0s - loss: 0.0054 - accuracy: 0.9408 - jacard_coef: 0.804020/20 [==============================] - 6s 288ms/step - loss: 0.0054 - accuracy: 0.9408 - jacard_coef: 0.8040 - val_loss: 0.0121 - val_accuracy: 0.9223 - val_jacard_coef: 0.5760
Epoch 165/200
 1/20 [>.............................] - ETA: 5s - loss: 0.0069 - accuracy: 0.9280 - jacard_coef: 0.7556 2/20 [==>...........................] - ETA: 4s - loss: 0.0058 - accuracy: 0.9386 - jacard_coef: 0.7992 3/20 [===>..........................] - ETA: 4s - loss: 0.0078 - accuracy: 0.9128 - jacard_coef: 0.8121 4/20 [=====>........................] - ETA: 4s - loss: 0.0081 - accuracy: 0.9096 - jacard_coef: 0.8192 5/20 [======>.......................] - ETA: 4s - loss: 0.0072 - accuracy: 0.9177 - jacard_coef: 0.8247 6/20 [========>.....................] - ETA: 3s - loss: 0.0066 - accuracy: 0.9283 - jacard_coef: 0.8073 7/20 [=========>....................] - ETA: 3s - loss: 0.0059 - accuracy: 0.9374 - jacard_coef: 0.8064 8/20 [===========>..................] - ETA: 3s - loss: 0.0059 - accuracy: 0.9378 - jacard_coef: 0.8064 9/20 [============>.................] - ETA: 3s - loss: 0.0054 - accuracy: 0.9438 - jacard_coef: 0.808610/20 [==============>...............] - ETA: 2s - loss: 0.0051 - accuracy: 0.9486 - jacard_coef: 0.810511/20 [===============>..............] - ETA: 2s - loss: 0.0049 - accuracy: 0.9493 - jacard_coef: 0.815712/20 [=================>............] - ETA: 2s - loss: 0.0051 - accuracy: 0.9463 - jacard_coef: 0.819613/20 [==================>...........] - ETA: 1s - loss: 0.0050 - accuracy: 0.9465 - jacard_coef: 0.821714/20 [====================>.........] - ETA: 1s - loss: 0.0051 - accuracy: 0.9439 - jacard_coef: 0.824815/20 [=====================>........] - ETA: 1s - loss: 0.0054 - accuracy: 0.9396 - jacard_coef: 0.822516/20 [=======================>......] - ETA: 1s - loss: 0.0056 - accuracy: 0.9380 - jacard_coef: 0.814717/20 [========================>.....] - ETA: 0s - loss: 0.0054 - accuracy: 0.9413 - jacard_coef: 0.807418/20 [==========================>...] - ETA: 0s - loss: 0.0054 - accuracy: 0.9397 - jacard_coef: 0.810719/20 [===========================>..] - ETA: 0s - loss: 0.0053 - accuracy: 0.9404 - jacard_coef: 0.813420/20 [==============================] - ETA: 0s - loss: 0.0053 - accuracy: 0.9414 - jacard_coef: 0.813220/20 [==============================] - 6s 287ms/step - loss: 0.0053 - accuracy: 0.9414 - jacard_coef: 0.8132 - val_loss: 0.0115 - val_accuracy: 0.9214 - val_jacard_coef: 0.5730
Epoch 166/200
 1/20 [>.............................] - ETA: 5s - loss: 0.0067 - accuracy: 0.9310 - jacard_coef: 0.7758 2/20 [==>...........................] - ETA: 4s - loss: 0.0056 - accuracy: 0.9405 - jacard_coef: 0.8121 3/20 [===>..........................] - ETA: 4s - loss: 0.0076 - accuracy: 0.9144 - jacard_coef: 0.8214 4/20 [=====>........................] - ETA: 4s - loss: 0.0079 - accuracy: 0.9106 - jacard_coef: 0.8257 5/20 [======>.......................] - ETA: 4s - loss: 0.0070 - accuracy: 0.9184 - jacard_coef: 0.8292 6/20 [========>.....................] - ETA: 3s - loss: 0.0064 - accuracy: 0.9289 - jacard_coef: 0.8115 7/20 [=========>....................] - ETA: 3s - loss: 0.0058 - accuracy: 0.9379 - jacard_coef: 0.8117 8/20 [===========>..................] - ETA: 3s - loss: 0.0057 - accuracy: 0.9382 - jacard_coef: 0.8105 9/20 [============>.................] - ETA: 3s - loss: 0.0053 - accuracy: 0.9441 - jacard_coef: 0.812210/20 [==============>...............] - ETA: 2s - loss: 0.0050 - accuracy: 0.9489 - jacard_coef: 0.813911/20 [===============>..............] - ETA: 2s - loss: 0.0048 - accuracy: 0.9494 - jacard_coef: 0.817412/20 [=================>............] - ETA: 2s - loss: 0.0050 - accuracy: 0.9464 - jacard_coef: 0.821313/20 [==================>...........] - ETA: 1s - loss: 0.0049 - accuracy: 0.9466 - jacard_coef: 0.823614/20 [====================>.........] - ETA: 1s - loss: 0.0050 - accuracy: 0.9442 - jacard_coef: 0.827015/20 [=====================>........] - ETA: 1s - loss: 0.0053 - accuracy: 0.9402 - jacard_coef: 0.825216/20 [=======================>......] - ETA: 1s - loss: 0.0055 - accuracy: 0.9385 - jacard_coef: 0.817517/20 [========================>.....] - ETA: 0s - loss: 0.0053 - accuracy: 0.9416 - jacard_coef: 0.806318/20 [==========================>...] - ETA: 0s - loss: 0.0053 - accuracy: 0.9400 - jacard_coef: 0.809419/20 [===========================>..] - ETA: 0s - loss: 0.0053 - accuracy: 0.9406 - jacard_coef: 0.811920/20 [==============================] - ETA: 0s - loss: 0.0052 - accuracy: 0.9416 - jacard_coef: 0.812420/20 [==============================] - 6s 287ms/step - loss: 0.0052 - accuracy: 0.9416 - jacard_coef: 0.8124 - val_loss: 0.0099 - val_accuracy: 0.9238 - val_jacard_coef: 0.5815
Epoch 167/200
 1/20 [>.............................] - ETA: 5s - loss: 0.0069 - accuracy: 0.9283 - jacard_coef: 0.7648 2/20 [==>...........................] - ETA: 4s - loss: 0.0058 - accuracy: 0.9372 - jacard_coef: 0.7952 3/20 [===>..........................] - ETA: 4s - loss: 0.0078 - accuracy: 0.9114 - jacard_coef: 0.8084 4/20 [=====>........................] - ETA: 4s - loss: 0.0081 - accuracy: 0.9078 - jacard_coef: 0.8145 5/20 [======>.......................] - ETA: 4s - loss: 0.0072 - accuracy: 0.9164 - jacard_coef: 0.8215 6/20 [========>.....................] - ETA: 3s - loss: 0.0065 - accuracy: 0.9272 - jacard_coef: 0.8044 7/20 [=========>....................] - ETA: 3s - loss: 0.0059 - accuracy: 0.9362 - jacard_coef: 0.7977 8/20 [===========>..................] - ETA: 3s - loss: 0.0059 - accuracy: 0.9371 - jacard_coef: 0.8007 9/20 [============>.................] - ETA: 3s - loss: 0.0055 - accuracy: 0.9430 - jacard_coef: 0.800610/20 [==============>...............] - ETA: 2s - loss: 0.0051 - accuracy: 0.9479 - jacard_coef: 0.802611/20 [===============>..............] - ETA: 2s - loss: 0.0050 - accuracy: 0.9487 - jacard_coef: 0.808612/20 [=================>............] - ETA: 2s - loss: 0.0051 - accuracy: 0.9459 - jacard_coef: 0.813613/20 [==================>...........] - ETA: 1s - loss: 0.0050 - accuracy: 0.9461 - jacard_coef: 0.815914/20 [====================>.........] - ETA: 1s - loss: 0.0051 - accuracy: 0.9436 - jacard_coef: 0.819615/20 [=====================>........] - ETA: 1s - loss: 0.0054 - accuracy: 0.9395 - jacard_coef: 0.818016/20 [=======================>......] - ETA: 1s - loss: 0.0056 - accuracy: 0.9380 - jacard_coef: 0.810817/20 [========================>.....] - ETA: 0s - loss: 0.0054 - accuracy: 0.9411 - jacard_coef: 0.799618/20 [==========================>...] - ETA: 0s - loss: 0.0054 - accuracy: 0.9397 - jacard_coef: 0.803719/20 [===========================>..] - ETA: 0s - loss: 0.0053 - accuracy: 0.9403 - jacard_coef: 0.806320/20 [==============================] - ETA: 0s - loss: 0.0053 - accuracy: 0.9413 - jacard_coef: 0.807020/20 [==============================] - 6s 287ms/step - loss: 0.0053 - accuracy: 0.9413 - jacard_coef: 0.8070 - val_loss: 0.0102 - val_accuracy: 0.9216 - val_jacard_coef: 0.5765
Epoch 168/200
 1/20 [>.............................] - ETA: 5s - loss: 0.0067 - accuracy: 0.9302 - jacard_coef: 0.7719 2/20 [==>...........................] - ETA: 4s - loss: 0.0057 - accuracy: 0.9403 - jacard_coef: 0.8110 3/20 [===>..........................] - ETA: 4s - loss: 0.0077 - accuracy: 0.9149 - jacard_coef: 0.8221 4/20 [=====>........................] - ETA: 4s - loss: 0.0080 - accuracy: 0.9109 - jacard_coef: 0.8261 5/20 [======>.......................] - ETA: 4s - loss: 0.0071 - accuracy: 0.9185 - jacard_coef: 0.8289 6/20 [========>.....................] - ETA: 3s - loss: 0.0064 - accuracy: 0.9291 - jacard_coef: 0.8137 7/20 [=========>....................] - ETA: 3s - loss: 0.0058 - accuracy: 0.9379 - jacard_coef: 0.8089 8/20 [===========>..................] - ETA: 3s - loss: 0.0058 - accuracy: 0.9375 - jacard_coef: 0.8040 9/20 [============>.................] - ETA: 3s - loss: 0.0054 - accuracy: 0.9435 - jacard_coef: 0.806510/20 [==============>...............] - ETA: 2s - loss: 0.0050 - accuracy: 0.9484 - jacard_coef: 0.807711/20 [===============>..............] - ETA: 2s - loss: 0.0049 - accuracy: 0.9492 - jacard_coef: 0.813912/20 [=================>............] - ETA: 2s - loss: 0.0050 - accuracy: 0.9464 - jacard_coef: 0.818513/20 [==================>...........] - ETA: 1s - loss: 0.0050 - accuracy: 0.9469 - jacard_coef: 0.822214/20 [====================>.........] - ETA: 1s - loss: 0.0050 - accuracy: 0.9444 - jacard_coef: 0.825515/20 [=====================>........] - ETA: 1s - loss: 0.0054 - accuracy: 0.9403 - jacard_coef: 0.823716/20 [=======================>......] - ETA: 1s - loss: 0.0055 - accuracy: 0.9387 - jacard_coef: 0.816317/20 [========================>.....] - ETA: 0s - loss: 0.0053 - accuracy: 0.9418 - jacard_coef: 0.806918/20 [==========================>...] - ETA: 0s - loss: 0.0053 - accuracy: 0.9401 - jacard_coef: 0.809719/20 [===========================>..] - ETA: 0s - loss: 0.0052 - accuracy: 0.9407 - jacard_coef: 0.812020/20 [==============================] - ETA: 0s - loss: 0.0052 - accuracy: 0.9417 - jacard_coef: 0.812520/20 [==============================] - 6s 287ms/step - loss: 0.0052 - accuracy: 0.9417 - jacard_coef: 0.8125 - val_loss: 0.0126 - val_accuracy: 0.9153 - val_jacard_coef: 0.5511
Epoch 169/200
 1/20 [>.............................] - ETA: 5s - loss: 0.0066 - accuracy: 0.9281 - jacard_coef: 0.7633 2/20 [==>...........................] - ETA: 4s - loss: 0.0056 - accuracy: 0.9377 - jacard_coef: 0.7982 3/20 [===>..........................] - ETA: 4s - loss: 0.0077 - accuracy: 0.9102 - jacard_coef: 0.8070 4/20 [=====>........................] - ETA: 4s - loss: 0.0082 - accuracy: 0.9069 - jacard_coef: 0.8135 5/20 [======>.......................] - ETA: 4s - loss: 0.0072 - accuracy: 0.9158 - jacard_coef: 0.8219 6/20 [========>.....................] - ETA: 3s - loss: 0.0065 - accuracy: 0.9268 - jacard_coef: 0.8087 7/20 [=========>....................] - ETA: 3s - loss: 0.0058 - accuracy: 0.9362 - jacard_coef: 0.8105 8/20 [===========>..................] - ETA: 3s - loss: 0.0058 - accuracy: 0.9374 - jacard_coef: 0.8130 9/20 [============>.................] - ETA: 3s - loss: 0.0054 - accuracy: 0.9434 - jacard_coef: 0.814810/20 [==============>...............] - ETA: 2s - loss: 0.0050 - accuracy: 0.9483 - jacard_coef: 0.815711/20 [===============>..............] - ETA: 2s - loss: 0.0049 - accuracy: 0.9488 - jacard_coef: 0.819012/20 [=================>............] - ETA: 2s - loss: 0.0050 - accuracy: 0.9462 - jacard_coef: 0.823513/20 [==================>...........] - ETA: 1s - loss: 0.0050 - accuracy: 0.9463 - jacard_coef: 0.824914/20 [====================>.........] - ETA: 1s - loss: 0.0050 - accuracy: 0.9440 - jacard_coef: 0.828415/20 [=====================>........] - ETA: 1s - loss: 0.0054 - accuracy: 0.9401 - jacard_coef: 0.826816/20 [=======================>......] - ETA: 1s - loss: 0.0056 - accuracy: 0.9387 - jacard_coef: 0.819417/20 [========================>.....] - ETA: 0s - loss: 0.0053 - accuracy: 0.9420 - jacard_coef: 0.814418/20 [==========================>...] - ETA: 0s - loss: 0.0054 - accuracy: 0.9405 - jacard_coef: 0.817519/20 [===========================>..] - ETA: 0s - loss: 0.0053 - accuracy: 0.9411 - jacard_coef: 0.819220/20 [==============================] - ETA: 0s - loss: 0.0052 - accuracy: 0.9420 - jacard_coef: 0.818620/20 [==============================] - 6s 287ms/step - loss: 0.0052 - accuracy: 0.9420 - jacard_coef: 0.8186 - val_loss: 0.0107 - val_accuracy: 0.9216 - val_jacard_coef: 0.5823
Epoch 170/200
 1/20 [>.............................] - ETA: 5s - loss: 0.0069 - accuracy: 0.9249 - jacard_coef: 0.7557 2/20 [==>...........................] - ETA: 4s - loss: 0.0059 - accuracy: 0.9355 - jacard_coef: 0.7927 3/20 [===>..........................] - ETA: 4s - loss: 0.0079 - accuracy: 0.9102 - jacard_coef: 0.8065 4/20 [=====>........................] - ETA: 4s - loss: 0.0081 - accuracy: 0.9068 - jacard_coef: 0.8130 5/20 [======>.......................] - ETA: 4s - loss: 0.0072 - accuracy: 0.9156 - jacard_coef: 0.8204 6/20 [========>.....................] - ETA: 3s - loss: 0.0065 - accuracy: 0.9267 - jacard_coef: 0.8074 7/20 [=========>....................] - ETA: 3s - loss: 0.0058 - accuracy: 0.9361 - jacard_coef: 0.8107 8/20 [===========>..................] - ETA: 3s - loss: 0.0058 - accuracy: 0.9361 - jacard_coef: 0.8063 9/20 [============>.................] - ETA: 3s - loss: 0.0054 - accuracy: 0.9422 - jacard_coef: 0.808210/20 [==============>...............] - ETA: 2s - loss: 0.0050 - accuracy: 0.9473 - jacard_coef: 0.810911/20 [===============>..............] - ETA: 2s - loss: 0.0049 - accuracy: 0.9482 - jacard_coef: 0.816812/20 [=================>............] - ETA: 2s - loss: 0.0050 - accuracy: 0.9453 - jacard_coef: 0.820513/20 [==================>...........] - ETA: 1s - loss: 0.0050 - accuracy: 0.9457 - jacard_coef: 0.823714/20 [====================>.........] - ETA: 1s - loss: 0.0050 - accuracy: 0.9433 - jacard_coef: 0.826715/20 [=====================>........] - ETA: 1s - loss: 0.0054 - accuracy: 0.9393 - jacard_coef: 0.824816/20 [=======================>......] - ETA: 1s - loss: 0.0055 - accuracy: 0.9380 - jacard_coef: 0.818017/20 [========================>.....] - ETA: 0s - loss: 0.0053 - accuracy: 0.9413 - jacard_coef: 0.810818/20 [==========================>...] - ETA: 0s - loss: 0.0053 - accuracy: 0.9395 - jacard_coef: 0.813219/20 [===========================>..] - ETA: 0s - loss: 0.0052 - accuracy: 0.9403 - jacard_coef: 0.816020/20 [==============================] - ETA: 0s - loss: 0.0052 - accuracy: 0.9413 - jacard_coef: 0.815420/20 [==============================] - 6s 287ms/step - loss: 0.0052 - accuracy: 0.9413 - jacard_coef: 0.8154 - val_loss: 0.0121 - val_accuracy: 0.9157 - val_jacard_coef: 0.5496
Epoch 171/200
 1/20 [>.............................] - ETA: 5s - loss: 0.0066 - accuracy: 0.9290 - jacard_coef: 0.7698 2/20 [==>...........................] - ETA: 4s - loss: 0.0056 - accuracy: 0.9404 - jacard_coef: 0.8134 3/20 [===>..........................] - ETA: 4s - loss: 0.0076 - accuracy: 0.9134 - jacard_coef: 0.8202 4/20 [=====>........................] - ETA: 4s - loss: 0.0078 - accuracy: 0.9099 - jacard_coef: 0.8256 5/20 [======>.......................] - ETA: 4s - loss: 0.0069 - accuracy: 0.9180 - jacard_coef: 0.8298 6/20 [========>.....................] - ETA: 3s - loss: 0.0063 - accuracy: 0.9287 - jacard_coef: 0.8151 7/20 [=========>....................] - ETA: 3s - loss: 0.0057 - accuracy: 0.9377 - jacard_coef: 0.8129 8/20 [===========>..................] - ETA: 3s - loss: 0.0057 - accuracy: 0.9379 - jacard_coef: 0.8117 9/20 [============>.................] - ETA: 3s - loss: 0.0053 - accuracy: 0.9438 - jacard_coef: 0.811510/20 [==============>...............] - ETA: 2s - loss: 0.0049 - accuracy: 0.9486 - jacard_coef: 0.813911/20 [===============>..............] - ETA: 2s - loss: 0.0048 - accuracy: 0.9492 - jacard_coef: 0.817512/20 [=================>............] - ETA: 2s - loss: 0.0049 - accuracy: 0.9463 - jacard_coef: 0.821813/20 [==================>...........] - ETA: 1s - loss: 0.0049 - accuracy: 0.9460 - jacard_coef: 0.821014/20 [====================>.........] - ETA: 1s - loss: 0.0050 - accuracy: 0.9436 - jacard_coef: 0.824515/20 [=====================>........] - ETA: 1s - loss: 0.0053 - accuracy: 0.9400 - jacard_coef: 0.823716/20 [=======================>......] - ETA: 1s - loss: 0.0054 - accuracy: 0.9388 - jacard_coef: 0.816717/20 [========================>.....] - ETA: 0s - loss: 0.0052 - accuracy: 0.9420 - jacard_coef: 0.807618/20 [==========================>...] - ETA: 0s - loss: 0.0053 - accuracy: 0.9405 - jacard_coef: 0.811519/20 [===========================>..] - ETA: 0s - loss: 0.0052 - accuracy: 0.9413 - jacard_coef: 0.814720/20 [==============================] - ETA: 0s - loss: 0.0051 - accuracy: 0.9423 - jacard_coef: 0.815220/20 [==============================] - 6s 287ms/step - loss: 0.0051 - accuracy: 0.9423 - jacard_coef: 0.8152 - val_loss: 0.0096 - val_accuracy: 0.9276 - val_jacard_coef: 0.6062
Epoch 172/200
 1/20 [>.............................] - ETA: 5s - loss: 0.0070 - accuracy: 0.9259 - jacard_coef: 0.7508 2/20 [==>...........................] - ETA: 4s - loss: 0.0059 - accuracy: 0.9356 - jacard_coef: 0.7850 3/20 [===>..........................] - ETA: 4s - loss: 0.0078 - accuracy: 0.9108 - jacard_coef: 0.8027 4/20 [=====>........................] - ETA: 4s - loss: 0.0079 - accuracy: 0.9085 - jacard_coef: 0.8139 5/20 [======>.......................] - ETA: 4s - loss: 0.0070 - accuracy: 0.9174 - jacard_coef: 0.8240 6/20 [========>.....................] - ETA: 3s - loss: 0.0064 - accuracy: 0.9279 - jacard_coef: 0.8102 7/20 [=========>....................] - ETA: 3s - loss: 0.0057 - accuracy: 0.9371 - jacard_coef: 0.8108 8/20 [===========>..................] - ETA: 3s - loss: 0.0057 - accuracy: 0.9377 - jacard_coef: 0.8107 9/20 [============>.................] - ETA: 3s - loss: 0.0053 - accuracy: 0.9435 - jacard_coef: 0.807810/20 [==============>...............] - ETA: 2s - loss: 0.0049 - accuracy: 0.9483 - jacard_coef: 0.807311/20 [===============>..............] - ETA: 2s - loss: 0.0048 - accuracy: 0.9486 - jacard_coef: 0.810412/20 [=================>............] - ETA: 2s - loss: 0.0050 - accuracy: 0.9458 - jacard_coef: 0.815013/20 [==================>...........] - ETA: 1s - loss: 0.0049 - accuracy: 0.9461 - jacard_coef: 0.818514/20 [====================>.........] - ETA: 1s - loss: 0.0050 - accuracy: 0.9437 - jacard_coef: 0.822115/20 [=====================>........] - ETA: 1s - loss: 0.0053 - accuracy: 0.9400 - jacard_coef: 0.821316/20 [=======================>......] - ETA: 1s - loss: 0.0054 - accuracy: 0.9387 - jacard_coef: 0.815217/20 [========================>.....] - ETA: 0s - loss: 0.0052 - accuracy: 0.9421 - jacard_coef: 0.812318/20 [==========================>...] - ETA: 0s - loss: 0.0052 - accuracy: 0.9406 - jacard_coef: 0.815719/20 [===========================>..] - ETA: 0s - loss: 0.0052 - accuracy: 0.9413 - jacard_coef: 0.818320/20 [==============================] - ETA: 0s - loss: 0.0051 - accuracy: 0.9422 - jacard_coef: 0.817620/20 [==============================] - 6s 287ms/step - loss: 0.0051 - accuracy: 0.9422 - jacard_coef: 0.8176 - val_loss: 0.0102 - val_accuracy: 0.9305 - val_jacard_coef: 0.6184
Epoch 173/200
 1/20 [>.............................] - ETA: 5s - loss: 0.0070 - accuracy: 0.9249 - jacard_coef: 0.7362 2/20 [==>...........................] - ETA: 4s - loss: 0.0059 - accuracy: 0.9400 - jacard_coef: 0.8033 3/20 [===>..........................] - ETA: 4s - loss: 0.0078 - accuracy: 0.9138 - jacard_coef: 0.8149 4/20 [=====>........................] - ETA: 4s - loss: 0.0080 - accuracy: 0.9093 - jacard_coef: 0.8186 5/20 [======>.......................] - ETA: 4s - loss: 0.0071 - accuracy: 0.9171 - jacard_coef: 0.8220 6/20 [========>.....................] - ETA: 3s - loss: 0.0065 - accuracy: 0.9276 - jacard_coef: 0.8055 7/20 [=========>....................] - ETA: 3s - loss: 0.0058 - accuracy: 0.9369 - jacard_coef: 0.8097 8/20 [===========>..................] - ETA: 3s - loss: 0.0057 - accuracy: 0.9374 - jacard_coef: 0.8094 9/20 [============>.................] - ETA: 3s - loss: 0.0053 - accuracy: 0.9432 - jacard_coef: 0.809610/20 [==============>...............] - ETA: 2s - loss: 0.0049 - accuracy: 0.9482 - jacard_coef: 0.813311/20 [===============>..............] - ETA: 2s - loss: 0.0048 - accuracy: 0.9490 - jacard_coef: 0.818612/20 [=================>............] - ETA: 2s - loss: 0.0050 - accuracy: 0.9459 - jacard_coef: 0.821913/20 [==================>...........] - ETA: 1s - loss: 0.0050 - accuracy: 0.9459 - jacard_coef: 0.822714/20 [====================>.........] - ETA: 1s - loss: 0.0050 - accuracy: 0.9433 - jacard_coef: 0.825415/20 [=====================>........] - ETA: 1s - loss: 0.0053 - accuracy: 0.9397 - jacard_coef: 0.824516/20 [=======================>......] - ETA: 1s - loss: 0.0055 - accuracy: 0.9384 - jacard_coef: 0.817117/20 [========================>.....] - ETA: 0s - loss: 0.0052 - accuracy: 0.9417 - jacard_coef: 0.813418/20 [==========================>...] - ETA: 0s - loss: 0.0052 - accuracy: 0.9404 - jacard_coef: 0.817119/20 [===========================>..] - ETA: 0s - loss: 0.0052 - accuracy: 0.9410 - jacard_coef: 0.818820/20 [==============================] - ETA: 0s - loss: 0.0052 - accuracy: 0.9416 - jacard_coef: 0.811720/20 [==============================] - 6s 287ms/step - loss: 0.0052 - accuracy: 0.9416 - jacard_coef: 0.8117 - val_loss: 0.0118 - val_accuracy: 0.9250 - val_jacard_coef: 0.5866
Epoch 174/200
 1/20 [>.............................] - ETA: 5s - loss: 0.0068 - accuracy: 0.9288 - jacard_coef: 0.7623 2/20 [==>...........................] - ETA: 4s - loss: 0.0056 - accuracy: 0.9399 - jacard_coef: 0.8064 3/20 [===>..........................] - ETA: 4s - loss: 0.0075 - accuracy: 0.9148 - jacard_coef: 0.8198 4/20 [=====>........................] - ETA: 4s - loss: 0.0077 - accuracy: 0.9123 - jacard_coef: 0.8287 5/20 [======>.......................] - ETA: 4s - loss: 0.0068 - accuracy: 0.9203 - jacard_coef: 0.8348 6/20 [========>.....................] - ETA: 3s - loss: 0.0063 - accuracy: 0.9301 - jacard_coef: 0.8155 7/20 [=========>....................] - ETA: 3s - loss: 0.0057 - accuracy: 0.9389 - jacard_coef: 0.8146 8/20 [===========>..................] - ETA: 3s - loss: 0.0056 - accuracy: 0.9391 - jacard_coef: 0.8145 9/20 [============>.................] - ETA: 3s - loss: 0.0052 - accuracy: 0.9448 - jacard_coef: 0.813910/20 [==============>...............] - ETA: 2s - loss: 0.0049 - accuracy: 0.9496 - jacard_coef: 0.816811/20 [===============>..............] - ETA: 2s - loss: 0.0048 - accuracy: 0.9500 - jacard_coef: 0.820112/20 [=================>............] - ETA: 2s - loss: 0.0050 - accuracy: 0.9463 - jacard_coef: 0.821513/20 [==================>...........] - ETA: 1s - loss: 0.0049 - accuracy: 0.9465 - jacard_coef: 0.823814/20 [====================>.........] - ETA: 1s - loss: 0.0049 - accuracy: 0.9441 - jacard_coef: 0.827015/20 [=====================>........] - ETA: 1s - loss: 0.0053 - accuracy: 0.9404 - jacard_coef: 0.826216/20 [=======================>......] - ETA: 1s - loss: 0.0055 - accuracy: 0.9390 - jacard_coef: 0.819617/20 [========================>.....] - ETA: 0s - loss: 0.0053 - accuracy: 0.9422 - jacard_coef: 0.811318/20 [==========================>...] - ETA: 0s - loss: 0.0053 - accuracy: 0.9408 - jacard_coef: 0.815019/20 [===========================>..] - ETA: 0s - loss: 0.0052 - accuracy: 0.9415 - jacard_coef: 0.817820/20 [==============================] - ETA: 0s - loss: 0.0052 - accuracy: 0.9424 - jacard_coef: 0.815820/20 [==============================] - 6s 287ms/step - loss: 0.0052 - accuracy: 0.9424 - jacard_coef: 0.8158 - val_loss: 0.0106 - val_accuracy: 0.9284 - val_jacard_coef: 0.6044
Epoch 175/200
 1/20 [>.............................] - ETA: 5s - loss: 0.0068 - accuracy: 0.9283 - jacard_coef: 0.7582 2/20 [==>...........................] - ETA: 4s - loss: 0.0057 - accuracy: 0.9384 - jacard_coef: 0.7972 3/20 [===>..........................] - ETA: 4s - loss: 0.0077 - accuracy: 0.9125 - jacard_coef: 0.8104 4/20 [=====>........................] - ETA: 4s - loss: 0.0081 - accuracy: 0.9092 - jacard_coef: 0.8174 5/20 [======>.......................] - ETA: 4s - loss: 0.0072 - accuracy: 0.9165 - jacard_coef: 0.8172 6/20 [========>.....................] - ETA: 3s - loss: 0.0066 - accuracy: 0.9269 - jacard_coef: 0.7944 7/20 [=========>....................] - ETA: 3s - loss: 0.0059 - accuracy: 0.9360 - jacard_coef: 0.7908 8/20 [===========>..................] - ETA: 3s - loss: 0.0059 - accuracy: 0.9367 - jacard_coef: 0.7938 9/20 [============>.................] - ETA: 3s - loss: 0.0055 - accuracy: 0.9428 - jacard_coef: 0.796910/20 [==============>...............] - ETA: 2s - loss: 0.0051 - accuracy: 0.9477 - jacard_coef: 0.800711/20 [===============>..............] - ETA: 2s - loss: 0.0050 - accuracy: 0.9485 - jacard_coef: 0.806712/20 [=================>............] - ETA: 2s - loss: 0.0051 - accuracy: 0.9456 - jacard_coef: 0.811613/20 [==================>...........] - ETA: 1s - loss: 0.0051 - accuracy: 0.9454 - jacard_coef: 0.812314/20 [====================>.........] - ETA: 1s - loss: 0.0051 - accuracy: 0.9429 - jacard_coef: 0.815815/20 [=====================>........] - ETA: 1s - loss: 0.0055 - accuracy: 0.9387 - jacard_coef: 0.814216/20 [=======================>......] - ETA: 1s - loss: 0.0056 - accuracy: 0.9370 - jacard_coef: 0.806517/20 [========================>.....] - ETA: 0s - loss: 0.0054 - accuracy: 0.9403 - jacard_coef: 0.798718/20 [==========================>...] - ETA: 0s - loss: 0.0054 - accuracy: 0.9389 - jacard_coef: 0.802819/20 [===========================>..] - ETA: 0s - loss: 0.0054 - accuracy: 0.9398 - jacard_coef: 0.806520/20 [==============================] - ETA: 0s - loss: 0.0053 - accuracy: 0.9407 - jacard_coef: 0.806220/20 [==============================] - 6s 287ms/step - loss: 0.0053 - accuracy: 0.9407 - jacard_coef: 0.8062 - val_loss: 0.0091 - val_accuracy: 0.9343 - val_jacard_coef: 0.6362
Epoch 176/200
 1/20 [>.............................] - ETA: 5s - loss: 0.0069 - accuracy: 0.9323 - jacard_coef: 0.7798 2/20 [==>...........................] - ETA: 4s - loss: 0.0057 - accuracy: 0.9423 - jacard_coef: 0.8185 3/20 [===>..........................] - ETA: 4s - loss: 0.0077 - accuracy: 0.9172 - jacard_coef: 0.8294 4/20 [=====>........................] - ETA: 4s - loss: 0.0079 - accuracy: 0.9133 - jacard_coef: 0.8336 5/20 [======>.......................] - ETA: 4s - loss: 0.0071 - accuracy: 0.9202 - jacard_coef: 0.8331 6/20 [========>.....................] - ETA: 3s - loss: 0.0065 - accuracy: 0.9299 - jacard_coef: 0.8050 7/20 [=========>....................] - ETA: 3s - loss: 0.0058 - accuracy: 0.9388 - jacard_coef: 0.8034 8/20 [===========>..................] - ETA: 3s - loss: 0.0058 - accuracy: 0.9378 - jacard_coef: 0.7964 9/20 [============>.................] - ETA: 3s - loss: 0.0054 - accuracy: 0.9437 - jacard_coef: 0.799510/20 [==============>...............] - ETA: 2s - loss: 0.0051 - accuracy: 0.9486 - jacard_coef: 0.803811/20 [===============>..............] - ETA: 2s - loss: 0.0049 - accuracy: 0.9492 - jacard_coef: 0.808712/20 [=================>............] - ETA: 2s - loss: 0.0051 - accuracy: 0.9457 - jacard_coef: 0.811813/20 [==================>...........] - ETA: 1s - loss: 0.0050 - accuracy: 0.9459 - jacard_coef: 0.814914/20 [====================>.........] - ETA: 1s - loss: 0.0051 - accuracy: 0.9433 - jacard_coef: 0.818115/20 [=====================>........] - ETA: 1s - loss: 0.0054 - accuracy: 0.9393 - jacard_coef: 0.817016/20 [=======================>......] - ETA: 1s - loss: 0.0056 - accuracy: 0.9379 - jacard_coef: 0.810717/20 [========================>.....] - ETA: 0s - loss: 0.0054 - accuracy: 0.9409 - jacard_coef: 0.798618/20 [==========================>...] - ETA: 0s - loss: 0.0054 - accuracy: 0.9394 - jacard_coef: 0.802219/20 [===========================>..] - ETA: 0s - loss: 0.0053 - accuracy: 0.9403 - jacard_coef: 0.806120/20 [==============================] - ETA: 0s - loss: 0.0053 - accuracy: 0.9412 - jacard_coef: 0.806720/20 [==============================] - 6s 287ms/step - loss: 0.0053 - accuracy: 0.9412 - jacard_coef: 0.8067 - val_loss: 0.0085 - val_accuracy: 0.9314 - val_jacard_coef: 0.6208
Epoch 177/200
 1/20 [>.............................] - ETA: 5s - loss: 0.0069 - accuracy: 0.9300 - jacard_coef: 0.7665 2/20 [==>...........................] - ETA: 4s - loss: 0.0057 - accuracy: 0.9393 - jacard_coef: 0.8016 3/20 [===>..........................] - ETA: 4s - loss: 0.0077 - accuracy: 0.9126 - jacard_coef: 0.8122 4/20 [=====>........................] - ETA: 4s - loss: 0.0079 - accuracy: 0.9090 - jacard_coef: 0.8184 5/20 [======>.......................] - ETA: 4s - loss: 0.0070 - accuracy: 0.9171 - jacard_coef: 0.8226 6/20 [========>.....................] - ETA: 3s - loss: 0.0064 - accuracy: 0.9277 - jacard_coef: 0.8051 7/20 [=========>....................] - ETA: 3s - loss: 0.0057 - accuracy: 0.9370 - jacard_coef: 0.8076 8/20 [===========>..................] - ETA: 3s - loss: 0.0057 - accuracy: 0.9377 - jacard_coef: 0.8081 9/20 [============>.................] - ETA: 3s - loss: 0.0053 - accuracy: 0.9436 - jacard_coef: 0.808910/20 [==============>...............] - ETA: 2s - loss: 0.0049 - accuracy: 0.9485 - jacard_coef: 0.811411/20 [===============>..............] - ETA: 2s - loss: 0.0048 - accuracy: 0.9488 - jacard_coef: 0.813912/20 [=================>............] - ETA: 2s - loss: 0.0050 - accuracy: 0.9457 - jacard_coef: 0.817713/20 [==================>...........] - ETA: 1s - loss: 0.0049 - accuracy: 0.9457 - jacard_coef: 0.818914/20 [====================>.........] - ETA: 1s - loss: 0.0050 - accuracy: 0.9432 - jacard_coef: 0.822215/20 [=====================>........] - ETA: 1s - loss: 0.0053 - accuracy: 0.9395 - jacard_coef: 0.821416/20 [=======================>......] - ETA: 1s - loss: 0.0055 - accuracy: 0.9379 - jacard_coef: 0.813617/20 [========================>.....] - ETA: 0s - loss: 0.0053 - accuracy: 0.9412 - jacard_coef: 0.808718/20 [==========================>...] - ETA: 0s - loss: 0.0053 - accuracy: 0.9400 - jacard_coef: 0.813019/20 [===========================>..] - ETA: 0s - loss: 0.0052 - accuracy: 0.9408 - jacard_coef: 0.816120/20 [==============================] - ETA: 0s - loss: 0.0051 - accuracy: 0.9418 - jacard_coef: 0.816220/20 [==============================] - 6s 287ms/step - loss: 0.0051 - accuracy: 0.9418 - jacard_coef: 0.8162 - val_loss: 0.0095 - val_accuracy: 0.9303 - val_jacard_coef: 0.6058
Epoch 178/200
 1/20 [>.............................] - ETA: 5s - loss: 0.0065 - accuracy: 0.9307 - jacard_coef: 0.7691 2/20 [==>...........................] - ETA: 4s - loss: 0.0056 - accuracy: 0.9421 - jacard_coef: 0.8167 3/20 [===>..........................] - ETA: 4s - loss: 0.0076 - accuracy: 0.9154 - jacard_coef: 0.8243 4/20 [=====>........................] - ETA: 4s - loss: 0.0080 - accuracy: 0.9098 - jacard_coef: 0.8234 5/20 [======>.......................] - ETA: 4s - loss: 0.0071 - accuracy: 0.9174 - jacard_coef: 0.8252 6/20 [========>.....................] - ETA: 3s - loss: 0.0065 - accuracy: 0.9278 - jacard_coef: 0.8027 7/20 [=========>....................] - ETA: 3s - loss: 0.0059 - accuracy: 0.9370 - jacard_coef: 0.8018 8/20 [===========>..................] - ETA: 3s - loss: 0.0058 - accuracy: 0.9375 - jacard_coef: 0.8024 9/20 [============>.................] - ETA: 3s - loss: 0.0053 - accuracy: 0.9435 - jacard_coef: 0.806210/20 [==============>...............] - ETA: 2s - loss: 0.0050 - accuracy: 0.9485 - jacard_coef: 0.809711/20 [===============>..............] - ETA: 2s - loss: 0.0049 - accuracy: 0.9493 - jacard_coef: 0.815512/20 [=================>............] - ETA: 2s - loss: 0.0050 - accuracy: 0.9460 - jacard_coef: 0.818813/20 [==================>...........] - ETA: 1s - loss: 0.0049 - accuracy: 0.9461 - jacard_coef: 0.820614/20 [====================>.........] - ETA: 1s - loss: 0.0050 - accuracy: 0.9435 - jacard_coef: 0.823415/20 [=====================>........] - ETA: 1s - loss: 0.0053 - accuracy: 0.9397 - jacard_coef: 0.822216/20 [=======================>......] - ETA: 1s - loss: 0.0054 - accuracy: 0.9382 - jacard_coef: 0.815017/20 [========================>.....] - ETA: 0s - loss: 0.0052 - accuracy: 0.9414 - jacard_coef: 0.805618/20 [==========================>...] - ETA: 0s - loss: 0.0053 - accuracy: 0.9399 - jacard_coef: 0.809219/20 [===========================>..] - ETA: 0s - loss: 0.0052 - accuracy: 0.9407 - jacard_coef: 0.812220/20 [==============================] - ETA: 0s - loss: 0.0051 - accuracy: 0.9416 - jacard_coef: 0.812920/20 [==============================] - 6s 287ms/step - loss: 0.0051 - accuracy: 0.9416 - jacard_coef: 0.8129 - val_loss: 0.0097 - val_accuracy: 0.9319 - val_jacard_coef: 0.6069
Epoch 179/200
 1/20 [>.............................] - ETA: 5s - loss: 0.0068 - accuracy: 0.9324 - jacard_coef: 0.7830 2/20 [==>...........................] - ETA: 4s - loss: 0.0056 - accuracy: 0.9412 - jacard_coef: 0.8153 3/20 [===>..........................] - ETA: 4s - loss: 0.0076 - accuracy: 0.9146 - jacard_coef: 0.8231 4/20 [=====>........................] - ETA: 4s - loss: 0.0079 - accuracy: 0.9113 - jacard_coef: 0.8284 5/20 [======>.......................] - ETA: 4s - loss: 0.0070 - accuracy: 0.9185 - jacard_coef: 0.8280 6/20 [========>.....................] - ETA: 3s - loss: 0.0063 - accuracy: 0.9291 - jacard_coef: 0.8140 7/20 [=========>....................] - ETA: 3s - loss: 0.0057 - accuracy: 0.9382 - jacard_coef: 0.8152 8/20 [===========>..................] - ETA: 3s - loss: 0.0056 - accuracy: 0.9385 - jacard_coef: 0.8138 9/20 [============>.................] - ETA: 3s - loss: 0.0052 - accuracy: 0.9444 - jacard_coef: 0.815110/20 [==============>...............] - ETA: 2s - loss: 0.0049 - accuracy: 0.9492 - jacard_coef: 0.816311/20 [===============>..............] - ETA: 2s - loss: 0.0048 - accuracy: 0.9495 - jacard_coef: 0.818312/20 [=================>............] - ETA: 2s - loss: 0.0049 - accuracy: 0.9463 - jacard_coef: 0.821513/20 [==================>...........] - ETA: 1s - loss: 0.0048 - accuracy: 0.9466 - jacard_coef: 0.823814/20 [====================>.........] - ETA: 1s - loss: 0.0049 - accuracy: 0.9443 - jacard_coef: 0.827415/20 [=====================>........] - ETA: 1s - loss: 0.0052 - accuracy: 0.9404 - jacard_coef: 0.826116/20 [=======================>......] - ETA: 1s - loss: 0.0054 - accuracy: 0.9388 - jacard_coef: 0.818917/20 [========================>.....] - ETA: 0s - loss: 0.0052 - accuracy: 0.9420 - jacard_coef: 0.812018/20 [==========================>...] - ETA: 0s - loss: 0.0052 - accuracy: 0.9406 - jacard_coef: 0.815719/20 [===========================>..] - ETA: 0s - loss: 0.0052 - accuracy: 0.9413 - jacard_coef: 0.818420/20 [==============================] - ETA: 0s - loss: 0.0051 - accuracy: 0.9423 - jacard_coef: 0.818820/20 [==============================] - 6s 287ms/step - loss: 0.0051 - accuracy: 0.9423 - jacard_coef: 0.8188 - val_loss: 0.0122 - val_accuracy: 0.9216 - val_jacard_coef: 0.5720
Epoch 180/200
 1/20 [>.............................] - ETA: 5s - loss: 0.0066 - accuracy: 0.9293 - jacard_coef: 0.7669 2/20 [==>...........................] - ETA: 4s - loss: 0.0056 - accuracy: 0.9403 - jacard_coef: 0.8108 3/20 [===>..........................] - ETA: 4s - loss: 0.0075 - accuracy: 0.9150 - jacard_coef: 0.8223 4/20 [=====>........................] - ETA: 4s - loss: 0.0079 - accuracy: 0.9096 - jacard_coef: 0.8224 5/20 [======>.......................] - ETA: 4s - loss: 0.0070 - accuracy: 0.9174 - jacard_coef: 0.8253 6/20 [========>.....................] - ETA: 3s - loss: 0.0064 - accuracy: 0.9282 - jacard_coef: 0.8112 7/20 [=========>....................] - ETA: 3s - loss: 0.0057 - accuracy: 0.9373 - jacard_coef: 0.8098 8/20 [===========>..................] - ETA: 3s - loss: 0.0056 - accuracy: 0.9382 - jacard_coef: 0.8115 9/20 [============>.................] - ETA: 3s - loss: 0.0052 - accuracy: 0.9441 - jacard_coef: 0.813210/20 [==============>...............] - ETA: 2s - loss: 0.0049 - accuracy: 0.9489 - jacard_coef: 0.813011/20 [===============>..............] - ETA: 2s - loss: 0.0048 - accuracy: 0.9496 - jacard_coef: 0.817812/20 [=================>............] - ETA: 2s - loss: 0.0049 - accuracy: 0.9463 - jacard_coef: 0.820813/20 [==================>...........] - ETA: 1s - loss: 0.0049 - accuracy: 0.9462 - jacard_coef: 0.821214/20 [====================>.........] - ETA: 1s - loss: 0.0049 - accuracy: 0.9434 - jacard_coef: 0.823115/20 [=====================>........] - ETA: 1s - loss: 0.0054 - accuracy: 0.9392 - jacard_coef: 0.821116/20 [=======================>......] - ETA: 1s - loss: 0.0055 - accuracy: 0.9378 - jacard_coef: 0.814017/20 [========================>.....] - ETA: 0s - loss: 0.0053 - accuracy: 0.9409 - jacard_coef: 0.803918/20 [==========================>...] - ETA: 0s - loss: 0.0054 - accuracy: 0.9397 - jacard_coef: 0.808419/20 [===========================>..] - ETA: 0s - loss: 0.0053 - accuracy: 0.9404 - jacard_coef: 0.811520/20 [==============================] - ETA: 0s - loss: 0.0052 - accuracy: 0.9414 - jacard_coef: 0.811820/20 [==============================] - 6s 287ms/step - loss: 0.0052 - accuracy: 0.9414 - jacard_coef: 0.8118 - val_loss: 0.0130 - val_accuracy: 0.9159 - val_jacard_coef: 0.5300
Epoch 181/200
 1/20 [>.............................] - ETA: 5s - loss: 0.0068 - accuracy: 0.9323 - jacard_coef: 0.7825 2/20 [==>...........................] - ETA: 4s - loss: 0.0058 - accuracy: 0.9426 - jacard_coef: 0.8220 3/20 [===>..........................] - ETA: 4s - loss: 0.0076 - accuracy: 0.9165 - jacard_coef: 0.8299 4/20 [=====>........................] - ETA: 4s - loss: 0.0083 - accuracy: 0.9108 - jacard_coef: 0.8280 5/20 [======>.......................] - ETA: 4s - loss: 0.0074 - accuracy: 0.9183 - jacard_coef: 0.8294 6/20 [========>.....................] - ETA: 3s - loss: 0.0067 - accuracy: 0.9288 - jacard_coef: 0.8114 7/20 [=========>....................] - ETA: 3s - loss: 0.0060 - accuracy: 0.9375 - jacard_coef: 0.8019 8/20 [===========>..................] - ETA: 3s - loss: 0.0059 - accuracy: 0.9378 - jacard_coef: 0.8014 9/20 [============>.................] - ETA: 3s - loss: 0.0055 - accuracy: 0.9437 - jacard_coef: 0.803110/20 [==============>...............] - ETA: 2s - loss: 0.0051 - accuracy: 0.9486 - jacard_coef: 0.805911/20 [===============>..............] - ETA: 2s - loss: 0.0049 - accuracy: 0.9493 - jacard_coef: 0.811112/20 [=================>............] - ETA: 2s - loss: 0.0051 - accuracy: 0.9463 - jacard_coef: 0.815513/20 [==================>...........] - ETA: 1s - loss: 0.0050 - accuracy: 0.9464 - jacard_coef: 0.817414/20 [====================>.........] - ETA: 1s - loss: 0.0050 - accuracy: 0.9439 - jacard_coef: 0.820915/20 [=====================>........] - ETA: 1s - loss: 0.0054 - accuracy: 0.9399 - jacard_coef: 0.819616/20 [=======================>......] - ETA: 1s - loss: 0.0055 - accuracy: 0.9385 - jacard_coef: 0.812817/20 [========================>.....] - ETA: 0s - loss: 0.0054 - accuracy: 0.9414 - jacard_coef: 0.798118/20 [==========================>...] - ETA: 0s - loss: 0.0054 - accuracy: 0.9398 - jacard_coef: 0.801719/20 [===========================>..] - ETA: 0s - loss: 0.0053 - accuracy: 0.9406 - jacard_coef: 0.804920/20 [==============================] - ETA: 0s - loss: 0.0052 - accuracy: 0.9415 - jacard_coef: 0.805620/20 [==============================] - 6s 287ms/step - loss: 0.0052 - accuracy: 0.9415 - jacard_coef: 0.8056 - val_loss: 0.0084 - val_accuracy: 0.9302 - val_jacard_coef: 0.6056
Epoch 182/200
 1/20 [>.............................] - ETA: 5s - loss: 0.0066 - accuracy: 0.9309 - jacard_coef: 0.7786 2/20 [==>...........................] - ETA: 4s - loss: 0.0056 - accuracy: 0.9373 - jacard_coef: 0.7955 3/20 [===>..........................] - ETA: 4s - loss: 0.0076 - accuracy: 0.9115 - jacard_coef: 0.8089 4/20 [=====>........................] - ETA: 4s - loss: 0.0079 - accuracy: 0.9103 - jacard_coef: 0.8220 5/20 [======>.......................] - ETA: 4s - loss: 0.0069 - accuracy: 0.9188 - jacard_coef: 0.8299 6/20 [========>.....................] - ETA: 3s - loss: 0.0063 - accuracy: 0.9294 - jacard_coef: 0.8154 7/20 [=========>....................] - ETA: 3s - loss: 0.0057 - accuracy: 0.9383 - jacard_coef: 0.8138 8/20 [===========>..................] - ETA: 3s - loss: 0.0057 - accuracy: 0.9393 - jacard_coef: 0.8167 9/20 [============>.................] - ETA: 3s - loss: 0.0053 - accuracy: 0.9450 - jacard_coef: 0.815310/20 [==============>...............] - ETA: 2s - loss: 0.0049 - accuracy: 0.9498 - jacard_coef: 0.817511/20 [===============>..............] - ETA: 2s - loss: 0.0048 - accuracy: 0.9498 - jacard_coef: 0.818112/20 [=================>............] - ETA: 2s - loss: 0.0050 - accuracy: 0.9462 - jacard_coef: 0.820113/20 [==================>...........] - ETA: 1s - loss: 0.0049 - accuracy: 0.9461 - jacard_coef: 0.820114/20 [====================>.........] - ETA: 1s - loss: 0.0050 - accuracy: 0.9435 - jacard_coef: 0.822915/20 [=====================>........] - ETA: 1s - loss: 0.0053 - accuracy: 0.9397 - jacard_coef: 0.821916/20 [=======================>......] - ETA: 1s - loss: 0.0054 - accuracy: 0.9384 - jacard_coef: 0.814317/20 [========================>.....] - ETA: 0s - loss: 0.0052 - accuracy: 0.9417 - jacard_coef: 0.808118/20 [==========================>...] - ETA: 0s - loss: 0.0053 - accuracy: 0.9404 - jacard_coef: 0.812519/20 [===========================>..] - ETA: 0s - loss: 0.0052 - accuracy: 0.9413 - jacard_coef: 0.816120/20 [==============================] - ETA: 0s - loss: 0.0052 - accuracy: 0.9422 - jacard_coef: 0.815120/20 [==============================] - 6s 287ms/step - loss: 0.0052 - accuracy: 0.9422 - jacard_coef: 0.8151 - val_loss: 0.0111 - val_accuracy: 0.9211 - val_jacard_coef: 0.5751
Epoch 183/200
 1/20 [>.............................] - ETA: 5s - loss: 0.0067 - accuracy: 0.9308 - jacard_coef: 0.7797 2/20 [==>...........................] - ETA: 4s - loss: 0.0056 - accuracy: 0.9415 - jacard_coef: 0.8191 3/20 [===>..........................] - ETA: 4s - loss: 0.0075 - accuracy: 0.9165 - jacard_coef: 0.8293 4/20 [=====>........................] - ETA: 4s - loss: 0.0076 - accuracy: 0.9132 - jacard_coef: 0.8348 5/20 [======>.......................] - ETA: 4s - loss: 0.0068 - accuracy: 0.9206 - jacard_coef: 0.8365 6/20 [========>.....................] - ETA: 3s - loss: 0.0061 - accuracy: 0.9309 - jacard_coef: 0.8224 7/20 [=========>....................] - ETA: 3s - loss: 0.0055 - accuracy: 0.9398 - jacard_coef: 0.8239 8/20 [===========>..................] - ETA: 3s - loss: 0.0055 - accuracy: 0.9386 - jacard_coef: 0.8140 9/20 [============>.................] - ETA: 3s - loss: 0.0052 - accuracy: 0.9443 - jacard_coef: 0.812410/20 [==============>...............] - ETA: 2s - loss: 0.0048 - accuracy: 0.9491 - jacard_coef: 0.814611/20 [===============>..............] - ETA: 2s - loss: 0.0047 - accuracy: 0.9499 - jacard_coef: 0.820112/20 [=================>............] - ETA: 2s - loss: 0.0048 - accuracy: 0.9466 - jacard_coef: 0.823013/20 [==================>...........] - ETA: 1s - loss: 0.0048 - accuracy: 0.9467 - jacard_coef: 0.824514/20 [====================>.........] - ETA: 1s - loss: 0.0048 - accuracy: 0.9440 - jacard_coef: 0.826915/20 [=====================>........] - ETA: 1s - loss: 0.0052 - accuracy: 0.9402 - jacard_coef: 0.825616/20 [=======================>......] - ETA: 1s - loss: 0.0053 - accuracy: 0.9390 - jacard_coef: 0.819117/20 [========================>.....] - ETA: 0s - loss: 0.0051 - accuracy: 0.9423 - jacard_coef: 0.816518/20 [==========================>...] - ETA: 0s - loss: 0.0051 - accuracy: 0.9407 - jacard_coef: 0.819319/20 [===========================>..] - ETA: 0s - loss: 0.0050 - accuracy: 0.9414 - jacard_coef: 0.821720/20 [==============================] - ETA: 0s - loss: 0.0050 - accuracy: 0.9423 - jacard_coef: 0.820820/20 [==============================] - 6s 287ms/step - loss: 0.0050 - accuracy: 0.9423 - jacard_coef: 0.8208 - val_loss: 0.0127 - val_accuracy: 0.9224 - val_jacard_coef: 0.5707
Epoch 184/200
 1/20 [>.............................] - ETA: 5s - loss: 0.0063 - accuracy: 0.9333 - jacard_coef: 0.7867 2/20 [==>...........................] - ETA: 4s - loss: 0.0056 - accuracy: 0.9438 - jacard_coef: 0.8275 3/20 [===>..........................] - ETA: 4s - loss: 0.0074 - accuracy: 0.9161 - jacard_coef: 0.8310 4/20 [=====>........................] - ETA: 4s - loss: 0.0076 - accuracy: 0.9135 - jacard_coef: 0.8378 5/20 [======>.......................] - ETA: 4s - loss: 0.0067 - accuracy: 0.9212 - jacard_coef: 0.8418 6/20 [========>.....................] - ETA: 3s - loss: 0.0061 - accuracy: 0.9312 - jacard_coef: 0.8216 7/20 [=========>....................] - ETA: 3s - loss: 0.0055 - accuracy: 0.9399 - jacard_coef: 0.8190 8/20 [===========>..................] - ETA: 3s - loss: 0.0055 - accuracy: 0.9400 - jacard_coef: 0.8178 9/20 [============>.................] - ETA: 3s - loss: 0.0051 - accuracy: 0.9458 - jacard_coef: 0.820210/20 [==============>...............] - ETA: 2s - loss: 0.0047 - accuracy: 0.9505 - jacard_coef: 0.823711/20 [===============>..............] - ETA: 2s - loss: 0.0046 - accuracy: 0.9507 - jacard_coef: 0.825612/20 [=================>............] - ETA: 2s - loss: 0.0048 - accuracy: 0.9477 - jacard_coef: 0.829013/20 [==================>...........] - ETA: 1s - loss: 0.0047 - accuracy: 0.9477 - jacard_coef: 0.830214/20 [====================>.........] - ETA: 1s - loss: 0.0048 - accuracy: 0.9452 - jacard_coef: 0.832915/20 [=====================>........] - ETA: 1s - loss: 0.0051 - accuracy: 0.9415 - jacard_coef: 0.831716/20 [=======================>......] - ETA: 1s - loss: 0.0052 - accuracy: 0.9401 - jacard_coef: 0.824017/20 [========================>.....] - ETA: 0s - loss: 0.0050 - accuracy: 0.9434 - jacard_coef: 0.819218/20 [==========================>...] - ETA: 0s - loss: 0.0050 - accuracy: 0.9418 - jacard_coef: 0.822319/20 [===========================>..] - ETA: 0s - loss: 0.0049 - accuracy: 0.9425 - jacard_coef: 0.824420/20 [==============================] - ETA: 0s - loss: 0.0049 - accuracy: 0.9434 - jacard_coef: 0.824220/20 [==============================] - 6s 287ms/step - loss: 0.0049 - accuracy: 0.9434 - jacard_coef: 0.8242 - val_loss: 0.0143 - val_accuracy: 0.9168 - val_jacard_coef: 0.5447
Epoch 185/200
 1/20 [>.............................] - ETA: 5s - loss: 0.0062 - accuracy: 0.9340 - jacard_coef: 0.7893 2/20 [==>...........................] - ETA: 4s - loss: 0.0054 - accuracy: 0.9422 - jacard_coef: 0.8185 3/20 [===>..........................] - ETA: 4s - loss: 0.0072 - accuracy: 0.9170 - jacard_coef: 0.8291 4/20 [=====>........................] - ETA: 4s - loss: 0.0074 - accuracy: 0.9147 - jacard_coef: 0.8380 5/20 [======>.......................] - ETA: 4s - loss: 0.0065 - accuracy: 0.9226 - jacard_coef: 0.8450 6/20 [========>.....................] - ETA: 3s - loss: 0.0059 - accuracy: 0.9323 - jacard_coef: 0.8275 7/20 [=========>....................] - ETA: 3s - loss: 0.0053 - accuracy: 0.9410 - jacard_coef: 0.8273 8/20 [===========>..................] - ETA: 3s - loss: 0.0053 - accuracy: 0.9413 - jacard_coef: 0.8264 9/20 [============>.................] - ETA: 3s - loss: 0.0049 - accuracy: 0.9469 - jacard_coef: 0.826810/20 [==============>...............] - ETA: 2s - loss: 0.0046 - accuracy: 0.9514 - jacard_coef: 0.827011/20 [===============>..............] - ETA: 2s - loss: 0.0045 - accuracy: 0.9518 - jacard_coef: 0.830412/20 [=================>............] - ETA: 2s - loss: 0.0046 - accuracy: 0.9485 - jacard_coef: 0.832913/20 [==================>...........] - ETA: 1s - loss: 0.0046 - accuracy: 0.9486 - jacard_coef: 0.834614/20 [====================>.........] - ETA: 1s - loss: 0.0046 - accuracy: 0.9460 - jacard_coef: 0.837015/20 [=====================>........] - ETA: 1s - loss: 0.0049 - accuracy: 0.9421 - jacard_coef: 0.835216/20 [=======================>......] - ETA: 1s - loss: 0.0051 - accuracy: 0.9406 - jacard_coef: 0.827417/20 [========================>.....] - ETA: 0s - loss: 0.0049 - accuracy: 0.9439 - jacard_coef: 0.824518/20 [==========================>...] - ETA: 0s - loss: 0.0049 - accuracy: 0.9422 - jacard_coef: 0.827019/20 [===========================>..] - ETA: 0s - loss: 0.0048 - accuracy: 0.9429 - jacard_coef: 0.829020/20 [==============================] - ETA: 0s - loss: 0.0048 - accuracy: 0.9437 - jacard_coef: 0.827420/20 [==============================] - 6s 287ms/step - loss: 0.0048 - accuracy: 0.9437 - jacard_coef: 0.8274 - val_loss: 0.0123 - val_accuracy: 0.9251 - val_jacard_coef: 0.5866
Epoch 186/200
 1/20 [>.............................] - ETA: 5s - loss: 0.0062 - accuracy: 0.9351 - jacard_coef: 0.7930 2/20 [==>...........................] - ETA: 4s - loss: 0.0052 - accuracy: 0.9440 - jacard_coef: 0.8272 3/20 [===>..........................] - ETA: 4s - loss: 0.0071 - accuracy: 0.9178 - jacard_coef: 0.8341 4/20 [=====>........................] - ETA: 4s - loss: 0.0073 - accuracy: 0.9149 - jacard_coef: 0.8404 5/20 [======>.......................] - ETA: 4s - loss: 0.0064 - accuracy: 0.9226 - jacard_coef: 0.8454 6/20 [========>.....................] - ETA: 3s - loss: 0.0059 - accuracy: 0.9324 - jacard_coef: 0.8294 7/20 [=========>....................] - ETA: 3s - loss: 0.0053 - accuracy: 0.9412 - jacard_coef: 0.8329 8/20 [===========>..................] - ETA: 3s - loss: 0.0052 - accuracy: 0.9415 - jacard_coef: 0.8322 9/20 [============>.................] - ETA: 3s - loss: 0.0048 - accuracy: 0.9472 - jacard_coef: 0.832710/20 [==============>...............] - ETA: 2s - loss: 0.0045 - accuracy: 0.9518 - jacard_coef: 0.834311/20 [===============>..............] - ETA: 2s - loss: 0.0044 - accuracy: 0.9518 - jacard_coef: 0.834812/20 [=================>............] - ETA: 2s - loss: 0.0045 - accuracy: 0.9484 - jacard_coef: 0.836613/20 [==================>...........] - ETA: 1s - loss: 0.0045 - accuracy: 0.9484 - jacard_coef: 0.837114/20 [====================>.........] - ETA: 1s - loss: 0.0046 - accuracy: 0.9458 - jacard_coef: 0.839215/20 [=====================>........] - ETA: 1s - loss: 0.0049 - accuracy: 0.9420 - jacard_coef: 0.837516/20 [=======================>......] - ETA: 1s - loss: 0.0050 - accuracy: 0.9408 - jacard_coef: 0.830217/20 [========================>.....] - ETA: 0s - loss: 0.0048 - accuracy: 0.9440 - jacard_coef: 0.826918/20 [==========================>...] - ETA: 0s - loss: 0.0048 - accuracy: 0.9425 - jacard_coef: 0.830019/20 [===========================>..] - ETA: 0s - loss: 0.0048 - accuracy: 0.9433 - jacard_coef: 0.832920/20 [==============================] - ETA: 0s - loss: 0.0047 - accuracy: 0.9443 - jacard_coef: 0.832120/20 [==============================] - 6s 287ms/step - loss: 0.0047 - accuracy: 0.9443 - jacard_coef: 0.8321 - val_loss: 0.0127 - val_accuracy: 0.9217 - val_jacard_coef: 0.5752
Epoch 187/200
 1/20 [>.............................] - ETA: 5s - loss: 0.0062 - accuracy: 0.9338 - jacard_coef: 0.7936 2/20 [==>...........................] - ETA: 4s - loss: 0.0052 - accuracy: 0.9426 - jacard_coef: 0.8236 3/20 [===>..........................] - ETA: 4s - loss: 0.0070 - accuracy: 0.9169 - jacard_coef: 0.8319 4/20 [=====>........................] - ETA: 4s - loss: 0.0072 - accuracy: 0.9141 - jacard_coef: 0.8384 5/20 [======>.......................] - ETA: 4s - loss: 0.0064 - accuracy: 0.9214 - jacard_coef: 0.8404 6/20 [========>.....................] - ETA: 3s - loss: 0.0058 - accuracy: 0.9316 - jacard_coef: 0.8241 7/20 [=========>....................] - ETA: 3s - loss: 0.0052 - accuracy: 0.9404 - jacard_coef: 0.8269 8/20 [===========>..................] - ETA: 3s - loss: 0.0052 - accuracy: 0.9410 - jacard_coef: 0.8271 9/20 [============>.................] - ETA: 3s - loss: 0.0048 - accuracy: 0.9466 - jacard_coef: 0.827010/20 [==============>...............] - ETA: 2s - loss: 0.0045 - accuracy: 0.9511 - jacard_coef: 0.826911/20 [===============>..............] - ETA: 2s - loss: 0.0044 - accuracy: 0.9514 - jacard_coef: 0.829412/20 [=================>............] - ETA: 2s - loss: 0.0046 - accuracy: 0.9481 - jacard_coef: 0.831913/20 [==================>...........] - ETA: 1s - loss: 0.0045 - accuracy: 0.9483 - jacard_coef: 0.833614/20 [====================>.........] - ETA: 1s - loss: 0.0046 - accuracy: 0.9457 - jacard_coef: 0.836115/20 [=====================>........] - ETA: 1s - loss: 0.0049 - accuracy: 0.9419 - jacard_coef: 0.834616/20 [=======================>......] - ETA: 1s - loss: 0.0050 - accuracy: 0.9404 - jacard_coef: 0.826417/20 [========================>.....] - ETA: 0s - loss: 0.0048 - accuracy: 0.9437 - jacard_coef: 0.823618/20 [==========================>...] - ETA: 0s - loss: 0.0048 - accuracy: 0.9421 - jacard_coef: 0.826319/20 [===========================>..] - ETA: 0s - loss: 0.0048 - accuracy: 0.9427 - jacard_coef: 0.827920/20 [==============================] - ETA: 0s - loss: 0.0047 - accuracy: 0.9435 - jacard_coef: 0.826220/20 [==============================] - 6s 287ms/step - loss: 0.0047 - accuracy: 0.9435 - jacard_coef: 0.8262 - val_loss: 0.0142 - val_accuracy: 0.9253 - val_jacard_coef: 0.5988
Epoch 188/200
 1/20 [>.............................] - ETA: 5s - loss: 0.0067 - accuracy: 0.9314 - jacard_coef: 0.7758 2/20 [==>...........................] - ETA: 4s - loss: 0.0054 - accuracy: 0.9433 - jacard_coef: 0.8250 3/20 [===>..........................] - ETA: 4s - loss: 0.0072 - accuracy: 0.9185 - jacard_coef: 0.8355 4/20 [=====>........................] - ETA: 4s - loss: 0.0073 - accuracy: 0.9161 - jacard_coef: 0.8434 5/20 [======>.......................] - ETA: 4s - loss: 0.0065 - accuracy: 0.9237 - jacard_coef: 0.8490 6/20 [========>.....................] - ETA: 3s - loss: 0.0059 - accuracy: 0.9335 - jacard_coef: 0.8312 7/20 [=========>....................] - ETA: 3s - loss: 0.0053 - accuracy: 0.9420 - jacard_coef: 0.8327 8/20 [===========>..................] - ETA: 3s - loss: 0.0052 - accuracy: 0.9423 - jacard_coef: 0.8315 9/20 [============>.................] - ETA: 3s - loss: 0.0048 - accuracy: 0.9477 - jacard_coef: 0.830510/20 [==============>...............] - ETA: 2s - loss: 0.0045 - accuracy: 0.9522 - jacard_coef: 0.831811/20 [===============>..............] - ETA: 2s - loss: 0.0044 - accuracy: 0.9527 - jacard_coef: 0.835612/20 [=================>............] - ETA: 2s - loss: 0.0045 - accuracy: 0.9492 - jacard_coef: 0.837213/20 [==================>...........] - ETA: 1s - loss: 0.0045 - accuracy: 0.9491 - jacard_coef: 0.837414/20 [====================>.........] - ETA: 1s - loss: 0.0046 - accuracy: 0.9463 - jacard_coef: 0.839015/20 [=====================>........] - ETA: 1s - loss: 0.0049 - accuracy: 0.9422 - jacard_coef: 0.836816/20 [=======================>......] - ETA: 1s - loss: 0.0050 - accuracy: 0.9409 - jacard_coef: 0.829317/20 [========================>.....] - ETA: 0s - loss: 0.0048 - accuracy: 0.9441 - jacard_coef: 0.826118/20 [==========================>...] - ETA: 0s - loss: 0.0048 - accuracy: 0.9425 - jacard_coef: 0.828719/20 [===========================>..] - ETA: 0s - loss: 0.0048 - accuracy: 0.9432 - jacard_coef: 0.830920/20 [==============================] - ETA: 0s - loss: 0.0047 - accuracy: 0.9441 - jacard_coef: 0.830620/20 [==============================] - 6s 287ms/step - loss: 0.0047 - accuracy: 0.9441 - jacard_coef: 0.8306 - val_loss: 0.0107 - val_accuracy: 0.9270 - val_jacard_coef: 0.6044
Epoch 189/200
 1/20 [>.............................] - ETA: 5s - loss: 0.0064 - accuracy: 0.9333 - jacard_coef: 0.7883 2/20 [==>...........................] - ETA: 4s - loss: 0.0053 - accuracy: 0.9409 - jacard_coef: 0.8130 3/20 [===>..........................] - ETA: 4s - loss: 0.0072 - accuracy: 0.9151 - jacard_coef: 0.8233 4/20 [=====>........................] - ETA: 4s - loss: 0.0073 - accuracy: 0.9137 - jacard_coef: 0.8346 5/20 [======>.......................] - ETA: 4s - loss: 0.0065 - accuracy: 0.9214 - jacard_coef: 0.8397 6/20 [========>.....................] - ETA: 3s - loss: 0.0059 - accuracy: 0.9314 - jacard_coef: 0.8188 7/20 [=========>....................] - ETA: 3s - loss: 0.0053 - accuracy: 0.9402 - jacard_coef: 0.8192 8/20 [===========>..................] - ETA: 3s - loss: 0.0053 - accuracy: 0.9409 - jacard_coef: 0.8212 9/20 [============>.................] - ETA: 3s - loss: 0.0049 - accuracy: 0.9465 - jacard_coef: 0.822110/20 [==============>...............] - ETA: 2s - loss: 0.0046 - accuracy: 0.9511 - jacard_coef: 0.824011/20 [===============>..............] - ETA: 2s - loss: 0.0045 - accuracy: 0.9514 - jacard_coef: 0.826612/20 [=================>............] - ETA: 2s - loss: 0.0046 - accuracy: 0.9482 - jacard_coef: 0.829613/20 [==================>...........] - ETA: 1s - loss: 0.0046 - accuracy: 0.9483 - jacard_coef: 0.831514/20 [====================>.........] - ETA: 1s - loss: 0.0047 - accuracy: 0.9457 - jacard_coef: 0.834315/20 [=====================>........] - ETA: 1s - loss: 0.0049 - accuracy: 0.9420 - jacard_coef: 0.832916/20 [=======================>......] - ETA: 1s - loss: 0.0051 - accuracy: 0.9404 - jacard_coef: 0.823817/20 [========================>.....] - ETA: 0s - loss: 0.0049 - accuracy: 0.9437 - jacard_coef: 0.819818/20 [==========================>...] - ETA: 0s - loss: 0.0049 - accuracy: 0.9421 - jacard_coef: 0.822619/20 [===========================>..] - ETA: 0s - loss: 0.0049 - accuracy: 0.9425 - jacard_coef: 0.823320/20 [==============================] - ETA: 0s - loss: 0.0048 - accuracy: 0.9434 - jacard_coef: 0.823320/20 [==============================] - 6s 287ms/step - loss: 0.0048 - accuracy: 0.9434 - jacard_coef: 0.8233 - val_loss: 0.0117 - val_accuracy: 0.9248 - val_jacard_coef: 0.5833
Epoch 190/200
 1/20 [>.............................] - ETA: 5s - loss: 0.0062 - accuracy: 0.9315 - jacard_coef: 0.7752 2/20 [==>...........................] - ETA: 4s - loss: 0.0052 - accuracy: 0.9432 - jacard_coef: 0.8231 3/20 [===>..........................] - ETA: 4s - loss: 0.0071 - accuracy: 0.9178 - jacard_coef: 0.8329 4/20 [=====>........................] - ETA: 4s - loss: 0.0073 - accuracy: 0.9147 - jacard_coef: 0.8390 5/20 [======>.......................] - ETA: 4s - loss: 0.0065 - accuracy: 0.9226 - jacard_coef: 0.8455 6/20 [========>.....................] - ETA: 3s - loss: 0.0060 - accuracy: 0.9322 - jacard_coef: 0.8207 7/20 [=========>....................] - ETA: 3s - loss: 0.0054 - accuracy: 0.9409 - jacard_coef: 0.8218 8/20 [===========>..................] - ETA: 3s - loss: 0.0053 - accuracy: 0.9408 - jacard_coef: 0.8197 9/20 [============>.................] - ETA: 3s - loss: 0.0049 - accuracy: 0.9465 - jacard_coef: 0.822510/20 [==============>...............] - ETA: 2s - loss: 0.0046 - accuracy: 0.9512 - jacard_coef: 0.824911/20 [===============>..............] - ETA: 2s - loss: 0.0045 - accuracy: 0.9518 - jacard_coef: 0.829712/20 [=================>............] - ETA: 2s - loss: 0.0047 - accuracy: 0.9485 - jacard_coef: 0.832313/20 [==================>...........] - ETA: 1s - loss: 0.0046 - accuracy: 0.9486 - jacard_coef: 0.834014/20 [====================>.........] - ETA: 1s - loss: 0.0047 - accuracy: 0.9460 - jacard_coef: 0.836315/20 [=====================>........] - ETA: 1s - loss: 0.0050 - accuracy: 0.9419 - jacard_coef: 0.834116/20 [=======================>......] - ETA: 1s - loss: 0.0052 - accuracy: 0.9406 - jacard_coef: 0.827017/20 [========================>.....] - ETA: 0s - loss: 0.0050 - accuracy: 0.9437 - jacard_coef: 0.820418/20 [==========================>...] - ETA: 0s - loss: 0.0050 - accuracy: 0.9418 - jacard_coef: 0.822019/20 [===========================>..] - ETA: 0s - loss: 0.0049 - accuracy: 0.9423 - jacard_coef: 0.823420/20 [==============================] - ETA: 0s - loss: 0.0049 - accuracy: 0.9432 - jacard_coef: 0.823220/20 [==============================] - 6s 287ms/step - loss: 0.0049 - accuracy: 0.9432 - jacard_coef: 0.8232 - val_loss: 0.0112 - val_accuracy: 0.9217 - val_jacard_coef: 0.5052
Epoch 191/200
 1/20 [>.............................] - ETA: 5s - loss: 0.0071 - accuracy: 0.9261 - jacard_coef: 0.7512 2/20 [==>...........................] - ETA: 4s - loss: 0.0058 - accuracy: 0.9374 - jacard_coef: 0.7942 3/20 [===>..........................] - ETA: 4s - loss: 0.0077 - accuracy: 0.9135 - jacard_coef: 0.8122 4/20 [=====>........................] - ETA: 4s - loss: 0.0079 - accuracy: 0.9110 - jacard_coef: 0.8221 5/20 [======>.......................] - ETA: 4s - loss: 0.0069 - accuracy: 0.9197 - jacard_coef: 0.8321 6/20 [========>.....................] - ETA: 3s - loss: 0.0063 - accuracy: 0.9301 - jacard_coef: 0.8197 7/20 [=========>....................] - ETA: 3s - loss: 0.0056 - accuracy: 0.9391 - jacard_coef: 0.8215 8/20 [===========>..................] - ETA: 3s - loss: 0.0055 - accuracy: 0.9396 - jacard_coef: 0.8214 9/20 [============>.................] - ETA: 3s - loss: 0.0051 - accuracy: 0.9453 - jacard_coef: 0.818310/20 [==============>...............] - ETA: 2s - loss: 0.0048 - accuracy: 0.9500 - jacard_coef: 0.819011/20 [===============>..............] - ETA: 2s - loss: 0.0047 - accuracy: 0.9501 - jacard_coef: 0.820012/20 [=================>............] - ETA: 2s - loss: 0.0048 - accuracy: 0.9471 - jacard_coef: 0.823713/20 [==================>...........] - ETA: 1s - loss: 0.0048 - accuracy: 0.9473 - jacard_coef: 0.826114/20 [====================>.........] - ETA: 1s - loss: 0.0048 - accuracy: 0.9451 - jacard_coef: 0.830015/20 [=====================>........] - ETA: 1s - loss: 0.0052 - accuracy: 0.9408 - jacard_coef: 0.827716/20 [=======================>......] - ETA: 1s - loss: 0.0055 - accuracy: 0.9392 - jacard_coef: 0.820117/20 [========================>.....] - ETA: 0s - loss: 0.0053 - accuracy: 0.9423 - jacard_coef: 0.808618/20 [==========================>...] - ETA: 0s - loss: 0.0053 - accuracy: 0.9407 - jacard_coef: 0.812019/20 [===========================>..] - ETA: 0s - loss: 0.0052 - accuracy: 0.9412 - jacard_coef: 0.813620/20 [==============================] - ETA: 0s - loss: 0.0052 - accuracy: 0.9422 - jacard_coef: 0.814520/20 [==============================] - 6s 287ms/step - loss: 0.0052 - accuracy: 0.9422 - jacard_coef: 0.8145 - val_loss: 0.0148 - val_accuracy: 0.9144 - val_jacard_coef: 0.5352
Epoch 192/200
 1/20 [>.............................] - ETA: 5s - loss: 0.0065 - accuracy: 0.9283 - jacard_coef: 0.7597 2/20 [==>...........................] - ETA: 4s - loss: 0.0055 - accuracy: 0.9395 - jacard_coef: 0.8050 3/20 [===>..........................] - ETA: 4s - loss: 0.0073 - accuracy: 0.9149 - jacard_coef: 0.8196 4/20 [=====>........................] - ETA: 4s - loss: 0.0078 - accuracy: 0.9107 - jacard_coef: 0.8236 5/20 [======>.......................] - ETA: 4s - loss: 0.0070 - accuracy: 0.9187 - jacard_coef: 0.8294 6/20 [========>.....................] - ETA: 3s - loss: 0.0063 - accuracy: 0.9290 - jacard_coef: 0.8096 7/20 [=========>....................] - ETA: 3s - loss: 0.0058 - accuracy: 0.9375 - jacard_coef: 0.7942 8/20 [===========>..................] - ETA: 3s - loss: 0.0057 - accuracy: 0.9384 - jacard_coef: 0.7986 9/20 [============>.................] - ETA: 3s - loss: 0.0054 - accuracy: 0.9440 - jacard_coef: 0.793910/20 [==============>...............] - ETA: 2s - loss: 0.0050 - accuracy: 0.9489 - jacard_coef: 0.798711/20 [===============>..............] - ETA: 2s - loss: 0.0048 - accuracy: 0.9498 - jacard_coef: 0.806312/20 [=================>............] - ETA: 2s - loss: 0.0049 - accuracy: 0.9467 - jacard_coef: 0.810913/20 [==================>...........] - ETA: 1s - loss: 0.0049 - accuracy: 0.9466 - jacard_coef: 0.812514/20 [====================>.........] - ETA: 1s - loss: 0.0050 - accuracy: 0.9436 - jacard_coef: 0.814515/20 [=====================>........] - ETA: 1s - loss: 0.0053 - accuracy: 0.9393 - jacard_coef: 0.812816/20 [=======================>......] - ETA: 1s - loss: 0.0054 - accuracy: 0.9378 - jacard_coef: 0.805917/20 [========================>.....] - ETA: 0s - loss: 0.0053 - accuracy: 0.9407 - jacard_coef: 0.790718/20 [==========================>...] - ETA: 0s - loss: 0.0053 - accuracy: 0.9394 - jacard_coef: 0.795719/20 [===========================>..] - ETA: 0s - loss: 0.0052 - accuracy: 0.9402 - jacard_coef: 0.799420/20 [==============================] - ETA: 0s - loss: 0.0051 - accuracy: 0.9412 - jacard_coef: 0.800420/20 [==============================] - 6s 287ms/step - loss: 0.0051 - accuracy: 0.9412 - jacard_coef: 0.8004 - val_loss: 0.0100 - val_accuracy: 0.9295 - val_jacard_coef: 0.6072
Epoch 193/200
 1/20 [>.............................] - ETA: 5s - loss: 0.0066 - accuracy: 0.9333 - jacard_coef: 0.7880 2/20 [==>...........................] - ETA: 4s - loss: 0.0054 - accuracy: 0.9424 - jacard_coef: 0.8205 3/20 [===>..........................] - ETA: 4s - loss: 0.0072 - accuracy: 0.9167 - jacard_coef: 0.8297 4/20 [=====>........................] - ETA: 4s - loss: 0.0076 - accuracy: 0.9142 - jacard_coef: 0.8368 5/20 [======>.......................] - ETA: 4s - loss: 0.0067 - accuracy: 0.9215 - jacard_coef: 0.8394 6/20 [========>.....................] - ETA: 3s - loss: 0.0061 - accuracy: 0.9316 - jacard_coef: 0.8222 7/20 [=========>....................] - ETA: 3s - loss: 0.0055 - accuracy: 0.9401 - jacard_coef: 0.8149 8/20 [===========>..................] - ETA: 3s - loss: 0.0055 - accuracy: 0.9395 - jacard_coef: 0.8103 9/20 [============>.................] - ETA: 3s - loss: 0.0051 - accuracy: 0.9453 - jacard_coef: 0.812110/20 [==============>...............] - ETA: 2s - loss: 0.0047 - accuracy: 0.9501 - jacard_coef: 0.816611/20 [===============>..............] - ETA: 2s - loss: 0.0046 - accuracy: 0.9509 - jacard_coef: 0.822212/20 [=================>............] - ETA: 2s - loss: 0.0048 - accuracy: 0.9477 - jacard_coef: 0.825713/20 [==================>...........] - ETA: 1s - loss: 0.0047 - accuracy: 0.9481 - jacard_coef: 0.828914/20 [====================>.........] - ETA: 1s - loss: 0.0048 - accuracy: 0.9455 - jacard_coef: 0.831715/20 [=====================>........] - ETA: 1s - loss: 0.0051 - accuracy: 0.9416 - jacard_coef: 0.830116/20 [=======================>......] - ETA: 1s - loss: 0.0052 - accuracy: 0.9402 - jacard_coef: 0.822217/20 [========================>.....] - ETA: 0s - loss: 0.0050 - accuracy: 0.9434 - jacard_coef: 0.817118/20 [==========================>...] - ETA: 0s - loss: 0.0050 - accuracy: 0.9416 - jacard_coef: 0.819519/20 [===========================>..] - ETA: 0s - loss: 0.0050 - accuracy: 0.9417 - jacard_coef: 0.818320/20 [==============================] - ETA: 0s - loss: 0.0049 - accuracy: 0.9427 - jacard_coef: 0.818820/20 [==============================] - 6s 287ms/step - loss: 0.0049 - accuracy: 0.9427 - jacard_coef: 0.8188 - val_loss: 0.0092 - val_accuracy: 0.9319 - val_jacard_coef: 0.6205
Epoch 194/200
 1/20 [>.............................] - ETA: 5s - loss: 0.0064 - accuracy: 0.9307 - jacard_coef: 0.7768 2/20 [==>...........................] - ETA: 4s - loss: 0.0054 - accuracy: 0.9419 - jacard_coef: 0.8200 3/20 [===>..........................] - ETA: 4s - loss: 0.0072 - accuracy: 0.9179 - jacard_coef: 0.8328 4/20 [=====>........................] - ETA: 4s - loss: 0.0074 - accuracy: 0.9153 - jacard_coef: 0.8404 5/20 [======>.......................] - ETA: 4s - loss: 0.0065 - accuracy: 0.9230 - jacard_coef: 0.8458 6/20 [========>.....................] - ETA: 3s - loss: 0.0059 - accuracy: 0.9329 - jacard_coef: 0.8286 7/20 [=========>....................] - ETA: 3s - loss: 0.0053 - accuracy: 0.9415 - jacard_coef: 0.8297 8/20 [===========>..................] - ETA: 3s - loss: 0.0052 - accuracy: 0.9422 - jacard_coef: 0.8308 9/20 [============>.................] - ETA: 3s - loss: 0.0049 - accuracy: 0.9476 - jacard_coef: 0.830010/20 [==============>...............] - ETA: 2s - loss: 0.0045 - accuracy: 0.9522 - jacard_coef: 0.831511/20 [===============>..............] - ETA: 2s - loss: 0.0044 - accuracy: 0.9523 - jacard_coef: 0.833112/20 [=================>............] - ETA: 2s - loss: 0.0046 - accuracy: 0.9492 - jacard_coef: 0.836113/20 [==================>...........] - ETA: 1s - loss: 0.0045 - accuracy: 0.9491 - jacard_coef: 0.836314/20 [====================>.........] - ETA: 1s - loss: 0.0046 - accuracy: 0.9465 - jacard_coef: 0.838815/20 [=====================>........] - ETA: 1s - loss: 0.0049 - accuracy: 0.9427 - jacard_coef: 0.837116/20 [=======================>......] - ETA: 1s - loss: 0.0050 - accuracy: 0.9412 - jacard_coef: 0.828817/20 [========================>.....] - ETA: 0s - loss: 0.0048 - accuracy: 0.9444 - jacard_coef: 0.825818/20 [==========================>...] - ETA: 0s - loss: 0.0048 - accuracy: 0.9426 - jacard_coef: 0.827919/20 [===========================>..] - ETA: 0s - loss: 0.0048 - accuracy: 0.9433 - jacard_coef: 0.830120/20 [==============================] - ETA: 0s - loss: 0.0048 - accuracy: 0.9442 - jacard_coef: 0.828620/20 [==============================] - 6s 287ms/step - loss: 0.0048 - accuracy: 0.9442 - jacard_coef: 0.8286 - val_loss: 0.0122 - val_accuracy: 0.9191 - val_jacard_coef: 0.5628
Epoch 195/200
 1/20 [>.............................] - ETA: 5s - loss: 0.0061 - accuracy: 0.9319 - jacard_coef: 0.7785 2/20 [==>...........................] - ETA: 4s - loss: 0.0052 - accuracy: 0.9402 - jacard_coef: 0.8081 3/20 [===>..........................] - ETA: 4s - loss: 0.0070 - accuracy: 0.9147 - jacard_coef: 0.8200 4/20 [=====>........................] - ETA: 4s - loss: 0.0072 - accuracy: 0.9126 - jacard_coef: 0.8300 5/20 [======>.......................] - ETA: 4s - loss: 0.0064 - accuracy: 0.9214 - jacard_coef: 0.8412 6/20 [========>.....................] - ETA: 3s - loss: 0.0059 - accuracy: 0.9309 - jacard_coef: 0.8231 7/20 [=========>....................] - ETA: 3s - loss: 0.0053 - accuracy: 0.9399 - jacard_coef: 0.8276 8/20 [===========>..................] - ETA: 3s - loss: 0.0052 - accuracy: 0.9408 - jacard_coef: 0.8289 9/20 [============>.................] - ETA: 3s - loss: 0.0049 - accuracy: 0.9464 - jacard_coef: 0.827610/20 [==============>...............] - ETA: 2s - loss: 0.0045 - accuracy: 0.9509 - jacard_coef: 0.824211/20 [===============>..............] - ETA: 2s - loss: 0.0044 - accuracy: 0.9512 - jacard_coef: 0.826812/20 [=================>............] - ETA: 2s - loss: 0.0046 - accuracy: 0.9482 - jacard_coef: 0.830313/20 [==================>...........] - ETA: 1s - loss: 0.0045 - accuracy: 0.9484 - jacard_coef: 0.832714/20 [====================>.........] - ETA: 1s - loss: 0.0046 - accuracy: 0.9461 - jacard_coef: 0.836015/20 [=====================>........] - ETA: 1s - loss: 0.0049 - accuracy: 0.9423 - jacard_coef: 0.834616/20 [=======================>......] - ETA: 1s - loss: 0.0051 - accuracy: 0.9408 - jacard_coef: 0.826617/20 [========================>.....] - ETA: 0s - loss: 0.0049 - accuracy: 0.9440 - jacard_coef: 0.822118/20 [==========================>...] - ETA: 0s - loss: 0.0049 - accuracy: 0.9424 - jacard_coef: 0.824919/20 [===========================>..] - ETA: 0s - loss: 0.0049 - accuracy: 0.9426 - jacard_coef: 0.824620/20 [==============================] - ETA: 0s - loss: 0.0048 - accuracy: 0.9433 - jacard_coef: 0.821720/20 [==============================] - 6s 287ms/step - loss: 0.0048 - accuracy: 0.9433 - jacard_coef: 0.8217 - val_loss: 0.0133 - val_accuracy: 0.9186 - val_jacard_coef: 0.5593
Epoch 196/200
 1/20 [>.............................] - ETA: 5s - loss: 0.0065 - accuracy: 0.9288 - jacard_coef: 0.7620 2/20 [==>...........................] - ETA: 4s - loss: 0.0056 - accuracy: 0.9391 - jacard_coef: 0.8033 3/20 [===>..........................] - ETA: 4s - loss: 0.0075 - accuracy: 0.9146 - jacard_coef: 0.8187 4/20 [=====>........................] - ETA: 4s - loss: 0.0081 - accuracy: 0.9088 - jacard_coef: 0.8199 5/20 [======>.......................] - ETA: 4s - loss: 0.0071 - accuracy: 0.9180 - jacard_coef: 0.8307 6/20 [========>.....................] - ETA: 3s - loss: 0.0065 - accuracy: 0.9283 - jacard_coef: 0.8087 7/20 [=========>....................] - ETA: 3s - loss: 0.0059 - accuracy: 0.9372 - jacard_coef: 0.8036 8/20 [===========>..................] - ETA: 3s - loss: 0.0071 - accuracy: 0.9336 - jacard_coef: 0.7840 9/20 [============>.................] - ETA: 3s - loss: 0.0066 - accuracy: 0.9399 - jacard_coef: 0.787210/20 [==============>...............] - ETA: 2s - loss: 0.0061 - accuracy: 0.9451 - jacard_coef: 0.791511/20 [===============>..............] - ETA: 2s - loss: 0.0086 - accuracy: 0.9326 - jacard_coef: 0.759612/20 [=================>............] - ETA: 2s - loss: 0.0085 - accuracy: 0.9303 - jacard_coef: 0.766113/20 [==================>...........] - ETA: 1s - loss: 0.0083 - accuracy: 0.9311 - jacard_coef: 0.769414/20 [====================>.........] - ETA: 1s - loss: 0.0093 - accuracy: 0.9204 - jacard_coef: 0.745915/20 [=====================>........] - ETA: 1s - loss: 0.0103 - accuracy: 0.9093 - jacard_coef: 0.723816/20 [=======================>......] - ETA: 1s - loss: 0.0104 - accuracy: 0.9089 - jacard_coef: 0.720417/20 [========================>.....] - ETA: 0s - loss: 0.0102 - accuracy: 0.9135 - jacard_coef: 0.708618/20 [==========================>...] - ETA: 0s - loss: 0.0108 - accuracy: 0.9062 - jacard_coef: 0.692619/20 [===========================>..] - ETA: 0s - loss: 0.0109 - accuracy: 0.9065 - jacard_coef: 0.691720/20 [==============================] - ETA: 0s - loss: 0.0110 - accuracy: 0.9077 - jacard_coef: 0.688920/20 [==============================] - 6s 287ms/step - loss: 0.0110 - accuracy: 0.9077 - jacard_coef: 0.6889 - val_loss: 1.2314 - val_accuracy: 0.2648 - val_jacard_coef: 0.1503
Epoch 197/200
 1/20 [>.............................] - ETA: 5s - loss: 0.0137 - accuracy: 0.9066 - jacard_coef: 0.6814 2/20 [==>...........................] - ETA: 4s - loss: 0.0127 - accuracy: 0.8922 - jacard_coef: 0.5731 3/20 [===>..........................] - ETA: 4s - loss: 0.0177 - accuracy: 0.8060 - jacard_coef: 0.4886 4/20 [=====>........................] - ETA: 4s - loss: 0.0199 - accuracy: 0.7963 - jacard_coef: 0.4842 5/20 [======>.......................] - ETA: 4s - loss: 0.0189 - accuracy: 0.8124 - jacard_coef: 0.5089 6/20 [========>.....................] - ETA: 3s - loss: 0.0203 - accuracy: 0.8064 - jacard_coef: 0.4599 7/20 [=========>....................] - ETA: 3s - loss: 0.0186 - accuracy: 0.8298 - jacard_coef: 0.4743 8/20 [===========>..................] - ETA: 3s - loss: 0.0187 - accuracy: 0.8282 - jacard_coef: 0.4369 9/20 [============>.................] - ETA: 3s - loss: 0.0172 - accuracy: 0.8458 - jacard_coef: 0.467610/20 [==============>...............] - ETA: 2s - loss: 0.0157 - accuracy: 0.8603 - jacard_coef: 0.500611/20 [===============>..............] - ETA: 2s - loss: 0.0158 - accuracy: 0.8613 - jacard_coef: 0.483012/20 [=================>............] - ETA: 2s - loss: 0.0175 - accuracy: 0.8466 - jacard_coef: 0.451913/20 [==================>...........] - ETA: 1s - loss: 0.0168 - accuracy: 0.8529 - jacard_coef: 0.474314/20 [====================>.........] - ETA: 1s - loss: 0.0164 - accuracy: 0.8557 - jacard_coef: 0.497915/20 [=====================>........] - ETA: 1s - loss: 0.0166 - accuracy: 0.8551 - jacard_coef: 0.511116/20 [=======================>......] - ETA: 1s - loss: 0.0169 - accuracy: 0.8578 - jacard_coef: 0.520317/20 [========================>.....] - ETA: 0s - loss: 0.0175 - accuracy: 0.8583 - jacard_coef: 0.494618/20 [==========================>...] - ETA: 0s - loss: 0.0172 - accuracy: 0.8595 - jacard_coef: 0.509219/20 [===========================>..] - ETA: 0s - loss: 0.0169 - accuracy: 0.8634 - jacard_coef: 0.521920/20 [==============================] - ETA: 0s - loss: 0.0168 - accuracy: 0.8649 - jacard_coef: 0.520420/20 [==============================] - 6s 287ms/step - loss: 0.0168 - accuracy: 0.8649 - jacard_coef: 0.5204 - val_loss: 0.2096 - val_accuracy: 0.8425 - val_jacard_coef: 0.0255
Epoch 198/200
 1/20 [>.............................] - ETA: 5s - loss: 0.0124 - accuracy: 0.9106 - jacard_coef: 0.6758 2/20 [==>...........................] - ETA: 4s - loss: 0.0111 - accuracy: 0.9138 - jacard_coef: 0.6727 3/20 [===>..........................] - ETA: 4s - loss: 0.0223 - accuracy: 0.8161 - jacard_coef: 0.5476 4/20 [=====>........................] - ETA: 4s - loss: 0.0214 - accuracy: 0.8158 - jacard_coef: 0.5587 5/20 [======>.......................] - ETA: 4s - loss: 0.0186 - accuracy: 0.8412 - jacard_coef: 0.6073 6/20 [========>.....................] - ETA: 3s - loss: 0.0170 - accuracy: 0.8615 - jacard_coef: 0.6073 7/20 [=========>....................] - ETA: 3s - loss: 0.0156 - accuracy: 0.8791 - jacard_coef: 0.6134 8/20 [===========>..................] - ETA: 3s - loss: 0.0152 - accuracy: 0.8846 - jacard_coef: 0.6276 9/20 [============>.................] - ETA: 3s - loss: 0.0142 - accuracy: 0.8950 - jacard_coef: 0.630610/20 [==============>...............] - ETA: 2s - loss: 0.0131 - accuracy: 0.9042 - jacard_coef: 0.638811/20 [===============>..............] - ETA: 2s - loss: 0.0137 - accuracy: 0.8986 - jacard_coef: 0.624112/20 [=================>............] - ETA: 2s - loss: 0.0146 - accuracy: 0.8882 - jacard_coef: 0.612113/20 [==================>...........] - ETA: 1s - loss: 0.0141 - accuracy: 0.8908 - jacard_coef: 0.619614/20 [====================>.........] - ETA: 1s - loss: 0.0140 - accuracy: 0.8898 - jacard_coef: 0.629315/20 [=====================>........] - ETA: 1s - loss: 0.0141 - accuracy: 0.8874 - jacard_coef: 0.635116/20 [=======================>......] - ETA: 1s - loss: 0.0142 - accuracy: 0.8888 - jacard_coef: 0.637817/20 [========================>.....] - ETA: 0s - loss: 0.0139 - accuracy: 0.8938 - jacard_coef: 0.622318/20 [==========================>...] - ETA: 0s - loss: 0.0138 - accuracy: 0.8941 - jacard_coef: 0.633219/20 [===========================>..] - ETA: 0s - loss: 0.0134 - accuracy: 0.8969 - jacard_coef: 0.643120/20 [==============================] - ETA: 0s - loss: 0.0134 - accuracy: 0.8978 - jacard_coef: 0.635920/20 [==============================] - 6s 287ms/step - loss: 0.0134 - accuracy: 0.8978 - jacard_coef: 0.6359 - val_loss: 0.1584 - val_accuracy: 0.7887 - val_jacard_coef: 0.1760
Epoch 199/200
 1/20 [>.............................] - ETA: 5s - loss: 0.0110 - accuracy: 0.9242 - jacard_coef: 0.7393 2/20 [==>...........................] - ETA: 4s - loss: 0.0092 - accuracy: 0.9345 - jacard_coef: 0.7751 3/20 [===>..........................] - ETA: 4s - loss: 0.0191 - accuracy: 0.8386 - jacard_coef: 0.6366 4/20 [=====>........................] - ETA: 4s - loss: 0.0176 - accuracy: 0.8478 - jacard_coef: 0.6697 5/20 [======>.......................] - ETA: 4s - loss: 0.0154 - accuracy: 0.8666 - jacard_coef: 0.6952 6/20 [========>.....................] - ETA: 3s - loss: 0.0137 - accuracy: 0.8845 - jacard_coef: 0.6847 7/20 [=========>....................] - ETA: 3s - loss: 0.0122 - accuracy: 0.8988 - jacard_coef: 0.6750 8/20 [===========>..................] - ETA: 3s - loss: 0.0122 - accuracy: 0.9006 - jacard_coef: 0.6781 9/20 [============>.................] - ETA: 3s - loss: 0.0113 - accuracy: 0.9102 - jacard_coef: 0.683710/20 [==============>...............] - ETA: 2s - loss: 0.0105 - accuracy: 0.9173 - jacard_coef: 0.672211/20 [===============>..............] - ETA: 2s - loss: 0.0105 - accuracy: 0.9182 - jacard_coef: 0.674012/20 [=================>............] - ETA: 2s - loss: 0.0109 - accuracy: 0.9133 - jacard_coef: 0.677013/20 [==================>...........] - ETA: 1s - loss: 0.0107 - accuracy: 0.9140 - jacard_coef: 0.679414/20 [====================>.........] - ETA: 1s - loss: 0.0107 - accuracy: 0.9126 - jacard_coef: 0.688815/20 [=====================>........] - ETA: 1s - loss: 0.0110 - accuracy: 0.9092 - jacard_coef: 0.692316/20 [=======================>......] - ETA: 1s - loss: 0.0113 - accuracy: 0.9089 - jacard_coef: 0.689817/20 [========================>.....] - ETA: 0s - loss: 0.0111 - accuracy: 0.9126 - jacard_coef: 0.669618/20 [==========================>...] - ETA: 0s - loss: 0.0110 - accuracy: 0.9120 - jacard_coef: 0.678619/20 [===========================>..] - ETA: 0s - loss: 0.0108 - accuracy: 0.9139 - jacard_coef: 0.686720/20 [==============================] - ETA: 0s - loss: 0.0107 - accuracy: 0.9151 - jacard_coef: 0.685520/20 [==============================] - 6s 287ms/step - loss: 0.0107 - accuracy: 0.9151 - jacard_coef: 0.6855 - val_loss: 0.1558 - val_accuracy: 0.7707 - val_jacard_coef: 0.1739
Epoch 200/200
 1/20 [>.............................] - ETA: 5s - loss: 0.0115 - accuracy: 0.9192 - jacard_coef: 0.7222 2/20 [==>...........................] - ETA: 4s - loss: 0.0096 - accuracy: 0.9225 - jacard_coef: 0.7165 3/20 [===>..........................] - ETA: 4s - loss: 0.0151 - accuracy: 0.8557 - jacard_coef: 0.6533 4/20 [=====>........................] - ETA: 4s - loss: 0.0147 - accuracy: 0.8589 - jacard_coef: 0.6773 5/20 [======>.......................] - ETA: 4s - loss: 0.0130 - accuracy: 0.8764 - jacard_coef: 0.7063 6/20 [========>.....................] - ETA: 3s - loss: 0.0117 - accuracy: 0.8924 - jacard_coef: 0.6961 7/20 [=========>....................] - ETA: 3s - loss: 0.0105 - accuracy: 0.9061 - jacard_coef: 0.7010 8/20 [===========>..................] - ETA: 3s - loss: 0.0108 - accuracy: 0.9067 - jacard_coef: 0.7006 9/20 [============>.................] - ETA: 3s - loss: 0.0100 - accuracy: 0.9157 - jacard_coef: 0.708110/20 [==============>...............] - ETA: 2s - loss: 0.0093 - accuracy: 0.9228 - jacard_coef: 0.705711/20 [===============>..............] - ETA: 2s - loss: 0.0090 - accuracy: 0.9251 - jacard_coef: 0.715812/20 [=================>............] - ETA: 2s - loss: 0.0091 - accuracy: 0.9223 - jacard_coef: 0.722513/20 [==================>...........] - ETA: 1s - loss: 0.0090 - accuracy: 0.9241 - jacard_coef: 0.731014/20 [====================>.........] - ETA: 1s - loss: 0.0089 - accuracy: 0.9230 - jacard_coef: 0.740115/20 [=====================>........] - ETA: 1s - loss: 0.0092 - accuracy: 0.9196 - jacard_coef: 0.741616/20 [=======================>......] - ETA: 1s - loss: 0.0095 - accuracy: 0.9186 - jacard_coef: 0.734717/20 [========================>.....] - ETA: 0s - loss: 0.0092 - accuracy: 0.9230 - jacard_coef: 0.729418/20 [==========================>...] - ETA: 0s - loss: 0.0091 - accuracy: 0.9219 - jacard_coef: 0.735419/20 [===========================>..] - ETA: 0s - loss: 0.0090 - accuracy: 0.9231 - jacard_coef: 0.738820/20 [==============================] - ETA: 0s - loss: 0.0089 - accuracy: 0.9238 - jacard_coef: 0.730020/20 [==============================] - 6s 287ms/step - loss: 0.0089 - accuracy: 0.9238 - jacard_coef: 0.7300 - val_loss: 0.1949 - val_accuracy: 0.7515 - val_jacard_coef: 0.0796
Training completed: 2025-10-15 06:29:14.590070
UNet execution time: 0:20:09.528818
Traceback (most recent call last):
  File "/scratch/phyzxi/unet-HPC/train_shrunk_xukuang_parameters.py", line 279, in <module>
    unet_model.save(unet_model_path)
  File "/usr/local/lib/python3.10/dist-packages/tf_keras/src/utils/traceback_utils.py", line 70, in error_handler
    raise e.with_traceback(filtered_tb) from None
  File "/usr/local/lib/python3.10/dist-packages/tf_keras/src/saving/serialization_lib.py", line 394, in _get_class_or_fn_config
    raise TypeError(
TypeError: Cannot serialize object <__main__.BinaryFocalLoss object at 0x14f31cf7e080> of type <class '__main__.BinaryFocalLoss'>. To be serializable, a class must implement the `get_config()` method.
