{
  "architecture": "Attention_UNet",
  "learning_rate": 0.001,
  "batch_size": 32,
  "epochs_requested": 30,
  "epochs_completed": 30,
  "training_time_seconds": 171.139547,
  "training_successful": true,
  "best_val_jaccard": 0.08815162628889084,
  "best_epoch": 28,
  "final_val_loss": 0.16524289548397064,
  "final_train_loss": 0.15783587098121643,
  "val_loss_stability": 0.008532429470166115,
  "overfitting_gap": 0.007407024502754211
}