image,tile_index,pos_y,pos_x,method,density
10240x_2560x_2025-05-16_00-59-00_002,0,0,0,clahe_otsu,0.15142822265625
10240x_2560x_2025-05-16_00-59-00_002,1,0,512,clahe_otsu,0.27423858642578125
10240x_2560x_2025-05-16_00-59-00_002,2,0,1024,clahe_otsu,0.030246734619140625
10240x_2560x_2025-05-16_00-59-00_002,3,0,1536,clahe_otsu,0.032176971435546875
10240x_2560x_2025-05-16_00-59-00_002,4,0,2048,clahe_otsu,0.24993515014648438
10240x_2560x_2025-05-16_00-59-00_002,5,0,2560,clahe_otsu,0.3357086181640625
10240x_2560x_2025-05-16_00-59-00_002,6,0,3072,clahe_otsu,0.29181671142578125
10240x_2560x_2025-05-16_00-59-00_002,7,0,3584,clahe_otsu,0.4405708312988281
10240x_2560x_2025-05-16_00-59-00_002,8,512,0,clahe_otsu,0.2464447021484375
10240x_2560x_2025-05-16_00-59-00_002,9,512,512,clahe_otsu,0.21074295043945312
10240x_2560x_2025-05-16_00-59-00_002,10,512,1024,clahe_otsu,0.028400421142578125
10240x_2560x_2025-05-16_00-59-00_002,11,512,1536,clahe_otsu,0.029903411865234375
10240x_2560x_2025-05-16_00-59-00_002,12,512,2048,clahe_otsu,0.029735565185546875
10240x_2560x_2025-05-16_00-59-00_002,13,512,2560,clahe_otsu,0.059356689453125
10240x_2560x_2025-05-16_00-59-00_002,14,512,3072,clahe_otsu,0.3399200439453125
10240x_2560x_2025-05-16_00-59-00_002,15,512,3584,clahe_otsu,0.33280181884765625
10240x_2560x_2025-05-16_00-59-00_002,16,1024,0,clahe_otsu,0.0389556884765625
10240x_2560x_2025-05-16_00-59-00_002,17,1024,512,clahe_otsu,0.029529571533203125
10240x_2560x_2025-05-16_00-59-00_002,18,1024,1024,clahe_otsu,0.02490997314453125
10240x_2560x_2025-05-16_00-59-00_002,19,1024,1536,clahe_otsu,0.3002586364746094
10240x_2560x_2025-05-16_00-59-00_002,20,1024,2048,clahe_otsu,0.046344757080078125
10240x_2560x_2025-05-16_00-59-00_002,21,1024,2560,clahe_otsu,0.032100677490234375
10240x_2560x_2025-05-16_00-59-00_002,22,1024,3072,clahe_otsu,0.20859527587890625
10240x_2560x_2025-05-16_00-59-00_002,23,1024,3584,clahe_otsu,0.3679847717285156
10240x_2560x_2025-05-16_00-59-00_002,24,1536,0,clahe_otsu,0.0316162109375
10240x_2560x_2025-05-16_00-59-00_002,25,1536,512,clahe_otsu,0.026973724365234375
10240x_2560x_2025-05-16_00-59-00_002,26,1536,1024,clahe_otsu,0.2995033264160156
10240x_2560x_2025-05-16_00-59-00_002,27,1536,1536,clahe_otsu,0.03458404541015625
10240x_2560x_2025-05-16_00-59-00_002,28,1536,2048,clahe_otsu,0.0289764404296875
10240x_2560x_2025-05-16_00-59-00_002,29,1536,2560,clahe_otsu,0.03484344482421875
10240x_2560x_2025-05-16_00-59-00_002,30,1536,3072,clahe_otsu,0.048248291015625
10240x_2560x_2025-05-16_00-59-00_002,31,1536,3584,clahe_otsu,0.38370513916015625
10240x_2560x_2025-05-16_00-59-00_002,32,2048,0,clahe_otsu,0.04156494140625
10240x_2560x_2025-05-16_00-59-00_002,33,2048,512,clahe_otsu,0.032482147216796875
10240x_2560x_2025-05-16_00-59-00_002,34,2048,1024,clahe_otsu,0.028110504150390625
10240x_2560x_2025-05-16_00-59-00_002,35,2048,1536,clahe_otsu,0.058032989501953125
10240x_2560x_2025-05-16_00-59-00_002,36,2048,2048,clahe_otsu,0.031108856201171875
10240x_2560x_2025-05-16_00-59-00_002,37,2048,2560,clahe_otsu,0.042751312255859375
10240x_2560x_2025-05-16_00-59-00_002,38,2048,3072,clahe_otsu,0.31392669677734375
10240x_2560x_2025-05-16_00-59-00_002,39,2048,3584,clahe_otsu,0.3742408752441406
10240x_2560x_2025-05-16_00-59-00_002,0,0,0,unet,0.0008087158203125
10240x_2560x_2025-05-16_00-59-00_002,1,0,512,unet,0.00193023681640625
10240x_2560x_2025-05-16_00-59-00_002,2,0,1024,unet,0.00199127197265625
10240x_2560x_2025-05-16_00-59-00_002,3,0,1536,unet,0.001979827880859375
10240x_2560x_2025-05-16_00-59-00_002,4,0,2048,unet,0.0020599365234375
10240x_2560x_2025-05-16_00-59-00_002,5,0,2560,unet,0.00223541259765625
10240x_2560x_2025-05-16_00-59-00_002,6,0,3072,unet,0.00208282470703125
10240x_2560x_2025-05-16_00-59-00_002,7,0,3584,unet,0.001575469970703125
10240x_2560x_2025-05-16_00-59-00_002,8,512,0,unet,0.0001068115234375
10240x_2560x_2025-05-16_00-59-00_002,9,512,512,unet,0.0002899169921875
10240x_2560x_2025-05-16_00-59-00_002,10,512,1024,unet,0.0019683837890625
10240x_2560x_2025-05-16_00-59-00_002,11,512,1536,unet,0.0019989013671875
10240x_2560x_2025-05-16_00-59-00_002,12,512,2048,unet,0.002025604248046875
10240x_2560x_2025-05-16_00-59-00_002,13,512,2560,unet,0.002025604248046875
10240x_2560x_2025-05-16_00-59-00_002,14,512,3072,unet,0.002178192138671875
10240x_2560x_2025-05-16_00-59-00_002,15,512,3584,unet,0.0021820068359375
10240x_2560x_2025-05-16_00-59-00_002,16,1024,0,unet,3.4332275390625e-05
10240x_2560x_2025-05-16_00-59-00_002,17,1024,512,unet,0.000217437744140625
10240x_2560x_2025-05-16_00-59-00_002,18,1024,1024,unet,0.000492095947265625
10240x_2560x_2025-05-16_00-59-00_002,19,1024,1536,unet,0.001903533935546875
10240x_2560x_2025-05-16_00-59-00_002,20,1024,2048,unet,0.002109527587890625
10240x_2560x_2025-05-16_00-59-00_002,21,1024,2560,unet,0.00196075439453125
10240x_2560x_2025-05-16_00-59-00_002,22,1024,3072,unet,0.002044677734375
10240x_2560x_2025-05-16_00-59-00_002,23,1024,3584,unet,0.0020751953125
10240x_2560x_2025-05-16_00-59-00_002,24,1536,0,unet,0.000118255615234375
10240x_2560x_2025-05-16_00-59-00_002,25,1536,512,unet,3.814697265625e-05
10240x_2560x_2025-05-16_00-59-00_002,26,1536,1024,unet,6.866455078125e-05
10240x_2560x_2025-05-16_00-59-00_002,27,1536,1536,unet,0.001041412353515625
10240x_2560x_2025-05-16_00-59-00_002,28,1536,2048,unet,0.001949310302734375
10240x_2560x_2025-05-16_00-59-00_002,29,1536,2560,unet,0.00206756591796875
10240x_2560x_2025-05-16_00-59-00_002,30,1536,3072,unet,0.002025604248046875
10240x_2560x_2025-05-16_00-59-00_002,31,1536,3584,unet,0.00200653076171875
10240x_2560x_2025-05-16_00-59-00_002,32,2048,0,unet,0.0004730224609375
10240x_2560x_2025-05-16_00-59-00_002,33,2048,512,unet,2.6702880859375e-05
10240x_2560x_2025-05-16_00-59-00_002,34,2048,1024,unet,0.000164031982421875
10240x_2560x_2025-05-16_00-59-00_002,35,2048,1536,unet,0.0008544921875
10240x_2560x_2025-05-16_00-59-00_002,36,2048,2048,unet,0.001895904541015625
10240x_2560x_2025-05-16_00-59-00_002,37,2048,2560,unet,0.002124786376953125
10240x_2560x_2025-05-16_00-59-00_002,38,2048,3072,unet,0.00196075439453125
10240x_2560x_2025-05-16_00-59-00_002,39,2048,3584,unet,0.001956939697265625
10240x_2560x_2025-05-16_00-59-00_002,0,0,0,resunet,1.0
10240x_2560x_2025-05-16_00-59-00_002,1,0,512,resunet,1.0
10240x_2560x_2025-05-16_00-59-00_002,2,0,1024,resunet,1.0
10240x_2560x_2025-05-16_00-59-00_002,3,0,1536,resunet,1.0
10240x_2560x_2025-05-16_00-59-00_002,4,0,2048,resunet,1.0
10240x_2560x_2025-05-16_00-59-00_002,5,0,2560,resunet,1.0
10240x_2560x_2025-05-16_00-59-00_002,6,0,3072,resunet,1.0
10240x_2560x_2025-05-16_00-59-00_002,7,0,3584,resunet,1.0
10240x_2560x_2025-05-16_00-59-00_002,8,512,0,resunet,1.0
10240x_2560x_2025-05-16_00-59-00_002,9,512,512,resunet,1.0
10240x_2560x_2025-05-16_00-59-00_002,10,512,1024,resunet,1.0
10240x_2560x_2025-05-16_00-59-00_002,11,512,1536,resunet,1.0
10240x_2560x_2025-05-16_00-59-00_002,12,512,2048,resunet,1.0
10240x_2560x_2025-05-16_00-59-00_002,13,512,2560,resunet,1.0
10240x_2560x_2025-05-16_00-59-00_002,14,512,3072,resunet,1.0
10240x_2560x_2025-05-16_00-59-00_002,15,512,3584,resunet,1.0
10240x_2560x_2025-05-16_00-59-00_002,16,1024,0,resunet,1.0
10240x_2560x_2025-05-16_00-59-00_002,17,1024,512,resunet,1.0
10240x_2560x_2025-05-16_00-59-00_002,18,1024,1024,resunet,1.0
10240x_2560x_2025-05-16_00-59-00_002,19,1024,1536,resunet,1.0
10240x_2560x_2025-05-16_00-59-00_002,20,1024,2048,resunet,1.0
10240x_2560x_2025-05-16_00-59-00_002,21,1024,2560,resunet,1.0
10240x_2560x_2025-05-16_00-59-00_002,22,1024,3072,resunet,1.0
10240x_2560x_2025-05-16_00-59-00_002,23,1024,3584,resunet,0.9999961853027344
10240x_2560x_2025-05-16_00-59-00_002,24,1536,0,resunet,0.9999961853027344
10240x_2560x_2025-05-16_00-59-00_002,25,1536,512,resunet,1.0
10240x_2560x_2025-05-16_00-59-00_002,26,1536,1024,resunet,1.0
10240x_2560x_2025-05-16_00-59-00_002,27,1536,1536,resunet,1.0
10240x_2560x_2025-05-16_00-59-00_002,28,1536,2048,resunet,1.0
10240x_2560x_2025-05-16_00-59-00_002,29,1536,2560,resunet,1.0
10240x_2560x_2025-05-16_00-59-00_002,30,1536,3072,resunet,1.0
10240x_2560x_2025-05-16_00-59-00_002,31,1536,3584,resunet,1.0
10240x_2560x_2025-05-16_00-59-00_002,32,2048,0,resunet,0.9999961853027344
10240x_2560x_2025-05-16_00-59-00_002,33,2048,512,resunet,0.9999961853027344
10240x_2560x_2025-05-16_00-59-00_002,34,2048,1024,resunet,1.0
10240x_2560x_2025-05-16_00-59-00_002,35,2048,1536,resunet,1.0
10240x_2560x_2025-05-16_00-59-00_002,36,2048,2048,resunet,1.0
10240x_2560x_2025-05-16_00-59-00_002,37,2048,2560,resunet,1.0
10240x_2560x_2025-05-16_00-59-00_002,38,2048,3072,resunet,1.0
10240x_2560x_2025-05-16_00-59-00_002,39,2048,3584,resunet,1.0
10240x_2560x_2025-05-16_00-59-00_002,0,0,0,attention_resunet,0.00196075439453125
10240x_2560x_2025-05-16_00-59-00_002,1,0,512,attention_resunet,0.002071380615234375
10240x_2560x_2025-05-16_00-59-00_002,2,0,1024,attention_resunet,0.0009002685546875
10240x_2560x_2025-05-16_00-59-00_002,3,0,1536,attention_resunet,0.00048828125
10240x_2560x_2025-05-16_00-59-00_002,4,0,2048,attention_resunet,0.000514984130859375
10240x_2560x_2025-05-16_00-59-00_002,5,0,2560,attention_resunet,0.00092315673828125
10240x_2560x_2025-05-16_00-59-00_002,6,0,3072,attention_resunet,0.00214385986328125
10240x_2560x_2025-05-16_00-59-00_002,7,0,3584,attention_resunet,0.010692596435546875
10240x_2560x_2025-05-16_00-59-00_002,8,512,0,attention_resunet,0.003082275390625
10240x_2560x_2025-05-16_00-59-00_002,9,512,512,attention_resunet,0.0020904541015625
10240x_2560x_2025-05-16_00-59-00_002,10,512,1024,attention_resunet,0.00208282470703125
10240x_2560x_2025-05-16_00-59-00_002,11,512,1536,attention_resunet,0.00064849853515625
10240x_2560x_2025-05-16_00-59-00_002,12,512,2048,attention_resunet,0.0005035400390625
10240x_2560x_2025-05-16_00-59-00_002,13,512,2560,attention_resunet,0.00057220458984375
10240x_2560x_2025-05-16_00-59-00_002,14,512,3072,attention_resunet,0.0005950927734375
10240x_2560x_2025-05-16_00-59-00_002,15,512,3584,attention_resunet,0.00252532958984375
10240x_2560x_2025-05-16_00-59-00_002,16,1024,0,attention_resunet,0.0049285888671875
10240x_2560x_2025-05-16_00-59-00_002,17,1024,512,attention_resunet,0.003143310546875
10240x_2560x_2025-05-16_00-59-00_002,18,1024,1024,attention_resunet,0.002086639404296875
10240x_2560x_2025-05-16_00-59-00_002,19,1024,1536,attention_resunet,0.0019683837890625
10240x_2560x_2025-05-16_00-59-00_002,20,1024,2048,attention_resunet,0.000461578369140625
10240x_2560x_2025-05-16_00-59-00_002,21,1024,2560,attention_resunet,0.000774383544921875
10240x_2560x_2025-05-16_00-59-00_002,22,1024,3072,attention_resunet,0.00067138671875
10240x_2560x_2025-05-16_00-59-00_002,23,1024,3584,attention_resunet,0.00089263916015625
10240x_2560x_2025-05-16_00-59-00_002,24,1536,0,attention_resunet,0.007511138916015625
10240x_2560x_2025-05-16_00-59-00_002,25,1536,512,attention_resunet,0.00536346435546875
10240x_2560x_2025-05-16_00-59-00_002,26,1536,1024,attention_resunet,0.003200531005859375
10240x_2560x_2025-05-16_00-59-00_002,27,1536,1536,attention_resunet,0.002063751220703125
10240x_2560x_2025-05-16_00-59-00_002,28,1536,2048,attention_resunet,0.001934051513671875
10240x_2560x_2025-05-16_00-59-00_002,29,1536,2560,attention_resunet,0.00048828125
10240x_2560x_2025-05-16_00-59-00_002,30,1536,3072,attention_resunet,0.00048065185546875
10240x_2560x_2025-05-16_00-59-00_002,31,1536,3584,attention_resunet,0.001071929931640625
10240x_2560x_2025-05-16_00-59-00_002,32,2048,0,attention_resunet,0.008167266845703125
10240x_2560x_2025-05-16_00-59-00_002,33,2048,512,attention_resunet,0.006504058837890625
10240x_2560x_2025-05-16_00-59-00_002,34,2048,1024,attention_resunet,0.005458831787109375
10240x_2560x_2025-05-16_00-59-00_002,35,2048,1536,attention_resunet,0.002960205078125
10240x_2560x_2025-05-16_00-59-00_002,36,2048,2048,attention_resunet,0.00217437744140625
10240x_2560x_2025-05-16_00-59-00_002,37,2048,2560,attention_resunet,0.00188446044921875
10240x_2560x_2025-05-16_00-59-00_002,38,2048,3072,attention_resunet,0.000759124755859375
10240x_2560x_2025-05-16_00-59-00_002,39,2048,3584,attention_resunet,0.00121307373046875
10x_2025-05-15_02-05-00,0,0,0,clahe_otsu,0.6008262634277344
10x_2025-05-15_02-05-00,1,0,512,clahe_otsu,0.6319732666015625
10x_2025-05-15_02-05-00,2,0,1024,clahe_otsu,0.6498031616210938
10x_2025-05-15_02-05-00,3,0,1536,clahe_otsu,0.6514930725097656
10x_2025-05-15_02-05-00,4,0,2048,clahe_otsu,0.6600265502929688
10x_2025-05-15_02-05-00,5,0,2560,clahe_otsu,0.6541213989257812
10x_2025-05-15_02-05-00,6,0,3072,clahe_otsu,0.6724662780761719
10x_2025-05-15_02-05-00,7,0,3584,clahe_otsu,0.6634330749511719
10x_2025-05-15_02-05-00,8,512,0,clahe_otsu,0.6101112365722656
10x_2025-05-15_02-05-00,9,512,512,clahe_otsu,0.6243133544921875
10x_2025-05-15_02-05-00,10,512,1024,clahe_otsu,0.6464996337890625
10x_2025-05-15_02-05-00,11,512,1536,clahe_otsu,0.6666069030761719
10x_2025-05-15_02-05-00,12,512,2048,clahe_otsu,0.6753921508789062
10x_2025-05-15_02-05-00,13,512,2560,clahe_otsu,0.6769638061523438
10x_2025-05-15_02-05-00,14,512,3072,clahe_otsu,0.6725120544433594
10x_2025-05-15_02-05-00,15,512,3584,clahe_otsu,0.6683311462402344
10x_2025-05-15_02-05-00,16,1024,0,clahe_otsu,0.6070785522460938
10x_2025-05-15_02-05-00,17,1024,512,clahe_otsu,0.6647834777832031
10x_2025-05-15_02-05-00,18,1024,1024,clahe_otsu,0.6453437805175781
10x_2025-05-15_02-05-00,19,1024,1536,clahe_otsu,0.6667900085449219
10x_2025-05-15_02-05-00,20,1024,2048,clahe_otsu,0.6754722595214844
10x_2025-05-15_02-05-00,21,1024,2560,clahe_otsu,0.6829910278320312
10x_2025-05-15_02-05-00,22,1024,3072,clahe_otsu,0.6762619018554688
10x_2025-05-15_02-05-00,23,1024,3584,clahe_otsu,0.7075691223144531
10x_2025-05-15_02-05-00,24,1536,0,clahe_otsu,0.6001510620117188
10x_2025-05-15_02-05-00,25,1536,512,clahe_otsu,0.622161865234375
10x_2025-05-15_02-05-00,26,1536,1024,clahe_otsu,0.6190986633300781
10x_2025-05-15_02-05-00,27,1536,1536,clahe_otsu,0.6481056213378906
10x_2025-05-15_02-05-00,28,1536,2048,clahe_otsu,0.661834716796875
10x_2025-05-15_02-05-00,29,1536,2560,clahe_otsu,0.6476860046386719
10x_2025-05-15_02-05-00,30,1536,3072,clahe_otsu,0.6460418701171875
10x_2025-05-15_02-05-00,31,1536,3584,clahe_otsu,0.6844711303710938
10x_2025-05-15_02-05-00,32,2048,0,clahe_otsu,0.5936660766601562
10x_2025-05-15_02-05-00,33,2048,512,clahe_otsu,0.5977897644042969
10x_2025-05-15_02-05-00,34,2048,1024,clahe_otsu,0.6213111877441406
10x_2025-05-15_02-05-00,35,2048,1536,clahe_otsu,0.6416282653808594
10x_2025-05-15_02-05-00,36,2048,2048,clahe_otsu,0.636260986328125
10x_2025-05-15_02-05-00,37,2048,2560,clahe_otsu,0.6309585571289062
10x_2025-05-15_02-05-00,38,2048,3072,clahe_otsu,0.65765380859375
10x_2025-05-15_02-05-00,39,2048,3584,clahe_otsu,0.6590766906738281
10x_2025-05-15_02-05-00,0,0,0,unet,0.000926971435546875
10x_2025-05-15_02-05-00,1,0,512,unet,0.0005340576171875
10x_2025-05-15_02-05-00,2,0,1024,unet,0.00103759765625
10x_2025-05-15_02-05-00,3,0,1536,unet,0.00054168701171875
10x_2025-05-15_02-05-00,4,0,2048,unet,0.000316619873046875
10x_2025-05-15_02-05-00,5,0,2560,unet,0.000335693359375
10x_2025-05-15_02-05-00,6,0,3072,unet,0.000141143798828125
10x_2025-05-15_02-05-00,7,0,3584,unet,0.0001373291015625
10x_2025-05-15_02-05-00,8,512,0,unet,0.001445770263671875
10x_2025-05-15_02-05-00,9,512,512,unet,0.000934600830078125
10x_2025-05-15_02-05-00,10,512,1024,unet,0.001140594482421875
10x_2025-05-15_02-05-00,11,512,1536,unet,0.000537872314453125
10x_2025-05-15_02-05-00,12,512,2048,unet,0.0003204345703125
10x_2025-05-15_02-05-00,13,512,2560,unet,0.00025177001953125
10x_2025-05-15_02-05-00,14,512,3072,unet,0.000255584716796875
10x_2025-05-15_02-05-00,15,512,3584,unet,5.340576171875e-05
10x_2025-05-15_02-05-00,16,1024,0,unet,0.000858306884765625
10x_2025-05-15_02-05-00,17,1024,512,unet,0.00095367431640625
10x_2025-05-15_02-05-00,18,1024,1024,unet,0.0008697509765625
10x_2025-05-15_02-05-00,19,1024,1536,unet,0.00075531005859375
10x_2025-05-15_02-05-00,20,1024,2048,unet,0.00057220458984375
10x_2025-05-15_02-05-00,21,1024,2560,unet,0.000522613525390625
10x_2025-05-15_02-05-00,22,1024,3072,unet,0.00046539306640625
10x_2025-05-15_02-05-00,23,1024,3584,unet,0.000263214111328125
10x_2025-05-15_02-05-00,24,1536,0,unet,0.001461029052734375
10x_2025-05-15_02-05-00,25,1536,512,unet,0.001796722412109375
10x_2025-05-15_02-05-00,26,1536,1024,unet,0.00182342529296875
10x_2025-05-15_02-05-00,27,1536,1536,unet,0.00121307373046875
10x_2025-05-15_02-05-00,28,1536,2048,unet,0.00077056884765625
10x_2025-05-15_02-05-00,29,1536,2560,unet,0.000843048095703125
10x_2025-05-15_02-05-00,30,1536,3072,unet,0.0003814697265625
10x_2025-05-15_02-05-00,31,1536,3584,unet,0.00031280517578125
10x_2025-05-15_02-05-00,32,2048,0,unet,0.00180816650390625
10x_2025-05-15_02-05-00,33,2048,512,unet,0.001819610595703125
10x_2025-05-15_02-05-00,34,2048,1024,unet,0.001804351806640625
10x_2025-05-15_02-05-00,35,2048,1536,unet,0.00154876708984375
10x_2025-05-15_02-05-00,36,2048,2048,unet,0.000583648681640625
10x_2025-05-15_02-05-00,37,2048,2560,unet,0.000835418701171875
10x_2025-05-15_02-05-00,38,2048,3072,unet,0.00048828125
10x_2025-05-15_02-05-00,39,2048,3584,unet,8.7738037109375e-05
10x_2025-05-15_02-05-00,0,0,0,resunet,1.0
10x_2025-05-15_02-05-00,1,0,512,resunet,1.0
10x_2025-05-15_02-05-00,2,0,1024,resunet,0.9999961853027344
10x_2025-05-15_02-05-00,3,0,1536,resunet,0.9999809265136719
10x_2025-05-15_02-05-00,4,0,2048,resunet,1.0
10x_2025-05-15_02-05-00,5,0,2560,resunet,0.9999885559082031
10x_2025-05-15_02-05-00,6,0,3072,resunet,1.0
10x_2025-05-15_02-05-00,7,0,3584,resunet,1.0
10x_2025-05-15_02-05-00,8,512,0,resunet,1.0
10x_2025-05-15_02-05-00,9,512,512,resunet,0.9999961853027344
10x_2025-05-15_02-05-00,10,512,1024,resunet,0.9999961853027344
10x_2025-05-15_02-05-00,11,512,1536,resunet,0.9999923706054688
10x_2025-05-15_02-05-00,12,512,2048,resunet,0.9999771118164062
10x_2025-05-15_02-05-00,13,512,2560,resunet,0.9999961853027344
10x_2025-05-15_02-05-00,14,512,3072,resunet,0.9999923706054688
10x_2025-05-15_02-05-00,15,512,3584,resunet,0.9999923706054688
10x_2025-05-15_02-05-00,16,1024,0,resunet,1.0
10x_2025-05-15_02-05-00,17,1024,512,resunet,1.0
10x_2025-05-15_02-05-00,18,1024,1024,resunet,0.9999771118164062
10x_2025-05-15_02-05-00,19,1024,1536,resunet,1.0
10x_2025-05-15_02-05-00,20,1024,2048,resunet,0.9999923706054688
10x_2025-05-15_02-05-00,21,1024,2560,resunet,0.9999885559082031
10x_2025-05-15_02-05-00,22,1024,3072,resunet,0.9999847412109375
10x_2025-05-15_02-05-00,23,1024,3584,resunet,0.9999809265136719
10x_2025-05-15_02-05-00,24,1536,0,resunet,0.9999961853027344
10x_2025-05-15_02-05-00,25,1536,512,resunet,1.0
10x_2025-05-15_02-05-00,26,1536,1024,resunet,0.9999771118164062
10x_2025-05-15_02-05-00,27,1536,1536,resunet,1.0
10x_2025-05-15_02-05-00,28,1536,2048,resunet,1.0
10x_2025-05-15_02-05-00,29,1536,2560,resunet,0.9999885559082031
10x_2025-05-15_02-05-00,30,1536,3072,resunet,1.0
10x_2025-05-15_02-05-00,31,1536,3584,resunet,1.0
10x_2025-05-15_02-05-00,32,2048,0,resunet,1.0
10x_2025-05-15_02-05-00,33,2048,512,resunet,0.9999732971191406
10x_2025-05-15_02-05-00,34,2048,1024,resunet,0.9999771118164062
10x_2025-05-15_02-05-00,35,2048,1536,resunet,0.9999961853027344
10x_2025-05-15_02-05-00,36,2048,2048,resunet,1.0
10x_2025-05-15_02-05-00,37,2048,2560,resunet,0.9999885559082031
10x_2025-05-15_02-05-00,38,2048,3072,resunet,1.0
10x_2025-05-15_02-05-00,39,2048,3584,resunet,0.9999961853027344
10x_2025-05-15_02-05-00,0,0,0,attention_resunet,0.00997161865234375
10x_2025-05-15_02-05-00,1,0,512,attention_resunet,0.01305389404296875
10x_2025-05-15_02-05-00,2,0,1024,attention_resunet,0.011962890625
10x_2025-05-15_02-05-00,3,0,1536,attention_resunet,0.0168304443359375
10x_2025-05-15_02-05-00,4,0,2048,attention_resunet,0.01647186279296875
10x_2025-05-15_02-05-00,5,0,2560,attention_resunet,0.01688385009765625
10x_2025-05-15_02-05-00,6,0,3072,attention_resunet,0.018611907958984375
10x_2025-05-15_02-05-00,7,0,3584,attention_resunet,0.017864227294921875
10x_2025-05-15_02-05-00,8,512,0,attention_resunet,0.01058197021484375
10x_2025-05-15_02-05-00,9,512,512,attention_resunet,0.0107574462890625
10x_2025-05-15_02-05-00,10,512,1024,attention_resunet,0.011844635009765625
10x_2025-05-15_02-05-00,11,512,1536,attention_resunet,0.01601409912109375
10x_2025-05-15_02-05-00,12,512,2048,attention_resunet,0.017574310302734375
10x_2025-05-15_02-05-00,13,512,2560,attention_resunet,0.015594482421875
10x_2025-05-15_02-05-00,14,512,3072,attention_resunet,0.019145965576171875
10x_2025-05-15_02-05-00,15,512,3584,attention_resunet,0.01969146728515625
10x_2025-05-15_02-05-00,16,1024,0,attention_resunet,0.009876251220703125
10x_2025-05-15_02-05-00,17,1024,512,attention_resunet,0.010753631591796875
10x_2025-05-15_02-05-00,18,1024,1024,attention_resunet,0.012298583984375
10x_2025-05-15_02-05-00,19,1024,1536,attention_resunet,0.01319122314453125
10x_2025-05-15_02-05-00,20,1024,2048,attention_resunet,0.016170501708984375
10x_2025-05-15_02-05-00,21,1024,2560,attention_resunet,0.015621185302734375
10x_2025-05-15_02-05-00,22,1024,3072,attention_resunet,0.016483306884765625
10x_2025-05-15_02-05-00,23,1024,3584,attention_resunet,0.0192108154296875
10x_2025-05-15_02-05-00,24,1536,0,attention_resunet,0.007122039794921875
10x_2025-05-15_02-05-00,25,1536,512,attention_resunet,0.008228302001953125
10x_2025-05-15_02-05-00,26,1536,1024,attention_resunet,0.01031494140625
10x_2025-05-15_02-05-00,27,1536,1536,attention_resunet,0.013828277587890625
10x_2025-05-15_02-05-00,28,1536,2048,attention_resunet,0.0164031982421875
10x_2025-05-15_02-05-00,29,1536,2560,attention_resunet,0.0157623291015625
10x_2025-05-15_02-05-00,30,1536,3072,attention_resunet,0.01734161376953125
10x_2025-05-15_02-05-00,31,1536,3584,attention_resunet,0.019016265869140625
10x_2025-05-15_02-05-00,32,2048,0,attention_resunet,0.00809478759765625
10x_2025-05-15_02-05-00,33,2048,512,attention_resunet,0.009521484375
10x_2025-05-15_02-05-00,34,2048,1024,attention_resunet,0.00989532470703125
10x_2025-05-15_02-05-00,35,2048,1536,attention_resunet,0.011867523193359375
10x_2025-05-15_02-05-00,36,2048,2048,attention_resunet,0.014591217041015625
10x_2025-05-15_02-05-00,37,2048,2560,attention_resunet,0.012905120849609375
10x_2025-05-15_02-05-00,38,2048,3072,attention_resunet,0.015964508056640625
10x_2025-05-15_02-05-00,39,2048,3584,attention_resunet,0.01930999755859375
1280x_2025-05-16_00-59-00_002,0,0,0,clahe_otsu,0.0916290283203125
1280x_2025-05-16_00-59-00_002,1,0,512,clahe_otsu,0.054851531982421875
1280x_2025-05-16_00-59-00_002,2,0,1024,clahe_otsu,0.04566192626953125
1280x_2025-05-16_00-59-00_002,3,0,1536,clahe_otsu,0.04549407958984375
1280x_2025-05-16_00-59-00_002,4,0,2048,clahe_otsu,0.09813690185546875
1280x_2025-05-16_00-59-00_002,5,0,2560,clahe_otsu,0.16309356689453125
1280x_2025-05-16_00-59-00_002,6,0,3072,clahe_otsu,0.2919769287109375
1280x_2025-05-16_00-59-00_002,7,0,3584,clahe_otsu,0.49810791015625
1280x_2025-05-16_00-59-00_002,8,512,0,clahe_otsu,0.055644989013671875
1280x_2025-05-16_00-59-00_002,9,512,512,clahe_otsu,0.039730072021484375
1280x_2025-05-16_00-59-00_002,10,512,1024,clahe_otsu,0.03582000732421875
1280x_2025-05-16_00-59-00_002,11,512,1536,clahe_otsu,0.027767181396484375
1280x_2025-05-16_00-59-00_002,12,512,2048,clahe_otsu,0.034576416015625
1280x_2025-05-16_00-59-00_002,13,512,2560,clahe_otsu,0.06615066528320312
1280x_2025-05-16_00-59-00_002,14,512,3072,clahe_otsu,0.0981903076171875
1280x_2025-05-16_00-59-00_002,15,512,3584,clahe_otsu,0.3040504455566406
1280x_2025-05-16_00-59-00_002,16,1024,0,clahe_otsu,0.046539306640625
1280x_2025-05-16_00-59-00_002,17,1024,512,clahe_otsu,0.038982391357421875
1280x_2025-05-16_00-59-00_002,18,1024,1024,clahe_otsu,0.030315399169921875
1280x_2025-05-16_00-59-00_002,19,1024,1536,clahe_otsu,0.24026870727539062
1280x_2025-05-16_00-59-00_002,20,1024,2048,clahe_otsu,0.040283203125
1280x_2025-05-16_00-59-00_002,21,1024,2560,clahe_otsu,0.040126800537109375
1280x_2025-05-16_00-59-00_002,22,1024,3072,clahe_otsu,0.07895660400390625
1280x_2025-05-16_00-59-00_002,23,1024,3584,clahe_otsu,0.2583885192871094
1280x_2025-05-16_00-59-00_002,24,1536,0,clahe_otsu,0.05289459228515625
1280x_2025-05-16_00-59-00_002,25,1536,512,clahe_otsu,0.044597625732421875
1280x_2025-05-16_00-59-00_002,26,1536,1024,clahe_otsu,0.03368377685546875
1280x_2025-05-16_00-59-00_002,27,1536,1536,clahe_otsu,0.034580230712890625
1280x_2025-05-16_00-59-00_002,28,1536,2048,clahe_otsu,0.34860992431640625
1280x_2025-05-16_00-59-00_002,29,1536,2560,clahe_otsu,0.0441436767578125
1280x_2025-05-16_00-59-00_002,30,1536,3072,clahe_otsu,0.0594940185546875
1280x_2025-05-16_00-59-00_002,31,1536,3584,clahe_otsu,0.2938690185546875
1280x_2025-05-16_00-59-00_002,32,2048,0,clahe_otsu,0.05979156494140625
1280x_2025-05-16_00-59-00_002,33,2048,512,clahe_otsu,0.05017852783203125
1280x_2025-05-16_00-59-00_002,34,2048,1024,clahe_otsu,0.042087554931640625
1280x_2025-05-16_00-59-00_002,35,2048,1536,clahe_otsu,0.028392791748046875
1280x_2025-05-16_00-59-00_002,36,2048,2048,clahe_otsu,0.28354644775390625
1280x_2025-05-16_00-59-00_002,37,2048,2560,clahe_otsu,0.24494171142578125
1280x_2025-05-16_00-59-00_002,38,2048,3072,clahe_otsu,0.09398269653320312
1280x_2025-05-16_00-59-00_002,39,2048,3584,clahe_otsu,0.357757568359375
1280x_2025-05-16_00-59-00_002,0,0,0,unet,0.00089263916015625
1280x_2025-05-16_00-59-00_002,1,0,512,unet,0.001903533935546875
1280x_2025-05-16_00-59-00_002,2,0,1024,unet,0.00203704833984375
1280x_2025-05-16_00-59-00_002,3,0,1536,unet,0.002094268798828125
1280x_2025-05-16_00-59-00_002,4,0,2048,unet,0.00203704833984375
1280x_2025-05-16_00-59-00_002,5,0,2560,unet,0.002231597900390625
1280x_2025-05-16_00-59-00_002,6,0,3072,unet,0.001972198486328125
1280x_2025-05-16_00-59-00_002,7,0,3584,unet,0.001277923583984375
1280x_2025-05-16_00-59-00_002,8,512,0,unet,9.1552734375e-05
1280x_2025-05-16_00-59-00_002,9,512,512,unet,0.000560760498046875
1280x_2025-05-16_00-59-00_002,10,512,1024,unet,0.001888275146484375
1280x_2025-05-16_00-59-00_002,11,512,1536,unet,0.0020599365234375
1280x_2025-05-16_00-59-00_002,12,512,2048,unet,0.0019989013671875
1280x_2025-05-16_00-59-00_002,13,512,2560,unet,0.00205230712890625
1280x_2025-05-16_00-59-00_002,14,512,3072,unet,0.0022735595703125
1280x_2025-05-16_00-59-00_002,15,512,3584,unet,0.00240325927734375
1280x_2025-05-16_00-59-00_002,16,1024,0,unet,4.1961669921875e-05
1280x_2025-05-16_00-59-00_002,17,1024,512,unet,0.000110626220703125
1280x_2025-05-16_00-59-00_002,18,1024,1024,unet,0.000682830810546875
1280x_2025-05-16_00-59-00_002,19,1024,1536,unet,0.001941680908203125
1280x_2025-05-16_00-59-00_002,20,1024,2048,unet,0.001987457275390625
1280x_2025-05-16_00-59-00_002,21,1024,2560,unet,0.00200653076171875
1280x_2025-05-16_00-59-00_002,22,1024,3072,unet,0.002201080322265625
1280x_2025-05-16_00-59-00_002,23,1024,3584,unet,0.001995086669921875
1280x_2025-05-16_00-59-00_002,24,1536,0,unet,0.000148773193359375
1280x_2025-05-16_00-59-00_002,25,1536,512,unet,4.57763671875e-05
1280x_2025-05-16_00-59-00_002,26,1536,1024,unet,0.000171661376953125
1280x_2025-05-16_00-59-00_002,27,1536,1536,unet,0.001068115234375
1280x_2025-05-16_00-59-00_002,28,1536,2048,unet,0.001949310302734375
1280x_2025-05-16_00-59-00_002,29,1536,2560,unet,0.002017974853515625
1280x_2025-05-16_00-59-00_002,30,1536,3072,unet,0.00212860107421875
1280x_2025-05-16_00-59-00_002,31,1536,3584,unet,0.001918792724609375
1280x_2025-05-16_00-59-00_002,32,2048,0,unet,0.001247406005859375
1280x_2025-05-16_00-59-00_002,33,2048,512,unet,6.103515625e-05
1280x_2025-05-16_00-59-00_002,34,2048,1024,unet,4.57763671875e-05
1280x_2025-05-16_00-59-00_002,35,2048,1536,unet,0.0007476806640625
1280x_2025-05-16_00-59-00_002,36,2048,2048,unet,0.0018463134765625
1280x_2025-05-16_00-59-00_002,37,2048,2560,unet,0.001926422119140625
1280x_2025-05-16_00-59-00_002,38,2048,3072,unet,0.002025604248046875
1280x_2025-05-16_00-59-00_002,39,2048,3584,unet,0.0018310546875
1280x_2025-05-16_00-59-00_002,0,0,0,resunet,1.0
1280x_2025-05-16_00-59-00_002,1,0,512,resunet,1.0
1280x_2025-05-16_00-59-00_002,2,0,1024,resunet,1.0
1280x_2025-05-16_00-59-00_002,3,0,1536,resunet,1.0
1280x_2025-05-16_00-59-00_002,4,0,2048,resunet,1.0
1280x_2025-05-16_00-59-00_002,5,0,2560,resunet,1.0
1280x_2025-05-16_00-59-00_002,6,0,3072,resunet,1.0
1280x_2025-05-16_00-59-00_002,7,0,3584,resunet,0.9999961853027344
1280x_2025-05-16_00-59-00_002,8,512,0,resunet,1.0
1280x_2025-05-16_00-59-00_002,9,512,512,resunet,1.0
1280x_2025-05-16_00-59-00_002,10,512,1024,resunet,1.0
1280x_2025-05-16_00-59-00_002,11,512,1536,resunet,1.0
1280x_2025-05-16_00-59-00_002,12,512,2048,resunet,1.0
1280x_2025-05-16_00-59-00_002,13,512,2560,resunet,1.0
1280x_2025-05-16_00-59-00_002,14,512,3072,resunet,1.0
1280x_2025-05-16_00-59-00_002,15,512,3584,resunet,1.0
1280x_2025-05-16_00-59-00_002,16,1024,0,resunet,1.0
1280x_2025-05-16_00-59-00_002,17,1024,512,resunet,1.0
1280x_2025-05-16_00-59-00_002,18,1024,1024,resunet,1.0
1280x_2025-05-16_00-59-00_002,19,1024,1536,resunet,1.0
1280x_2025-05-16_00-59-00_002,20,1024,2048,resunet,1.0
1280x_2025-05-16_00-59-00_002,21,1024,2560,resunet,1.0
1280x_2025-05-16_00-59-00_002,22,1024,3072,resunet,1.0
1280x_2025-05-16_00-59-00_002,23,1024,3584,resunet,1.0
1280x_2025-05-16_00-59-00_002,24,1536,0,resunet,0.9999961853027344
1280x_2025-05-16_00-59-00_002,25,1536,512,resunet,1.0
1280x_2025-05-16_00-59-00_002,26,1536,1024,resunet,1.0
1280x_2025-05-16_00-59-00_002,27,1536,1536,resunet,1.0
1280x_2025-05-16_00-59-00_002,28,1536,2048,resunet,1.0
1280x_2025-05-16_00-59-00_002,29,1536,2560,resunet,1.0
1280x_2025-05-16_00-59-00_002,30,1536,3072,resunet,1.0
1280x_2025-05-16_00-59-00_002,31,1536,3584,resunet,1.0
1280x_2025-05-16_00-59-00_002,32,2048,0,resunet,0.9999961853027344
1280x_2025-05-16_00-59-00_002,33,2048,512,resunet,0.9999961853027344
1280x_2025-05-16_00-59-00_002,34,2048,1024,resunet,1.0
1280x_2025-05-16_00-59-00_002,35,2048,1536,resunet,1.0
1280x_2025-05-16_00-59-00_002,36,2048,2048,resunet,1.0
1280x_2025-05-16_00-59-00_002,37,2048,2560,resunet,1.0
1280x_2025-05-16_00-59-00_002,38,2048,3072,resunet,1.0
1280x_2025-05-16_00-59-00_002,39,2048,3584,resunet,1.0
1280x_2025-05-16_00-59-00_002,0,0,0,attention_resunet,0.001590728759765625
1280x_2025-05-16_00-59-00_002,1,0,512,attention_resunet,0.00209808349609375
1280x_2025-05-16_00-59-00_002,2,0,1024,attention_resunet,0.0006866455078125
1280x_2025-05-16_00-59-00_002,3,0,1536,attention_resunet,0.0006256103515625
1280x_2025-05-16_00-59-00_002,4,0,2048,attention_resunet,0.00058746337890625
1280x_2025-05-16_00-59-00_002,5,0,2560,attention_resunet,0.001499176025390625
1280x_2025-05-16_00-59-00_002,6,0,3072,attention_resunet,0.00264739990234375
1280x_2025-05-16_00-59-00_002,7,0,3584,attention_resunet,0.01300048828125
1280x_2025-05-16_00-59-00_002,8,512,0,attention_resunet,0.002910614013671875
1280x_2025-05-16_00-59-00_002,9,512,512,attention_resunet,0.002033233642578125
1280x_2025-05-16_00-59-00_002,10,512,1024,attention_resunet,0.002048492431640625
1280x_2025-05-16_00-59-00_002,11,512,1536,attention_resunet,0.00064849853515625
1280x_2025-05-16_00-59-00_002,12,512,2048,attention_resunet,0.000652313232421875
1280x_2025-05-16_00-59-00_002,13,512,2560,attention_resunet,0.000652313232421875
1280x_2025-05-16_00-59-00_002,14,512,3072,attention_resunet,0.000946044921875
1280x_2025-05-16_00-59-00_002,15,512,3584,attention_resunet,0.003021240234375
1280x_2025-05-16_00-59-00_002,16,1024,0,attention_resunet,0.004756927490234375
1280x_2025-05-16_00-59-00_002,17,1024,512,attention_resunet,0.0032196044921875
1280x_2025-05-16_00-59-00_002,18,1024,1024,attention_resunet,0.002079010009765625
1280x_2025-05-16_00-59-00_002,19,1024,1536,attention_resunet,0.00199127197265625
1280x_2025-05-16_00-59-00_002,20,1024,2048,attention_resunet,0.00037384033203125
1280x_2025-05-16_00-59-00_002,21,1024,2560,attention_resunet,0.000644683837890625
1280x_2025-05-16_00-59-00_002,22,1024,3072,attention_resunet,0.000705718994140625
1280x_2025-05-16_00-59-00_002,23,1024,3584,attention_resunet,0.00135040283203125
1280x_2025-05-16_00-59-00_002,24,1536,0,attention_resunet,0.00759124755859375
1280x_2025-05-16_00-59-00_002,25,1536,512,attention_resunet,0.005413055419921875
1280x_2025-05-16_00-59-00_002,26,1536,1024,attention_resunet,0.003070831298828125
1280x_2025-05-16_00-59-00_002,27,1536,1536,attention_resunet,0.001934051513671875
1280x_2025-05-16_00-59-00_002,28,1536,2048,attention_resunet,0.00183868408203125
1280x_2025-05-16_00-59-00_002,29,1536,2560,attention_resunet,0.00064849853515625
1280x_2025-05-16_00-59-00_002,30,1536,3072,attention_resunet,0.00077056884765625
1280x_2025-05-16_00-59-00_002,31,1536,3584,attention_resunet,0.00151824951171875
1280x_2025-05-16_00-59-00_002,32,2048,0,attention_resunet,0.0083770751953125
1280x_2025-05-16_00-59-00_002,33,2048,512,attention_resunet,0.006381988525390625
1280x_2025-05-16_00-59-00_002,34,2048,1024,attention_resunet,0.005146026611328125
1280x_2025-05-16_00-59-00_002,35,2048,1536,attention_resunet,0.0028076171875
1280x_2025-05-16_00-59-00_002,36,2048,2048,attention_resunet,0.002109527587890625
1280x_2025-05-16_00-59-00_002,37,2048,2560,attention_resunet,0.002170562744140625
1280x_2025-05-16_00-59-00_002,38,2048,3072,attention_resunet,0.000591278076171875
1280x_2025-05-16_00-59-00_002,39,2048,3584,attention_resunet,0.001873016357421875
160x_2025-05-15_02-05-00,0,0,0,clahe_otsu,0.32843017578125
160x_2025-05-15_02-05-00,1,0,512,clahe_otsu,0.2957611083984375
160x_2025-05-15_02-05-00,2,0,1024,clahe_otsu,0.2894401550292969
160x_2025-05-15_02-05-00,3,0,1536,clahe_otsu,0.2969169616699219
160x_2025-05-15_02-05-00,4,0,2048,clahe_otsu,0.3148193359375
160x_2025-05-15_02-05-00,5,0,2560,clahe_otsu,0.3330879211425781
160x_2025-05-15_02-05-00,6,0,3072,clahe_otsu,0.40552520751953125
160x_2025-05-15_02-05-00,7,0,3584,clahe_otsu,0.5530624389648438
160x_2025-05-15_02-05-00,8,512,0,clahe_otsu,0.3144111633300781
160x_2025-05-15_02-05-00,9,512,512,clahe_otsu,0.29062652587890625
160x_2025-05-15_02-05-00,10,512,1024,clahe_otsu,0.2757110595703125
160x_2025-05-15_02-05-00,11,512,1536,clahe_otsu,0.29312896728515625
160x_2025-05-15_02-05-00,12,512,2048,clahe_otsu,0.3083839416503906
160x_2025-05-15_02-05-00,13,512,2560,clahe_otsu,0.33306121826171875
160x_2025-05-15_02-05-00,14,512,3072,clahe_otsu,0.39284515380859375
160x_2025-05-15_02-05-00,15,512,3584,clahe_otsu,0.4216270446777344
160x_2025-05-15_02-05-00,16,1024,0,clahe_otsu,0.30561065673828125
160x_2025-05-15_02-05-00,17,1024,512,clahe_otsu,0.291717529296875
160x_2025-05-15_02-05-00,18,1024,1024,clahe_otsu,0.2894744873046875
160x_2025-05-15_02-05-00,19,1024,1536,clahe_otsu,0.2874336242675781
160x_2025-05-15_02-05-00,20,1024,2048,clahe_otsu,0.3109855651855469
160x_2025-05-15_02-05-00,21,1024,2560,clahe_otsu,0.31835174560546875
160x_2025-05-15_02-05-00,22,1024,3072,clahe_otsu,0.3872871398925781
160x_2025-05-15_02-05-00,23,1024,3584,clahe_otsu,0.3836326599121094
160x_2025-05-15_02-05-00,24,1536,0,clahe_otsu,0.3176155090332031
160x_2025-05-15_02-05-00,25,1536,512,clahe_otsu,0.29416656494140625
160x_2025-05-15_02-05-00,26,1536,1024,clahe_otsu,0.289306640625
160x_2025-05-15_02-05-00,27,1536,1536,clahe_otsu,0.2926139831542969
160x_2025-05-15_02-05-00,28,1536,2048,clahe_otsu,0.3042640686035156
160x_2025-05-15_02-05-00,29,1536,2560,clahe_otsu,0.3237152099609375
160x_2025-05-15_02-05-00,30,1536,3072,clahe_otsu,0.38681793212890625
160x_2025-05-15_02-05-00,31,1536,3584,clahe_otsu,0.40988922119140625
160x_2025-05-15_02-05-00,32,2048,0,clahe_otsu,0.31749725341796875
160x_2025-05-15_02-05-00,33,2048,512,clahe_otsu,0.31201934814453125
160x_2025-05-15_02-05-00,34,2048,1024,clahe_otsu,0.2951698303222656
160x_2025-05-15_02-05-00,35,2048,1536,clahe_otsu,0.2945671081542969
160x_2025-05-15_02-05-00,36,2048,2048,clahe_otsu,0.31864166259765625
160x_2025-05-15_02-05-00,37,2048,2560,clahe_otsu,0.33038330078125
160x_2025-05-15_02-05-00,38,2048,3072,clahe_otsu,0.3875885009765625
160x_2025-05-15_02-05-00,39,2048,3584,clahe_otsu,0.4149665832519531
160x_2025-05-15_02-05-00,0,0,0,unet,0.00254058837890625
160x_2025-05-15_02-05-00,1,0,512,unet,0.002410888671875
160x_2025-05-15_02-05-00,2,0,1024,unet,0.003238677978515625
160x_2025-05-15_02-05-00,3,0,1536,unet,0.003223419189453125
160x_2025-05-15_02-05-00,4,0,2048,unet,0.00267791748046875
160x_2025-05-15_02-05-00,5,0,2560,unet,0.00295257568359375
160x_2025-05-15_02-05-00,6,0,3072,unet,0.0019683837890625
160x_2025-05-15_02-05-00,7,0,3584,unet,0.001190185546875
160x_2025-05-15_02-05-00,8,512,0,unet,0.0018463134765625
160x_2025-05-15_02-05-00,9,512,512,unet,0.001987457275390625
160x_2025-05-15_02-05-00,10,512,1024,unet,0.00252532958984375
160x_2025-05-15_02-05-00,11,512,1536,unet,0.002429962158203125
160x_2025-05-15_02-05-00,12,512,2048,unet,0.002956390380859375
160x_2025-05-15_02-05-00,13,512,2560,unet,0.002880096435546875
160x_2025-05-15_02-05-00,14,512,3072,unet,0.00286102294921875
160x_2025-05-15_02-05-00,15,512,3584,unet,0.00225067138671875
160x_2025-05-15_02-05-00,16,1024,0,unet,0.000949859619140625
160x_2025-05-15_02-05-00,17,1024,512,unet,0.001190185546875
160x_2025-05-15_02-05-00,18,1024,1024,unet,0.00243377685546875
160x_2025-05-15_02-05-00,19,1024,1536,unet,0.00215911865234375
160x_2025-05-15_02-05-00,20,1024,2048,unet,0.0023651123046875
160x_2025-05-15_02-05-00,21,1024,2560,unet,0.003143310546875
160x_2025-05-15_02-05-00,22,1024,3072,unet,0.003604888916015625
160x_2025-05-15_02-05-00,23,1024,3584,unet,0.00260162353515625
160x_2025-05-15_02-05-00,24,1536,0,unet,0.000579833984375
160x_2025-05-15_02-05-00,25,1536,512,unet,0.000934600830078125
160x_2025-05-15_02-05-00,26,1536,1024,unet,0.00115966796875
160x_2025-05-15_02-05-00,27,1536,1536,unet,0.002216339111328125
160x_2025-05-15_02-05-00,28,1536,2048,unet,0.002010345458984375
160x_2025-05-15_02-05-00,29,1536,2560,unet,0.002346038818359375
160x_2025-05-15_02-05-00,30,1536,3072,unet,0.003337860107421875
160x_2025-05-15_02-05-00,31,1536,3584,unet,0.002605438232421875
160x_2025-05-15_02-05-00,32,2048,0,unet,0.00083160400390625
160x_2025-05-15_02-05-00,33,2048,512,unet,0.000682830810546875
160x_2025-05-15_02-05-00,34,2048,1024,unet,0.001476287841796875
160x_2025-05-15_02-05-00,35,2048,1536,unet,0.001682281494140625
160x_2025-05-15_02-05-00,36,2048,2048,unet,0.00213623046875
160x_2025-05-15_02-05-00,37,2048,2560,unet,0.001949310302734375
160x_2025-05-15_02-05-00,38,2048,3072,unet,0.003704071044921875
160x_2025-05-15_02-05-00,39,2048,3584,unet,0.0027923583984375
160x_2025-05-15_02-05-00,0,0,0,resunet,0.9999961853027344
160x_2025-05-15_02-05-00,1,0,512,resunet,1.0
160x_2025-05-15_02-05-00,2,0,1024,resunet,1.0
160x_2025-05-15_02-05-00,3,0,1536,resunet,1.0
160x_2025-05-15_02-05-00,4,0,2048,resunet,1.0
160x_2025-05-15_02-05-00,5,0,2560,resunet,0.9999961853027344
160x_2025-05-15_02-05-00,6,0,3072,resunet,1.0
160x_2025-05-15_02-05-00,7,0,3584,resunet,1.0
160x_2025-05-15_02-05-00,8,512,0,resunet,1.0
160x_2025-05-15_02-05-00,9,512,512,resunet,1.0
160x_2025-05-15_02-05-00,10,512,1024,resunet,0.9999961853027344
160x_2025-05-15_02-05-00,11,512,1536,resunet,1.0
160x_2025-05-15_02-05-00,12,512,2048,resunet,1.0
160x_2025-05-15_02-05-00,13,512,2560,resunet,1.0
160x_2025-05-15_02-05-00,14,512,3072,resunet,1.0
160x_2025-05-15_02-05-00,15,512,3584,resunet,0.9999923706054688
160x_2025-05-15_02-05-00,16,1024,0,resunet,1.0
160x_2025-05-15_02-05-00,17,1024,512,resunet,0.9999847412109375
160x_2025-05-15_02-05-00,18,1024,1024,resunet,1.0
160x_2025-05-15_02-05-00,19,1024,1536,resunet,1.0
160x_2025-05-15_02-05-00,20,1024,2048,resunet,1.0
160x_2025-05-15_02-05-00,21,1024,2560,resunet,1.0
160x_2025-05-15_02-05-00,22,1024,3072,resunet,1.0
160x_2025-05-15_02-05-00,23,1024,3584,resunet,1.0
160x_2025-05-15_02-05-00,24,1536,0,resunet,1.0
160x_2025-05-15_02-05-00,25,1536,512,resunet,1.0
160x_2025-05-15_02-05-00,26,1536,1024,resunet,1.0
160x_2025-05-15_02-05-00,27,1536,1536,resunet,1.0
160x_2025-05-15_02-05-00,28,1536,2048,resunet,1.0
160x_2025-05-15_02-05-00,29,1536,2560,resunet,1.0
160x_2025-05-15_02-05-00,30,1536,3072,resunet,1.0
160x_2025-05-15_02-05-00,31,1536,3584,resunet,1.0
160x_2025-05-15_02-05-00,32,2048,0,resunet,1.0
160x_2025-05-15_02-05-00,33,2048,512,resunet,1.0
160x_2025-05-15_02-05-00,34,2048,1024,resunet,1.0
160x_2025-05-15_02-05-00,35,2048,1536,resunet,1.0
160x_2025-05-15_02-05-00,36,2048,2048,resunet,1.0
160x_2025-05-15_02-05-00,37,2048,2560,resunet,1.0
160x_2025-05-15_02-05-00,38,2048,3072,resunet,0.9999961853027344
160x_2025-05-15_02-05-00,39,2048,3584,resunet,1.0
160x_2025-05-15_02-05-00,0,0,0,attention_resunet,0.001476287841796875
160x_2025-05-15_02-05-00,1,0,512,attention_resunet,0.001556396484375
160x_2025-05-15_02-05-00,2,0,1024,attention_resunet,0.0016632080078125
160x_2025-05-15_02-05-00,3,0,1536,attention_resunet,0.001316070556640625
160x_2025-05-15_02-05-00,4,0,2048,attention_resunet,0.001354217529296875
160x_2025-05-15_02-05-00,5,0,2560,attention_resunet,0.00177764892578125
160x_2025-05-15_02-05-00,6,0,3072,attention_resunet,0.003772735595703125
160x_2025-05-15_02-05-00,7,0,3584,attention_resunet,0.01595306396484375
160x_2025-05-15_02-05-00,8,512,0,attention_resunet,0.00238800048828125
160x_2025-05-15_02-05-00,9,512,512,attention_resunet,0.002471923828125
160x_2025-05-15_02-05-00,10,512,1024,attention_resunet,0.00176239013671875
160x_2025-05-15_02-05-00,11,512,1536,attention_resunet,0.001743316650390625
160x_2025-05-15_02-05-00,12,512,2048,attention_resunet,0.001522064208984375
160x_2025-05-15_02-05-00,13,512,2560,attention_resunet,0.00162506103515625
160x_2025-05-15_02-05-00,14,512,3072,attention_resunet,0.00203704833984375
160x_2025-05-15_02-05-00,15,512,3584,attention_resunet,0.00429534912109375
160x_2025-05-15_02-05-00,16,1024,0,attention_resunet,0.003620147705078125
160x_2025-05-15_02-05-00,17,1024,512,attention_resunet,0.00289154052734375
160x_2025-05-15_02-05-00,18,1024,1024,attention_resunet,0.002902984619140625
160x_2025-05-15_02-05-00,19,1024,1536,attention_resunet,0.00215911865234375
160x_2025-05-15_02-05-00,20,1024,2048,attention_resunet,0.00199127197265625
160x_2025-05-15_02-05-00,21,1024,2560,attention_resunet,0.0016632080078125
160x_2025-05-15_02-05-00,22,1024,3072,attention_resunet,0.001712799072265625
160x_2025-05-15_02-05-00,23,1024,3584,attention_resunet,0.00269317626953125
160x_2025-05-15_02-05-00,24,1536,0,attention_resunet,0.005367279052734375
160x_2025-05-15_02-05-00,25,1536,512,attention_resunet,0.00473785400390625
160x_2025-05-15_02-05-00,26,1536,1024,attention_resunet,0.00321197509765625
160x_2025-05-15_02-05-00,27,1536,1536,attention_resunet,0.00267791748046875
160x_2025-05-15_02-05-00,28,1536,2048,attention_resunet,0.001953125
160x_2025-05-15_02-05-00,29,1536,2560,attention_resunet,0.0021820068359375
160x_2025-05-15_02-05-00,30,1536,3072,attention_resunet,0.002178192138671875
160x_2025-05-15_02-05-00,31,1536,3584,attention_resunet,0.00240325927734375
160x_2025-05-15_02-05-00,32,2048,0,attention_resunet,0.005657196044921875
160x_2025-05-15_02-05-00,33,2048,512,attention_resunet,0.00516510009765625
160x_2025-05-15_02-05-00,34,2048,1024,attention_resunet,0.00482940673828125
160x_2025-05-15_02-05-00,35,2048,1536,attention_resunet,0.0041656494140625
160x_2025-05-15_02-05-00,36,2048,2048,attention_resunet,0.003421783447265625
160x_2025-05-15_02-05-00,37,2048,2560,attention_resunet,0.003154754638671875
160x_2025-05-15_02-05-00,38,2048,3072,attention_resunet,0.0016021728515625
160x_2025-05-15_02-05-00,39,2048,3584,attention_resunet,0.003475189208984375
2025-05-16_00-59-00_002,0,0,0,clahe_otsu,0.29938507080078125
2025-05-16_00-59-00_002,1,0,512,clahe_otsu,0.4844551086425781
2025-05-16_00-59-00_002,2,0,1024,clahe_otsu,0.4607353210449219
2025-05-16_00-59-00_002,3,0,1536,clahe_otsu,0.3593635559082031
2025-05-16_00-59-00_002,4,0,2048,clahe_otsu,0.4500541687011719
2025-05-16_00-59-00_002,5,0,2560,clahe_otsu,0.4544258117675781
2025-05-16_00-59-00_002,6,0,3072,clahe_otsu,0.3550987243652344
2025-05-16_00-59-00_002,7,0,3584,clahe_otsu,0.453765869140625
2025-05-16_00-59-00_002,8,512,0,clahe_otsu,0.4597206115722656
2025-05-16_00-59-00_002,9,512,512,clahe_otsu,0.3572883605957031
2025-05-16_00-59-00_002,10,512,1024,clahe_otsu,0.5214347839355469
2025-05-16_00-59-00_002,11,512,1536,clahe_otsu,0.48445892333984375
2025-05-16_00-59-00_002,12,512,2048,clahe_otsu,0.3903388977050781
2025-05-16_00-59-00_002,13,512,2560,clahe_otsu,0.37122344970703125
2025-05-16_00-59-00_002,14,512,3072,clahe_otsu,0.4486045837402344
2025-05-16_00-59-00_002,15,512,3584,clahe_otsu,0.4102592468261719
2025-05-16_00-59-00_002,16,1024,0,clahe_otsu,0.394012451171875
2025-05-16_00-59-00_002,17,1024,512,clahe_otsu,0.5244140625
2025-05-16_00-59-00_002,18,1024,1024,clahe_otsu,0.40546417236328125
2025-05-16_00-59-00_002,19,1024,1536,clahe_otsu,0.467193603515625
2025-05-16_00-59-00_002,20,1024,2048,clahe_otsu,0.3962974548339844
2025-05-16_00-59-00_002,21,1024,2560,clahe_otsu,0.3991546630859375
2025-05-16_00-59-00_002,22,1024,3072,clahe_otsu,0.3795585632324219
2025-05-16_00-59-00_002,23,1024,3584,clahe_otsu,0.4471015930175781
2025-05-16_00-59-00_002,24,1536,0,clahe_otsu,0.4800910949707031
2025-05-16_00-59-00_002,25,1536,512,clahe_otsu,0.4307289123535156
2025-05-16_00-59-00_002,26,1536,1024,clahe_otsu,0.49492645263671875
2025-05-16_00-59-00_002,27,1536,1536,clahe_otsu,0.4436798095703125
2025-05-16_00-59-00_002,28,1536,2048,clahe_otsu,0.5312690734863281
2025-05-16_00-59-00_002,29,1536,2560,clahe_otsu,0.449432373046875
2025-05-16_00-59-00_002,30,1536,3072,clahe_otsu,0.40704345703125
2025-05-16_00-59-00_002,31,1536,3584,clahe_otsu,0.4356193542480469
2025-05-16_00-59-00_002,32,2048,0,clahe_otsu,0.43902587890625
2025-05-16_00-59-00_002,33,2048,512,clahe_otsu,0.4762763977050781
2025-05-16_00-59-00_002,34,2048,1024,clahe_otsu,0.36440277099609375
2025-05-16_00-59-00_002,35,2048,1536,clahe_otsu,0.4130821228027344
2025-05-16_00-59-00_002,36,2048,2048,clahe_otsu,0.4036712646484375
2025-05-16_00-59-00_002,37,2048,2560,clahe_otsu,0.4374427795410156
2025-05-16_00-59-00_002,38,2048,3072,clahe_otsu,0.3820686340332031
2025-05-16_00-59-00_002,39,2048,3584,clahe_otsu,0.46390533447265625
2025-05-16_00-59-00_002,0,0,0,unet,0.001117706298828125
2025-05-16_00-59-00_002,1,0,512,unet,0.001983642578125
2025-05-16_00-59-00_002,2,0,1024,unet,0.001956939697265625
2025-05-16_00-59-00_002,3,0,1536,unet,0.0020294189453125
2025-05-16_00-59-00_002,4,0,2048,unet,0.00205230712890625
2025-05-16_00-59-00_002,5,0,2560,unet,0.002117156982421875
2025-05-16_00-59-00_002,6,0,3072,unet,0.00201416015625
2025-05-16_00-59-00_002,7,0,3584,unet,0.00127410888671875
2025-05-16_00-59-00_002,8,512,0,unet,0.000110626220703125
2025-05-16_00-59-00_002,9,512,512,unet,0.000644683837890625
2025-05-16_00-59-00_002,10,512,1024,unet,0.0019073486328125
2025-05-16_00-59-00_002,11,512,1536,unet,0.001956939697265625
2025-05-16_00-59-00_002,12,512,2048,unet,0.0019683837890625
2025-05-16_00-59-00_002,13,512,2560,unet,0.002048492431640625
2025-05-16_00-59-00_002,14,512,3072,unet,0.002178192138671875
2025-05-16_00-59-00_002,15,512,3584,unet,0.002285003662109375
2025-05-16_00-59-00_002,16,1024,0,unet,2.6702880859375e-05
2025-05-16_00-59-00_002,17,1024,512,unet,3.814697265625e-05
2025-05-16_00-59-00_002,18,1024,1024,unet,0.00090789794921875
2025-05-16_00-59-00_002,19,1024,1536,unet,0.001911163330078125
2025-05-16_00-59-00_002,20,1024,2048,unet,0.00197601318359375
2025-05-16_00-59-00_002,21,1024,2560,unet,0.001979827880859375
2025-05-16_00-59-00_002,22,1024,3072,unet,0.002086639404296875
2025-05-16_00-59-00_002,23,1024,3584,unet,0.002109527587890625
2025-05-16_00-59-00_002,24,1536,0,unet,2.288818359375e-05
2025-05-16_00-59-00_002,25,1536,512,unet,2.288818359375e-05
2025-05-16_00-59-00_002,26,1536,1024,unet,9.918212890625e-05
2025-05-16_00-59-00_002,27,1536,1536,unet,0.00138092041015625
2025-05-16_00-59-00_002,28,1536,2048,unet,0.001995086669921875
2025-05-16_00-59-00_002,29,1536,2560,unet,0.001911163330078125
2025-05-16_00-59-00_002,30,1536,3072,unet,0.002044677734375
2025-05-16_00-59-00_002,31,1536,3584,unet,0.0019989013671875
2025-05-16_00-59-00_002,32,2048,0,unet,0.0002593994140625
2025-05-16_00-59-00_002,33,2048,512,unet,3.0517578125e-05
2025-05-16_00-59-00_002,34,2048,1024,unet,2.6702880859375e-05
2025-05-16_00-59-00_002,35,2048,1536,unet,0.000949859619140625
2025-05-16_00-59-00_002,36,2048,2048,unet,0.0018768310546875
2025-05-16_00-59-00_002,37,2048,2560,unet,0.001922607421875
2025-05-16_00-59-00_002,38,2048,3072,unet,0.00202178955078125
2025-05-16_00-59-00_002,39,2048,3584,unet,0.0019683837890625
2025-05-16_00-59-00_002,0,0,0,resunet,1.0
2025-05-16_00-59-00_002,1,0,512,resunet,1.0
2025-05-16_00-59-00_002,2,0,1024,resunet,1.0
2025-05-16_00-59-00_002,3,0,1536,resunet,1.0
2025-05-16_00-59-00_002,4,0,2048,resunet,1.0
2025-05-16_00-59-00_002,5,0,2560,resunet,1.0
2025-05-16_00-59-00_002,6,0,3072,resunet,1.0
2025-05-16_00-59-00_002,7,0,3584,resunet,1.0
2025-05-16_00-59-00_002,8,512,0,resunet,1.0
2025-05-16_00-59-00_002,9,512,512,resunet,1.0
2025-05-16_00-59-00_002,10,512,1024,resunet,1.0
2025-05-16_00-59-00_002,11,512,1536,resunet,1.0
2025-05-16_00-59-00_002,12,512,2048,resunet,1.0
2025-05-16_00-59-00_002,13,512,2560,resunet,1.0
2025-05-16_00-59-00_002,14,512,3072,resunet,1.0
2025-05-16_00-59-00_002,15,512,3584,resunet,1.0
2025-05-16_00-59-00_002,16,1024,0,resunet,1.0
2025-05-16_00-59-00_002,17,1024,512,resunet,1.0
2025-05-16_00-59-00_002,18,1024,1024,resunet,1.0
2025-05-16_00-59-00_002,19,1024,1536,resunet,1.0
2025-05-16_00-59-00_002,20,1024,2048,resunet,1.0
2025-05-16_00-59-00_002,21,1024,2560,resunet,1.0
2025-05-16_00-59-00_002,22,1024,3072,resunet,1.0
2025-05-16_00-59-00_002,23,1024,3584,resunet,1.0
2025-05-16_00-59-00_002,24,1536,0,resunet,0.9999961853027344
2025-05-16_00-59-00_002,25,1536,512,resunet,1.0
2025-05-16_00-59-00_002,26,1536,1024,resunet,1.0
2025-05-16_00-59-00_002,27,1536,1536,resunet,1.0
2025-05-16_00-59-00_002,28,1536,2048,resunet,1.0
2025-05-16_00-59-00_002,29,1536,2560,resunet,1.0
2025-05-16_00-59-00_002,30,1536,3072,resunet,1.0
2025-05-16_00-59-00_002,31,1536,3584,resunet,1.0
2025-05-16_00-59-00_002,32,2048,0,resunet,0.9999961853027344
2025-05-16_00-59-00_002,33,2048,512,resunet,0.9999961853027344
2025-05-16_00-59-00_002,34,2048,1024,resunet,1.0
2025-05-16_00-59-00_002,35,2048,1536,resunet,1.0
2025-05-16_00-59-00_002,36,2048,2048,resunet,1.0
2025-05-16_00-59-00_002,37,2048,2560,resunet,1.0
2025-05-16_00-59-00_002,38,2048,3072,resunet,1.0
2025-05-16_00-59-00_002,39,2048,3584,resunet,1.0
2025-05-16_00-59-00_002,0,0,0,attention_resunet,0.002048492431640625
2025-05-16_00-59-00_002,1,0,512,attention_resunet,0.002033233642578125
2025-05-16_00-59-00_002,2,0,1024,attention_resunet,0.000370025634765625
2025-05-16_00-59-00_002,3,0,1536,attention_resunet,0.000461578369140625
2025-05-16_00-59-00_002,4,0,2048,attention_resunet,0.000690460205078125
2025-05-16_00-59-00_002,5,0,2560,attention_resunet,0.00141143798828125
2025-05-16_00-59-00_002,6,0,3072,attention_resunet,0.0027313232421875
2025-05-16_00-59-00_002,7,0,3584,attention_resunet,0.012966156005859375
2025-05-16_00-59-00_002,8,512,0,attention_resunet,0.00250244140625
2025-05-16_00-59-00_002,9,512,512,attention_resunet,0.002109527587890625
2025-05-16_00-59-00_002,10,512,1024,attention_resunet,0.001956939697265625
2025-05-16_00-59-00_002,11,512,1536,attention_resunet,0.000423431396484375
2025-05-16_00-59-00_002,12,512,2048,attention_resunet,0.00052642822265625
2025-05-16_00-59-00_002,13,512,2560,attention_resunet,0.0003814697265625
2025-05-16_00-59-00_002,14,512,3072,attention_resunet,0.000732421875
2025-05-16_00-59-00_002,15,512,3584,attention_resunet,0.002765655517578125
2025-05-16_00-59-00_002,16,1024,0,attention_resunet,0.00421142578125
2025-05-16_00-59-00_002,17,1024,512,attention_resunet,0.002838134765625
2025-05-16_00-59-00_002,18,1024,1024,attention_resunet,0.002124786376953125
2025-05-16_00-59-00_002,19,1024,1536,attention_resunet,0.00164794921875
2025-05-16_00-59-00_002,20,1024,2048,attention_resunet,0.000400543212890625
2025-05-16_00-59-00_002,21,1024,2560,attention_resunet,0.000457763671875
2025-05-16_00-59-00_002,22,1024,3072,attention_resunet,0.000415802001953125
2025-05-16_00-59-00_002,23,1024,3584,attention_resunet,0.001171112060546875
2025-05-16_00-59-00_002,24,1536,0,attention_resunet,0.006866455078125
2025-05-16_00-59-00_002,25,1536,512,attention_resunet,0.005374908447265625
2025-05-16_00-59-00_002,26,1536,1024,attention_resunet,0.002758026123046875
2025-05-16_00-59-00_002,27,1536,1536,attention_resunet,0.002063751220703125
2025-05-16_00-59-00_002,28,1536,2048,attention_resunet,0.001537322998046875
2025-05-16_00-59-00_002,29,1536,2560,attention_resunet,0.0004119873046875
2025-05-16_00-59-00_002,30,1536,3072,attention_resunet,0.000457763671875
2025-05-16_00-59-00_002,31,1536,3584,attention_resunet,0.001140594482421875
2025-05-16_00-59-00_002,32,2048,0,attention_resunet,0.008464813232421875
2025-05-16_00-59-00_002,33,2048,512,attention_resunet,0.0062255859375
2025-05-16_00-59-00_002,34,2048,1024,attention_resunet,0.00514984130859375
2025-05-16_00-59-00_002,35,2048,1536,attention_resunet,0.002216339111328125
2025-05-16_00-59-00_002,36,2048,2048,attention_resunet,0.00209808349609375
2025-05-16_00-59-00_002,37,2048,2560,attention_resunet,0.00203704833984375
2025-05-16_00-59-00_002,38,2048,3072,attention_resunet,0.000560760498046875
2025-05-16_00-59-00_002,39,2048,3584,attention_resunet,0.0013275146484375
20x_2025-05-15_02-05-00,0,0,0,clahe_otsu,0.5671958923339844
20x_2025-05-15_02-05-00,1,0,512,clahe_otsu,0.5697212219238281
20x_2025-05-15_02-05-00,2,0,1024,clahe_otsu,0.5654716491699219
20x_2025-05-15_02-05-00,3,0,1536,clahe_otsu,0.5641021728515625
20x_2025-05-15_02-05-00,4,0,2048,clahe_otsu,0.5691909790039062
20x_2025-05-15_02-05-00,5,0,2560,clahe_otsu,0.5919914245605469
20x_2025-05-15_02-05-00,6,0,3072,clahe_otsu,0.5752220153808594
20x_2025-05-15_02-05-00,7,0,3584,clahe_otsu,0.6257133483886719
20x_2025-05-15_02-05-00,8,512,0,clahe_otsu,0.5537338256835938
20x_2025-05-15_02-05-00,9,512,512,clahe_otsu,0.5510101318359375
20x_2025-05-15_02-05-00,10,512,1024,clahe_otsu,0.5528450012207031
20x_2025-05-15_02-05-00,11,512,1536,clahe_otsu,0.5589218139648438
20x_2025-05-15_02-05-00,12,512,2048,clahe_otsu,0.5651130676269531
20x_2025-05-15_02-05-00,13,512,2560,clahe_otsu,0.5724525451660156
20x_2025-05-15_02-05-00,14,512,3072,clahe_otsu,0.5668106079101562
20x_2025-05-15_02-05-00,15,512,3584,clahe_otsu,0.5689315795898438
20x_2025-05-15_02-05-00,16,1024,0,clahe_otsu,0.5363616943359375
20x_2025-05-15_02-05-00,17,1024,512,clahe_otsu,0.5441322326660156
20x_2025-05-15_02-05-00,18,1024,1024,clahe_otsu,0.5504684448242188
20x_2025-05-15_02-05-00,19,1024,1536,clahe_otsu,0.5705604553222656
20x_2025-05-15_02-05-00,20,1024,2048,clahe_otsu,0.5596771240234375
20x_2025-05-15_02-05-00,21,1024,2560,clahe_otsu,0.5547866821289062
20x_2025-05-15_02-05-00,22,1024,3072,clahe_otsu,0.553558349609375
20x_2025-05-15_02-05-00,23,1024,3584,clahe_otsu,0.5281982421875
20x_2025-05-15_02-05-00,24,1536,0,clahe_otsu,0.5400848388671875
20x_2025-05-15_02-05-00,25,1536,512,clahe_otsu,0.5291709899902344
20x_2025-05-15_02-05-00,26,1536,1024,clahe_otsu,0.5449142456054688
20x_2025-05-15_02-05-00,27,1536,1536,clahe_otsu,0.5473289489746094
20x_2025-05-15_02-05-00,28,1536,2048,clahe_otsu,0.5334320068359375
20x_2025-05-15_02-05-00,29,1536,2560,clahe_otsu,0.5359420776367188
20x_2025-05-15_02-05-00,30,1536,3072,clahe_otsu,0.5368843078613281
20x_2025-05-15_02-05-00,31,1536,3584,clahe_otsu,0.5387115478515625
20x_2025-05-15_02-05-00,32,2048,0,clahe_otsu,0.5334129333496094
20x_2025-05-15_02-05-00,33,2048,512,clahe_otsu,0.524200439453125
20x_2025-05-15_02-05-00,34,2048,1024,clahe_otsu,0.5268211364746094
20x_2025-05-15_02-05-00,35,2048,1536,clahe_otsu,0.5161018371582031
20x_2025-05-15_02-05-00,36,2048,2048,clahe_otsu,0.5245437622070312
20x_2025-05-15_02-05-00,37,2048,2560,clahe_otsu,0.5308151245117188
20x_2025-05-15_02-05-00,38,2048,3072,clahe_otsu,0.5257186889648438
20x_2025-05-15_02-05-00,39,2048,3584,clahe_otsu,0.5459136962890625
20x_2025-05-15_02-05-00,0,0,0,unet,0.002254486083984375
20x_2025-05-15_02-05-00,1,0,512,unet,0.0028533935546875
20x_2025-05-15_02-05-00,2,0,1024,unet,0.00232696533203125
20x_2025-05-15_02-05-00,3,0,1536,unet,0.002353668212890625
20x_2025-05-15_02-05-00,4,0,2048,unet,0.001850128173828125
20x_2025-05-15_02-05-00,5,0,2560,unet,0.001415252685546875
20x_2025-05-15_02-05-00,6,0,3072,unet,0.001422882080078125
20x_2025-05-15_02-05-00,7,0,3584,unet,0.000988006591796875
20x_2025-05-15_02-05-00,8,512,0,unet,0.003314971923828125
20x_2025-05-15_02-05-00,9,512,512,unet,0.00348663330078125
20x_2025-05-15_02-05-00,10,512,1024,unet,0.00305938720703125
20x_2025-05-15_02-05-00,11,512,1536,unet,0.002788543701171875
20x_2025-05-15_02-05-00,12,512,2048,unet,0.0017547607421875
20x_2025-05-15_02-05-00,13,512,2560,unet,0.001941680908203125
20x_2025-05-15_02-05-00,14,512,3072,unet,0.001712799072265625
20x_2025-05-15_02-05-00,15,512,3584,unet,0.00212860107421875
20x_2025-05-15_02-05-00,16,1024,0,unet,0.003681182861328125
20x_2025-05-15_02-05-00,17,1024,512,unet,0.004077911376953125
20x_2025-05-15_02-05-00,18,1024,1024,unet,0.004016876220703125
20x_2025-05-15_02-05-00,19,1024,1536,unet,0.002956390380859375
20x_2025-05-15_02-05-00,20,1024,2048,unet,0.003093719482421875
20x_2025-05-15_02-05-00,21,1024,2560,unet,0.003139495849609375
20x_2025-05-15_02-05-00,22,1024,3072,unet,0.002391815185546875
20x_2025-05-15_02-05-00,23,1024,3584,unet,0.002483367919921875
20x_2025-05-15_02-05-00,24,1536,0,unet,0.00377655029296875
20x_2025-05-15_02-05-00,25,1536,512,unet,0.003810882568359375
20x_2025-05-15_02-05-00,26,1536,1024,unet,0.004077911376953125
20x_2025-05-15_02-05-00,27,1536,1536,unet,0.003566741943359375
20x_2025-05-15_02-05-00,28,1536,2048,unet,0.003192901611328125
20x_2025-05-15_02-05-00,29,1536,2560,unet,0.003459930419921875
20x_2025-05-15_02-05-00,30,1536,3072,unet,0.00263214111328125
20x_2025-05-15_02-05-00,31,1536,3584,unet,0.001850128173828125
20x_2025-05-15_02-05-00,32,2048,0,unet,0.0035400390625
20x_2025-05-15_02-05-00,33,2048,512,unet,0.003726959228515625
20x_2025-05-15_02-05-00,34,2048,1024,unet,0.00379180908203125
20x_2025-05-15_02-05-00,35,2048,1536,unet,0.003780364990234375
20x_2025-05-15_02-05-00,36,2048,2048,unet,0.004001617431640625
20x_2025-05-15_02-05-00,37,2048,2560,unet,0.00371551513671875
20x_2025-05-15_02-05-00,38,2048,3072,unet,0.002826690673828125
20x_2025-05-15_02-05-00,39,2048,3584,unet,0.002330780029296875
20x_2025-05-15_02-05-00,0,0,0,resunet,1.0
20x_2025-05-15_02-05-00,1,0,512,resunet,0.9999961853027344
20x_2025-05-15_02-05-00,2,0,1024,resunet,1.0
20x_2025-05-15_02-05-00,3,0,1536,resunet,0.9999771118164062
20x_2025-05-15_02-05-00,4,0,2048,resunet,0.9999923706054688
20x_2025-05-15_02-05-00,5,0,2560,resunet,1.0
20x_2025-05-15_02-05-00,6,0,3072,resunet,1.0
20x_2025-05-15_02-05-00,7,0,3584,resunet,1.0
20x_2025-05-15_02-05-00,8,512,0,resunet,1.0
20x_2025-05-15_02-05-00,9,512,512,resunet,1.0
20x_2025-05-15_02-05-00,10,512,1024,resunet,1.0
20x_2025-05-15_02-05-00,11,512,1536,resunet,0.9999847412109375
20x_2025-05-15_02-05-00,12,512,2048,resunet,1.0
20x_2025-05-15_02-05-00,13,512,2560,resunet,1.0
20x_2025-05-15_02-05-00,14,512,3072,resunet,0.9999961853027344
20x_2025-05-15_02-05-00,15,512,3584,resunet,1.0
20x_2025-05-15_02-05-00,16,1024,0,resunet,0.9999923706054688
20x_2025-05-15_02-05-00,17,1024,512,resunet,0.9999732971191406
20x_2025-05-15_02-05-00,18,1024,1024,resunet,0.9999771118164062
20x_2025-05-15_02-05-00,19,1024,1536,resunet,1.0
20x_2025-05-15_02-05-00,20,1024,2048,resunet,0.9999961853027344
20x_2025-05-15_02-05-00,21,1024,2560,resunet,0.9999885559082031
20x_2025-05-15_02-05-00,22,1024,3072,resunet,1.0
20x_2025-05-15_02-05-00,23,1024,3584,resunet,1.0
20x_2025-05-15_02-05-00,24,1536,0,resunet,1.0
20x_2025-05-15_02-05-00,25,1536,512,resunet,1.0
20x_2025-05-15_02-05-00,26,1536,1024,resunet,0.9999923706054688
20x_2025-05-15_02-05-00,27,1536,1536,resunet,1.0
20x_2025-05-15_02-05-00,28,1536,2048,resunet,1.0
20x_2025-05-15_02-05-00,29,1536,2560,resunet,0.9999809265136719
20x_2025-05-15_02-05-00,30,1536,3072,resunet,1.0
20x_2025-05-15_02-05-00,31,1536,3584,resunet,1.0
20x_2025-05-15_02-05-00,32,2048,0,resunet,1.0
20x_2025-05-15_02-05-00,33,2048,512,resunet,1.0
20x_2025-05-15_02-05-00,34,2048,1024,resunet,1.0
20x_2025-05-15_02-05-00,35,2048,1536,resunet,1.0
20x_2025-05-15_02-05-00,36,2048,2048,resunet,1.0
20x_2025-05-15_02-05-00,37,2048,2560,resunet,1.0
20x_2025-05-15_02-05-00,38,2048,3072,resunet,0.9999961853027344
20x_2025-05-15_02-05-00,39,2048,3584,resunet,0.9999923706054688
20x_2025-05-15_02-05-00,0,0,0,attention_resunet,0.006195068359375
20x_2025-05-15_02-05-00,1,0,512,attention_resunet,0.005207061767578125
20x_2025-05-15_02-05-00,2,0,1024,attention_resunet,0.0055084228515625
20x_2025-05-15_02-05-00,3,0,1536,attention_resunet,0.006237030029296875
20x_2025-05-15_02-05-00,4,0,2048,attention_resunet,0.006404876708984375
20x_2025-05-15_02-05-00,5,0,2560,attention_resunet,0.00823211669921875
20x_2025-05-15_02-05-00,6,0,3072,attention_resunet,0.007495880126953125
20x_2025-05-15_02-05-00,7,0,3584,attention_resunet,0.013332366943359375
20x_2025-05-15_02-05-00,8,512,0,attention_resunet,0.004024505615234375
20x_2025-05-15_02-05-00,9,512,512,attention_resunet,0.003658294677734375
20x_2025-05-15_02-05-00,10,512,1024,attention_resunet,0.004047393798828125
20x_2025-05-15_02-05-00,11,512,1536,attention_resunet,0.004528045654296875
20x_2025-05-15_02-05-00,12,512,2048,attention_resunet,0.006145477294921875
20x_2025-05-15_02-05-00,13,512,2560,attention_resunet,0.006214141845703125
20x_2025-05-15_02-05-00,14,512,3072,attention_resunet,0.005596160888671875
20x_2025-05-15_02-05-00,15,512,3584,attention_resunet,0.005298614501953125
20x_2025-05-15_02-05-00,16,1024,0,attention_resunet,0.0030975341796875
20x_2025-05-15_02-05-00,17,1024,512,attention_resunet,0.002513885498046875
20x_2025-05-15_02-05-00,18,1024,1024,attention_resunet,0.003337860107421875
20x_2025-05-15_02-05-00,19,1024,1536,attention_resunet,0.00357818603515625
20x_2025-05-15_02-05-00,20,1024,2048,attention_resunet,0.004093170166015625
20x_2025-05-15_02-05-00,21,1024,2560,attention_resunet,0.003814697265625
20x_2025-05-15_02-05-00,22,1024,3072,attention_resunet,0.003757476806640625
20x_2025-05-15_02-05-00,23,1024,3584,attention_resunet,0.003467559814453125
20x_2025-05-15_02-05-00,24,1536,0,attention_resunet,0.0020294189453125
20x_2025-05-15_02-05-00,25,1536,512,attention_resunet,0.00208282470703125
20x_2025-05-15_02-05-00,26,1536,1024,attention_resunet,0.002025604248046875
20x_2025-05-15_02-05-00,27,1536,1536,attention_resunet,0.002719879150390625
20x_2025-05-15_02-05-00,28,1536,2048,attention_resunet,0.002452850341796875
20x_2025-05-15_02-05-00,29,1536,2560,attention_resunet,0.00229644775390625
20x_2025-05-15_02-05-00,30,1536,3072,attention_resunet,0.002593994140625
20x_2025-05-15_02-05-00,31,1536,3584,attention_resunet,0.004329681396484375
20x_2025-05-15_02-05-00,32,2048,0,attention_resunet,0.001819610595703125
20x_2025-05-15_02-05-00,33,2048,512,attention_resunet,0.002231597900390625
20x_2025-05-15_02-05-00,34,2048,1024,attention_resunet,0.002140045166015625
20x_2025-05-15_02-05-00,35,2048,1536,attention_resunet,0.00197601318359375
20x_2025-05-15_02-05-00,36,2048,2048,attention_resunet,0.0023956298828125
20x_2025-05-15_02-05-00,37,2048,2560,attention_resunet,0.00235748291015625
20x_2025-05-15_02-05-00,38,2048,3072,attention_resunet,0.002391815185546875
20x_2025-05-15_02-05-00,39,2048,3584,attention_resunet,0.0040435791015625
320x_2025-05-15_02-05-00,0,0,0,clahe_otsu,0.24882125854492188
320x_2025-05-15_02-05-00,1,0,512,clahe_otsu,0.174530029296875
320x_2025-05-15_02-05-00,2,0,1024,clahe_otsu,0.17345428466796875
320x_2025-05-15_02-05-00,3,0,1536,clahe_otsu,0.16425323486328125
320x_2025-05-15_02-05-00,4,0,2048,clahe_otsu,0.1536102294921875
320x_2025-05-15_02-05-00,5,0,2560,clahe_otsu,0.15563583374023438
320x_2025-05-15_02-05-00,6,0,3072,clahe_otsu,0.24537277221679688
320x_2025-05-15_02-05-00,7,0,3584,clahe_otsu,0.4798469543457031
320x_2025-05-15_02-05-00,8,512,0,clahe_otsu,0.19818878173828125
320x_2025-05-15_02-05-00,9,512,512,clahe_otsu,0.17438888549804688
320x_2025-05-15_02-05-00,10,512,1024,clahe_otsu,0.1673126220703125
320x_2025-05-15_02-05-00,11,512,1536,clahe_otsu,0.15500640869140625
320x_2025-05-15_02-05-00,12,512,2048,clahe_otsu,0.15961074829101562
320x_2025-05-15_02-05-00,13,512,2560,clahe_otsu,0.15144729614257812
320x_2025-05-15_02-05-00,14,512,3072,clahe_otsu,0.1582794189453125
320x_2025-05-15_02-05-00,15,512,3584,clahe_otsu,0.2619132995605469
320x_2025-05-15_02-05-00,16,1024,0,clahe_otsu,0.202728271484375
320x_2025-05-15_02-05-00,17,1024,512,clahe_otsu,0.16509246826171875
320x_2025-05-15_02-05-00,18,1024,1024,clahe_otsu,0.1605377197265625
320x_2025-05-15_02-05-00,19,1024,1536,clahe_otsu,0.15282058715820312
320x_2025-05-15_02-05-00,20,1024,2048,clahe_otsu,0.15236282348632812
320x_2025-05-15_02-05-00,21,1024,2560,clahe_otsu,0.140869140625
320x_2025-05-15_02-05-00,22,1024,3072,clahe_otsu,0.15968704223632812
320x_2025-05-15_02-05-00,23,1024,3584,clahe_otsu,0.20389938354492188
320x_2025-05-15_02-05-00,24,1536,0,clahe_otsu,0.3003997802734375
320x_2025-05-15_02-05-00,25,1536,512,clahe_otsu,0.17705154418945312
320x_2025-05-15_02-05-00,26,1536,1024,clahe_otsu,0.17440414428710938
320x_2025-05-15_02-05-00,27,1536,1536,clahe_otsu,0.1580047607421875
320x_2025-05-15_02-05-00,28,1536,2048,clahe_otsu,0.17131805419921875
320x_2025-05-15_02-05-00,29,1536,2560,clahe_otsu,0.15642166137695312
320x_2025-05-15_02-05-00,30,1536,3072,clahe_otsu,0.17670059204101562
320x_2025-05-15_02-05-00,31,1536,3584,clahe_otsu,0.1866912841796875
320x_2025-05-15_02-05-00,32,2048,0,clahe_otsu,0.3487434387207031
320x_2025-05-15_02-05-00,33,2048,512,clahe_otsu,0.16226959228515625
320x_2025-05-15_02-05-00,34,2048,1024,clahe_otsu,0.1624908447265625
320x_2025-05-15_02-05-00,35,2048,1536,clahe_otsu,0.16912078857421875
320x_2025-05-15_02-05-00,36,2048,2048,clahe_otsu,0.16640090942382812
320x_2025-05-15_02-05-00,37,2048,2560,clahe_otsu,0.16855621337890625
320x_2025-05-15_02-05-00,38,2048,3072,clahe_otsu,0.1898956298828125
320x_2025-05-15_02-05-00,39,2048,3584,clahe_otsu,0.22831344604492188
320x_2025-05-15_02-05-00,0,0,0,unet,0.0014495849609375
320x_2025-05-15_02-05-00,1,0,512,unet,0.001377105712890625
320x_2025-05-15_02-05-00,2,0,1024,unet,0.001369476318359375
320x_2025-05-15_02-05-00,3,0,1536,unet,0.002532958984375
320x_2025-05-15_02-05-00,4,0,2048,unet,0.00234222412109375
320x_2025-05-15_02-05-00,5,0,2560,unet,0.002460479736328125
320x_2025-05-15_02-05-00,6,0,3072,unet,0.002140045166015625
320x_2025-05-15_02-05-00,7,0,3584,unet,0.001796722412109375
320x_2025-05-15_02-05-00,8,512,0,unet,0.0003662109375
320x_2025-05-15_02-05-00,9,512,512,unet,0.000286102294921875
320x_2025-05-15_02-05-00,10,512,1024,unet,0.00091552734375
320x_2025-05-15_02-05-00,11,512,1536,unet,0.00121307373046875
320x_2025-05-15_02-05-00,12,512,2048,unet,0.002033233642578125
320x_2025-05-15_02-05-00,13,512,2560,unet,0.0022735595703125
320x_2025-05-15_02-05-00,14,512,3072,unet,0.00231170654296875
320x_2025-05-15_02-05-00,15,512,3584,unet,0.002227783203125
320x_2025-05-15_02-05-00,16,1024,0,unet,0.001148223876953125
320x_2025-05-15_02-05-00,17,1024,512,unet,0.00012969970703125
320x_2025-05-15_02-05-00,18,1024,1024,unet,0.00028228759765625
320x_2025-05-15_02-05-00,19,1024,1536,unet,0.000545501708984375
320x_2025-05-15_02-05-00,20,1024,2048,unet,0.0003509521484375
320x_2025-05-15_02-05-00,21,1024,2560,unet,0.0007781982421875
320x_2025-05-15_02-05-00,22,1024,3072,unet,0.00241851806640625
320x_2025-05-15_02-05-00,23,1024,3584,unet,0.002468109130859375
320x_2025-05-15_02-05-00,24,1536,0,unet,0.0018463134765625
320x_2025-05-15_02-05-00,25,1536,512,unet,0.0007781982421875
320x_2025-05-15_02-05-00,26,1536,1024,unet,0.00048065185546875
320x_2025-05-15_02-05-00,27,1536,1536,unet,0.000255584716796875
320x_2025-05-15_02-05-00,28,1536,2048,unet,0.0004119873046875
320x_2025-05-15_02-05-00,29,1536,2560,unet,0.0005035400390625
320x_2025-05-15_02-05-00,30,1536,3072,unet,0.00148773193359375
320x_2025-05-15_02-05-00,31,1536,3584,unet,0.002056121826171875
320x_2025-05-15_02-05-00,32,2048,0,unet,0.00211334228515625
320x_2025-05-15_02-05-00,33,2048,512,unet,0.002292633056640625
320x_2025-05-15_02-05-00,34,2048,1024,unet,0.000354766845703125
320x_2025-05-15_02-05-00,35,2048,1536,unet,0.0001983642578125
320x_2025-05-15_02-05-00,36,2048,2048,unet,0.0002899169921875
320x_2025-05-15_02-05-00,37,2048,2560,unet,0.0003814697265625
320x_2025-05-15_02-05-00,38,2048,3072,unet,0.000995635986328125
320x_2025-05-15_02-05-00,39,2048,3584,unet,0.002292633056640625
320x_2025-05-15_02-05-00,0,0,0,resunet,1.0
320x_2025-05-15_02-05-00,1,0,512,resunet,1.0
320x_2025-05-15_02-05-00,2,0,1024,resunet,1.0
320x_2025-05-15_02-05-00,3,0,1536,resunet,1.0
320x_2025-05-15_02-05-00,4,0,2048,resunet,1.0
320x_2025-05-15_02-05-00,5,0,2560,resunet,1.0
320x_2025-05-15_02-05-00,6,0,3072,resunet,1.0
320x_2025-05-15_02-05-00,7,0,3584,resunet,0.9999961853027344
320x_2025-05-15_02-05-00,8,512,0,resunet,1.0
320x_2025-05-15_02-05-00,9,512,512,resunet,1.0
320x_2025-05-15_02-05-00,10,512,1024,resunet,1.0
320x_2025-05-15_02-05-00,11,512,1536,resunet,1.0
320x_2025-05-15_02-05-00,12,512,2048,resunet,1.0
320x_2025-05-15_02-05-00,13,512,2560,resunet,1.0
320x_2025-05-15_02-05-00,14,512,3072,resunet,1.0
320x_2025-05-15_02-05-00,15,512,3584,resunet,1.0
320x_2025-05-15_02-05-00,16,1024,0,resunet,0.9999961853027344
320x_2025-05-15_02-05-00,17,1024,512,resunet,0.9999961853027344
320x_2025-05-15_02-05-00,18,1024,1024,resunet,1.0
320x_2025-05-15_02-05-00,19,1024,1536,resunet,1.0
320x_2025-05-15_02-05-00,20,1024,2048,resunet,1.0
320x_2025-05-15_02-05-00,21,1024,2560,resunet,1.0
320x_2025-05-15_02-05-00,22,1024,3072,resunet,1.0
320x_2025-05-15_02-05-00,23,1024,3584,resunet,1.0
320x_2025-05-15_02-05-00,24,1536,0,resunet,0.9999961853027344
320x_2025-05-15_02-05-00,25,1536,512,resunet,0.9999961853027344
320x_2025-05-15_02-05-00,26,1536,1024,resunet,0.9999961853027344
320x_2025-05-15_02-05-00,27,1536,1536,resunet,1.0
320x_2025-05-15_02-05-00,28,1536,2048,resunet,1.0
320x_2025-05-15_02-05-00,29,1536,2560,resunet,1.0
320x_2025-05-15_02-05-00,30,1536,3072,resunet,1.0
320x_2025-05-15_02-05-00,31,1536,3584,resunet,1.0
320x_2025-05-15_02-05-00,32,2048,0,resunet,0.9999961853027344
320x_2025-05-15_02-05-00,33,2048,512,resunet,0.9999961853027344
320x_2025-05-15_02-05-00,34,2048,1024,resunet,0.9999961853027344
320x_2025-05-15_02-05-00,35,2048,1536,resunet,1.0
320x_2025-05-15_02-05-00,36,2048,2048,resunet,0.9999961853027344
320x_2025-05-15_02-05-00,37,2048,2560,resunet,1.0
320x_2025-05-15_02-05-00,38,2048,3072,resunet,1.0
320x_2025-05-15_02-05-00,39,2048,3584,resunet,1.0
320x_2025-05-15_02-05-00,0,0,0,attention_resunet,0.00061798095703125
320x_2025-05-15_02-05-00,1,0,512,attention_resunet,0.001720428466796875
320x_2025-05-15_02-05-00,2,0,1024,attention_resunet,0.001678466796875
320x_2025-05-15_02-05-00,3,0,1536,attention_resunet,0.00173187255859375
320x_2025-05-15_02-05-00,4,0,2048,attention_resunet,0.001682281494140625
320x_2025-05-15_02-05-00,5,0,2560,attention_resunet,0.001068115234375
320x_2025-05-15_02-05-00,6,0,3072,attention_resunet,0.001708984375
320x_2025-05-15_02-05-00,7,0,3584,attention_resunet,0.011837005615234375
320x_2025-05-15_02-05-00,8,512,0,attention_resunet,0.00220489501953125
320x_2025-05-15_02-05-00,9,512,512,attention_resunet,0.00347900390625
320x_2025-05-15_02-05-00,10,512,1024,attention_resunet,0.00312042236328125
320x_2025-05-15_02-05-00,11,512,1536,attention_resunet,0.002323150634765625
320x_2025-05-15_02-05-00,12,512,2048,attention_resunet,0.0018768310546875
320x_2025-05-15_02-05-00,13,512,2560,attention_resunet,0.00162506103515625
320x_2025-05-15_02-05-00,14,512,3072,attention_resunet,0.001598358154296875
320x_2025-05-15_02-05-00,15,512,3584,attention_resunet,0.001556396484375
320x_2025-05-15_02-05-00,16,1024,0,attention_resunet,0.00399017333984375
320x_2025-05-15_02-05-00,17,1024,512,attention_resunet,0.0052032470703125
320x_2025-05-15_02-05-00,18,1024,1024,attention_resunet,0.003665924072265625
320x_2025-05-15_02-05-00,19,1024,1536,attention_resunet,0.003101348876953125
320x_2025-05-15_02-05-00,20,1024,2048,attention_resunet,0.0024871826171875
320x_2025-05-15_02-05-00,21,1024,2560,attention_resunet,0.00200653076171875
320x_2025-05-15_02-05-00,22,1024,3072,attention_resunet,0.00189208984375
320x_2025-05-15_02-05-00,23,1024,3584,attention_resunet,0.00138092041015625
320x_2025-05-15_02-05-00,24,1536,0,attention_resunet,0.004512786865234375
320x_2025-05-15_02-05-00,25,1536,512,attention_resunet,0.006946563720703125
320x_2025-05-15_02-05-00,26,1536,1024,attention_resunet,0.005584716796875
320x_2025-05-15_02-05-00,27,1536,1536,attention_resunet,0.004489898681640625
320x_2025-05-15_02-05-00,28,1536,2048,attention_resunet,0.00457000732421875
320x_2025-05-15_02-05-00,29,1536,2560,attention_resunet,0.003467559814453125
320x_2025-05-15_02-05-00,30,1536,3072,attention_resunet,0.002063751220703125
320x_2025-05-15_02-05-00,31,1536,3584,attention_resunet,0.00193023681640625
320x_2025-05-15_02-05-00,32,2048,0,attention_resunet,0.00423431396484375
320x_2025-05-15_02-05-00,33,2048,512,attention_resunet,0.007793426513671875
320x_2025-05-15_02-05-00,34,2048,1024,attention_resunet,0.006580352783203125
320x_2025-05-15_02-05-00,35,2048,1536,attention_resunet,0.00527191162109375
320x_2025-05-15_02-05-00,36,2048,2048,attention_resunet,0.0051116943359375
320x_2025-05-15_02-05-00,37,2048,2560,attention_resunet,0.004238128662109375
320x_2025-05-15_02-05-00,38,2048,3072,attention_resunet,0.002685546875
320x_2025-05-15_02-05-00,39,2048,3584,attention_resunet,0.001983642578125
5120x_2025-05-16_00-59-00_002,0,0,0,clahe_otsu,0.2899055480957031
5120x_2025-05-16_00-59-00_002,1,0,512,clahe_otsu,0.38985443115234375
5120x_2025-05-16_00-59-00_002,2,0,1024,clahe_otsu,0.476593017578125
5120x_2025-05-16_00-59-00_002,3,0,1536,clahe_otsu,0.40465545654296875
5120x_2025-05-16_00-59-00_002,4,0,2048,clahe_otsu,0.31195068359375
5120x_2025-05-16_00-59-00_002,5,0,2560,clahe_otsu,0.4563789367675781
5120x_2025-05-16_00-59-00_002,6,0,3072,clahe_otsu,0.36034393310546875
5120x_2025-05-16_00-59-00_002,7,0,3584,clahe_otsu,0.4494590759277344
5120x_2025-05-16_00-59-00_002,8,512,0,clahe_otsu,0.3074150085449219
5120x_2025-05-16_00-59-00_002,9,512,512,clahe_otsu,0.38799285888671875
5120x_2025-05-16_00-59-00_002,10,512,1024,clahe_otsu,0.3795509338378906
5120x_2025-05-16_00-59-00_002,11,512,1536,clahe_otsu,0.4363441467285156
5120x_2025-05-16_00-59-00_002,12,512,2048,clahe_otsu,0.35457611083984375
5120x_2025-05-16_00-59-00_002,13,512,2560,clahe_otsu,0.26155853271484375
5120x_2025-05-16_00-59-00_002,14,512,3072,clahe_otsu,0.4174652099609375
5120x_2025-05-16_00-59-00_002,15,512,3584,clahe_otsu,0.4028282165527344
5120x_2025-05-16_00-59-00_002,16,1024,0,clahe_otsu,0.3075141906738281
5120x_2025-05-16_00-59-00_002,17,1024,512,clahe_otsu,0.3626708984375
5120x_2025-05-16_00-59-00_002,18,1024,1024,clahe_otsu,0.3920440673828125
5120x_2025-05-16_00-59-00_002,19,1024,1536,clahe_otsu,0.3640937805175781
5120x_2025-05-16_00-59-00_002,20,1024,2048,clahe_otsu,0.3519287109375
5120x_2025-05-16_00-59-00_002,21,1024,2560,clahe_otsu,0.4569053649902344
5120x_2025-05-16_00-59-00_002,22,1024,3072,clahe_otsu,0.3855438232421875
5120x_2025-05-16_00-59-00_002,23,1024,3584,clahe_otsu,0.36902618408203125
5120x_2025-05-16_00-59-00_002,24,1536,0,clahe_otsu,0.287322998046875
5120x_2025-05-16_00-59-00_002,25,1536,512,clahe_otsu,0.2993583679199219
5120x_2025-05-16_00-59-00_002,26,1536,1024,clahe_otsu,0.371124267578125
5120x_2025-05-16_00-59-00_002,27,1536,1536,clahe_otsu,0.40375518798828125
5120x_2025-05-16_00-59-00_002,28,1536,2048,clahe_otsu,0.40753936767578125
5120x_2025-05-16_00-59-00_002,29,1536,2560,clahe_otsu,0.4197044372558594
5120x_2025-05-16_00-59-00_002,30,1536,3072,clahe_otsu,0.4025764465332031
5120x_2025-05-16_00-59-00_002,31,1536,3584,clahe_otsu,0.3787689208984375
5120x_2025-05-16_00-59-00_002,32,2048,0,clahe_otsu,0.053447723388671875
5120x_2025-05-16_00-59-00_002,33,2048,512,clahe_otsu,0.0256195068359375
5120x_2025-05-16_00-59-00_002,34,2048,1024,clahe_otsu,0.0247650146484375
5120x_2025-05-16_00-59-00_002,35,2048,1536,clahe_otsu,0.494171142578125
5120x_2025-05-16_00-59-00_002,36,2048,2048,clahe_otsu,0.0343170166015625
5120x_2025-05-16_00-59-00_002,37,2048,2560,clahe_otsu,0.407470703125
5120x_2025-05-16_00-59-00_002,38,2048,3072,clahe_otsu,0.3621940612792969
5120x_2025-05-16_00-59-00_002,39,2048,3584,clahe_otsu,0.3770637512207031
5120x_2025-05-16_00-59-00_002,0,0,0,unet,0.000823974609375
5120x_2025-05-16_00-59-00_002,1,0,512,unet,0.001880645751953125
5120x_2025-05-16_00-59-00_002,2,0,1024,unet,0.001953125
5120x_2025-05-16_00-59-00_002,3,0,1536,unet,0.0019989013671875
5120x_2025-05-16_00-59-00_002,4,0,2048,unet,0.002048492431640625
5120x_2025-05-16_00-59-00_002,5,0,2560,unet,0.002223968505859375
5120x_2025-05-16_00-59-00_002,6,0,3072,unet,0.00203704833984375
5120x_2025-05-16_00-59-00_002,7,0,3584,unet,0.0012054443359375
5120x_2025-05-16_00-59-00_002,8,512,0,unet,4.1961669921875e-05
5120x_2025-05-16_00-59-00_002,9,512,512,unet,0.000423431396484375
5120x_2025-05-16_00-59-00_002,10,512,1024,unet,0.001861572265625
5120x_2025-05-16_00-59-00_002,11,512,1536,unet,0.00197601318359375
5120x_2025-05-16_00-59-00_002,12,512,2048,unet,0.001983642578125
5120x_2025-05-16_00-59-00_002,13,512,2560,unet,0.002071380615234375
5120x_2025-05-16_00-59-00_002,14,512,3072,unet,0.0021820068359375
5120x_2025-05-16_00-59-00_002,15,512,3584,unet,0.00225067138671875
5120x_2025-05-16_00-59-00_002,16,1024,0,unet,2.6702880859375e-05
5120x_2025-05-16_00-59-00_002,17,1024,512,unet,4.57763671875e-05
5120x_2025-05-16_00-59-00_002,18,1024,1024,unet,0.000713348388671875
5120x_2025-05-16_00-59-00_002,19,1024,1536,unet,0.001995086669921875
5120x_2025-05-16_00-59-00_002,20,1024,2048,unet,0.001949310302734375
5120x_2025-05-16_00-59-00_002,21,1024,2560,unet,0.00206756591796875
5120x_2025-05-16_00-59-00_002,22,1024,3072,unet,0.0020294189453125
5120x_2025-05-16_00-59-00_002,23,1024,3584,unet,0.002105712890625
5120x_2025-05-16_00-59-00_002,24,1536,0,unet,6.4849853515625e-05
5120x_2025-05-16_00-59-00_002,25,1536,512,unet,2.288818359375e-05
5120x_2025-05-16_00-59-00_002,26,1536,1024,unet,0.0001068115234375
5120x_2025-05-16_00-59-00_002,27,1536,1536,unet,0.001171112060546875
5120x_2025-05-16_00-59-00_002,28,1536,2048,unet,0.002063751220703125
5120x_2025-05-16_00-59-00_002,29,1536,2560,unet,0.001972198486328125
5120x_2025-05-16_00-59-00_002,30,1536,3072,unet,0.001979827880859375
5120x_2025-05-16_00-59-00_002,31,1536,3584,unet,0.002010345458984375
5120x_2025-05-16_00-59-00_002,32,2048,0,unet,0.00090789794921875
5120x_2025-05-16_00-59-00_002,33,2048,512,unet,2.288818359375e-05
5120x_2025-05-16_00-59-00_002,34,2048,1024,unet,0.000240325927734375
5120x_2025-05-16_00-59-00_002,35,2048,1536,unet,0.001064300537109375
5120x_2025-05-16_00-59-00_002,36,2048,2048,unet,0.002044677734375
5120x_2025-05-16_00-59-00_002,37,2048,2560,unet,0.002063751220703125
5120x_2025-05-16_00-59-00_002,38,2048,3072,unet,0.00197601318359375
5120x_2025-05-16_00-59-00_002,39,2048,3584,unet,0.001964569091796875
5120x_2025-05-16_00-59-00_002,0,0,0,resunet,1.0
5120x_2025-05-16_00-59-00_002,1,0,512,resunet,1.0
5120x_2025-05-16_00-59-00_002,2,0,1024,resunet,1.0
5120x_2025-05-16_00-59-00_002,3,0,1536,resunet,1.0
5120x_2025-05-16_00-59-00_002,4,0,2048,resunet,1.0
5120x_2025-05-16_00-59-00_002,5,0,2560,resunet,1.0
5120x_2025-05-16_00-59-00_002,6,0,3072,resunet,1.0
5120x_2025-05-16_00-59-00_002,7,0,3584,resunet,1.0
5120x_2025-05-16_00-59-00_002,8,512,0,resunet,1.0
5120x_2025-05-16_00-59-00_002,9,512,512,resunet,1.0
5120x_2025-05-16_00-59-00_002,10,512,1024,resunet,1.0
5120x_2025-05-16_00-59-00_002,11,512,1536,resunet,1.0
5120x_2025-05-16_00-59-00_002,12,512,2048,resunet,1.0
5120x_2025-05-16_00-59-00_002,13,512,2560,resunet,1.0
5120x_2025-05-16_00-59-00_002,14,512,3072,resunet,1.0
5120x_2025-05-16_00-59-00_002,15,512,3584,resunet,1.0
5120x_2025-05-16_00-59-00_002,16,1024,0,resunet,1.0
5120x_2025-05-16_00-59-00_002,17,1024,512,resunet,1.0
5120x_2025-05-16_00-59-00_002,18,1024,1024,resunet,1.0
5120x_2025-05-16_00-59-00_002,19,1024,1536,resunet,1.0
5120x_2025-05-16_00-59-00_002,20,1024,2048,resunet,1.0
5120x_2025-05-16_00-59-00_002,21,1024,2560,resunet,1.0
5120x_2025-05-16_00-59-00_002,22,1024,3072,resunet,1.0
5120x_2025-05-16_00-59-00_002,23,1024,3584,resunet,0.9999961853027344
5120x_2025-05-16_00-59-00_002,24,1536,0,resunet,0.9999961853027344
5120x_2025-05-16_00-59-00_002,25,1536,512,resunet,1.0
5120x_2025-05-16_00-59-00_002,26,1536,1024,resunet,1.0
5120x_2025-05-16_00-59-00_002,27,1536,1536,resunet,1.0
5120x_2025-05-16_00-59-00_002,28,1536,2048,resunet,1.0
5120x_2025-05-16_00-59-00_002,29,1536,2560,resunet,1.0
5120x_2025-05-16_00-59-00_002,30,1536,3072,resunet,1.0
5120x_2025-05-16_00-59-00_002,31,1536,3584,resunet,1.0
5120x_2025-05-16_00-59-00_002,32,2048,0,resunet,0.9999961853027344
5120x_2025-05-16_00-59-00_002,33,2048,512,resunet,0.9999961853027344
5120x_2025-05-16_00-59-00_002,34,2048,1024,resunet,1.0
5120x_2025-05-16_00-59-00_002,35,2048,1536,resunet,1.0
5120x_2025-05-16_00-59-00_002,36,2048,2048,resunet,1.0
5120x_2025-05-16_00-59-00_002,37,2048,2560,resunet,1.0
5120x_2025-05-16_00-59-00_002,38,2048,3072,resunet,1.0
5120x_2025-05-16_00-59-00_002,39,2048,3584,resunet,1.0
5120x_2025-05-16_00-59-00_002,0,0,0,attention_resunet,0.00174713134765625
5120x_2025-05-16_00-59-00_002,1,0,512,attention_resunet,0.002124786376953125
5120x_2025-05-16_00-59-00_002,2,0,1024,attention_resunet,0.000568389892578125
5120x_2025-05-16_00-59-00_002,3,0,1536,attention_resunet,0.00046539306640625
5120x_2025-05-16_00-59-00_002,4,0,2048,attention_resunet,0.000507354736328125
5120x_2025-05-16_00-59-00_002,5,0,2560,attention_resunet,0.00135040283203125
5120x_2025-05-16_00-59-00_002,6,0,3072,attention_resunet,0.00255584716796875
5120x_2025-05-16_00-59-00_002,7,0,3584,attention_resunet,0.0133514404296875
5120x_2025-05-16_00-59-00_002,8,512,0,attention_resunet,0.003017425537109375
5120x_2025-05-16_00-59-00_002,9,512,512,attention_resunet,0.0020751953125
5120x_2025-05-16_00-59-00_002,10,512,1024,attention_resunet,0.002094268798828125
5120x_2025-05-16_00-59-00_002,11,512,1536,attention_resunet,0.00057220458984375
5120x_2025-05-16_00-59-00_002,12,512,2048,attention_resunet,0.0004425048828125
5120x_2025-05-16_00-59-00_002,13,512,2560,attention_resunet,0.00046539306640625
5120x_2025-05-16_00-59-00_002,14,512,3072,attention_resunet,0.000835418701171875
5120x_2025-05-16_00-59-00_002,15,512,3584,attention_resunet,0.002716064453125
5120x_2025-05-16_00-59-00_002,16,1024,0,attention_resunet,0.004726409912109375
5120x_2025-05-16_00-59-00_002,17,1024,512,attention_resunet,0.003292083740234375
5120x_2025-05-16_00-59-00_002,18,1024,1024,attention_resunet,0.0020904541015625
5120x_2025-05-16_00-59-00_002,19,1024,1536,attention_resunet,0.00186920166015625
5120x_2025-05-16_00-59-00_002,20,1024,2048,attention_resunet,0.00035858154296875
5120x_2025-05-16_00-59-00_002,21,1024,2560,attention_resunet,0.000518798828125
5120x_2025-05-16_00-59-00_002,22,1024,3072,attention_resunet,0.000457763671875
5120x_2025-05-16_00-59-00_002,23,1024,3584,attention_resunet,0.001102447509765625
5120x_2025-05-16_00-59-00_002,24,1536,0,attention_resunet,0.00705718994140625
5120x_2025-05-16_00-59-00_002,25,1536,512,attention_resunet,0.005374908447265625
5120x_2025-05-16_00-59-00_002,26,1536,1024,attention_resunet,0.002819061279296875
5120x_2025-05-16_00-59-00_002,27,1536,1536,attention_resunet,0.0021209716796875
5120x_2025-05-16_00-59-00_002,28,1536,2048,attention_resunet,0.001712799072265625
5120x_2025-05-16_00-59-00_002,29,1536,2560,attention_resunet,0.0007171630859375
5120x_2025-05-16_00-59-00_002,30,1536,3072,attention_resunet,0.00055694580078125
5120x_2025-05-16_00-59-00_002,31,1536,3584,attention_resunet,0.00115966796875
5120x_2025-05-16_00-59-00_002,32,2048,0,attention_resunet,0.0084381103515625
5120x_2025-05-16_00-59-00_002,33,2048,512,attention_resunet,0.006237030029296875
5120x_2025-05-16_00-59-00_002,34,2048,1024,attention_resunet,0.005035400390625
5120x_2025-05-16_00-59-00_002,35,2048,1536,attention_resunet,0.002544403076171875
5120x_2025-05-16_00-59-00_002,36,2048,2048,attention_resunet,0.001895904541015625
5120x_2025-05-16_00-59-00_002,37,2048,2560,attention_resunet,0.00212860107421875
5120x_2025-05-16_00-59-00_002,38,2048,3072,attention_resunet,0.000484466552734375
5120x_2025-05-16_00-59-00_002,39,2048,3584,attention_resunet,0.001552581787109375
640x_2025-05-16_00-59-00_002,0,0,0,clahe_otsu,0.15235137939453125
640x_2025-05-16_00-59-00_002,1,0,512,clahe_otsu,0.12879562377929688
640x_2025-05-16_00-59-00_002,2,0,1024,clahe_otsu,0.1029510498046875
640x_2025-05-16_00-59-00_002,3,0,1536,clahe_otsu,0.09751510620117188
640x_2025-05-16_00-59-00_002,4,0,2048,clahe_otsu,0.108001708984375
640x_2025-05-16_00-59-00_002,5,0,2560,clahe_otsu,0.11944198608398438
640x_2025-05-16_00-59-00_002,6,0,3072,clahe_otsu,0.16846466064453125
640x_2025-05-16_00-59-00_002,7,0,3584,clahe_otsu,0.4251747131347656
640x_2025-05-16_00-59-00_002,8,512,0,clahe_otsu,0.12778854370117188
640x_2025-05-16_00-59-00_002,9,512,512,clahe_otsu,0.11455917358398438
640x_2025-05-16_00-59-00_002,10,512,1024,clahe_otsu,0.10224533081054688
640x_2025-05-16_00-59-00_002,11,512,1536,clahe_otsu,0.08625411987304688
640x_2025-05-16_00-59-00_002,12,512,2048,clahe_otsu,0.08533859252929688
640x_2025-05-16_00-59-00_002,13,512,2560,clahe_otsu,0.10251235961914062
640x_2025-05-16_00-59-00_002,14,512,3072,clahe_otsu,0.13419342041015625
640x_2025-05-16_00-59-00_002,15,512,3584,clahe_otsu,0.2833099365234375
640x_2025-05-16_00-59-00_002,16,1024,0,clahe_otsu,0.12804412841796875
640x_2025-05-16_00-59-00_002,17,1024,512,clahe_otsu,0.09454727172851562
640x_2025-05-16_00-59-00_002,18,1024,1024,clahe_otsu,0.09372711181640625
640x_2025-05-16_00-59-00_002,19,1024,1536,clahe_otsu,0.07481002807617188
640x_2025-05-16_00-59-00_002,20,1024,2048,clahe_otsu,0.08890151977539062
640x_2025-05-16_00-59-00_002,21,1024,2560,clahe_otsu,0.0813751220703125
640x_2025-05-16_00-59-00_002,22,1024,3072,clahe_otsu,0.12157821655273438
640x_2025-05-16_00-59-00_002,23,1024,3584,clahe_otsu,0.18236923217773438
640x_2025-05-16_00-59-00_002,24,1536,0,clahe_otsu,0.12500762939453125
640x_2025-05-16_00-59-00_002,25,1536,512,clahe_otsu,0.10092544555664062
640x_2025-05-16_00-59-00_002,26,1536,1024,clahe_otsu,0.08990097045898438
640x_2025-05-16_00-59-00_002,27,1536,1536,clahe_otsu,0.07736968994140625
640x_2025-05-16_00-59-00_002,28,1536,2048,clahe_otsu,0.08077621459960938
640x_2025-05-16_00-59-00_002,29,1536,2560,clahe_otsu,0.09681320190429688
640x_2025-05-16_00-59-00_002,30,1536,3072,clahe_otsu,0.1233062744140625
640x_2025-05-16_00-59-00_002,31,1536,3584,clahe_otsu,0.25397491455078125
640x_2025-05-16_00-59-00_002,32,2048,0,clahe_otsu,0.13039398193359375
640x_2025-05-16_00-59-00_002,33,2048,512,clahe_otsu,0.10682296752929688
640x_2025-05-16_00-59-00_002,34,2048,1024,clahe_otsu,0.09050369262695312
640x_2025-05-16_00-59-00_002,35,2048,1536,clahe_otsu,0.07533645629882812
640x_2025-05-16_00-59-00_002,36,2048,2048,clahe_otsu,0.07750320434570312
640x_2025-05-16_00-59-00_002,37,2048,2560,clahe_otsu,0.09914398193359375
640x_2025-05-16_00-59-00_002,38,2048,3072,clahe_otsu,0.11631393432617188
640x_2025-05-16_00-59-00_002,39,2048,3584,clahe_otsu,0.3495521545410156
640x_2025-05-16_00-59-00_002,0,0,0,unet,0.0013427734375
640x_2025-05-16_00-59-00_002,1,0,512,unet,0.002414703369140625
640x_2025-05-16_00-59-00_002,2,0,1024,unet,0.002197265625
640x_2025-05-16_00-59-00_002,3,0,1536,unet,0.002132415771484375
640x_2025-05-16_00-59-00_002,4,0,2048,unet,0.002178192138671875
640x_2025-05-16_00-59-00_002,5,0,2560,unet,0.002155303955078125
640x_2025-05-16_00-59-00_002,6,0,3072,unet,0.00205230712890625
640x_2025-05-16_00-59-00_002,7,0,3584,unet,0.00157928466796875
640x_2025-05-16_00-59-00_002,8,512,0,unet,0.000240325927734375
640x_2025-05-16_00-59-00_002,9,512,512,unet,0.00086212158203125
640x_2025-05-16_00-59-00_002,10,512,1024,unet,0.0023040771484375
640x_2025-05-16_00-59-00_002,11,512,1536,unet,0.0020599365234375
640x_2025-05-16_00-59-00_002,12,512,2048,unet,0.0019989013671875
640x_2025-05-16_00-59-00_002,13,512,2560,unet,0.0019989013671875
640x_2025-05-16_00-59-00_002,14,512,3072,unet,0.002193450927734375
640x_2025-05-16_00-59-00_002,15,512,3584,unet,0.00232696533203125
640x_2025-05-16_00-59-00_002,16,1024,0,unet,8.0108642578125e-05
640x_2025-05-16_00-59-00_002,17,1024,512,unet,0.00032806396484375
640x_2025-05-16_00-59-00_002,18,1024,1024,unet,0.0008392333984375
640x_2025-05-16_00-59-00_002,19,1024,1536,unet,0.001922607421875
640x_2025-05-16_00-59-00_002,20,1024,2048,unet,0.002044677734375
640x_2025-05-16_00-59-00_002,21,1024,2560,unet,0.002033233642578125
640x_2025-05-16_00-59-00_002,22,1024,3072,unet,0.002227783203125
640x_2025-05-16_00-59-00_002,23,1024,3584,unet,0.00208282470703125
640x_2025-05-16_00-59-00_002,24,1536,0,unet,0.00011444091796875
640x_2025-05-16_00-59-00_002,25,1536,512,unet,0.000164031982421875
640x_2025-05-16_00-59-00_002,26,1536,1024,unet,0.000125885009765625
640x_2025-05-16_00-59-00_002,27,1536,1536,unet,0.00083160400390625
640x_2025-05-16_00-59-00_002,28,1536,2048,unet,0.001995086669921875
640x_2025-05-16_00-59-00_002,29,1536,2560,unet,0.002185821533203125
640x_2025-05-16_00-59-00_002,30,1536,3072,unet,0.0020599365234375
640x_2025-05-16_00-59-00_002,31,1536,3584,unet,0.002017974853515625
640x_2025-05-16_00-59-00_002,32,2048,0,unet,0.0010528564453125
640x_2025-05-16_00-59-00_002,33,2048,512,unet,3.814697265625e-05
640x_2025-05-16_00-59-00_002,34,2048,1024,unet,8.7738037109375e-05
640x_2025-05-16_00-59-00_002,35,2048,1536,unet,0.000698089599609375
640x_2025-05-16_00-59-00_002,36,2048,2048,unet,0.002105712890625
640x_2025-05-16_00-59-00_002,37,2048,2560,unet,0.001934051513671875
640x_2025-05-16_00-59-00_002,38,2048,3072,unet,0.002254486083984375
640x_2025-05-16_00-59-00_002,39,2048,3584,unet,0.002044677734375
640x_2025-05-16_00-59-00_002,0,0,0,resunet,1.0
640x_2025-05-16_00-59-00_002,1,0,512,resunet,1.0
640x_2025-05-16_00-59-00_002,2,0,1024,resunet,1.0
640x_2025-05-16_00-59-00_002,3,0,1536,resunet,1.0
640x_2025-05-16_00-59-00_002,4,0,2048,resunet,1.0
640x_2025-05-16_00-59-00_002,5,0,2560,resunet,1.0
640x_2025-05-16_00-59-00_002,6,0,3072,resunet,1.0
640x_2025-05-16_00-59-00_002,7,0,3584,resunet,1.0
640x_2025-05-16_00-59-00_002,8,512,0,resunet,1.0
640x_2025-05-16_00-59-00_002,9,512,512,resunet,1.0
640x_2025-05-16_00-59-00_002,10,512,1024,resunet,1.0
640x_2025-05-16_00-59-00_002,11,512,1536,resunet,1.0
640x_2025-05-16_00-59-00_002,12,512,2048,resunet,1.0
640x_2025-05-16_00-59-00_002,13,512,2560,resunet,1.0
640x_2025-05-16_00-59-00_002,14,512,3072,resunet,0.9999961853027344
640x_2025-05-16_00-59-00_002,15,512,3584,resunet,1.0
640x_2025-05-16_00-59-00_002,16,1024,0,resunet,1.0
640x_2025-05-16_00-59-00_002,17,1024,512,resunet,1.0
640x_2025-05-16_00-59-00_002,18,1024,1024,resunet,1.0
640x_2025-05-16_00-59-00_002,19,1024,1536,resunet,1.0
640x_2025-05-16_00-59-00_002,20,1024,2048,resunet,1.0
640x_2025-05-16_00-59-00_002,21,1024,2560,resunet,0.9999961853027344
640x_2025-05-16_00-59-00_002,22,1024,3072,resunet,1.0
640x_2025-05-16_00-59-00_002,23,1024,3584,resunet,1.0
640x_2025-05-16_00-59-00_002,24,1536,0,resunet,0.9999961853027344
640x_2025-05-16_00-59-00_002,25,1536,512,resunet,1.0
640x_2025-05-16_00-59-00_002,26,1536,1024,resunet,1.0
640x_2025-05-16_00-59-00_002,27,1536,1536,resunet,1.0
640x_2025-05-16_00-59-00_002,28,1536,2048,resunet,1.0
640x_2025-05-16_00-59-00_002,29,1536,2560,resunet,1.0
640x_2025-05-16_00-59-00_002,30,1536,3072,resunet,1.0
640x_2025-05-16_00-59-00_002,31,1536,3584,resunet,1.0
640x_2025-05-16_00-59-00_002,32,2048,0,resunet,0.9999961853027344
640x_2025-05-16_00-59-00_002,33,2048,512,resunet,0.9999961853027344
640x_2025-05-16_00-59-00_002,34,2048,1024,resunet,1.0
640x_2025-05-16_00-59-00_002,35,2048,1536,resunet,1.0
640x_2025-05-16_00-59-00_002,36,2048,2048,resunet,1.0
640x_2025-05-16_00-59-00_002,37,2048,2560,resunet,1.0
640x_2025-05-16_00-59-00_002,38,2048,3072,resunet,1.0
640x_2025-05-16_00-59-00_002,39,2048,3584,resunet,1.0
640x_2025-05-16_00-59-00_002,0,0,0,attention_resunet,0.001819610595703125
640x_2025-05-16_00-59-00_002,1,0,512,attention_resunet,0.001873016357421875
640x_2025-05-16_00-59-00_002,2,0,1024,attention_resunet,0.001415252685546875
640x_2025-05-16_00-59-00_002,3,0,1536,attention_resunet,0.0007476806640625
640x_2025-05-16_00-59-00_002,4,0,2048,attention_resunet,0.000576019287109375
640x_2025-05-16_00-59-00_002,5,0,2560,attention_resunet,0.00093841552734375
640x_2025-05-16_00-59-00_002,6,0,3072,attention_resunet,0.00217437744140625
640x_2025-05-16_00-59-00_002,7,0,3584,attention_resunet,0.008693695068359375
640x_2025-05-16_00-59-00_002,8,512,0,attention_resunet,0.00321197509765625
640x_2025-05-16_00-59-00_002,9,512,512,attention_resunet,0.0020751953125
640x_2025-05-16_00-59-00_002,10,512,1024,attention_resunet,0.002033233642578125
640x_2025-05-16_00-59-00_002,11,512,1536,attention_resunet,0.00074005126953125
640x_2025-05-16_00-59-00_002,12,512,2048,attention_resunet,0.00075531005859375
640x_2025-05-16_00-59-00_002,13,512,2560,attention_resunet,0.00089263916015625
640x_2025-05-16_00-59-00_002,14,512,3072,attention_resunet,0.000919342041015625
640x_2025-05-16_00-59-00_002,15,512,3584,attention_resunet,0.002368927001953125
640x_2025-05-16_00-59-00_002,16,1024,0,attention_resunet,0.004779815673828125
640x_2025-05-16_00-59-00_002,17,1024,512,attention_resunet,0.003208160400390625
640x_2025-05-16_00-59-00_002,18,1024,1024,attention_resunet,0.001972198486328125
640x_2025-05-16_00-59-00_002,19,1024,1536,attention_resunet,0.001987457275390625
640x_2025-05-16_00-59-00_002,20,1024,2048,attention_resunet,0.00051116943359375
640x_2025-05-16_00-59-00_002,21,1024,2560,attention_resunet,0.0006561279296875
640x_2025-05-16_00-59-00_002,22,1024,3072,attention_resunet,0.00099945068359375
640x_2025-05-16_00-59-00_002,23,1024,3584,attention_resunet,0.0010223388671875
640x_2025-05-16_00-59-00_002,24,1536,0,attention_resunet,0.006946563720703125
640x_2025-05-16_00-59-00_002,25,1536,512,attention_resunet,0.005405426025390625
640x_2025-05-16_00-59-00_002,26,1536,1024,attention_resunet,0.003078460693359375
640x_2025-05-16_00-59-00_002,27,1536,1536,attention_resunet,0.002071380615234375
640x_2025-05-16_00-59-00_002,28,1536,2048,attention_resunet,0.00201416015625
640x_2025-05-16_00-59-00_002,29,1536,2560,attention_resunet,0.001178741455078125
640x_2025-05-16_00-59-00_002,30,1536,3072,attention_resunet,0.000675201416015625
640x_2025-05-16_00-59-00_002,31,1536,3584,attention_resunet,0.0010833740234375
640x_2025-05-16_00-59-00_002,32,2048,0,attention_resunet,0.00844573974609375
640x_2025-05-16_00-59-00_002,33,2048,512,attention_resunet,0.006084442138671875
640x_2025-05-16_00-59-00_002,34,2048,1024,attention_resunet,0.00496673583984375
640x_2025-05-16_00-59-00_002,35,2048,1536,attention_resunet,0.002773284912109375
640x_2025-05-16_00-59-00_002,36,2048,2048,attention_resunet,0.00202178955078125
640x_2025-05-16_00-59-00_002,37,2048,2560,attention_resunet,0.002071380615234375
640x_2025-05-16_00-59-00_002,38,2048,3072,attention_resunet,0.000843048095703125
640x_2025-05-16_00-59-00_002,39,2048,3584,attention_resunet,0.00121307373046875
80x_1_2025-05-22_14-48-00_003,0,0,0,clahe_otsu,0.5423812866210938
80x_1_2025-05-22_14-48-00_003,1,0,512,clahe_otsu,0.5476913452148438
80x_1_2025-05-22_14-48-00_003,2,0,1024,clahe_otsu,0.5412216186523438
80x_1_2025-05-22_14-48-00_003,3,0,1536,clahe_otsu,0.5331344604492188
80x_1_2025-05-22_14-48-00_003,4,0,2048,clahe_otsu,0.5277786254882812
80x_1_2025-05-22_14-48-00_003,5,0,2560,clahe_otsu,0.5281219482421875
80x_1_2025-05-22_14-48-00_003,6,0,3072,clahe_otsu,0.5276336669921875
80x_1_2025-05-22_14-48-00_003,7,0,3584,clahe_otsu,0.5274925231933594
80x_1_2025-05-22_14-48-00_003,8,512,0,clahe_otsu,0.5361061096191406
80x_1_2025-05-22_14-48-00_003,9,512,512,clahe_otsu,0.5263175964355469
80x_1_2025-05-22_14-48-00_003,10,512,1024,clahe_otsu,0.5204849243164062
80x_1_2025-05-22_14-48-00_003,11,512,1536,clahe_otsu,0.5329704284667969
80x_1_2025-05-22_14-48-00_003,12,512,2048,clahe_otsu,0.5205764770507812
80x_1_2025-05-22_14-48-00_003,13,512,2560,clahe_otsu,0.5203018188476562
80x_1_2025-05-22_14-48-00_003,14,512,3072,clahe_otsu,0.512481689453125
80x_1_2025-05-22_14-48-00_003,15,512,3584,clahe_otsu,0.4937095642089844
80x_1_2025-05-22_14-48-00_003,16,1024,0,clahe_otsu,0.5218963623046875
80x_1_2025-05-22_14-48-00_003,17,1024,512,clahe_otsu,0.5236968994140625
80x_1_2025-05-22_14-48-00_003,18,1024,1024,clahe_otsu,0.5167999267578125
80x_1_2025-05-22_14-48-00_003,19,1024,1536,clahe_otsu,0.5208854675292969
80x_1_2025-05-22_14-48-00_003,20,1024,2048,clahe_otsu,0.5215644836425781
80x_1_2025-05-22_14-48-00_003,21,1024,2560,clahe_otsu,0.5044822692871094
80x_1_2025-05-22_14-48-00_003,22,1024,3072,clahe_otsu,0.5090217590332031
80x_1_2025-05-22_14-48-00_003,23,1024,3584,clahe_otsu,0.5077285766601562
80x_1_2025-05-22_14-48-00_003,24,1536,0,clahe_otsu,0.52423095703125
80x_1_2025-05-22_14-48-00_003,25,1536,512,clahe_otsu,0.5139884948730469
80x_1_2025-05-22_14-48-00_003,26,1536,1024,clahe_otsu,0.5139846801757812
80x_1_2025-05-22_14-48-00_003,27,1536,1536,clahe_otsu,0.509735107421875
80x_1_2025-05-22_14-48-00_003,28,1536,2048,clahe_otsu,0.5113754272460938
80x_1_2025-05-22_14-48-00_003,29,1536,2560,clahe_otsu,0.50482177734375
80x_1_2025-05-22_14-48-00_003,30,1536,3072,clahe_otsu,0.5021629333496094
80x_1_2025-05-22_14-48-00_003,31,1536,3584,clahe_otsu,0.503662109375
80x_1_2025-05-22_14-48-00_003,32,2048,0,clahe_otsu,0.5034141540527344
80x_1_2025-05-22_14-48-00_003,33,2048,512,clahe_otsu,0.5162544250488281
80x_1_2025-05-22_14-48-00_003,34,2048,1024,clahe_otsu,0.5050163269042969
80x_1_2025-05-22_14-48-00_003,35,2048,1536,clahe_otsu,0.5210838317871094
80x_1_2025-05-22_14-48-00_003,36,2048,2048,clahe_otsu,0.5017547607421875
80x_1_2025-05-22_14-48-00_003,37,2048,2560,clahe_otsu,0.49842071533203125
80x_1_2025-05-22_14-48-00_003,38,2048,3072,clahe_otsu,0.5045890808105469
80x_1_2025-05-22_14-48-00_003,39,2048,3584,clahe_otsu,0.4993705749511719
80x_1_2025-05-22_14-48-00_003,0,0,0,unet,0.00279998779296875
80x_1_2025-05-22_14-48-00_003,1,0,512,unet,0.0029296875
80x_1_2025-05-22_14-48-00_003,2,0,1024,unet,0.0025177001953125
80x_1_2025-05-22_14-48-00_003,3,0,1536,unet,0.002658843994140625
80x_1_2025-05-22_14-48-00_003,4,0,2048,unet,0.0034637451171875
80x_1_2025-05-22_14-48-00_003,5,0,2560,unet,0.00319671630859375
80x_1_2025-05-22_14-48-00_003,6,0,3072,unet,0.002658843994140625
80x_1_2025-05-22_14-48-00_003,7,0,3584,unet,0.002063751220703125
80x_1_2025-05-22_14-48-00_003,8,512,0,unet,0.003170013427734375
80x_1_2025-05-22_14-48-00_003,9,512,512,unet,0.003662109375
80x_1_2025-05-22_14-48-00_003,10,512,1024,unet,0.003261566162109375
80x_1_2025-05-22_14-48-00_003,11,512,1536,unet,0.0033721923828125
80x_1_2025-05-22_14-48-00_003,12,512,2048,unet,0.004062652587890625
80x_1_2025-05-22_14-48-00_003,13,512,2560,unet,0.003612518310546875
80x_1_2025-05-22_14-48-00_003,14,512,3072,unet,0.00385284423828125
80x_1_2025-05-22_14-48-00_003,15,512,3584,unet,0.00383758544921875
80x_1_2025-05-22_14-48-00_003,16,1024,0,unet,0.0039825439453125
80x_1_2025-05-22_14-48-00_003,17,1024,512,unet,0.004596710205078125
80x_1_2025-05-22_14-48-00_003,18,1024,1024,unet,0.004497528076171875
80x_1_2025-05-22_14-48-00_003,19,1024,1536,unet,0.003978729248046875
80x_1_2025-05-22_14-48-00_003,20,1024,2048,unet,0.00399017333984375
80x_1_2025-05-22_14-48-00_003,21,1024,2560,unet,0.0041351318359375
80x_1_2025-05-22_14-48-00_003,22,1024,3072,unet,0.00385284423828125
80x_1_2025-05-22_14-48-00_003,23,1024,3584,unet,0.004177093505859375
80x_1_2025-05-22_14-48-00_003,24,1536,0,unet,0.00342559814453125
80x_1_2025-05-22_14-48-00_003,25,1536,512,unet,0.004673004150390625
80x_1_2025-05-22_14-48-00_003,26,1536,1024,unet,0.004718780517578125
80x_1_2025-05-22_14-48-00_003,27,1536,1536,unet,0.00514984130859375
80x_1_2025-05-22_14-48-00_003,28,1536,2048,unet,0.004436492919921875
80x_1_2025-05-22_14-48-00_003,29,1536,2560,unet,0.004482269287109375
80x_1_2025-05-22_14-48-00_003,30,1536,3072,unet,0.004688262939453125
80x_1_2025-05-22_14-48-00_003,31,1536,3584,unet,0.0039215087890625
80x_1_2025-05-22_14-48-00_003,32,2048,0,unet,0.0038604736328125
80x_1_2025-05-22_14-48-00_003,33,2048,512,unet,0.004001617431640625
80x_1_2025-05-22_14-48-00_003,34,2048,1024,unet,0.0040435791015625
80x_1_2025-05-22_14-48-00_003,35,2048,1536,unet,0.004489898681640625
80x_1_2025-05-22_14-48-00_003,36,2048,2048,unet,0.004241943359375
80x_1_2025-05-22_14-48-00_003,37,2048,2560,unet,0.004482269287109375
80x_1_2025-05-22_14-48-00_003,38,2048,3072,unet,0.0039825439453125
80x_1_2025-05-22_14-48-00_003,39,2048,3584,unet,0.004238128662109375
80x_1_2025-05-22_14-48-00_003,0,0,0,resunet,1.0
80x_1_2025-05-22_14-48-00_003,1,0,512,resunet,0.9999885559082031
80x_1_2025-05-22_14-48-00_003,2,0,1024,resunet,0.9999923706054688
80x_1_2025-05-22_14-48-00_003,3,0,1536,resunet,1.0
80x_1_2025-05-22_14-48-00_003,4,0,2048,resunet,0.9999923706054688
80x_1_2025-05-22_14-48-00_003,5,0,2560,resunet,1.0
80x_1_2025-05-22_14-48-00_003,6,0,3072,resunet,0.9999809265136719
80x_1_2025-05-22_14-48-00_003,7,0,3584,resunet,1.0
80x_1_2025-05-22_14-48-00_003,8,512,0,resunet,1.0
80x_1_2025-05-22_14-48-00_003,9,512,512,resunet,1.0
80x_1_2025-05-22_14-48-00_003,10,512,1024,resunet,0.9999961853027344
80x_1_2025-05-22_14-48-00_003,11,512,1536,resunet,0.999969482421875
80x_1_2025-05-22_14-48-00_003,12,512,2048,resunet,0.9999961853027344
80x_1_2025-05-22_14-48-00_003,13,512,2560,resunet,0.9999961853027344
80x_1_2025-05-22_14-48-00_003,14,512,3072,resunet,0.9999885559082031
80x_1_2025-05-22_14-48-00_003,15,512,3584,resunet,0.9999961853027344
80x_1_2025-05-22_14-48-00_003,16,1024,0,resunet,0.9999847412109375
80x_1_2025-05-22_14-48-00_003,17,1024,512,resunet,0.9999847412109375
80x_1_2025-05-22_14-48-00_003,18,1024,1024,resunet,0.9999847412109375
80x_1_2025-05-22_14-48-00_003,19,1024,1536,resunet,0.9999847412109375
80x_1_2025-05-22_14-48-00_003,20,1024,2048,resunet,0.9999961853027344
80x_1_2025-05-22_14-48-00_003,21,1024,2560,resunet,0.9999847412109375
80x_1_2025-05-22_14-48-00_003,22,1024,3072,resunet,1.0
80x_1_2025-05-22_14-48-00_003,23,1024,3584,resunet,1.0
80x_1_2025-05-22_14-48-00_003,24,1536,0,resunet,1.0
80x_1_2025-05-22_14-48-00_003,25,1536,512,resunet,0.9999885559082031
80x_1_2025-05-22_14-48-00_003,26,1536,1024,resunet,0.9999923706054688
80x_1_2025-05-22_14-48-00_003,27,1536,1536,resunet,0.9999771118164062
80x_1_2025-05-22_14-48-00_003,28,1536,2048,resunet,0.9999885559082031
80x_1_2025-05-22_14-48-00_003,29,1536,2560,resunet,0.9999961853027344
80x_1_2025-05-22_14-48-00_003,30,1536,3072,resunet,1.0
80x_1_2025-05-22_14-48-00_003,31,1536,3584,resunet,0.9999885559082031
80x_1_2025-05-22_14-48-00_003,32,2048,0,resunet,1.0
80x_1_2025-05-22_14-48-00_003,33,2048,512,resunet,0.9999961853027344
80x_1_2025-05-22_14-48-00_003,34,2048,1024,resunet,1.0
80x_1_2025-05-22_14-48-00_003,35,2048,1536,resunet,1.0
80x_1_2025-05-22_14-48-00_003,36,2048,2048,resunet,1.0
80x_1_2025-05-22_14-48-00_003,37,2048,2560,resunet,0.9999961853027344
80x_1_2025-05-22_14-48-00_003,38,2048,3072,resunet,1.0
80x_1_2025-05-22_14-48-00_003,39,2048,3584,resunet,0.9999809265136719
80x_1_2025-05-22_14-48-00_003,0,0,0,attention_resunet,0.00504302978515625
80x_1_2025-05-22_14-48-00_003,1,0,512,attention_resunet,0.005359649658203125
80x_1_2025-05-22_14-48-00_003,2,0,1024,attention_resunet,0.005535125732421875
80x_1_2025-05-22_14-48-00_003,3,0,1536,attention_resunet,0.00585174560546875
80x_1_2025-05-22_14-48-00_003,4,0,2048,attention_resunet,0.0043792724609375
80x_1_2025-05-22_14-48-00_003,5,0,2560,attention_resunet,0.003383636474609375
80x_1_2025-05-22_14-48-00_003,6,0,3072,attention_resunet,0.0033721923828125
80x_1_2025-05-22_14-48-00_003,7,0,3584,attention_resunet,0.00438690185546875
80x_1_2025-05-22_14-48-00_003,8,512,0,attention_resunet,0.004241943359375
80x_1_2025-05-22_14-48-00_003,9,512,512,attention_resunet,0.003032684326171875
80x_1_2025-05-22_14-48-00_003,10,512,1024,attention_resunet,0.00394439697265625
80x_1_2025-05-22_14-48-00_003,11,512,1536,attention_resunet,0.00412750244140625
80x_1_2025-05-22_14-48-00_003,12,512,2048,attention_resunet,0.003570556640625
80x_1_2025-05-22_14-48-00_003,13,512,2560,attention_resunet,0.002346038818359375
80x_1_2025-05-22_14-48-00_003,14,512,3072,attention_resunet,0.00295257568359375
80x_1_2025-05-22_14-48-00_003,15,512,3584,attention_resunet,0.002361297607421875
80x_1_2025-05-22_14-48-00_003,16,1024,0,attention_resunet,0.002887725830078125
80x_1_2025-05-22_14-48-00_003,17,1024,512,attention_resunet,0.002689361572265625
80x_1_2025-05-22_14-48-00_003,18,1024,1024,attention_resunet,0.002864837646484375
80x_1_2025-05-22_14-48-00_003,19,1024,1536,attention_resunet,0.0029144287109375
80x_1_2025-05-22_14-48-00_003,20,1024,2048,attention_resunet,0.00337982177734375
80x_1_2025-05-22_14-48-00_003,21,1024,2560,attention_resunet,0.002227783203125
80x_1_2025-05-22_14-48-00_003,22,1024,3072,attention_resunet,0.002475738525390625
80x_1_2025-05-22_14-48-00_003,23,1024,3584,attention_resunet,0.0020599365234375
80x_1_2025-05-22_14-48-00_003,24,1536,0,attention_resunet,0.001911163330078125
80x_1_2025-05-22_14-48-00_003,25,1536,512,attention_resunet,0.00254058837890625
80x_1_2025-05-22_14-48-00_003,26,1536,1024,attention_resunet,0.0022735595703125
80x_1_2025-05-22_14-48-00_003,27,1536,1536,attention_resunet,0.002086639404296875
80x_1_2025-05-22_14-48-00_003,28,1536,2048,attention_resunet,0.002285003662109375
80x_1_2025-05-22_14-48-00_003,29,1536,2560,attention_resunet,0.00251007080078125
80x_1_2025-05-22_14-48-00_003,30,1536,3072,attention_resunet,0.00250244140625
80x_1_2025-05-22_14-48-00_003,31,1536,3584,attention_resunet,0.0021820068359375
80x_1_2025-05-22_14-48-00_003,32,2048,0,attention_resunet,0.00290679931640625
80x_1_2025-05-22_14-48-00_003,33,2048,512,attention_resunet,0.00464630126953125
80x_1_2025-05-22_14-48-00_003,34,2048,1024,attention_resunet,0.002010345458984375
80x_1_2025-05-22_14-48-00_003,35,2048,1536,attention_resunet,0.0033111572265625
80x_1_2025-05-22_14-48-00_003,36,2048,2048,attention_resunet,0.002529144287109375
80x_1_2025-05-22_14-48-00_003,37,2048,2560,attention_resunet,0.002826690673828125
80x_1_2025-05-22_14-48-00_003,38,2048,3072,attention_resunet,0.002902984619140625
80x_1_2025-05-22_14-48-00_003,39,2048,3584,attention_resunet,0.00257110595703125
80x_2_2025-05-22_14-48-00,0,0,0,clahe_otsu,0.4570465087890625
80x_2_2025-05-22_14-48-00,1,0,512,clahe_otsu,0.4451789855957031
80x_2_2025-05-22_14-48-00,2,0,1024,clahe_otsu,0.45394134521484375
80x_2_2025-05-22_14-48-00,3,0,1536,clahe_otsu,0.45639801025390625
80x_2_2025-05-22_14-48-00,4,0,2048,clahe_otsu,0.4468231201171875
80x_2_2025-05-22_14-48-00,5,0,2560,clahe_otsu,0.44747161865234375
80x_2_2025-05-22_14-48-00,6,0,3072,clahe_otsu,0.4540290832519531
80x_2_2025-05-22_14-48-00,7,0,3584,clahe_otsu,0.5116500854492188
80x_2_2025-05-22_14-48-00,8,512,0,clahe_otsu,0.45684814453125
80x_2_2025-05-22_14-48-00,9,512,512,clahe_otsu,0.4384193420410156
80x_2_2025-05-22_14-48-00,10,512,1024,clahe_otsu,0.44358062744140625
80x_2_2025-05-22_14-48-00,11,512,1536,clahe_otsu,0.4407501220703125
80x_2_2025-05-22_14-48-00,12,512,2048,clahe_otsu,0.44884490966796875
80x_2_2025-05-22_14-48-00,13,512,2560,clahe_otsu,0.44280242919921875
80x_2_2025-05-22_14-48-00,14,512,3072,clahe_otsu,0.4335289001464844
80x_2_2025-05-22_14-48-00,15,512,3584,clahe_otsu,0.444091796875
80x_2_2025-05-22_14-48-00,16,1024,0,clahe_otsu,0.44052886962890625
80x_2_2025-05-22_14-48-00,17,1024,512,clahe_otsu,0.4389762878417969
80x_2_2025-05-22_14-48-00,18,1024,1024,clahe_otsu,0.4342842102050781
80x_2_2025-05-22_14-48-00,19,1024,1536,clahe_otsu,0.4402732849121094
80x_2_2025-05-22_14-48-00,20,1024,2048,clahe_otsu,0.4384613037109375
80x_2_2025-05-22_14-48-00,21,1024,2560,clahe_otsu,0.4530448913574219
80x_2_2025-05-22_14-48-00,22,1024,3072,clahe_otsu,0.4393157958984375
80x_2_2025-05-22_14-48-00,23,1024,3584,clahe_otsu,0.4355316162109375
80x_2_2025-05-22_14-48-00,24,1536,0,clahe_otsu,0.44673919677734375
80x_2_2025-05-22_14-48-00,25,1536,512,clahe_otsu,0.4429206848144531
80x_2_2025-05-22_14-48-00,26,1536,1024,clahe_otsu,0.43802642822265625
80x_2_2025-05-22_14-48-00,27,1536,1536,clahe_otsu,0.43801116943359375
80x_2_2025-05-22_14-48-00,28,1536,2048,clahe_otsu,0.4441184997558594
80x_2_2025-05-22_14-48-00,29,1536,2560,clahe_otsu,0.44362640380859375
80x_2_2025-05-22_14-48-00,30,1536,3072,clahe_otsu,0.44970703125
80x_2_2025-05-22_14-48-00,31,1536,3584,clahe_otsu,0.4456939697265625
80x_2_2025-05-22_14-48-00,32,2048,0,clahe_otsu,0.4365272521972656
80x_2_2025-05-22_14-48-00,33,2048,512,clahe_otsu,0.4428558349609375
80x_2_2025-05-22_14-48-00,34,2048,1024,clahe_otsu,0.4534187316894531
80x_2_2025-05-22_14-48-00,35,2048,1536,clahe_otsu,0.4490013122558594
80x_2_2025-05-22_14-48-00,36,2048,2048,clahe_otsu,0.4381980895996094
80x_2_2025-05-22_14-48-00,37,2048,2560,clahe_otsu,0.444580078125
80x_2_2025-05-22_14-48-00,38,2048,3072,clahe_otsu,0.4531707763671875
80x_2_2025-05-22_14-48-00,39,2048,3584,clahe_otsu,0.48077392578125
80x_2_2025-05-22_14-48-00,0,0,0,unet,0.00362396240234375
80x_2_2025-05-22_14-48-00,1,0,512,unet,0.003753662109375
80x_2_2025-05-22_14-48-00,2,0,1024,unet,0.003551483154296875
80x_2_2025-05-22_14-48-00,3,0,1536,unet,0.00337982177734375
80x_2_2025-05-22_14-48-00,4,0,2048,unet,0.003566741943359375
80x_2_2025-05-22_14-48-00,5,0,2560,unet,0.003265380859375
80x_2_2025-05-22_14-48-00,6,0,3072,unet,0.003143310546875
80x_2_2025-05-22_14-48-00,7,0,3584,unet,0.00278472900390625
80x_2_2025-05-22_14-48-00,8,512,0,unet,0.004230499267578125
80x_2_2025-05-22_14-48-00,9,512,512,unet,0.005207061767578125
80x_2_2025-05-22_14-48-00,10,512,1024,unet,0.004180908203125
80x_2_2025-05-22_14-48-00,11,512,1536,unet,0.00453948974609375
80x_2_2025-05-22_14-48-00,12,512,2048,unet,0.00426483154296875
80x_2_2025-05-22_14-48-00,13,512,2560,unet,0.00406646728515625
80x_2_2025-05-22_14-48-00,14,512,3072,unet,0.0038299560546875
80x_2_2025-05-22_14-48-00,15,512,3584,unet,0.00417327880859375
80x_2_2025-05-22_14-48-00,16,1024,0,unet,0.00384521484375
80x_2_2025-05-22_14-48-00,17,1024,512,unet,0.004390716552734375
80x_2_2025-05-22_14-48-00,18,1024,1024,unet,0.004489898681640625
80x_2_2025-05-22_14-48-00,19,1024,1536,unet,0.004467010498046875
80x_2_2025-05-22_14-48-00,20,1024,2048,unet,0.0048828125
80x_2_2025-05-22_14-48-00,21,1024,2560,unet,0.003986358642578125
80x_2_2025-05-22_14-48-00,22,1024,3072,unet,0.00292205810546875
80x_2_2025-05-22_14-48-00,23,1024,3584,unet,0.004364013671875
80x_2_2025-05-22_14-48-00,24,1536,0,unet,0.003078460693359375
80x_2_2025-05-22_14-48-00,25,1536,512,unet,0.00370025634765625
80x_2_2025-05-22_14-48-00,26,1536,1024,unet,0.003673553466796875
80x_2_2025-05-22_14-48-00,27,1536,1536,unet,0.003986358642578125
80x_2_2025-05-22_14-48-00,28,1536,2048,unet,0.003391265869140625
80x_2_2025-05-22_14-48-00,29,1536,2560,unet,0.003704071044921875
80x_2_2025-05-22_14-48-00,30,1536,3072,unet,0.003673553466796875
80x_2_2025-05-22_14-48-00,31,1536,3584,unet,0.0031890869140625
80x_2_2025-05-22_14-48-00,32,2048,0,unet,0.00319671630859375
80x_2_2025-05-22_14-48-00,33,2048,512,unet,0.0027313232421875
80x_2_2025-05-22_14-48-00,34,2048,1024,unet,0.004024505615234375
80x_2_2025-05-22_14-48-00,35,2048,1536,unet,0.003826141357421875
80x_2_2025-05-22_14-48-00,36,2048,2048,unet,0.00286865234375
80x_2_2025-05-22_14-48-00,37,2048,2560,unet,0.002941131591796875
80x_2_2025-05-22_14-48-00,38,2048,3072,unet,0.003238677978515625
80x_2_2025-05-22_14-48-00,39,2048,3584,unet,0.003795623779296875
80x_2_2025-05-22_14-48-00,0,0,0,resunet,1.0
80x_2_2025-05-22_14-48-00,1,0,512,resunet,1.0
80x_2_2025-05-22_14-48-00,2,0,1024,resunet,0.9999961853027344
80x_2_2025-05-22_14-48-00,3,0,1536,resunet,0.9999923706054688
80x_2_2025-05-22_14-48-00,4,0,2048,resunet,1.0
80x_2_2025-05-22_14-48-00,5,0,2560,resunet,0.9999961853027344
80x_2_2025-05-22_14-48-00,6,0,3072,resunet,0.9999961853027344
80x_2_2025-05-22_14-48-00,7,0,3584,resunet,1.0
80x_2_2025-05-22_14-48-00,8,512,0,resunet,1.0
80x_2_2025-05-22_14-48-00,9,512,512,resunet,0.9999885559082031
80x_2_2025-05-22_14-48-00,10,512,1024,resunet,0.9999923706054688
80x_2_2025-05-22_14-48-00,11,512,1536,resunet,0.9999961853027344
80x_2_2025-05-22_14-48-00,12,512,2048,resunet,0.9999771118164062
80x_2_2025-05-22_14-48-00,13,512,2560,resunet,0.9999961853027344
80x_2_2025-05-22_14-48-00,14,512,3072,resunet,1.0
80x_2_2025-05-22_14-48-00,15,512,3584,resunet,0.9999961853027344
80x_2_2025-05-22_14-48-00,16,1024,0,resunet,0.9999923706054688
80x_2_2025-05-22_14-48-00,17,1024,512,resunet,1.0
80x_2_2025-05-22_14-48-00,18,1024,1024,resunet,0.9999847412109375
80x_2_2025-05-22_14-48-00,19,1024,1536,resunet,0.9999923706054688
80x_2_2025-05-22_14-48-00,20,1024,2048,resunet,1.0
80x_2_2025-05-22_14-48-00,21,1024,2560,resunet,0.9999923706054688
80x_2_2025-05-22_14-48-00,22,1024,3072,resunet,0.9999961853027344
80x_2_2025-05-22_14-48-00,23,1024,3584,resunet,0.9999771118164062
80x_2_2025-05-22_14-48-00,24,1536,0,resunet,0.9999923706054688
80x_2_2025-05-22_14-48-00,25,1536,512,resunet,0.9999885559082031
80x_2_2025-05-22_14-48-00,26,1536,1024,resunet,0.9999923706054688
80x_2_2025-05-22_14-48-00,27,1536,1536,resunet,0.9999923706054688
80x_2_2025-05-22_14-48-00,28,1536,2048,resunet,1.0
80x_2_2025-05-22_14-48-00,29,1536,2560,resunet,1.0
80x_2_2025-05-22_14-48-00,30,1536,3072,resunet,0.9999923706054688
80x_2_2025-05-22_14-48-00,31,1536,3584,resunet,1.0
80x_2_2025-05-22_14-48-00,32,2048,0,resunet,1.0
80x_2_2025-05-22_14-48-00,33,2048,512,resunet,0.9999847412109375
80x_2_2025-05-22_14-48-00,34,2048,1024,resunet,1.0
80x_2_2025-05-22_14-48-00,35,2048,1536,resunet,0.9999923706054688
80x_2_2025-05-22_14-48-00,36,2048,2048,resunet,1.0
80x_2_2025-05-22_14-48-00,37,2048,2560,resunet,1.0
80x_2_2025-05-22_14-48-00,38,2048,3072,resunet,1.0
80x_2_2025-05-22_14-48-00,39,2048,3584,resunet,1.0
80x_2_2025-05-22_14-48-00,0,0,0,attention_resunet,0.002628326416015625
80x_2_2025-05-22_14-48-00,1,0,512,attention_resunet,0.0022125244140625
80x_2_2025-05-22_14-48-00,2,0,1024,attention_resunet,0.002777099609375
80x_2_2025-05-22_14-48-00,3,0,1536,attention_resunet,0.00272369384765625
80x_2_2025-05-22_14-48-00,4,0,2048,attention_resunet,0.0027313232421875
80x_2_2025-05-22_14-48-00,5,0,2560,attention_resunet,0.002452850341796875
80x_2_2025-05-22_14-48-00,6,0,3072,attention_resunet,0.00274658203125
80x_2_2025-05-22_14-48-00,7,0,3584,attention_resunet,0.00859832763671875
80x_2_2025-05-22_14-48-00,8,512,0,attention_resunet,0.00217437744140625
80x_2_2025-05-22_14-48-00,9,512,512,attention_resunet,0.002361297607421875
80x_2_2025-05-22_14-48-00,10,512,1024,attention_resunet,0.00252532958984375
80x_2_2025-05-22_14-48-00,11,512,1536,attention_resunet,0.002147674560546875
80x_2_2025-05-22_14-48-00,12,512,2048,attention_resunet,0.002262115478515625
80x_2_2025-05-22_14-48-00,13,512,2560,attention_resunet,0.001979827880859375
80x_2_2025-05-22_14-48-00,14,512,3072,attention_resunet,0.00218963623046875
80x_2_2025-05-22_14-48-00,15,512,3584,attention_resunet,0.00232696533203125
80x_2_2025-05-22_14-48-00,16,1024,0,attention_resunet,0.001697540283203125
80x_2_2025-05-22_14-48-00,17,1024,512,attention_resunet,0.002407073974609375
80x_2_2025-05-22_14-48-00,18,1024,1024,attention_resunet,0.002521514892578125
80x_2_2025-05-22_14-48-00,19,1024,1536,attention_resunet,0.00241851806640625
80x_2_2025-05-22_14-48-00,20,1024,2048,attention_resunet,0.002044677734375
80x_2_2025-05-22_14-48-00,21,1024,2560,attention_resunet,0.002109527587890625
80x_2_2025-05-22_14-48-00,22,1024,3072,attention_resunet,0.0019073486328125
80x_2_2025-05-22_14-48-00,23,1024,3584,attention_resunet,0.00237274169921875
80x_2_2025-05-22_14-48-00,24,1536,0,attention_resunet,0.00217437744140625
80x_2_2025-05-22_14-48-00,25,1536,512,attention_resunet,0.002597808837890625
80x_2_2025-05-22_14-48-00,26,1536,1024,attention_resunet,0.00295257568359375
80x_2_2025-05-22_14-48-00,27,1536,1536,attention_resunet,0.00252532958984375
80x_2_2025-05-22_14-48-00,28,1536,2048,attention_resunet,0.00263214111328125
80x_2_2025-05-22_14-48-00,29,1536,2560,attention_resunet,0.00312042236328125
80x_2_2025-05-22_14-48-00,30,1536,3072,attention_resunet,0.00273895263671875
80x_2_2025-05-22_14-48-00,31,1536,3584,attention_resunet,0.002239227294921875
80x_2_2025-05-22_14-48-00,32,2048,0,attention_resunet,0.002330780029296875
80x_2_2025-05-22_14-48-00,33,2048,512,attention_resunet,0.00289154052734375
80x_2_2025-05-22_14-48-00,34,2048,1024,attention_resunet,0.00377655029296875
80x_2_2025-05-22_14-48-00,35,2048,1536,attention_resunet,0.00328826904296875
80x_2_2025-05-22_14-48-00,36,2048,2048,attention_resunet,0.003337860107421875
80x_2_2025-05-22_14-48-00,37,2048,2560,attention_resunet,0.00305938720703125
80x_2_2025-05-22_14-48-00,38,2048,3072,attention_resunet,0.003047943115234375
80x_2_2025-05-22_14-48-00,39,2048,3584,attention_resunet,0.002780914306640625
