{
  "architecture": "UNet",
  "learning_rate": 0.005,
  "batch_size": 8,
  "epochs_requested": 30,
  "epochs_completed": 30,
  "training_time_seconds": 985.05756,
  "training_successful": true,
  "best_val_jaccard": 0.9248602986335754,
  "best_epoch": 30,
  "final_val_loss": 0.003060088260099292,
  "final_train_loss": 0.003183013526722789,
  "val_loss_stability": 0.002900877352835056,
  "overfitting_gap": -0.000122925266623497
}