{
  "architecture": "UNet",
  "learning_rate": 0.005,
  "batch_size": 16,
  "epochs_requested": 30,
  "epochs_completed": 26,
  "training_time_seconds": 117.666264,
  "training_successful": true,
  "best_val_jaccard": 0.06453745812177658,
  "best_epoch": 16,
  "final_val_loss": 0.1479455530643463,
  "final_train_loss": 0.1458432376384735,
  "val_loss_stability": 0.0037294752779187916,
  "overfitting_gap": 0.0021023154258728027
}