{
  "architecture": "UNet",
  "learning_rate": 0.0001,
  "batch_size": 16,
  "epochs_requested": 30,
  "epochs_completed": 30,
  "training_time_seconds": 938.820425,
  "training_successful": true,
  "best_val_jaccard": 0.9239662885665894,
  "best_epoch": 29,
  "final_val_loss": 0.006536446046084166,
  "final_train_loss": 0.006536738947033882,
  "val_loss_stability": 0.0007380438813199596,
  "overfitting_gap": -2.92900949716568e-07
}