{
  "architecture": "Attention_ResUNet",
  "learning_rate": 0.001,
  "batch_size": 32,
  "epochs_requested": 30,
  "epochs_completed": 30,
  "training_time_seconds": 1489.729818,
  "training_successful": true,
  "best_val_jaccard": 0.9190535545349121,
  "best_epoch": 27,
  "final_val_loss": 0.01862611062824726,
  "final_train_loss": 0.016683295369148254,
  "val_loss_stability": 0.0008386366117150613,
  "overfitting_gap": 0.0019428152590990067
}