{
  "model_name": "ConvNeXt_UNet",
  "learning_rate": 0.0001,
  "batch_size": 6,
  "epochs_completed": 22,
  "training_time_seconds": 678.3562951087952,
  "best_val_jaccard": 0.8424774408340454,
  "best_epoch": 7,
  "final_val_loss": 0.8287272453308105,
  "final_train_loss": 0.9162623882293701,
  "val_loss_stability": 0.0,
  "overfitting_gap": -0.08753514289855957,
  "model_parameters": 34590913
}