{
  "architecture": "Attention_UNet",
  "learning_rate": 0.005,
  "batch_size": 8,
  "epochs_requested": 30,
  "epochs_completed": 30,
  "training_time_seconds": 1353.977593,
  "training_successful": true,
  "best_val_jaccard": 0.9208125472068787,
  "best_epoch": 30,
  "final_val_loss": 0.0033974419347941875,
  "final_train_loss": 0.0037001261953264475,
  "val_loss_stability": 0.001008185070605712,
  "overfitting_gap": -0.00030268426053225994
}