{
  "architecture": "UNet",
  "learning_rate": 0.005,
  "batch_size": 8,
  "epochs_requested": 30,
  "epochs_completed": 18,
  "training_time_seconds": 84.441209,
  "training_successful": true,
  "best_val_jaccard": 0.07464661449193954,
  "best_epoch": 8,
  "final_val_loss": 0.13247589766979218,
  "final_train_loss": 0.13051584362983704,
  "val_loss_stability": 0.009162704917740487,
  "overfitting_gap": 0.001960054039955139
}