{
  "architecture": "Attention_ResUNet",
  "learning_rate": 0.005,
  "batch_size": 16,
  "epochs_requested": 30,
  "epochs_completed": 30,
  "training_time_seconds": 1499.352281,
  "training_successful": true,
  "best_val_jaccard": 0.9271552562713623,
  "best_epoch": 28,
  "final_val_loss": 0.007110184524208307,
  "final_train_loss": 0.00633807061240077,
  "val_loss_stability": 0.0018080031306232055,
  "overfitting_gap": 0.0007721139118075371
}