{
  "architecture": "Attention_UNet",
  "learning_rate": 0.0005,
  "batch_size": 8,
  "epochs_requested": 30,
  "epochs_completed": 17,
  "training_time_seconds": 108.906025,
  "training_successful": true,
  "best_val_jaccard": 0.0724983960390091,
  "best_epoch": 7,
  "final_val_loss": 0.12266649305820465,
  "final_train_loss": 0.1270991563796997,
  "val_loss_stability": 0.008288500033753851,
  "overfitting_gap": -0.004432663321495056
}